row_observation,evidence_source,tier,workflow_benchmark,regular_artifact_name,job_status,job_conclusion,kernel_name,problem_size,iterations,avg_ms,min_ms,max_ms,plan_index,plan_hardware_kernel_name,plan_hardware_problem_size,note
known_finished_from_downloaded_benchmark_results_csv,downloaded artifact benchmark-results-2dconvolution/results_*.csv,Tier 2,2dconvolution,benchmark-results-2dconvolution,completed,failure,2DConvolution,64x64,1,684000000.000000,684000000.000000,684000000.000000,,,,This row completed enough to be emitted in the downloaded CSV; it is not a claim that the enclosing job or run completed successfully.
known_finished_from_downloaded_benchmark_results_csv,downloaded artifact benchmark-results-2dconvolution/results_*.csv,Tier 2,2dconvolution,benchmark-results-2dconvolution,completed,failure,2DConvolution,128x128,1,697000000.000000,697000000.000000,697000000.000000,,,,This row completed enough to be emitted in the downloaded CSV; it is not a claim that the enclosing job or run completed successfully.
known_finished_from_downloaded_benchmark_results_csv,downloaded artifact benchmark-results-2dconvolution/results_*.csv,Tier 2,2dconvolution,benchmark-results-2dconvolution,completed,failure,2DConvolution,192x192,1,958000000.000000,958000000.000000,958000000.000000,,,,This row completed enough to be emitted in the downloaded CSV; it is not a claim that the enclosing job or run completed successfully.
known_finished_from_downloaded_benchmark_results_csv,downloaded artifact benchmark-results-2dconvolution/results_*.csv,Tier 2,2dconvolution,benchmark-results-2dconvolution,completed,failure,2DConvolution,256x256,1,0.001172,0.001172,0.001172,,,,This row completed enough to be emitted in the downloaded CSV; it is not a claim that the enclosing job or run completed successfully.
known_finished_from_downloaded_benchmark_results_csv,downloaded artifact benchmark-results-2dconvolution/results_*.csv,Tier 2,2dconvolution,benchmark-results-2dconvolution,completed,failure,2DConvolution,384x384,1,0.002180,0.002180,0.002180,,,,This row completed enough to be emitted in the downloaded CSV; it is not a claim that the enclosing job or run completed successfully.
known_finished_from_downloaded_benchmark_results_csv,downloaded artifact benchmark-results-2dconvolution/results_*.csv,Tier 2,2dconvolution,benchmark-results-2dconvolution,completed,failure,2DConvolution,512x512,1,0.003592,0.003592,0.003592,,,,This row completed enough to be emitted in the downloaded CSV; it is not a claim that the enclosing job or run completed successfully.
known_finished_from_downloaded_benchmark_results_csv,downloaded artifact benchmark-results-2dconvolution/results_*.csv,Tier 2,2dconvolution,benchmark-results-2dconvolution,completed,failure,2DConvolution,640x640,1,0.005413,0.005413,0.005413,,,,This row completed enough to be emitted in the downloaded CSV; it is not a claim that the enclosing job or run completed successfully.
known_finished_from_downloaded_benchmark_results_csv,downloaded artifact benchmark-results-2dconvolution/results_*.csv,Tier 2,2dconvolution,benchmark-results-2dconvolution,completed,failure,2DConvolution,768x768,1,0.007660,0.007660,0.007660,,,,This row completed enough to be emitted in the downloaded CSV; it is not a claim that the enclosing job or run completed successfully.
known_finished_from_downloaded_benchmark_results_csv,downloaded artifact benchmark-results-2mm/results_*.csv,Tier 2,2mm,benchmark-results-2mm,completed,failure,2mm,64,1,0.006793,0.006793,0.006793,,,,This row completed enough to be emitted in the downloaded CSV; it is not a claim that the enclosing job or run completed successfully.
known_finished_from_downloaded_benchmark_results_csv,downloaded artifact benchmark-results-2mm/results_*.csv,Tier 2,2mm,benchmark-results-2mm,completed,failure,2mm,128,1,0.014398,0.014398,0.014398,,,,This row completed enough to be emitted in the downloaded CSV; it is not a claim that the enclosing job or run completed successfully.
known_finished_from_downloaded_benchmark_results_csv,downloaded artifact benchmark-results-3dconvolution/results_*.csv,Tier 2,3dconvolution,benchmark-results-3dconvolution,completed,failure,3DConvolution,32x32x32,1,976000000.000000,976000000.000000,976000000.000000,,,,This row completed enough to be emitted in the downloaded CSV; it is not a claim that the enclosing job or run completed successfully.
known_finished_from_downloaded_benchmark_results_csv,downloaded artifact benchmark-results-3dconvolution/results_*.csv,Tier 2,3dconvolution,benchmark-results-3dconvolution,completed,failure,3DConvolution,48x48x48,1,0.001796,0.001796,0.001796,,,,This row completed enough to be emitted in the downloaded CSV; it is not a claim that the enclosing job or run completed successfully.
known_finished_from_downloaded_benchmark_results_csv,downloaded artifact benchmark-results-3dconvolution/results_*.csv,Tier 2,3dconvolution,benchmark-results-3dconvolution,completed,failure,3DConvolution,64x64x64,1,0.003661,0.003661,0.003661,,,,This row completed enough to be emitted in the downloaded CSV; it is not a claim that the enclosing job or run completed successfully.
known_finished_from_downloaded_benchmark_results_csv,downloaded artifact benchmark-results-3mm/results_*.csv,Tier 2,3mm,benchmark-results-3mm,completed,failure,3mm,64,1,0.009800,0.009800,0.009800,,,,This row completed enough to be emitted in the downloaded CSV; it is not a claim that the enclosing job or run completed successfully.
known_finished_from_downloaded_benchmark_results_csv,downloaded artifact benchmark-results-3mm/results_*.csv,Tier 2,3mm,benchmark-results-3mm,completed,failure,3mm,128,1,0.019733,0.019733,0.019733,,,,This row completed enough to be emitted in the downloaded CSV; it is not a claim that the enclosing job or run completed successfully.
known_finished_from_downloaded_benchmark_results_csv,downloaded artifact benchmark-results-atax/results_*.csv,Tier 2,atax,benchmark-results-atax,completed,failure,atax,64x64,1,0.008627,0.008627,0.008627,,,,This row completed enough to be emitted in the downloaded CSV; it is not a claim that the enclosing job or run completed successfully.
known_finished_from_downloaded_benchmark_results_csv,downloaded artifact benchmark-results-atax/results_*.csv,Tier 2,atax,benchmark-results-atax,completed,failure,atax,128x128,1,0.024673,0.024673,0.024673,,,,This row completed enough to be emitted in the downloaded CSV; it is not a claim that the enclosing job or run completed successfully.
known_finished_from_downloaded_benchmark_results_csv,downloaded artifact benchmark-results-atax/results_*.csv,Tier 2,atax,benchmark-results-atax,completed,failure,atax,192x192,1,0.048321,0.048321,0.048321,,,,This row completed enough to be emitted in the downloaded CSV; it is not a claim that the enclosing job or run completed successfully.
known_finished_from_downloaded_benchmark_results_csv,downloaded artifact benchmark-results-atax/results_*.csv,Tier 2,atax,benchmark-results-atax,completed,failure,atax,256x256,1,0.080102,0.080102,0.080102,,,,This row completed enough to be emitted in the downloaded CSV; it is not a claim that the enclosing job or run completed successfully.
known_finished_from_downloaded_benchmark_results_csv,downloaded artifact benchmark-results-backprop/results_*.csv,Tier 2,backprop,benchmark-results-backprop,completed,failure,layerforward,256,1,0.010626,0.010626,0.010626,,,,This row completed enough to be emitted in the downloaded CSV; it is not a claim that the enclosing job or run completed successfully.
known_finished_from_downloaded_benchmark_results_csv,downloaded artifact benchmark-results-backprop/results_*.csv,Tier 2,backprop,benchmark-results-backprop,completed,failure,layerforward,256,1,0.010626,0.010626,0.010626,,,,This row completed enough to be emitted in the downloaded CSV; it is not a claim that the enclosing job or run completed successfully.
known_finished_from_downloaded_benchmark_results_csv,downloaded artifact benchmark-results-backprop/results_*.csv,Tier 2,backprop,benchmark-results-backprop,completed,failure,layerforward,512,1,0.019919,0.019919,0.019919,,,,This row completed enough to be emitted in the downloaded CSV; it is not a claim that the enclosing job or run completed successfully.
known_finished_from_downloaded_benchmark_results_csv,downloaded artifact benchmark-results-backprop/results_*.csv,Tier 2,backprop,benchmark-results-backprop,completed,failure,layerforward,512,1,0.019919,0.019919,0.019919,,,,This row completed enough to be emitted in the downloaded CSV; it is not a claim that the enclosing job or run completed successfully.
known_finished_from_downloaded_benchmark_results_csv,downloaded artifact benchmark-results-backprop/results_*.csv,Tier 2,backprop,benchmark-results-backprop,completed,failure,layerforward,1024,1,0.043525,0.043525,0.043525,,,,This row completed enough to be emitted in the downloaded CSV; it is not a claim that the enclosing job or run completed successfully.
known_finished_from_downloaded_benchmark_results_csv,downloaded artifact benchmark-results-backprop/results_*.csv,Tier 2,backprop,benchmark-results-backprop,completed,failure,layerforward,1024,1,0.043525,0.043525,0.043525,,,,This row completed enough to be emitted in the downloaded CSV; it is not a claim that the enclosing job or run completed successfully.
known_finished_from_downloaded_benchmark_results_csv,downloaded artifact benchmark-results-backprop/results_*.csv,Tier 2,backprop,benchmark-results-backprop,completed,failure,layerforward,2048,1,0.101943,0.101943,0.101943,,,,This row completed enough to be emitted in the downloaded CSV; it is not a claim that the enclosing job or run completed successfully.
known_finished_from_downloaded_benchmark_results_csv,downloaded artifact benchmark-results-backprop/results_*.csv,Tier 2,backprop,benchmark-results-backprop,completed,failure,layerforward,2048,1,0.101943,0.101943,0.101943,,,,This row completed enough to be emitted in the downloaded CSV; it is not a claim that the enclosing job or run completed successfully.
known_finished_from_downloaded_benchmark_results_csv,downloaded artifact benchmark-results-bfs/results_*.csv,Tier 2,bfs,benchmark-results-bfs,completed,failure,bfs,1024,1,0.002946,0.002946,0.002946,,,,This row completed enough to be emitted in the downloaded CSV; it is not a claim that the enclosing job or run completed successfully.
known_finished_from_downloaded_benchmark_results_csv,downloaded artifact benchmark-results-bfs/results_*.csv,Tier 2,bfs,benchmark-results-bfs,completed,failure,bfs,2048,1,0.002942,0.002942,0.002942,,,,This row completed enough to be emitted in the downloaded CSV; it is not a claim that the enclosing job or run completed successfully.
known_finished_from_downloaded_benchmark_results_csv,downloaded artifact benchmark-results-bfs/results_*.csv,Tier 2,bfs,benchmark-results-bfs,completed,failure,bfs,4096,1,0.003463,0.003463,0.003463,,,,This row completed enough to be emitted in the downloaded CSV; it is not a claim that the enclosing job or run completed successfully.
known_finished_from_downloaded_benchmark_results_csv,downloaded artifact benchmark-results-bfs/results_*.csv,Tier 2,bfs,benchmark-results-bfs,completed,failure,bfs,8192,1,0.003369,0.003369,0.003369,,,,This row completed enough to be emitted in the downloaded CSV; it is not a claim that the enclosing job or run completed successfully.
known_finished_from_downloaded_benchmark_results_csv,downloaded artifact benchmark-results-bfs/results_*.csv,Tier 2,bfs,benchmark-results-bfs,completed,failure,bfs,16384,1,0.003393,0.003393,0.003393,,,,This row completed enough to be emitted in the downloaded CSV; it is not a claim that the enclosing job or run completed successfully.
known_finished_from_downloaded_benchmark_results_csv,downloaded artifact benchmark-results-bfs/results_*.csv,Tier 2,bfs,benchmark-results-bfs,completed,failure,bfs,32768,1,0.003501,0.003501,0.003501,,,,This row completed enough to be emitted in the downloaded CSV; it is not a claim that the enclosing job or run completed successfully.
known_finished_from_downloaded_benchmark_results_csv,downloaded artifact benchmark-results-bfs/results_*.csv,Tier 2,bfs,benchmark-results-bfs,completed,failure,bfs,65536,1,0.003689,0.003689,0.003689,,,,This row completed enough to be emitted in the downloaded CSV; it is not a claim that the enclosing job or run completed successfully.
known_finished_from_downloaded_benchmark_results_csv,downloaded artifact benchmark-results-bfs/results_*.csv,Tier 2,bfs,benchmark-results-bfs,completed,failure,bfs,131072,1,0.004028,0.004028,0.004028,,,,This row completed enough to be emitted in the downloaded CSV; it is not a claim that the enclosing job or run completed successfully.
known_finished_from_downloaded_benchmark_results_csv,downloaded artifact benchmark-results-bfs/results_*.csv,Tier 2,bfs,benchmark-results-bfs,completed,failure,bfs,196608,1,0.004452,0.004452,0.004452,,,,This row completed enough to be emitted in the downloaded CSV; it is not a claim that the enclosing job or run completed successfully.
known_finished_from_downloaded_benchmark_results_csv,downloaded artifact benchmark-results-bfs/results_*.csv,Tier 2,bfs,benchmark-results-bfs,completed,failure,bfs,262144,1,0.005567,0.005567,0.005567,,,,This row completed enough to be emitted in the downloaded CSV; it is not a claim that the enclosing job or run completed successfully.
known_finished_from_downloaded_benchmark_results_csv,downloaded artifact benchmark-results-bfs/results_*.csv,Tier 2,bfs,benchmark-results-bfs,completed,failure,bfs,524288,1,0.008648,0.008648,0.008648,,,,This row completed enough to be emitted in the downloaded CSV; it is not a claim that the enclosing job or run completed successfully.
known_finished_from_downloaded_benchmark_results_csv,downloaded artifact benchmark-results-bicg/results_*.csv,Tier 2,bicg,benchmark-results-bicg,completed,failure,bicg,64x64,1,0.008956,0.008956,0.008956,,,,This row completed enough to be emitted in the downloaded CSV; it is not a claim that the enclosing job or run completed successfully.
known_finished_from_downloaded_benchmark_results_csv,downloaded artifact benchmark-results-bicg/results_*.csv,Tier 2,bicg,benchmark-results-bicg,completed,failure,bicg,128x128,1,0.025249,0.025249,0.025249,,,,This row completed enough to be emitted in the downloaded CSV; it is not a claim that the enclosing job or run completed successfully.
known_finished_from_downloaded_benchmark_results_csv,downloaded artifact benchmark-results-bicg/results_*.csv,Tier 2,bicg,benchmark-results-bicg,completed,failure,bicg,192x192,1,0.049130,0.049130,0.049130,,,,This row completed enough to be emitted in the downloaded CSV; it is not a claim that the enclosing job or run completed successfully.
known_finished_from_downloaded_benchmark_results_csv,downloaded artifact benchmark-results-bitonicsort/results_*.csv,Tier 2,bitonicsort,benchmark-results-bitonicsort,completed,failure,bitonicsort,1024,1,0.013677,0.013677,0.013677,,,,This row completed enough to be emitted in the downloaded CSV; it is not a claim that the enclosing job or run completed successfully.
known_finished_from_downloaded_benchmark_results_csv,downloaded artifact benchmark-results-bitonicsort/results_*.csv,Tier 2,bitonicsort,benchmark-results-bitonicsort,completed,failure,bitonicsort,2048,1,0.016388,0.016388,0.016388,,,,This row completed enough to be emitted in the downloaded CSV; it is not a claim that the enclosing job or run completed successfully.
known_finished_from_downloaded_benchmark_results_csv,downloaded artifact benchmark-results-bitonicsort/results_*.csv,Tier 2,bitonicsort,benchmark-results-bitonicsort,completed,failure,bitonicsort,4096,1,0.019300,0.019300,0.019300,,,,This row completed enough to be emitted in the downloaded CSV; it is not a claim that the enclosing job or run completed successfully.
known_finished_from_downloaded_benchmark_results_csv,downloaded artifact benchmark-results-bitonicsort/results_*.csv,Tier 2,bitonicsort,benchmark-results-bitonicsort,completed,failure,bitonicsort,8192,1,0.022474,0.022474,0.022474,,,,This row completed enough to be emitted in the downloaded CSV; it is not a claim that the enclosing job or run completed successfully.
known_finished_from_downloaded_benchmark_results_csv,downloaded artifact benchmark-results-bitonicsort/results_*.csv,Tier 2,bitonicsort,benchmark-results-bitonicsort,completed,failure,bitonicsort,16384,1,0.025920,0.025920,0.025920,,,,This row completed enough to be emitted in the downloaded CSV; it is not a claim that the enclosing job or run completed successfully.
known_finished_from_downloaded_benchmark_results_csv,downloaded artifact benchmark-results-bitonicsort/results_*.csv,Tier 2,bitonicsort,benchmark-results-bitonicsort,completed,failure,bitonicsort,32768,1,0.029364,0.029364,0.029364,,,,This row completed enough to be emitted in the downloaded CSV; it is not a claim that the enclosing job or run completed successfully.
known_finished_from_downloaded_benchmark_results_csv,downloaded artifact benchmark-results-branch-div-50pct/results_*.csv,Tier 1,branch_div_50pct,benchmark-results-branch-div-50pct,completed,failure,branch_div_50pct,1024,1,0.003396,0.003396,0.003396,,,,This row completed enough to be emitted in the downloaded CSV; it is not a claim that the enclosing job or run completed successfully.
known_finished_from_downloaded_benchmark_results_csv,downloaded artifact benchmark-results-branch-div-50pct/results_*.csv,Tier 1,branch_div_50pct,benchmark-results-branch-div-50pct,completed,failure,branch_div_50pct,2048,1,0.003368,0.003368,0.003368,,,,This row completed enough to be emitted in the downloaded CSV; it is not a claim that the enclosing job or run completed successfully.
known_finished_from_downloaded_benchmark_results_csv,downloaded artifact benchmark-results-branch-div-50pct/results_*.csv,Tier 1,branch_div_50pct,benchmark-results-branch-div-50pct,completed,failure,branch_div_50pct,4096,1,0.003395,0.003395,0.003395,,,,This row completed enough to be emitted in the downloaded CSV; it is not a claim that the enclosing job or run completed successfully.
known_finished_from_downloaded_benchmark_results_csv,downloaded artifact benchmark-results-branch-div-50pct/results_*.csv,Tier 1,branch_div_50pct,benchmark-results-branch-div-50pct,completed,failure,branch_div_50pct,8192,1,0.003402,0.003402,0.003402,,,,This row completed enough to be emitted in the downloaded CSV; it is not a claim that the enclosing job or run completed successfully.
known_finished_from_downloaded_benchmark_results_csv,downloaded artifact benchmark-results-branch-div-50pct/results_*.csv,Tier 1,branch_div_50pct,benchmark-results-branch-div-50pct,completed,failure,branch_div_50pct,16384,1,0.003402,0.003402,0.003402,,,,This row completed enough to be emitted in the downloaded CSV; it is not a claim that the enclosing job or run completed successfully.
known_finished_from_downloaded_benchmark_results_csv,downloaded artifact benchmark-results-branch-div-50pct/results_*.csv,Tier 1,branch_div_50pct,benchmark-results-branch-div-50pct,completed,failure,branch_div_50pct,32768,1,0.003500,0.003500,0.003500,,,,This row completed enough to be emitted in the downloaded CSV; it is not a claim that the enclosing job or run completed successfully.
known_finished_from_downloaded_benchmark_results_csv,downloaded artifact benchmark-results-branch-div-50pct/results_*.csv,Tier 1,branch_div_50pct,benchmark-results-branch-div-50pct,completed,failure,branch_div_50pct,65536,1,0.003698,0.003698,0.003698,,,,This row completed enough to be emitted in the downloaded CSV; it is not a claim that the enclosing job or run completed successfully.
known_finished_from_downloaded_benchmark_results_csv,downloaded artifact benchmark-results-branch-div-50pct/results_*.csv,Tier 1,branch_div_50pct,benchmark-results-branch-div-50pct,completed,failure,branch_div_50pct,131072,1,0.004030,0.004030,0.004030,,,,This row completed enough to be emitted in the downloaded CSV; it is not a claim that the enclosing job or run completed successfully.
known_finished_from_downloaded_benchmark_results_csv,downloaded artifact benchmark-results-branch-div-50pct/results_*.csv,Tier 1,branch_div_50pct,benchmark-results-branch-div-50pct,completed,failure,branch_div_50pct,262144,1,0.005623,0.005623,0.005623,,,,This row completed enough to be emitted in the downloaded CSV; it is not a claim that the enclosing job or run completed successfully.
known_finished_from_downloaded_benchmark_results_csv,downloaded artifact benchmark-results-bs/results_*.csv,Tier 2,bs,benchmark-results-bs,completed,failure,bs,512,1,0.001101,0.001101,0.001101,,,,This row completed enough to be emitted in the downloaded CSV; it is not a claim that the enclosing job or run completed successfully.
known_finished_from_downloaded_benchmark_results_csv,downloaded artifact benchmark-results-bs/results_*.csv,Tier 2,bs,benchmark-results-bs,completed,failure,bs,1024,1,0.001114,0.001114,0.001114,,,,This row completed enough to be emitted in the downloaded CSV; it is not a claim that the enclosing job or run completed successfully.
known_finished_from_downloaded_benchmark_results_csv,downloaded artifact benchmark-results-bs/results_*.csv,Tier 2,bs,benchmark-results-bs,completed,failure,bs,2048,1,0.001102,0.001102,0.001102,,,,This row completed enough to be emitted in the downloaded CSV; it is not a claim that the enclosing job or run completed successfully.
known_finished_from_downloaded_benchmark_results_csv,downloaded artifact benchmark-results-bs/results_*.csv,Tier 2,bs,benchmark-results-bs,completed,failure,bs,4096,1,0.001112,0.001112,0.001112,,,,This row completed enough to be emitted in the downloaded CSV; it is not a claim that the enclosing job or run completed successfully.
known_finished_from_downloaded_benchmark_results_csv,downloaded artifact benchmark-results-bs/results_*.csv,Tier 2,bs,benchmark-results-bs,completed,failure,bs,8192,1,0.001205,0.001205,0.001205,,,,This row completed enough to be emitted in the downloaded CSV; it is not a claim that the enclosing job or run completed successfully.
known_finished_from_downloaded_benchmark_results_csv,downloaded artifact benchmark-results-bs/results_*.csv,Tier 2,bs,benchmark-results-bs,completed,failure,bs,16384,1,0.001319,0.001319,0.001319,,,,This row completed enough to be emitted in the downloaded CSV; it is not a claim that the enclosing job or run completed successfully.
known_finished_from_downloaded_benchmark_results_csv,downloaded artifact benchmark-results-bs/results_*.csv,Tier 2,bs,benchmark-results-bs,completed,failure,bs,32768,1,0.001673,0.001673,0.001673,,,,This row completed enough to be emitted in the downloaded CSV; it is not a claim that the enclosing job or run completed successfully.
known_finished_from_downloaded_benchmark_results_csv,downloaded artifact benchmark-results-bs/results_*.csv,Tier 2,bs,benchmark-results-bs,completed,failure,bs,65536,1,0.002392,0.002392,0.002392,,,,This row completed enough to be emitted in the downloaded CSV; it is not a claim that the enclosing job or run completed successfully.
known_finished_from_downloaded_benchmark_results_csv,downloaded artifact benchmark-results-bs/results_*.csv,Tier 2,bs,benchmark-results-bs,completed,failure,bs,131072,1,0.004369,0.004369,0.004369,,,,This row completed enough to be emitted in the downloaded CSV; it is not a claim that the enclosing job or run completed successfully.
known_finished_from_downloaded_benchmark_results_csv,downloaded artifact benchmark-results-bs/results_*.csv,Tier 2,bs,benchmark-results-bs,completed,failure,bs,262144,1,0.008413,0.008413,0.008413,,,,This row completed enough to be emitted in the downloaded CSV; it is not a claim that the enclosing job or run completed successfully.
known_finished_from_downloaded_benchmark_results_csv,downloaded artifact benchmark-results-bs/results_*.csv,Tier 2,bs,benchmark-results-bs,completed,failure,bs,524288,1,0.252368,0.252368,0.252368,,,,This row completed enough to be emitted in the downloaded CSV; it is not a claim that the enclosing job or run completed successfully.
known_finished_from_downloaded_benchmark_results_csv,downloaded artifact benchmark-results-bus-speed-download/results_*.csv,Tier 1,bus_speed_download,benchmark-results-bus-speed-download,completed,failure,BusSpeedDownload,1KB,1,551000000.000000,551000000.000000,551000000.000000,,,,This row completed enough to be emitted in the downloaded CSV; it is not a claim that the enclosing job or run completed successfully.
known_finished_from_downloaded_benchmark_results_csv,downloaded artifact benchmark-results-bus-speed-download/results_*.csv,Tier 1,bus_speed_download,benchmark-results-bus-speed-download,completed,failure,BusSpeedDownload,2KB,1,549000000.000000,549000000.000000,549000000.000000,,,,This row completed enough to be emitted in the downloaded CSV; it is not a claim that the enclosing job or run completed successfully.
known_finished_from_downloaded_benchmark_results_csv,downloaded artifact benchmark-results-bus-speed-download/results_*.csv,Tier 1,bus_speed_download,benchmark-results-bus-speed-download,completed,failure,BusSpeedDownload,4KB,1,551000000.000000,551000000.000000,551000000.000000,,,,This row completed enough to be emitted in the downloaded CSV; it is not a claim that the enclosing job or run completed successfully.
known_finished_from_downloaded_benchmark_results_csv,downloaded artifact benchmark-results-bus-speed-download/results_*.csv,Tier 1,bus_speed_download,benchmark-results-bus-speed-download,completed,failure,BusSpeedDownload,8KB,1,552000000.000000,552000000.000000,552000000.000000,,,,This row completed enough to be emitted in the downloaded CSV; it is not a claim that the enclosing job or run completed successfully.
known_finished_from_downloaded_benchmark_results_csv,downloaded artifact benchmark-results-bus-speed-download/results_*.csv,Tier 1,bus_speed_download,benchmark-results-bus-speed-download,completed,failure,BusSpeedDownload,16KB,1,554000000.000000,554000000.000000,554000000.000000,,,,This row completed enough to be emitted in the downloaded CSV; it is not a claim that the enclosing job or run completed successfully.
known_finished_from_downloaded_benchmark_results_csv,downloaded artifact benchmark-results-bus-speed-download/results_*.csv,Tier 1,bus_speed_download,benchmark-results-bus-speed-download,completed,failure,BusSpeedDownload,32KB,1,558000000.000000,558000000.000000,558000000.000000,,,,This row completed enough to be emitted in the downloaded CSV; it is not a claim that the enclosing job or run completed successfully.
known_finished_from_downloaded_benchmark_results_csv,downloaded artifact benchmark-results-bus-speed-download/results_*.csv,Tier 1,bus_speed_download,benchmark-results-bus-speed-download,completed,failure,BusSpeedDownload,64KB,1,566000000.000000,566000000.000000,566000000.000000,,,,This row completed enough to be emitted in the downloaded CSV; it is not a claim that the enclosing job or run completed successfully.
known_finished_from_downloaded_benchmark_results_csv,downloaded artifact benchmark-results-bus-speed-download/results_*.csv,Tier 1,bus_speed_download,benchmark-results-bus-speed-download,completed,failure,BusSpeedDownload,128KB,1,738000000.000000,738000000.000000,738000000.000000,,,,This row completed enough to be emitted in the downloaded CSV; it is not a claim that the enclosing job or run completed successfully.
known_finished_from_downloaded_benchmark_results_csv,downloaded artifact benchmark-results-bus-speed-download/results_*.csv,Tier 1,bus_speed_download,benchmark-results-bus-speed-download,completed,failure,BusSpeedDownload,256KB,1,0.001144,0.001144,0.001144,,,,This row completed enough to be emitted in the downloaded CSV; it is not a claim that the enclosing job or run completed successfully.
known_finished_from_downloaded_benchmark_results_csv,downloaded artifact benchmark-results-bus-speed-download/results_*.csv,Tier 1,bus_speed_download,benchmark-results-bus-speed-download,completed,failure,BusSpeedDownload,512KB,1,0.001947,0.001947,0.001947,,,,This row completed enough to be emitted in the downloaded CSV; it is not a claim that the enclosing job or run completed successfully.
known_finished_from_downloaded_benchmark_results_csv,downloaded artifact benchmark-results-bus-speed-download/results_*.csv,Tier 1,bus_speed_download,benchmark-results-bus-speed-download,completed,failure,BusSpeedDownload,1024KB,1,0.003569,0.003569,0.003569,,,,This row completed enough to be emitted in the downloaded CSV; it is not a claim that the enclosing job or run completed successfully.
known_finished_from_downloaded_benchmark_results_csv,downloaded artifact benchmark-results-bus-speed-download/results_*.csv,Tier 1,bus_speed_download,benchmark-results-bus-speed-download,completed,failure,BusSpeedDownload,2048KB,1,0.006839,0.006839,0.006839,,,,This row completed enough to be emitted in the downloaded CSV; it is not a claim that the enclosing job or run completed successfully.
known_finished_from_downloaded_benchmark_results_csv,downloaded artifact benchmark-results-bus-speed-download/results_*.csv,Tier 1,bus_speed_download,benchmark-results-bus-speed-download,completed,failure,BusSpeedDownload,4096KB,1,0.013344,0.013344,0.013344,,,,This row completed enough to be emitted in the downloaded CSV; it is not a claim that the enclosing job or run completed successfully.
known_finished_from_downloaded_benchmark_results_csv,downloaded artifact benchmark-results-bus-speed-download/results_*.csv,Tier 1,bus_speed_download,benchmark-results-bus-speed-download,completed,failure,BusSpeedDownload,8192KB,1,0.026275,0.026275,0.026275,,,,This row completed enough to be emitted in the downloaded CSV; it is not a claim that the enclosing job or run completed successfully.
known_finished_from_downloaded_benchmark_results_csv,downloaded artifact benchmark-results-bus-speed-download/results_*.csv,Tier 1,bus_speed_download,benchmark-results-bus-speed-download,completed,failure,BusSpeedDownload,16384KB,1,0.052127,0.052127,0.052127,,,,This row completed enough to be emitted in the downloaded CSV; it is not a claim that the enclosing job or run completed successfully.
known_finished_from_downloaded_benchmark_results_csv,downloaded artifact benchmark-results-bus-speed-readback/results_*.csv,Tier 1,bus_speed_readback,benchmark-results-bus-speed-readback,completed,failure,BusSpeedReadback,1KB,1,551000000.000000,551000000.000000,551000000.000000,,,,This row completed enough to be emitted in the downloaded CSV; it is not a claim that the enclosing job or run completed successfully.
known_finished_from_downloaded_benchmark_results_csv,downloaded artifact benchmark-results-bus-speed-readback/results_*.csv,Tier 1,bus_speed_readback,benchmark-results-bus-speed-readback,completed,failure,BusSpeedReadback,2KB,1,549000000.000000,549000000.000000,549000000.000000,,,,This row completed enough to be emitted in the downloaded CSV; it is not a claim that the enclosing job or run completed successfully.
known_finished_from_downloaded_benchmark_results_csv,downloaded artifact benchmark-results-bus-speed-readback/results_*.csv,Tier 1,bus_speed_readback,benchmark-results-bus-speed-readback,completed,failure,BusSpeedReadback,4KB,1,551000000.000000,551000000.000000,551000000.000000,,,,This row completed enough to be emitted in the downloaded CSV; it is not a claim that the enclosing job or run completed successfully.
known_finished_from_downloaded_benchmark_results_csv,downloaded artifact benchmark-results-bus-speed-readback/results_*.csv,Tier 1,bus_speed_readback,benchmark-results-bus-speed-readback,completed,failure,BusSpeedReadback,8KB,1,552000000.000000,552000000.000000,552000000.000000,,,,This row completed enough to be emitted in the downloaded CSV; it is not a claim that the enclosing job or run completed successfully.
known_finished_from_downloaded_benchmark_results_csv,downloaded artifact benchmark-results-bus-speed-readback/results_*.csv,Tier 1,bus_speed_readback,benchmark-results-bus-speed-readback,completed,failure,BusSpeedReadback,16KB,1,554000000.000000,554000000.000000,554000000.000000,,,,This row completed enough to be emitted in the downloaded CSV; it is not a claim that the enclosing job or run completed successfully.
known_finished_from_downloaded_benchmark_results_csv,downloaded artifact benchmark-results-bus-speed-readback/results_*.csv,Tier 1,bus_speed_readback,benchmark-results-bus-speed-readback,completed,failure,BusSpeedReadback,32KB,1,558000000.000000,558000000.000000,558000000.000000,,,,This row completed enough to be emitted in the downloaded CSV; it is not a claim that the enclosing job or run completed successfully.
known_finished_from_downloaded_benchmark_results_csv,downloaded artifact benchmark-results-bus-speed-readback/results_*.csv,Tier 1,bus_speed_readback,benchmark-results-bus-speed-readback,completed,failure,BusSpeedReadback,64KB,1,566000000.000000,566000000.000000,566000000.000000,,,,This row completed enough to be emitted in the downloaded CSV; it is not a claim that the enclosing job or run completed successfully.
known_finished_from_downloaded_benchmark_results_csv,downloaded artifact benchmark-results-bus-speed-readback/results_*.csv,Tier 1,bus_speed_readback,benchmark-results-bus-speed-readback,completed,failure,BusSpeedReadback,128KB,1,738000000.000000,738000000.000000,738000000.000000,,,,This row completed enough to be emitted in the downloaded CSV; it is not a claim that the enclosing job or run completed successfully.
known_finished_from_downloaded_benchmark_results_csv,downloaded artifact benchmark-results-bus-speed-readback/results_*.csv,Tier 1,bus_speed_readback,benchmark-results-bus-speed-readback,completed,failure,BusSpeedReadback,256KB,1,0.001144,0.001144,0.001144,,,,This row completed enough to be emitted in the downloaded CSV; it is not a claim that the enclosing job or run completed successfully.
known_finished_from_downloaded_benchmark_results_csv,downloaded artifact benchmark-results-bus-speed-readback/results_*.csv,Tier 1,bus_speed_readback,benchmark-results-bus-speed-readback,completed,failure,BusSpeedReadback,512KB,1,0.001947,0.001947,0.001947,,,,This row completed enough to be emitted in the downloaded CSV; it is not a claim that the enclosing job or run completed successfully.
known_finished_from_downloaded_benchmark_results_csv,downloaded artifact benchmark-results-bus-speed-readback/results_*.csv,Tier 1,bus_speed_readback,benchmark-results-bus-speed-readback,completed,failure,BusSpeedReadback,1024KB,1,0.003569,0.003569,0.003569,,,,This row completed enough to be emitted in the downloaded CSV; it is not a claim that the enclosing job or run completed successfully.
known_finished_from_downloaded_benchmark_results_csv,downloaded artifact benchmark-results-bus-speed-readback/results_*.csv,Tier 1,bus_speed_readback,benchmark-results-bus-speed-readback,completed,failure,BusSpeedReadback,2048KB,1,0.006839,0.006839,0.006839,,,,This row completed enough to be emitted in the downloaded CSV; it is not a claim that the enclosing job or run completed successfully.
known_finished_from_downloaded_benchmark_results_csv,downloaded artifact benchmark-results-bus-speed-readback/results_*.csv,Tier 1,bus_speed_readback,benchmark-results-bus-speed-readback,completed,failure,BusSpeedReadback,4096KB,1,0.013344,0.013344,0.013344,,,,This row completed enough to be emitted in the downloaded CSV; it is not a claim that the enclosing job or run completed successfully.
known_finished_from_downloaded_benchmark_results_csv,downloaded artifact benchmark-results-bus-speed-readback/results_*.csv,Tier 1,bus_speed_readback,benchmark-results-bus-speed-readback,completed,failure,BusSpeedReadback,8192KB,1,0.026275,0.026275,0.026275,,,,This row completed enough to be emitted in the downloaded CSV; it is not a claim that the enclosing job or run completed successfully.
known_finished_from_downloaded_benchmark_results_csv,downloaded artifact benchmark-results-bus-speed-readback/results_*.csv,Tier 1,bus_speed_readback,benchmark-results-bus-speed-readback,completed,failure,BusSpeedReadback,16384KB,1,0.052127,0.052127,0.052127,,,,This row completed enough to be emitted in the downloaded CSV; it is not a claim that the enclosing job or run completed successfully.
known_finished_from_downloaded_benchmark_results_csv,downloaded artifact benchmark-results-correlation/results_*.csv,Tier 2,correlation,benchmark-results-correlation,completed,failure,correlation,64x64,1,0.009883,0.009883,0.009883,,,,This row completed enough to be emitted in the downloaded CSV; it is not a claim that the enclosing job or run completed successfully.
known_finished_from_downloaded_benchmark_results_csv,downloaded artifact benchmark-results-correlation/results_*.csv,Tier 2,correlation,benchmark-results-correlation,completed,failure,correlation,128x128,1,0.019232,0.019232,0.019232,,,,This row completed enough to be emitted in the downloaded CSV; it is not a claim that the enclosing job or run completed successfully.
known_finished_from_downloaded_benchmark_results_csv,downloaded artifact benchmark-results-correlation/results_*.csv,Tier 2,correlation,benchmark-results-correlation,completed,failure,correlation,192x192,1,0.028892,0.028892,0.028892,,,,This row completed enough to be emitted in the downloaded CSV; it is not a claim that the enclosing job or run completed successfully.
known_finished_from_downloaded_benchmark_results_csv,downloaded artifact benchmark-results-correlation/results_*.csv,Tier 2,correlation,benchmark-results-correlation,completed,failure,correlation,256x256,1,0.039878,0.039878,0.039878,,,,This row completed enough to be emitted in the downloaded CSV; it is not a claim that the enclosing job or run completed successfully.
known_finished_from_downloaded_benchmark_results_csv,downloaded artifact benchmark-results-covariance/results_*.csv,Tier 2,covariance,benchmark-results-covariance,completed,failure,covariance,64x64,1,0.006361,0.006361,0.006361,,,,This row completed enough to be emitted in the downloaded CSV; it is not a claim that the enclosing job or run completed successfully.
known_finished_from_downloaded_benchmark_results_csv,downloaded artifact benchmark-results-covariance/results_*.csv,Tier 2,covariance,benchmark-results-covariance,completed,failure,covariance,128x128,1,0.012895,0.012895,0.012895,,,,This row completed enough to be emitted in the downloaded CSV; it is not a claim that the enclosing job or run completed successfully.
known_finished_from_downloaded_benchmark_results_csv,downloaded artifact benchmark-results-covariance/results_*.csv,Tier 2,covariance,benchmark-results-covariance,completed,failure,covariance,192x192,1,0.019783,0.019783,0.019783,,,,This row completed enough to be emitted in the downloaded CSV; it is not a claim that the enclosing job or run completed successfully.
known_finished_from_downloaded_benchmark_results_csv,downloaded artifact benchmark-results-covariance/results_*.csv,Tier 2,covariance,benchmark-results-covariance,completed,failure,covariance,256x256,1,0.027696,0.027696,0.027696,,,,This row completed enough to be emitted in the downloaded CSV; it is not a claim that the enclosing job or run completed successfully.
known_finished_from_downloaded_benchmark_results_csv,downloaded artifact benchmark-results-device-memory-read/results_*.csv,Tier 1,device_memory_read,benchmark-results-device-memory-read,completed,failure,DeviceMemory_Read,1MB,1,0.003791,0.003791,0.003791,,,,This row completed enough to be emitted in the downloaded CSV; it is not a claim that the enclosing job or run completed successfully.
known_finished_from_downloaded_benchmark_results_csv,downloaded artifact benchmark-results-device-memory-write/results_*.csv,Tier 1,device_memory_write,benchmark-results-device-memory-write,completed,failure,DeviceMemory_Write,1MB,1,0.001951,0.001951,0.001951,,,,This row completed enough to be emitted in the downloaded CSV; it is not a claim that the enclosing job or run completed successfully.
known_finished_from_downloaded_benchmark_results_csv,downloaded artifact benchmark-results-device-memory-write/results_*.csv,Tier 1,device_memory_write,benchmark-results-device-memory-write,completed,failure,DeviceMemory_Write,2MB,1,0.003607,0.003607,0.003607,,,,This row completed enough to be emitted in the downloaded CSV; it is not a claim that the enclosing job or run completed successfully.
known_finished_from_downloaded_benchmark_results_csv,downloaded artifact benchmark-results-device-memory-write/results_*.csv,Tier 1,device_memory_write,benchmark-results-device-memory-write,completed,failure,DeviceMemory_Write,4MB,1,0.006879,0.006879,0.006879,,,,This row completed enough to be emitted in the downloaded CSV; it is not a claim that the enclosing job or run completed successfully.
known_finished_from_downloaded_benchmark_results_csv,downloaded artifact benchmark-results-device-memory-write/results_*.csv,Tier 1,device_memory_write,benchmark-results-device-memory-write,completed,failure,DeviceMemory_Write,8MB,1,0.013345,0.013345,0.013345,,,,This row completed enough to be emitted in the downloaded CSV; it is not a claim that the enclosing job or run completed successfully.
known_finished_from_downloaded_benchmark_results_csv,downloaded artifact benchmark-results-device-memory-write/results_*.csv,Tier 1,device_memory_write,benchmark-results-device-memory-write,completed,failure,DeviceMemory_Write,12MB,1,0.019811,0.019811,0.019811,,,,This row completed enough to be emitted in the downloaded CSV; it is not a claim that the enclosing job or run completed successfully.
known_finished_from_downloaded_benchmark_results_csv,downloaded artifact benchmark-results-device-memory-write/results_*.csv,Tier 1,device_memory_write,benchmark-results-device-memory-write,completed,failure,DeviceMemory_Write,16MB,1,0.026275,0.026275,0.026275,,,,This row completed enough to be emitted in the downloaded CSV; it is not a claim that the enclosing job or run completed successfully.
known_finished_from_downloaded_benchmark_results_csv,downloaded artifact benchmark-results-device-memory-write/results_*.csv,Tier 1,device_memory_write,benchmark-results-device-memory-write,completed,failure,DeviceMemory_Write,24MB,1,0.039202,0.039202,0.039202,,,,This row completed enough to be emitted in the downloaded CSV; it is not a claim that the enclosing job or run completed successfully.
known_finished_from_downloaded_benchmark_results_csv,downloaded artifact benchmark-results-device-memory-write/results_*.csv,Tier 1,device_memory_write,benchmark-results-device-memory-write,completed,failure,DeviceMemory_Write,32MB,1,0.052129,0.052129,0.052129,,,,This row completed enough to be emitted in the downloaded CSV; it is not a claim that the enclosing job or run completed successfully.
known_finished_from_downloaded_benchmark_results_csv,downloaded artifact benchmark-results-dmr/results_*.csv,Tier 2,dmr,benchmark-results-dmr,completed,failure,identify_bad_triangles,256,1,0.001627,0.001627,0.001627,,,,This row completed enough to be emitted in the downloaded CSV; it is not a claim that the enclosing job or run completed successfully.
known_finished_from_downloaded_benchmark_results_csv,downloaded artifact benchmark-results-dmr/results_*.csv,Tier 2,dmr,benchmark-results-dmr,completed,failure,identify_bad_triangles,512,1,0.001645,0.001645,0.001645,,,,This row completed enough to be emitted in the downloaded CSV; it is not a claim that the enclosing job or run completed successfully.
known_finished_from_downloaded_benchmark_results_csv,downloaded artifact benchmark-results-dmr/results_*.csv,Tier 2,dmr,benchmark-results-dmr,completed,failure,identify_bad_triangles,1024,1,0.001628,0.001628,0.001628,,,,This row completed enough to be emitted in the downloaded CSV; it is not a claim that the enclosing job or run completed successfully.
known_finished_from_downloaded_benchmark_results_csv,downloaded artifact benchmark-results-dmr/results_*.csv,Tier 2,dmr,benchmark-results-dmr,completed,failure,identify_bad_triangles,2048,1,0.001631,0.001631,0.001631,,,,This row completed enough to be emitted in the downloaded CSV; it is not a claim that the enclosing job or run completed successfully.
known_finished_from_downloaded_benchmark_results_csv,downloaded artifact benchmark-results-dmr/results_*.csv,Tier 2,dmr,benchmark-results-dmr,completed,failure,identify_bad_triangles,4096,1,0.001625,0.001625,0.001625,,,,This row completed enough to be emitted in the downloaded CSV; it is not a claim that the enclosing job or run completed successfully.
known_finished_from_downloaded_benchmark_results_csv,downloaded artifact benchmark-results-dmr/results_*.csv,Tier 2,dmr,benchmark-results-dmr,completed,failure,identify_bad_triangles,8192,1,0.001837,0.001837,0.001837,,,,This row completed enough to be emitted in the downloaded CSV; it is not a claim that the enclosing job or run completed successfully.
known_finished_from_downloaded_benchmark_results_csv,downloaded artifact benchmark-results-dmr/results_*.csv,Tier 2,dmr,benchmark-results-dmr,completed,failure,identify_bad_triangles,16384,1,0.002352,0.002352,0.002352,,,,This row completed enough to be emitted in the downloaded CSV; it is not a claim that the enclosing job or run completed successfully.
known_finished_from_downloaded_benchmark_results_csv,downloaded artifact benchmark-results-dmr/results_*.csv,Tier 2,dmr,benchmark-results-dmr,completed,failure,identify_bad_triangles,32768,1,0.003302,0.003302,0.003302,,,,This row completed enough to be emitted in the downloaded CSV; it is not a claim that the enclosing job or run completed successfully.
known_finished_from_downloaded_benchmark_results_csv,downloaded artifact benchmark-results-ep/results_*.csv,Tier 2,ep,benchmark-results-ep,completed,failure,ep,512,1,0.002128,0.002128,0.002128,,,,This row completed enough to be emitted in the downloaded CSV; it is not a claim that the enclosing job or run completed successfully.
known_finished_from_downloaded_benchmark_results_csv,downloaded artifact benchmark-results-ep/results_*.csv,Tier 2,ep,benchmark-results-ep,completed,failure,ep,1024,1,0.004420,0.004420,0.004420,,,,This row completed enough to be emitted in the downloaded CSV; it is not a claim that the enclosing job or run completed successfully.
known_finished_from_downloaded_benchmark_results_csv,downloaded artifact benchmark-results-ep/results_*.csv,Tier 2,ep,benchmark-results-ep,completed,failure,ep,2048,1,0.004422,0.004422,0.004422,,,,This row completed enough to be emitted in the downloaded CSV; it is not a claim that the enclosing job or run completed successfully.
known_finished_from_downloaded_benchmark_results_csv,downloaded artifact benchmark-results-ep/results_*.csv,Tier 2,ep,benchmark-results-ep,completed,failure,ep,4096,1,0.004413,0.004413,0.004413,,,,This row completed enough to be emitted in the downloaded CSV; it is not a claim that the enclosing job or run completed successfully.
known_finished_from_downloaded_benchmark_results_csv,downloaded artifact benchmark-results-ep/results_*.csv,Tier 2,ep,benchmark-results-ep,completed,failure,ep,8192,1,0.004419,0.004419,0.004419,,,,This row completed enough to be emitted in the downloaded CSV; it is not a claim that the enclosing job or run completed successfully.
known_finished_from_downloaded_benchmark_results_csv,downloaded artifact benchmark-results-ep/results_*.csv,Tier 2,ep,benchmark-results-ep,completed,failure,ep,16384,1,0.004424,0.004424,0.004424,,,,This row completed enough to be emitted in the downloaded CSV; it is not a claim that the enclosing job or run completed successfully.
known_finished_from_downloaded_benchmark_results_csv,downloaded artifact benchmark-results-ep/results_*.csv,Tier 2,ep,benchmark-results-ep,completed,failure,ep,32768,1,0.004526,0.004526,0.004526,,,,This row completed enough to be emitted in the downloaded CSV; it is not a claim that the enclosing job or run completed successfully.
known_finished_from_downloaded_benchmark_results_csv,downloaded artifact benchmark-results-ep/results_*.csv,Tier 2,ep,benchmark-results-ep,completed,failure,ep,65536,1,0.004746,0.004746,0.004746,,,,This row completed enough to be emitted in the downloaded CSV; it is not a claim that the enclosing job or run completed successfully.
known_finished_from_downloaded_benchmark_results_csv,downloaded artifact benchmark-results-ep/results_*.csv,Tier 2,ep,benchmark-results-ep,completed,failure,ep,131072,1,0.005327,0.005327,0.005327,,,,This row completed enough to be emitted in the downloaded CSV; it is not a claim that the enclosing job or run completed successfully.
known_finished_from_downloaded_benchmark_results_csv,downloaded artifact benchmark-results-ep/results_*.csv,Tier 2,ep,benchmark-results-ep,completed,failure,ep,262144,1,0.006799,0.006799,0.006799,,,,This row completed enough to be emitted in the downloaded CSV; it is not a claim that the enclosing job or run completed successfully.
known_finished_from_downloaded_benchmark_results_csv,downloaded artifact benchmark-results-ep/results_*.csv,Tier 2,ep,benchmark-results-ep,completed,failure,ep,524288,1,0.012205,0.012205,0.012205,,,,This row completed enough to be emitted in the downloaded CSV; it is not a claim that the enclosing job or run completed successfully.
known_finished_from_downloaded_benchmark_results_csv,downloaded artifact benchmark-results-ep/results_*.csv,Tier 2,ep,benchmark-results-ep,completed,failure,ep,1048576,1,0.018960,0.018960,0.018960,,,,This row completed enough to be emitted in the downloaded CSV; it is not a claim that the enclosing job or run completed successfully.
known_finished_from_downloaded_benchmark_results_csv,downloaded artifact benchmark-results-fdtd2d/results_*.csv,Tier 2,fdtd2d,benchmark-results-fdtd2d,completed,failure,fdtd2d,64,1,0.011507,0.011507,0.011507,,,,This row completed enough to be emitted in the downloaded CSV; it is not a claim that the enclosing job or run completed successfully.
known_finished_from_downloaded_benchmark_results_csv,downloaded artifact benchmark-results-fdtd2d/results_*.csv,Tier 2,fdtd2d,benchmark-results-fdtd2d,completed,failure,fdtd2d,128,1,0.011286,0.011286,0.011286,,,,This row completed enough to be emitted in the downloaded CSV; it is not a claim that the enclosing job or run completed successfully.
known_finished_from_downloaded_benchmark_results_csv,downloaded artifact benchmark-results-fdtd2d/results_*.csv,Tier 2,fdtd2d,benchmark-results-fdtd2d,completed,failure,fdtd2d,192,1,0.011576,0.011576,0.011576,,,,This row completed enough to be emitted in the downloaded CSV; it is not a claim that the enclosing job or run completed successfully.
known_finished_from_downloaded_benchmark_results_csv,downloaded artifact benchmark-results-fdtd2d/results_*.csv,Tier 2,fdtd2d,benchmark-results-fdtd2d,completed,failure,fdtd2d,256,1,0.012874,0.012874,0.012874,,,,This row completed enough to be emitted in the downloaded CSV; it is not a claim that the enclosing job or run completed successfully.
known_finished_from_downloaded_benchmark_results_csv,downloaded artifact benchmark-results-ga/results_*.csv,Tier 2,ga,benchmark-results-ga,completed,failure,ga,32,1,0.314695,0.314695,0.314695,,,,This row completed enough to be emitted in the downloaded CSV; it is not a claim that the enclosing job or run completed successfully.
known_finished_from_downloaded_benchmark_results_csv,downloaded artifact benchmark-results-ga/results_*.csv,Tier 2,ga,benchmark-results-ga,completed,failure,ga,64,1,0.342331,0.342331,0.342331,,,,This row completed enough to be emitted in the downloaded CSV; it is not a claim that the enclosing job or run completed successfully.
known_finished_from_downloaded_benchmark_results_csv,downloaded artifact benchmark-results-ga/results_*.csv,Tier 2,ga,benchmark-results-ga,completed,failure,ga,128,1,0.384651,0.384651,0.384651,,,,This row completed enough to be emitted in the downloaded CSV; it is not a claim that the enclosing job or run completed successfully.
known_finished_from_downloaded_benchmark_results_csv,downloaded artifact benchmark-results-ga/results_*.csv,Tier 2,ga,benchmark-results-ga,completed,failure,ga,256,1,0.561214,0.561214,0.561214,,,,This row completed enough to be emitted in the downloaded CSV; it is not a claim that the enclosing job or run completed successfully.
known_finished_from_downloaded_benchmark_results_csv,downloaded artifact benchmark-results-ga/results_*.csv,Tier 2,ga,benchmark-results-ga,completed,failure,ga,512,1,0.639217,0.639217,0.639217,,,,This row completed enough to be emitted in the downloaded CSV; it is not a claim that the enclosing job or run completed successfully.
known_finished_from_downloaded_benchmark_results_csv,downloaded artifact benchmark-results-gaussian/results_*.csv,Tier 2,gaussian,benchmark-results-gaussian,completed,failure,gaussian,32,1,0.031374,0.031374,0.031374,,,,This row completed enough to be emitted in the downloaded CSV; it is not a claim that the enclosing job or run completed successfully.
known_finished_from_downloaded_benchmark_results_csv,downloaded artifact benchmark-results-gaussian/results_*.csv,Tier 2,gaussian,benchmark-results-gaussian,completed,failure,gaussian,48,1,0.045708,0.045708,0.045708,,,,This row completed enough to be emitted in the downloaded CSV; it is not a claim that the enclosing job or run completed successfully.
known_finished_from_downloaded_benchmark_results_csv,downloaded artifact benchmark-results-gaussian/results_*.csv,Tier 2,gaussian,benchmark-results-gaussian,completed,failure,gaussian,64,1,0.073218,0.073218,0.073218,,,,This row completed enough to be emitted in the downloaded CSV; it is not a claim that the enclosing job or run completed successfully.
known_finished_from_downloaded_benchmark_results_csv,downloaded artifact benchmark-results-gaussian/results_*.csv,Tier 2,gaussian,benchmark-results-gaussian,completed,failure,gaussian,96,1,0.131427,0.131427,0.131427,,,,This row completed enough to be emitted in the downloaded CSV; it is not a claim that the enclosing job or run completed successfully.
known_finished_from_downloaded_benchmark_results_csv,downloaded artifact benchmark-results-gaussian/results_*.csv,Tier 2,gaussian,benchmark-results-gaussian,completed,failure,gaussian,128,1,0.184656,0.184656,0.184656,,,,This row completed enough to be emitted in the downloaded CSV; it is not a claim that the enclosing job or run completed successfully.
known_finished_from_downloaded_benchmark_results_csv,downloaded artifact benchmark-results-gemm/results_*.csv,Tier 2,gemm,benchmark-results-gemm,completed,failure,gemm,32,1,0.001868,0.001868,0.001868,,,,This row completed enough to be emitted in the downloaded CSV; it is not a claim that the enclosing job or run completed successfully.
known_finished_from_downloaded_benchmark_results_csv,downloaded artifact benchmark-results-gemm/results_*.csv,Tier 2,gemm,benchmark-results-gemm,completed,failure,gemm,48,1,0.002660,0.002660,0.002660,,,,This row completed enough to be emitted in the downloaded CSV; it is not a claim that the enclosing job or run completed successfully.
known_finished_from_downloaded_benchmark_results_csv,downloaded artifact benchmark-results-gemm/results_*.csv,Tier 2,gemm,benchmark-results-gemm,completed,failure,gemm,64,1,0.003426,0.003426,0.003426,,,,This row completed enough to be emitted in the downloaded CSV; it is not a claim that the enclosing job or run completed successfully.
known_finished_from_downloaded_benchmark_results_csv,downloaded artifact benchmark-results-gemm/results_*.csv,Tier 2,gemm,benchmark-results-gemm,completed,failure,gemm,96,1,0.004963,0.004963,0.004963,,,,This row completed enough to be emitted in the downloaded CSV; it is not a claim that the enclosing job or run completed successfully.
known_finished_from_downloaded_benchmark_results_csv,downloaded artifact benchmark-results-gemm/results_*.csv,Tier 2,gemm,benchmark-results-gemm,completed,failure,gemm,128,1,0.007177,0.007177,0.007177,,,,This row completed enough to be emitted in the downloaded CSV; it is not a claim that the enclosing job or run completed successfully.
known_finished_from_downloaded_benchmark_results_csv,downloaded artifact benchmark-results-gemm/results_*.csv,Tier 2,gemm,benchmark-results-gemm,completed,failure,gemm,192,1,0.011564,0.011564,0.011564,,,,This row completed enough to be emitted in the downloaded CSV; it is not a claim that the enclosing job or run completed successfully.
known_finished_from_downloaded_benchmark_results_csv,downloaded artifact benchmark-results-gesummv/results_*.csv,Tier 2,gesummv,benchmark-results-gesummv,completed,failure,gesummv,64,1,0.009697,0.009697,0.009697,,,,This row completed enough to be emitted in the downloaded CSV; it is not a claim that the enclosing job or run completed successfully.
known_finished_from_downloaded_benchmark_results_csv,downloaded artifact benchmark-results-gesummv/results_*.csv,Tier 2,gesummv,benchmark-results-gesummv,completed,failure,gesummv,128,1,0.031707,0.031707,0.031707,,,,This row completed enough to be emitted in the downloaded CSV; it is not a claim that the enclosing job or run completed successfully.
known_finished_from_downloaded_benchmark_results_csv,downloaded artifact benchmark-results-global-bw-copy/results_*.csv,Tier 1,global_bw_copy,benchmark-results-global-bw-copy,completed,failure,global_bw_copy,1048576,1,0.003569,0.003569,0.003569,,,,This row completed enough to be emitted in the downloaded CSV; it is not a claim that the enclosing job or run completed successfully.
known_finished_from_downloaded_benchmark_results_csv,downloaded artifact benchmark-results-global-bw-copy/results_*.csv,Tier 1,global_bw_copy,benchmark-results-global-bw-copy,completed,failure,global_bw_copy,2097152,1,0.006839,0.006839,0.006839,,,,This row completed enough to be emitted in the downloaded CSV; it is not a claim that the enclosing job or run completed successfully.
known_finished_from_downloaded_benchmark_results_csv,downloaded artifact benchmark-results-global-bw-copy/results_*.csv,Tier 1,global_bw_copy,benchmark-results-global-bw-copy,completed,failure,global_bw_copy,4194304,1,0.013345,0.013345,0.013345,,,,This row completed enough to be emitted in the downloaded CSV; it is not a claim that the enclosing job or run completed successfully.
known_finished_from_downloaded_benchmark_results_csv,downloaded artifact benchmark-results-global-bw-copy/results_*.csv,Tier 1,global_bw_copy,benchmark-results-global-bw-copy,completed,failure,global_bw_copy,8388608,1,0.026275,0.026275,0.026275,,,,This row completed enough to be emitted in the downloaded CSV; it is not a claim that the enclosing job or run completed successfully.
known_finished_from_downloaded_benchmark_results_csv,downloaded artifact benchmark-results-global-bw-copy/results_*.csv,Tier 1,global_bw_copy,benchmark-results-global-bw-copy,completed,failure,global_bw_copy,12582912,1,0.039204,0.039204,0.039204,,,,This row completed enough to be emitted in the downloaded CSV; it is not a claim that the enclosing job or run completed successfully.
known_finished_from_downloaded_benchmark_results_csv,downloaded artifact benchmark-results-global-bw-copy/results_*.csv,Tier 1,global_bw_copy,benchmark-results-global-bw-copy,completed,failure,global_bw_copy,16777216,1,0.052132,0.052132,0.052132,,,,This row completed enough to be emitted in the downloaded CSV; it is not a claim that the enclosing job or run completed successfully.
known_finished_from_downloaded_benchmark_results_csv,downloaded artifact benchmark-results-gramschmidt/results_*.csv,Tier 2,gramschmidt,benchmark-results-gramschmidt,completed,failure,gramschmidt,64,1,2.556436,2.556436,2.556436,,,,This row completed enough to be emitted in the downloaded CSV; it is not a claim that the enclosing job or run completed successfully.
known_finished_from_downloaded_benchmark_results_csv,downloaded artifact benchmark-results-hotspot/results_*.csv,Tier 2,hotspot,benchmark-results-hotspot,completed,failure,hotspot,32,1,0.004429,0.004429,0.004429,,,,This row completed enough to be emitted in the downloaded CSV; it is not a claim that the enclosing job or run completed successfully.
known_finished_from_downloaded_benchmark_results_csv,downloaded artifact benchmark-results-hotspot/results_*.csv,Tier 2,hotspot,benchmark-results-hotspot,completed,failure,hotspot,48,1,0.004508,0.004508,0.004508,,,,This row completed enough to be emitted in the downloaded CSV; it is not a claim that the enclosing job or run completed successfully.
known_finished_from_downloaded_benchmark_results_csv,downloaded artifact benchmark-results-hotspot/results_*.csv,Tier 2,hotspot,benchmark-results-hotspot,completed,failure,hotspot,64,1,0.004545,0.004545,0.004545,,,,This row completed enough to be emitted in the downloaded CSV; it is not a claim that the enclosing job or run completed successfully.
known_finished_from_downloaded_benchmark_results_csv,downloaded artifact benchmark-results-hotspot/results_*.csv,Tier 2,hotspot,benchmark-results-hotspot,completed,failure,hotspot,96,1,0.004447,0.004447,0.004447,,,,This row completed enough to be emitted in the downloaded CSV; it is not a claim that the enclosing job or run completed successfully.
known_finished_from_downloaded_benchmark_results_csv,downloaded artifact benchmark-results-hotspot/results_*.csv,Tier 2,hotspot,benchmark-results-hotspot,completed,failure,hotspot,128,1,0.004449,0.004449,0.004449,,,,This row completed enough to be emitted in the downloaded CSV; it is not a claim that the enclosing job or run completed successfully.
known_finished_from_downloaded_benchmark_results_csv,downloaded artifact benchmark-results-hotspot/results_*.csv,Tier 2,hotspot,benchmark-results-hotspot,completed,failure,hotspot,192,1,0.004591,0.004591,0.004591,,,,This row completed enough to be emitted in the downloaded CSV; it is not a claim that the enclosing job or run completed successfully.
known_finished_from_downloaded_benchmark_results_csv,downloaded artifact benchmark-results-hotspot/results_*.csv,Tier 2,hotspot,benchmark-results-hotspot,completed,failure,hotspot,256,1,0.005678,0.005678,0.005678,,,,This row completed enough to be emitted in the downloaded CSV; it is not a claim that the enclosing job or run completed successfully.
known_finished_from_downloaded_benchmark_results_csv,downloaded artifact benchmark-results-hotspot/results_*.csv,Tier 2,hotspot,benchmark-results-hotspot,completed,failure,hotspot,384,1,0.007363,0.007363,0.007363,,,,This row completed enough to be emitted in the downloaded CSV; it is not a claim that the enclosing job or run completed successfully.
known_finished_from_downloaded_benchmark_results_csv,downloaded artifact benchmark-results-hotspot3D/results_*.csv,,hotspot3d,benchmark-results-hotspot3D,unknown,,hotspot3D,8,1,0.017585,0.017585,0.017585,,,,This row completed enough to be emitted in the downloaded CSV; it is not a claim that the enclosing job or run completed successfully.
known_finished_from_downloaded_benchmark_results_csv,downloaded artifact benchmark-results-hotspot3D/results_*.csv,,hotspot3d,benchmark-results-hotspot3D,unknown,,hotspot3D,16,1,0.034560,0.034560,0.034560,,,,This row completed enough to be emitted in the downloaded CSV; it is not a claim that the enclosing job or run completed successfully.
known_finished_from_downloaded_benchmark_results_csv,downloaded artifact benchmark-results-hotspot3D/results_*.csv,,hotspot3d,benchmark-results-hotspot3D,unknown,,hotspot3D,24,1,0.051304,0.051304,0.051304,,,,This row completed enough to be emitted in the downloaded CSV; it is not a claim that the enclosing job or run completed successfully.
known_finished_from_downloaded_benchmark_results_csv,downloaded artifact benchmark-results-hotspot3D/results_*.csv,,hotspot3d,benchmark-results-hotspot3D,unknown,,hotspot3D,32,1,0.070598,0.070598,0.070598,,,,This row completed enough to be emitted in the downloaded CSV; it is not a claim that the enclosing job or run completed successfully.
known_finished_from_downloaded_benchmark_results_csv,downloaded artifact benchmark-results-huffman/results_*.csv,Tier 2,huffman,benchmark-results-huffman,completed,failure,huffman,1024,1,0.001318,0.001318,0.001318,,,,This row completed enough to be emitted in the downloaded CSV; it is not a claim that the enclosing job or run completed successfully.
known_finished_from_downloaded_benchmark_results_csv,downloaded artifact benchmark-results-huffman/results_*.csv,Tier 2,huffman,benchmark-results-huffman,completed,failure,huffman,2048,1,0.001318,0.001318,0.001318,,,,This row completed enough to be emitted in the downloaded CSV; it is not a claim that the enclosing job or run completed successfully.
known_finished_from_downloaded_benchmark_results_csv,downloaded artifact benchmark-results-huffman/results_*.csv,Tier 2,huffman,benchmark-results-huffman,completed,failure,huffman,4096,1,0.001319,0.001319,0.001319,,,,This row completed enough to be emitted in the downloaded CSV; it is not a claim that the enclosing job or run completed successfully.
known_finished_from_downloaded_benchmark_results_csv,downloaded artifact benchmark-results-huffman/results_*.csv,Tier 2,huffman,benchmark-results-huffman,completed,failure,huffman,8192,1,0.001809,0.001809,0.001809,,,,This row completed enough to be emitted in the downloaded CSV; it is not a claim that the enclosing job or run completed successfully.
known_finished_from_downloaded_benchmark_results_csv,downloaded artifact benchmark-results-huffman/results_*.csv,Tier 2,huffman,benchmark-results-huffman,completed,failure,huffman,16384,1,0.002043,0.002043,0.002043,,,,This row completed enough to be emitted in the downloaded CSV; it is not a claim that the enclosing job or run completed successfully.
known_finished_from_downloaded_benchmark_results_csv,downloaded artifact benchmark-results-huffman/results_*.csv,Tier 2,huffman,benchmark-results-huffman,completed,failure,huffman,32768,1,0.002363,0.002363,0.002363,,,,This row completed enough to be emitted in the downloaded CSV; it is not a claim that the enclosing job or run completed successfully.
known_finished_from_downloaded_benchmark_results_csv,downloaded artifact benchmark-results-huffman/results_*.csv,Tier 2,huffman,benchmark-results-huffman,completed,failure,huffman,65536,1,0.002091,0.002091,0.002091,,,,This row completed enough to be emitted in the downloaded CSV; it is not a claim that the enclosing job or run completed successfully.
known_finished_from_downloaded_benchmark_results_csv,downloaded artifact benchmark-results-huffman/results_*.csv,Tier 2,huffman,benchmark-results-huffman,completed,failure,huffman,131072,1,0.003755,0.003755,0.003755,,,,This row completed enough to be emitted in the downloaded CSV; it is not a claim that the enclosing job or run completed successfully.
known_finished_from_downloaded_benchmark_results_csv,downloaded artifact benchmark-results-huffman/results_*.csv,Tier 2,huffman,benchmark-results-huffman,completed,failure,huffman,262144,1,0.005471,0.005471,0.005471,,,,This row completed enough to be emitted in the downloaded CSV; it is not a claim that the enclosing job or run completed successfully.
known_finished_from_downloaded_benchmark_results_csv,downloaded artifact benchmark-results-kmeans/results_*.csv,Tier 2,kmeans,benchmark-results-kmeans,completed,failure,kmeans,1024,1,0.011799,0.011799,0.011799,,,,This row completed enough to be emitted in the downloaded CSV; it is not a claim that the enclosing job or run completed successfully.
known_finished_from_downloaded_benchmark_results_csv,downloaded artifact benchmark-results-kmeans/results_*.csv,Tier 2,kmeans,benchmark-results-kmeans,completed,failure,kmeans,2048,1,0.012474,0.012474,0.012474,,,,This row completed enough to be emitted in the downloaded CSV; it is not a claim that the enclosing job or run completed successfully.
known_finished_from_downloaded_benchmark_results_csv,downloaded artifact benchmark-results-kmeans/results_*.csv,Tier 2,kmeans,benchmark-results-kmeans,completed,failure,kmeans,4096,1,0.012568,0.012568,0.012568,,,,This row completed enough to be emitted in the downloaded CSV; it is not a claim that the enclosing job or run completed successfully.
known_finished_from_downloaded_benchmark_results_csv,downloaded artifact benchmark-results-kmeans/results_*.csv,Tier 2,kmeans,benchmark-results-kmeans,completed,failure,kmeans,8192,1,0.012775,0.012775,0.012775,,,,This row completed enough to be emitted in the downloaded CSV; it is not a claim that the enclosing job or run completed successfully.
known_finished_from_downloaded_benchmark_results_csv,downloaded artifact benchmark-results-kmeans/results_*.csv,Tier 2,kmeans,benchmark-results-kmeans,completed,failure,kmeans,16384,1,0.013161,0.013161,0.013161,,,,This row completed enough to be emitted in the downloaded CSV; it is not a claim that the enclosing job or run completed successfully.
known_finished_from_downloaded_benchmark_results_csv,downloaded artifact benchmark-results-kmeans/results_*.csv,Tier 2,kmeans,benchmark-results-kmeans,completed,failure,kmeans,32768,1,0.014693,0.014693,0.014693,,,,This row completed enough to be emitted in the downloaded CSV; it is not a claim that the enclosing job or run completed successfully.
known_finished_from_downloaded_benchmark_results_csv,downloaded artifact benchmark-results-l1-cache-bw/results_*.csv,Tier 1,l1_cache_bw,benchmark-results-l1-cache-bw,completed,success,l1_cache_bw,1024,1,0.008117,0.008117,0.008117,,,,This row completed enough to be emitted in the downloaded CSV; it is not a claim that the enclosing job or run completed successfully.
known_finished_from_downloaded_benchmark_results_csv,downloaded artifact benchmark-results-l1-cache-bw/results_*.csv,Tier 1,l1_cache_bw,benchmark-results-l1-cache-bw,completed,success,l1_cache_bw,2048,1,0.008116,0.008116,0.008116,,,,This row completed enough to be emitted in the downloaded CSV; it is not a claim that the enclosing job or run completed successfully.
known_finished_from_downloaded_benchmark_results_csv,downloaded artifact benchmark-results-l1-cache-bw/results_*.csv,Tier 1,l1_cache_bw,benchmark-results-l1-cache-bw,completed,success,l1_cache_bw,3072,1,0.008120,0.008120,0.008120,,,,This row completed enough to be emitted in the downloaded CSV; it is not a claim that the enclosing job or run completed successfully.
known_finished_from_downloaded_benchmark_results_csv,downloaded artifact benchmark-results-l1-cache-bw/results_*.csv,Tier 1,l1_cache_bw,benchmark-results-l1-cache-bw,completed,success,l1_cache_bw,4096,1,0.008119,0.008119,0.008119,,,,This row completed enough to be emitted in the downloaded CSV; it is not a claim that the enclosing job or run completed successfully.
known_finished_from_downloaded_benchmark_results_csv,downloaded artifact benchmark-results-l1-cache-bw/results_*.csv,Tier 1,l1_cache_bw,benchmark-results-l1-cache-bw,completed,success,l1_cache_bw,6144,1,0.008121,0.008121,0.008121,,,,This row completed enough to be emitted in the downloaded CSV; it is not a claim that the enclosing job or run completed successfully.
known_finished_from_downloaded_benchmark_results_csv,downloaded artifact benchmark-results-l1-cache-bw/results_*.csv,Tier 1,l1_cache_bw,benchmark-results-l1-cache-bw,completed,success,l1_cache_bw,8192,1,0.008123,0.008123,0.008123,,,,This row completed enough to be emitted in the downloaded CSV; it is not a claim that the enclosing job or run completed successfully.
known_finished_from_downloaded_benchmark_results_csv,downloaded artifact benchmark-results-l1-cache-bw/results_*.csv,Tier 1,l1_cache_bw,benchmark-results-l1-cache-bw,completed,success,l1_cache_bw,10240,1,0.008127,0.008127,0.008127,,,,This row completed enough to be emitted in the downloaded CSV; it is not a claim that the enclosing job or run completed successfully.
known_finished_from_downloaded_benchmark_results_csv,downloaded artifact benchmark-results-l1-cache-bw/results_*.csv,Tier 1,l1_cache_bw,benchmark-results-l1-cache-bw,completed,success,l1_cache_bw,12288,1,0.008128,0.008128,0.008128,,,,This row completed enough to be emitted in the downloaded CSV; it is not a claim that the enclosing job or run completed successfully.
known_finished_from_downloaded_benchmark_results_csv,downloaded artifact benchmark-results-l1-cache-bw/results_*.csv,Tier 1,l1_cache_bw,benchmark-results-l1-cache-bw,completed,success,l1_cache_bw,14336,1,0.008129,0.008129,0.008129,,,,This row completed enough to be emitted in the downloaded CSV; it is not a claim that the enclosing job or run completed successfully.
known_finished_from_downloaded_benchmark_results_csv,downloaded artifact benchmark-results-l1-cache-bw/results_*.csv,Tier 1,l1_cache_bw,benchmark-results-l1-cache-bw,completed,success,l1_cache_bw,16384,1,0.008132,0.008132,0.008132,,,,This row completed enough to be emitted in the downloaded CSV; it is not a claim that the enclosing job or run completed successfully.
known_finished_from_downloaded_benchmark_results_csv,downloaded artifact benchmark-results-l1-cache-bw/results_*.csv,Tier 1,l1_cache_bw,benchmark-results-l1-cache-bw,completed,success,l1_cache_bw,20480,1,0.008220,0.008220,0.008220,,,,This row completed enough to be emitted in the downloaded CSV; it is not a claim that the enclosing job or run completed successfully.
known_finished_from_downloaded_benchmark_results_csv,downloaded artifact benchmark-results-l1-cache-bw/results_*.csv,Tier 1,l1_cache_bw,benchmark-results-l1-cache-bw,completed,success,l1_cache_bw,24576,1,0.008225,0.008225,0.008225,,,,This row completed enough to be emitted in the downloaded CSV; it is not a claim that the enclosing job or run completed successfully.
known_finished_from_downloaded_benchmark_results_csv,downloaded artifact benchmark-results-l1-cache-bw/results_*.csv,Tier 1,l1_cache_bw,benchmark-results-l1-cache-bw,completed,success,l1_cache_bw,28672,1,0.008229,0.008229,0.008229,,,,This row completed enough to be emitted in the downloaded CSV; it is not a claim that the enclosing job or run completed successfully.
known_finished_from_downloaded_benchmark_results_csv,downloaded artifact benchmark-results-l1-cache-bw/results_*.csv,Tier 1,l1_cache_bw,benchmark-results-l1-cache-bw,completed,success,l1_cache_bw,32768,1,0.008233,0.008233,0.008233,,,,This row completed enough to be emitted in the downloaded CSV; it is not a claim that the enclosing job or run completed successfully.
known_finished_from_downloaded_benchmark_results_csv,downloaded artifact benchmark-results-l1-cache-bw/results_*.csv,Tier 1,l1_cache_bw,benchmark-results-l1-cache-bw,completed,success,l1_cache_bw,49152,1,0.008335,0.008335,0.008335,,,,This row completed enough to be emitted in the downloaded CSV; it is not a claim that the enclosing job or run completed successfully.
known_finished_from_downloaded_benchmark_results_csv,downloaded artifact benchmark-results-l1-cache-bw/results_*.csv,Tier 1,l1_cache_bw,benchmark-results-l1-cache-bw,completed,success,l1_cache_bw,65536,1,0.008558,0.008558,0.008558,,,,This row completed enough to be emitted in the downloaded CSV; it is not a claim that the enclosing job or run completed successfully.
known_finished_from_downloaded_benchmark_results_csv,downloaded artifact benchmark-results-l2-cache-bw/results_*.csv,Tier 1,l2_cache_bw,benchmark-results-l2-cache-bw,completed,failure,l2_cache_bw,32768,1,0.011168,0.011168,0.011168,,,,This row completed enough to be emitted in the downloaded CSV; it is not a claim that the enclosing job or run completed successfully.
known_finished_from_downloaded_benchmark_results_csv,downloaded artifact benchmark-results-l2-cache-bw/results_*.csv,Tier 1,l2_cache_bw,benchmark-results-l2-cache-bw,completed,failure,l2_cache_bw,65536,1,0.010574,0.010574,0.010574,,,,This row completed enough to be emitted in the downloaded CSV; it is not a claim that the enclosing job or run completed successfully.
known_finished_from_downloaded_benchmark_results_csv,downloaded artifact benchmark-results-l2-cache-bw/results_*.csv,Tier 1,l2_cache_bw,benchmark-results-l2-cache-bw,completed,failure,l2_cache_bw,131072,1,0.010551,0.010551,0.010551,,,,This row completed enough to be emitted in the downloaded CSV; it is not a claim that the enclosing job or run completed successfully.
known_finished_from_downloaded_benchmark_results_csv,downloaded artifact benchmark-results-lavaMD/results_*.csv,,lavamd,benchmark-results-lavaMD,unknown,,lavaMD,2,1,0.117214,0.117214,0.117214,,,,This row completed enough to be emitted in the downloaded CSV; it is not a claim that the enclosing job or run completed successfully.
known_finished_from_downloaded_benchmark_results_csv,downloaded artifact benchmark-results-layernorm/results_*.csv,Tier 2,layernorm,benchmark-results-layernorm,completed,failure,layernorm,rows64_hid4096_bs256_layernorm,1,0.005838,0.005838,0.005838,,,,This row completed enough to be emitted in the downloaded CSV; it is not a claim that the enclosing job or run completed successfully.
known_finished_from_downloaded_benchmark_results_csv,downloaded artifact benchmark-results-layernorm/results_*.csv,Tier 2,layernorm,benchmark-results-layernorm,completed,failure,layernorm,rows128_hid4096_bs256_layernorm,1,0.008653,0.008653,0.008653,,,,This row completed enough to be emitted in the downloaded CSV; it is not a claim that the enclosing job or run completed successfully.
known_finished_from_downloaded_benchmark_results_csv,downloaded artifact benchmark-results-layernorm/results_*.csv,Tier 2,layernorm,benchmark-results-layernorm,completed,failure,layernorm,rows256_hid4096_bs256_layernorm,1,0.014008,0.014008,0.014008,,,,This row completed enough to be emitted in the downloaded CSV; it is not a claim that the enclosing job or run completed successfully.
known_finished_from_downloaded_benchmark_results_csv,downloaded artifact benchmark-results-layernorm/results_*.csv,Tier 2,layernorm,benchmark-results-layernorm,completed,failure,layernorm,rows512_hid4096_bs256_layernorm,1,0.026413,0.026413,0.026413,,,,This row completed enough to be emitted in the downloaded CSV; it is not a claim that the enclosing job or run completed successfully.
known_finished_from_downloaded_benchmark_results_csv,downloaded artifact benchmark-results-lud/results_*.csv,Tier 2,lud,benchmark-results-lud,completed,failure,lud,64,1,0.095793,0.095793,0.095793,,,,This row completed enough to be emitted in the downloaded CSV; it is not a claim that the enclosing job or run completed successfully.
known_finished_from_downloaded_benchmark_results_csv,downloaded artifact benchmark-results-lud/results_*.csv,Tier 2,lud,benchmark-results-lud,completed,failure,lud,128,1,0.226365,0.226365,0.226365,,,,This row completed enough to be emitted in the downloaded CSV; it is not a claim that the enclosing job or run completed successfully.
known_finished_from_downloaded_benchmark_results_csv,downloaded artifact benchmark-results-lud/results_*.csv,Tier 2,lud,benchmark-results-lud,completed,failure,lud,192,1,0.356301,0.356301,0.356301,,,,This row completed enough to be emitted in the downloaded CSV; it is not a claim that the enclosing job or run completed successfully.
known_finished_from_downloaded_benchmark_results_csv,downloaded artifact benchmark-results-lud/results_*.csv,Tier 2,lud,benchmark-results-lud,completed,failure,lud,256,1,0.485321,0.485321,0.485321,,,,This row completed enough to be emitted in the downloaded CSV; it is not a claim that the enclosing job or run completed successfully.
known_finished_from_downloaded_benchmark_results_csv,downloaded artifact benchmark-results-lud/results_*.csv,Tier 2,lud,benchmark-results-lud,completed,failure,lud,384,1,0.751421,0.751421,0.751421,,,,This row completed enough to be emitted in the downloaded CSV; it is not a claim that the enclosing job or run completed successfully.
known_finished_from_downloaded_benchmark_results_csv,downloaded artifact benchmark-results-lud/results_*.csv,Tier 2,lud,benchmark-results-lud,completed,failure,lud,512,1,1.014092,1.014092,1.014092,,,,This row completed enough to be emitted in the downloaded CSV; it is not a claim that the enclosing job or run completed successfully.
known_finished_from_downloaded_benchmark_results_csv,downloaded artifact benchmark-results-max-flops/results_*.csv,Tier 1,max_flops,benchmark-results-max-flops,completed,failure,MaxFlops,512,1,0.006158,0.006158,0.006158,,,,This row completed enough to be emitted in the downloaded CSV; it is not a claim that the enclosing job or run completed successfully.
known_finished_from_downloaded_benchmark_results_csv,downloaded artifact benchmark-results-max-flops/results_*.csv,Tier 1,max_flops,benchmark-results-max-flops,completed,failure,MaxFlops,1024,1,0.006158,0.006158,0.006158,,,,This row completed enough to be emitted in the downloaded CSV; it is not a claim that the enclosing job or run completed successfully.
known_finished_from_downloaded_benchmark_results_csv,downloaded artifact benchmark-results-max-flops/results_*.csv,Tier 1,max_flops,benchmark-results-max-flops,completed,failure,MaxFlops,2048,1,0.006112,0.006112,0.006112,,,,This row completed enough to be emitted in the downloaded CSV; it is not a claim that the enclosing job or run completed successfully.
known_finished_from_downloaded_benchmark_results_csv,downloaded artifact benchmark-results-max-flops/results_*.csv,Tier 1,max_flops,benchmark-results-max-flops,completed,failure,MaxFlops,4096,1,0.006161,0.006161,0.006161,,,,This row completed enough to be emitted in the downloaded CSV; it is not a claim that the enclosing job or run completed successfully.
known_finished_from_downloaded_benchmark_results_csv,downloaded artifact benchmark-results-max-flops/results_*.csv,Tier 1,max_flops,benchmark-results-max-flops,completed,failure,MaxFlops,8192,1,0.006164,0.006164,0.006164,,,,This row completed enough to be emitted in the downloaded CSV; it is not a claim that the enclosing job or run completed successfully.
known_finished_from_downloaded_benchmark_results_csv,downloaded artifact benchmark-results-max-flops/results_*.csv,Tier 1,max_flops,benchmark-results-max-flops,completed,failure,MaxFlops,16384,1,0.006172,0.006172,0.006172,,,,This row completed enough to be emitted in the downloaded CSV; it is not a claim that the enclosing job or run completed successfully.
known_finished_from_downloaded_benchmark_results_csv,downloaded artifact benchmark-results-max-flops/results_*.csv,Tier 1,max_flops,benchmark-results-max-flops,completed,failure,MaxFlops,32768,1,0.006274,0.006274,0.006274,,,,This row completed enough to be emitted in the downloaded CSV; it is not a claim that the enclosing job or run completed successfully.
known_finished_from_downloaded_benchmark_results_csv,downloaded artifact benchmark-results-max-flops/results_*.csv,Tier 1,max_flops,benchmark-results-max-flops,completed,failure,MaxFlops,65536,1,0.006470,0.006470,0.006470,,,,This row completed enough to be emitted in the downloaded CSV; it is not a claim that the enclosing job or run completed successfully.
known_finished_from_downloaded_benchmark_results_csv,downloaded artifact benchmark-results-max-flops/results_*.csv,Tier 1,max_flops,benchmark-results-max-flops,completed,failure,MaxFlops,131072,1,0.006838,0.006838,0.006838,,,,This row completed enough to be emitted in the downloaded CSV; it is not a claim that the enclosing job or run completed successfully.
known_finished_from_downloaded_benchmark_results_csv,downloaded artifact benchmark-results-max-flops/results_*.csv,Tier 1,max_flops,benchmark-results-max-flops,completed,failure,MaxFlops,262144,1,0.008691,0.008691,0.008691,,,,This row completed enough to be emitted in the downloaded CSV; it is not a claim that the enclosing job or run completed successfully.
known_finished_from_downloaded_benchmark_results_csv,downloaded artifact benchmark-results-md-lj/results_*.csv,Tier 2,md_lj,benchmark-results-md-lj,completed,failure,md,128,1,0.014444,0.014444,0.014444,,,,This row completed enough to be emitted in the downloaded CSV; it is not a claim that the enclosing job or run completed successfully.
known_finished_from_downloaded_benchmark_results_csv,downloaded artifact benchmark-results-md-lj/results_*.csv,Tier 2,md_lj,benchmark-results-md-lj,completed,failure,md,256,1,0.027477,0.027477,0.027477,,,,This row completed enough to be emitted in the downloaded CSV; it is not a claim that the enclosing job or run completed successfully.
known_finished_from_downloaded_benchmark_results_csv,downloaded artifact benchmark-results-md-lj/results_*.csv,Tier 2,md_lj,benchmark-results-md-lj,completed,failure,md,512,1,0.036674,0.036674,0.036674,,,,This row completed enough to be emitted in the downloaded CSV; it is not a claim that the enclosing job or run completed successfully.
known_finished_from_downloaded_benchmark_results_csv,downloaded artifact benchmark-results-md5hash/results_*.csv,Tier 2,md5hash,benchmark-results-md5hash,completed,failure,md5hash,512,1,0.007869,0.007869,0.007869,,,,This row completed enough to be emitted in the downloaded CSV; it is not a claim that the enclosing job or run completed successfully.
known_finished_from_downloaded_benchmark_results_csv,downloaded artifact benchmark-results-md5hash/results_*.csv,Tier 2,md5hash,benchmark-results-md5hash,completed,failure,md5hash,1024,1,0.007868,0.007868,0.007868,,,,This row completed enough to be emitted in the downloaded CSV; it is not a claim that the enclosing job or run completed successfully.
known_finished_from_downloaded_benchmark_results_csv,downloaded artifact benchmark-results-md5hash/results_*.csv,Tier 2,md5hash,benchmark-results-md5hash,completed,failure,md5hash,2048,1,0.007873,0.007873,0.007873,,,,This row completed enough to be emitted in the downloaded CSV; it is not a claim that the enclosing job or run completed successfully.
known_finished_from_downloaded_benchmark_results_csv,downloaded artifact benchmark-results-md5hash/results_*.csv,Tier 2,md5hash,benchmark-results-md5hash,completed,failure,md5hash,4096,1,0.007872,0.007872,0.007872,,,,This row completed enough to be emitted in the downloaded CSV; it is not a claim that the enclosing job or run completed successfully.
known_finished_from_downloaded_benchmark_results_csv,downloaded artifact benchmark-results-md5hash/results_*.csv,Tier 2,md5hash,benchmark-results-md5hash,completed,failure,md5hash,8192,1,0.007880,0.007880,0.007880,,,,This row completed enough to be emitted in the downloaded CSV; it is not a claim that the enclosing job or run completed successfully.
known_finished_from_downloaded_benchmark_results_csv,downloaded artifact benchmark-results-md5hash/results_*.csv,Tier 2,md5hash,benchmark-results-md5hash,completed,failure,md5hash,16384,1,0.008726,0.008726,0.008726,,,,This row completed enough to be emitted in the downloaded CSV; it is not a claim that the enclosing job or run completed successfully.
known_finished_from_downloaded_benchmark_results_csv,downloaded artifact benchmark-results-md5hash/results_*.csv,Tier 2,md5hash,benchmark-results-md5hash,completed,failure,md5hash,32768,1,0.010350,0.010350,0.010350,,,,This row completed enough to be emitted in the downloaded CSV; it is not a claim that the enclosing job or run completed successfully.
known_finished_from_downloaded_benchmark_results_csv,downloaded artifact benchmark-results-md5hash/results_*.csv,Tier 2,md5hash,benchmark-results-md5hash,completed,failure,md5hash,65536,1,0.013710,0.013710,0.013710,,,,This row completed enough to be emitted in the downloaded CSV; it is not a claim that the enclosing job or run completed successfully.
known_finished_from_downloaded_benchmark_results_csv,downloaded artifact benchmark-results-mem-latency-chase/results_*.csv,Tier 1,mem_latency_chase,benchmark-results-mem-latency-chase,completed,failure,mem_latency_chase,256,1,0.005242,0.005242,0.005242,,,,This row completed enough to be emitted in the downloaded CSV; it is not a claim that the enclosing job or run completed successfully.
known_finished_from_downloaded_benchmark_results_csv,downloaded artifact benchmark-results-mem-latency-chase/results_*.csv,Tier 1,mem_latency_chase,benchmark-results-mem-latency-chase,completed,failure,mem_latency_chase,512,1,0.005330,0.005330,0.005330,,,,This row completed enough to be emitted in the downloaded CSV; it is not a claim that the enclosing job or run completed successfully.
known_finished_from_downloaded_benchmark_results_csv,downloaded artifact benchmark-results-mem-latency-chase/results_*.csv,Tier 1,mem_latency_chase,benchmark-results-mem-latency-chase,completed,failure,mem_latency_chase,1024,1,0.005320,0.005320,0.005320,,,,This row completed enough to be emitted in the downloaded CSV; it is not a claim that the enclosing job or run completed successfully.
known_finished_from_downloaded_benchmark_results_csv,downloaded artifact benchmark-results-mem-latency-chase/results_*.csv,Tier 1,mem_latency_chase,benchmark-results-mem-latency-chase,completed,failure,mem_latency_chase,2048,1,0.005311,0.005311,0.005311,,,,This row completed enough to be emitted in the downloaded CSV; it is not a claim that the enclosing job or run completed successfully.
known_finished_from_downloaded_benchmark_results_csv,downloaded artifact benchmark-results-mem-latency-chase/results_*.csv,Tier 1,mem_latency_chase,benchmark-results-mem-latency-chase,completed,failure,mem_latency_chase,4096,1,0.005327,0.005327,0.005327,,,,This row completed enough to be emitted in the downloaded CSV; it is not a claim that the enclosing job or run completed successfully.
known_finished_from_downloaded_benchmark_results_csv,downloaded artifact benchmark-results-mem-latency-chase/results_*.csv,Tier 1,mem_latency_chase,benchmark-results-mem-latency-chase,completed,failure,mem_latency_chase,8192,1,0.005331,0.005331,0.005331,,,,This row completed enough to be emitted in the downloaded CSV; it is not a claim that the enclosing job or run completed successfully.
known_finished_from_downloaded_benchmark_results_csv,downloaded artifact benchmark-results-mem-latency-chase/results_*.csv,Tier 1,mem_latency_chase,benchmark-results-mem-latency-chase,completed,failure,mem_latency_chase,16384,1,0.005399,0.005399,0.005399,,,,This row completed enough to be emitted in the downloaded CSV; it is not a claim that the enclosing job or run completed successfully.
known_finished_from_downloaded_benchmark_results_csv,downloaded artifact benchmark-results-mem-latency-chase/results_*.csv,Tier 1,mem_latency_chase,benchmark-results-mem-latency-chase,completed,failure,mem_latency_chase,32768,1,0.005466,0.005466,0.005466,,,,This row completed enough to be emitted in the downloaded CSV; it is not a claim that the enclosing job or run completed successfully.
known_finished_from_downloaded_benchmark_results_csv,downloaded artifact benchmark-results-mem-latency-chase/results_*.csv,Tier 1,mem_latency_chase,benchmark-results-mem-latency-chase,completed,failure,mem_latency_chase,65536,1,0.005723,0.005723,0.005723,,,,This row completed enough to be emitted in the downloaded CSV; it is not a claim that the enclosing job or run completed successfully.
known_finished_from_downloaded_benchmark_results_csv,downloaded artifact benchmark-results-mvt/results_*.csv,Tier 2,mvt,benchmark-results-mvt,completed,failure,mvt,64,1,0.008434,0.008434,0.008434,,,,This row completed enough to be emitted in the downloaded CSV; it is not a claim that the enclosing job or run completed successfully.
known_finished_from_downloaded_benchmark_results_csv,downloaded artifact benchmark-results-mvt/results_*.csv,Tier 2,mvt,benchmark-results-mvt,completed,failure,mvt,128,1,0.020813,0.020813,0.020813,,,,This row completed enough to be emitted in the downloaded CSV; it is not a claim that the enclosing job or run completed successfully.
known_finished_from_downloaded_benchmark_results_csv,downloaded artifact benchmark-results-mvt/results_*.csv,Tier 2,mvt,benchmark-results-mvt,completed,failure,mvt,192,1,0.042298,0.042298,0.042298,,,,This row completed enough to be emitted in the downloaded CSV; it is not a claim that the enclosing job or run completed successfully.
known_finished_from_downloaded_benchmark_results_csv,downloaded artifact benchmark-results-mvt/results_*.csv,Tier 2,mvt,benchmark-results-mvt,completed,failure,mvt,256,1,0.071903,0.071903,0.071903,,,,This row completed enough to be emitted in the downloaded CSV; it is not a claim that the enclosing job or run completed successfully.
known_finished_from_downloaded_benchmark_results_csv,downloaded artifact benchmark-results-nn/results_*.csv,Tier 2,nn,benchmark-results-nn,completed,failure,nn,1024,1,619000000.000000,619000000.000000,619000000.000000,,,,This row completed enough to be emitted in the downloaded CSV; it is not a claim that the enclosing job or run completed successfully.
known_finished_from_downloaded_benchmark_results_csv,downloaded artifact benchmark-results-nn/results_*.csv,Tier 2,nn,benchmark-results-nn,completed,failure,nn,2048,1,619000000.000000,619000000.000000,619000000.000000,,,,This row completed enough to be emitted in the downloaded CSV; it is not a claim that the enclosing job or run completed successfully.
known_finished_from_downloaded_benchmark_results_csv,downloaded artifact benchmark-results-nn/results_*.csv,Tier 2,nn,benchmark-results-nn,completed,failure,nn,4096,1,621000000.000000,621000000.000000,621000000.000000,,,,This row completed enough to be emitted in the downloaded CSV; it is not a claim that the enclosing job or run completed successfully.
known_finished_from_downloaded_benchmark_results_csv,downloaded artifact benchmark-results-nn/results_*.csv,Tier 2,nn,benchmark-results-nn,completed,failure,nn,8192,1,630000000.000000,630000000.000000,630000000.000000,,,,This row completed enough to be emitted in the downloaded CSV; it is not a claim that the enclosing job or run completed successfully.
known_finished_from_downloaded_benchmark_results_csv,downloaded artifact benchmark-results-nn/results_*.csv,Tier 2,nn,benchmark-results-nn,completed,failure,nn,16384,1,728000000.000000,728000000.000000,728000000.000000,,,,This row completed enough to be emitted in the downloaded CSV; it is not a claim that the enclosing job or run completed successfully.
known_finished_from_downloaded_benchmark_results_csv,downloaded artifact benchmark-results-nn/results_*.csv,Tier 2,nn,benchmark-results-nn,completed,failure,nn,32768,1,944000000.000000,944000000.000000,944000000.000000,,,,This row completed enough to be emitted in the downloaded CSV; it is not a claim that the enclosing job or run completed successfully.
known_finished_from_downloaded_benchmark_results_csv,downloaded artifact benchmark-results-nn/results_*.csv,Tier 2,nn,benchmark-results-nn,completed,failure,nn,65536,1,0.001543,0.001543,0.001543,,,,This row completed enough to be emitted in the downloaded CSV; it is not a claim that the enclosing job or run completed successfully.
known_finished_from_downloaded_benchmark_results_csv,downloaded artifact benchmark-results-nn/results_*.csv,Tier 2,nn,benchmark-results-nn,completed,failure,nn,131072,1,0.002753,0.002753,0.002753,,,,This row completed enough to be emitted in the downloaded CSV; it is not a claim that the enclosing job or run completed successfully.
known_finished_from_downloaded_benchmark_results_csv,downloaded artifact benchmark-results-nn/results_*.csv,Tier 2,nn,benchmark-results-nn,completed,failure,nn,262144,1,0.005179,0.005179,0.005179,,,,This row completed enough to be emitted in the downloaded CSV; it is not a claim that the enclosing job or run completed successfully.
known_finished_from_downloaded_benchmark_results_csv,downloaded artifact benchmark-results-nn/results_*.csv,Tier 2,nn,benchmark-results-nn,completed,failure,nn,524288,1,0.010070,0.010070,0.010070,,,,This row completed enough to be emitted in the downloaded CSV; it is not a claim that the enclosing job or run completed successfully.
known_finished_from_downloaded_benchmark_results_csv,downloaded artifact benchmark-results-nn/results_*.csv,Tier 2,nn,benchmark-results-nn,completed,failure,nn,1048576,1,0.019817,0.019817,0.019817,,,,This row completed enough to be emitted in the downloaded CSV; it is not a claim that the enclosing job or run completed successfully.
known_finished_from_downloaded_benchmark_results_csv,downloaded artifact benchmark-results-nn/results_*.csv,Tier 2,nn,benchmark-results-nn,completed,failure,nn,2097152,1,0.039209,0.039209,0.039209,,,,This row completed enough to be emitted in the downloaded CSV; it is not a claim that the enclosing job or run completed successfully.
known_finished_from_downloaded_benchmark_results_csv,downloaded artifact benchmark-results-nn/results_*.csv,Tier 2,nn,benchmark-results-nn,completed,failure,nn,3145728,1,0.058600,0.058600,0.058600,,,,This row completed enough to be emitted in the downloaded CSV; it is not a claim that the enclosing job or run completed successfully.
known_finished_from_downloaded_benchmark_results_csv,downloaded artifact benchmark-results-nw/results_*.csv,Tier 2,nw,benchmark-results-nw,completed,failure,nw,64,1,0.041897,0.041897,0.041897,,,,This row completed enough to be emitted in the downloaded CSV; it is not a claim that the enclosing job or run completed successfully.
known_finished_from_downloaded_benchmark_results_csv,downloaded artifact benchmark-results-nw/results_*.csv,Tier 2,nw,benchmark-results-nw,completed,failure,nw,128,1,0.084088,0.084088,0.084088,,,,This row completed enough to be emitted in the downloaded CSV; it is not a claim that the enclosing job or run completed successfully.
known_finished_from_downloaded_benchmark_results_csv,downloaded artifact benchmark-results-nw/results_*.csv,Tier 2,nw,benchmark-results-nw,completed,failure,nw,192,1,0.127238,0.127238,0.127238,,,,This row completed enough to be emitted in the downloaded CSV; it is not a claim that the enclosing job or run completed successfully.
known_finished_from_downloaded_benchmark_results_csv,downloaded artifact benchmark-results-nw/results_*.csv,Tier 2,nw,benchmark-results-nw,completed,failure,nw,256,1,0.171555,0.171555,0.171555,,,,This row completed enough to be emitted in the downloaded CSV; it is not a claim that the enclosing job or run completed successfully.
known_finished_from_downloaded_benchmark_results_csv,downloaded artifact benchmark-results-nw/results_*.csv,Tier 2,nw,benchmark-results-nw,completed,failure,nw,512,1,0.359700,0.359700,0.359700,,,,This row completed enough to be emitted in the downloaded CSV; it is not a claim that the enclosing job or run completed successfully.
known_finished_from_downloaded_benchmark_results_csv,downloaded artifact benchmark-results-nw/results_*.csv,Tier 2,nw,benchmark-results-nw,completed,failure,nw,768,1,0.562273,0.562273,0.562273,,,,This row completed enough to be emitted in the downloaded CSV; it is not a claim that the enclosing job or run completed successfully.
known_finished_from_downloaded_benchmark_results_csv,downloaded artifact benchmark-results-nw/results_*.csv,Tier 2,nw,benchmark-results-nw,completed,failure,nw,1024,1,0.781289,0.781289,0.781289,,,,This row completed enough to be emitted in the downloaded CSV; it is not a claim that the enclosing job or run completed successfully.
known_finished_from_downloaded_benchmark_results_csv,downloaded artifact benchmark-results-nw/results_*.csv,Tier 2,nw,benchmark-results-nw,completed,failure,nw,1536,1,1.252003,1.252003,1.252003,,,,This row completed enough to be emitted in the downloaded CSV; it is not a claim that the enclosing job or run completed successfully.
known_finished_from_downloaded_benchmark_results_csv,downloaded artifact benchmark-results-occupancy-fma/results_*.csv,Tier 1,occupancy_fma,benchmark-results-occupancy-fma,completed,failure,occupancy_fma,1024,1,0.012537,0.012537,0.012537,,,,This row completed enough to be emitted in the downloaded CSV; it is not a claim that the enclosing job or run completed successfully.
known_finished_from_downloaded_benchmark_results_csv,downloaded artifact benchmark-results-occupancy-fma/results_*.csv,Tier 1,occupancy_fma,benchmark-results-occupancy-fma,completed,failure,occupancy_fma,2048,1,0.012472,0.012472,0.012472,,,,This row completed enough to be emitted in the downloaded CSV; it is not a claim that the enclosing job or run completed successfully.
known_finished_from_downloaded_benchmark_results_csv,downloaded artifact benchmark-results-occupancy-fma/results_*.csv,Tier 1,occupancy_fma,benchmark-results-occupancy-fma,completed,failure,occupancy_fma,4096,1,0.012540,0.012540,0.012540,,,,This row completed enough to be emitted in the downloaded CSV; it is not a claim that the enclosing job or run completed successfully.
known_finished_from_downloaded_benchmark_results_csv,downloaded artifact benchmark-results-occupancy-fma/results_*.csv,Tier 1,occupancy_fma,benchmark-results-occupancy-fma,completed,failure,occupancy_fma,8192,1,0.012542,0.012542,0.012542,,,,This row completed enough to be emitted in the downloaded CSV; it is not a claim that the enclosing job or run completed successfully.
known_finished_from_downloaded_benchmark_results_csv,downloaded artifact benchmark-results-occupancy-fma/results_*.csv,Tier 1,occupancy_fma,benchmark-results-occupancy-fma,completed,failure,occupancy_fma,16384,1,0.012551,0.012551,0.012551,,,,This row completed enough to be emitted in the downloaded CSV; it is not a claim that the enclosing job or run completed successfully.
known_finished_from_downloaded_benchmark_results_csv,downloaded artifact benchmark-results-occupancy-fma/results_*.csv,Tier 1,occupancy_fma,benchmark-results-occupancy-fma,completed,failure,occupancy_fma,32768,1,0.012649,0.012649,0.012649,,,,This row completed enough to be emitted in the downloaded CSV; it is not a claim that the enclosing job or run completed successfully.
known_finished_from_downloaded_benchmark_results_csv,downloaded artifact benchmark-results-occupancy-fma/results_*.csv,Tier 1,occupancy_fma,benchmark-results-occupancy-fma,completed,failure,occupancy_fma,65536,1,0.012837,0.012837,0.012837,,,,This row completed enough to be emitted in the downloaded CSV; it is not a claim that the enclosing job or run completed successfully.
known_finished_from_downloaded_benchmark_results_csv,downloaded artifact benchmark-results-occupancy-fma/results_*.csv,Tier 1,occupancy_fma,benchmark-results-occupancy-fma,completed,failure,occupancy_fma,131072,1,0.012559,0.012559,0.012559,,,,This row completed enough to be emitted in the downloaded CSV; it is not a claim that the enclosing job or run completed successfully.
known_finished_from_downloaded_benchmark_results_csv,downloaded artifact benchmark-results-pagerank/results_*.csv,Tier 2,pagerank,benchmark-results-pagerank,completed,failure,pagerank,128,1,0.001623,0.001623,0.001623,,,,This row completed enough to be emitted in the downloaded CSV; it is not a claim that the enclosing job or run completed successfully.
known_finished_from_downloaded_benchmark_results_csv,downloaded artifact benchmark-results-pagerank/results_*.csv,Tier 2,pagerank,benchmark-results-pagerank,completed,failure,pagerank,256,1,0.061930,0.061930,0.061930,,,,This row completed enough to be emitted in the downloaded CSV; it is not a claim that the enclosing job or run completed successfully.
known_finished_from_downloaded_benchmark_results_csv,downloaded artifact benchmark-results-pagerank/results_*.csv,Tier 2,pagerank,benchmark-results-pagerank,completed,failure,pagerank,512,1,0.004547,0.004547,0.004547,,,,This row completed enough to be emitted in the downloaded CSV; it is not a claim that the enclosing job or run completed successfully.
known_finished_from_downloaded_benchmark_results_csv,downloaded artifact benchmark-results-parboil-histo/results_*.csv,Tier 2,parboil_histo,benchmark-results-parboil-histo,completed,failure,histogram,1024,1,0.001169,0.001169,0.001169,,,,This row completed enough to be emitted in the downloaded CSV; it is not a claim that the enclosing job or run completed successfully.
known_finished_from_downloaded_benchmark_results_csv,downloaded artifact benchmark-results-parboil-histo/results_*.csv,Tier 2,parboil_histo,benchmark-results-parboil-histo,completed,failure,histogram,2048,1,0.001355,0.001355,0.001355,,,,This row completed enough to be emitted in the downloaded CSV; it is not a claim that the enclosing job or run completed successfully.
known_finished_from_downloaded_benchmark_results_csv,downloaded artifact benchmark-results-parboil-histo/results_*.csv,Tier 2,parboil_histo,benchmark-results-parboil-histo,completed,failure,histogram,4096,1,0.001836,0.001836,0.001836,,,,This row completed enough to be emitted in the downloaded CSV; it is not a claim that the enclosing job or run completed successfully.
known_finished_from_downloaded_benchmark_results_csv,downloaded artifact benchmark-results-parboil-histo/results_*.csv,Tier 2,parboil_histo,benchmark-results-parboil-histo,completed,failure,histogram,8192,1,0.002726,0.002726,0.002726,,,,This row completed enough to be emitted in the downloaded CSV; it is not a claim that the enclosing job or run completed successfully.
known_finished_from_downloaded_benchmark_results_csv,downloaded artifact benchmark-results-parboil-histo/results_*.csv,Tier 2,parboil_histo,benchmark-results-parboil-histo,completed,failure,histogram,16384,1,0.002877,0.002877,0.002877,,,,This row completed enough to be emitted in the downloaded CSV; it is not a claim that the enclosing job or run completed successfully.
known_finished_from_downloaded_benchmark_results_csv,downloaded artifact benchmark-results-parboil-histo/results_*.csv,Tier 2,parboil_histo,benchmark-results-parboil-histo,completed,failure,histogram,32768,1,0.002945,0.002945,0.002945,,,,This row completed enough to be emitted in the downloaded CSV; it is not a claim that the enclosing job or run completed successfully.
known_finished_from_downloaded_benchmark_results_csv,downloaded artifact benchmark-results-parboil-lbm/results_*.csv,Tier 2,parboil_lbm,benchmark-results-parboil-lbm,completed,failure,lbm_stream_collide,16,1,0.007146,0.007146,0.007146,,,,This row completed enough to be emitted in the downloaded CSV; it is not a claim that the enclosing job or run completed successfully.
known_finished_from_downloaded_benchmark_results_csv,downloaded artifact benchmark-results-parboil-lbm/results_*.csv,Tier 2,parboil_lbm,benchmark-results-parboil-lbm,completed,failure,lbm_stream_collide,20,1,0.007513,0.007513,0.007513,,,,This row completed enough to be emitted in the downloaded CSV; it is not a claim that the enclosing job or run completed successfully.
known_finished_from_downloaded_benchmark_results_csv,downloaded artifact benchmark-results-parboil-lbm/results_*.csv,Tier 2,parboil_lbm,benchmark-results-parboil-lbm,completed,failure,lbm_stream_collide,24,1,0.008142,0.008142,0.008142,,,,This row completed enough to be emitted in the downloaded CSV; it is not a claim that the enclosing job or run completed successfully.
known_finished_from_downloaded_benchmark_results_csv,downloaded artifact benchmark-results-parboil-lbm/results_*.csv,Tier 2,parboil_lbm,benchmark-results-parboil-lbm,completed,failure,lbm_stream_collide,28,1,0.009125,0.009125,0.009125,,,,This row completed enough to be emitted in the downloaded CSV; it is not a claim that the enclosing job or run completed successfully.
known_finished_from_downloaded_benchmark_results_csv,downloaded artifact benchmark-results-parboil-lbm/results_*.csv,Tier 2,parboil_lbm,benchmark-results-parboil-lbm,completed,failure,lbm_stream_collide,32,1,0.010563,0.010563,0.010563,,,,This row completed enough to be emitted in the downloaded CSV; it is not a claim that the enclosing job or run completed successfully.
known_finished_from_downloaded_benchmark_results_csv,downloaded artifact benchmark-results-parboil-lbm/results_*.csv,Tier 2,parboil_lbm,benchmark-results-parboil-lbm,completed,failure,lbm_stream_collide,36,1,0.013589,0.013589,0.013589,,,,This row completed enough to be emitted in the downloaded CSV; it is not a claim that the enclosing job or run completed successfully.
known_finished_from_downloaded_benchmark_results_csv,downloaded artifact benchmark-results-parboil-mri-gridding/results_*.csv,Tier 2,parboil_mri_gridding,benchmark-results-parboil-mri-gridding,completed,failure,gridding_kernel,256,1,0.014689,0.014689,0.014689,,,,This row completed enough to be emitted in the downloaded CSV; it is not a claim that the enclosing job or run completed successfully.
known_finished_from_downloaded_benchmark_results_csv,downloaded artifact benchmark-results-parboil-mri-gridding/results_*.csv,Tier 2,parboil_mri_gridding,benchmark-results-parboil-mri-gridding,completed,failure,gridding_kernel,512,1,0.014792,0.014792,0.014792,,,,This row completed enough to be emitted in the downloaded CSV; it is not a claim that the enclosing job or run completed successfully.
known_finished_from_downloaded_benchmark_results_csv,downloaded artifact benchmark-results-parboil-mri-gridding/results_*.csv,Tier 2,parboil_mri_gridding,benchmark-results-parboil-mri-gridding,completed,failure,gridding_kernel,1024,1,0.015283,0.015283,0.015283,,,,This row completed enough to be emitted in the downloaded CSV; it is not a claim that the enclosing job or run completed successfully.
known_finished_from_downloaded_benchmark_results_csv,downloaded artifact benchmark-results-parboil-mri-gridding/results_*.csv,Tier 2,parboil_mri_gridding,benchmark-results-parboil-mri-gridding,completed,failure,gridding_kernel,2048,1,0.015090,0.015090,0.015090,,,,This row completed enough to be emitted in the downloaded CSV; it is not a claim that the enclosing job or run completed successfully.
known_finished_from_downloaded_benchmark_results_csv,downloaded artifact benchmark-results-parboil-mri-gridding/results_*.csv,Tier 2,parboil_mri_gridding,benchmark-results-parboil-mri-gridding,completed,failure,gridding_kernel,4096,1,0.015073,0.015073,0.015073,,,,This row completed enough to be emitted in the downloaded CSV; it is not a claim that the enclosing job or run completed successfully.
known_finished_from_downloaded_benchmark_results_csv,downloaded artifact benchmark-results-parboil-mri-gridding/results_*.csv,Tier 2,parboil_mri_gridding,benchmark-results-parboil-mri-gridding,completed,failure,gridding_kernel,8192,1,0.015152,0.015152,0.015152,,,,This row completed enough to be emitted in the downloaded CSV; it is not a claim that the enclosing job or run completed successfully.
known_finished_from_downloaded_benchmark_results_csv,downloaded artifact benchmark-results-parboil-mri-q/results_*.csv,Tier 2,parboil_mri_q,benchmark-results-parboil-mri-q,completed,failure,ComputeQ,256,1,0.024802,0.024802,0.024802,,,,This row completed enough to be emitted in the downloaded CSV; it is not a claim that the enclosing job or run completed successfully.
known_finished_from_downloaded_benchmark_results_csv,downloaded artifact benchmark-results-parboil-mri-q/results_*.csv,Tier 2,parboil_mri_q,benchmark-results-parboil-mri-q,completed,failure,ComputeQ,512,1,0.025143,0.025143,0.025143,,,,This row completed enough to be emitted in the downloaded CSV; it is not a claim that the enclosing job or run completed successfully.
known_finished_from_downloaded_benchmark_results_csv,downloaded artifact benchmark-results-parboil-mri-q/results_*.csv,Tier 2,parboil_mri_q,benchmark-results-parboil-mri-q,completed,failure,ComputeQ,1024,1,0.030580,0.030580,0.030580,,,,This row completed enough to be emitted in the downloaded CSV; it is not a claim that the enclosing job or run completed successfully.
known_finished_from_downloaded_benchmark_results_csv,downloaded artifact benchmark-results-parboil-mri-q/results_*.csv,Tier 2,parboil_mri_q,benchmark-results-parboil-mri-q,completed,failure,ComputeQ,2048,1,0.026394,0.026394,0.026394,,,,This row completed enough to be emitted in the downloaded CSV; it is not a claim that the enclosing job or run completed successfully.
known_finished_from_downloaded_benchmark_results_csv,downloaded artifact benchmark-results-parboil-mri-q/results_*.csv,Tier 2,parboil_mri_q,benchmark-results-parboil-mri-q,completed,failure,ComputeQ,4096,1,0.030554,0.030554,0.030554,,,,This row completed enough to be emitted in the downloaded CSV; it is not a claim that the enclosing job or run completed successfully.
known_finished_from_downloaded_benchmark_results_csv,downloaded artifact benchmark-results-parboil-mri-q/results_*.csv,Tier 2,parboil_mri_q,benchmark-results-parboil-mri-q,completed,failure,ComputeQ,8192,1,0.026496,0.026496,0.026496,,,,This row completed enough to be emitted in the downloaded CSV; it is not a claim that the enclosing job or run completed successfully.
known_finished_from_downloaded_benchmark_results_csv,downloaded artifact benchmark-results-parboil-mri-q/results_*.csv,Tier 2,parboil_mri_q,benchmark-results-parboil-mri-q,completed,failure,ComputeQ,16384,1,0.030806,0.030806,0.030806,,,,This row completed enough to be emitted in the downloaded CSV; it is not a claim that the enclosing job or run completed successfully.
known_finished_from_downloaded_benchmark_results_csv,downloaded artifact benchmark-results-parboil-sgemm/results_*.csv,Tier 2,parboil_sgemm,benchmark-results-parboil-sgemm,completed,failure,sgemm_tiled,64,1,0.002332,0.002332,0.002332,,,,This row completed enough to be emitted in the downloaded CSV; it is not a claim that the enclosing job or run completed successfully.
known_finished_from_downloaded_benchmark_results_csv,downloaded artifact benchmark-results-parboil-sgemm/results_*.csv,Tier 2,parboil_sgemm,benchmark-results-parboil-sgemm,completed,failure,sgemm_tiled,128,1,0.004023,0.004023,0.004023,,,,This row completed enough to be emitted in the downloaded CSV; it is not a claim that the enclosing job or run completed successfully.
known_finished_from_downloaded_benchmark_results_csv,downloaded artifact benchmark-results-parboil-sgemm/results_*.csv,Tier 2,parboil_sgemm,benchmark-results-parboil-sgemm,completed,failure,sgemm_tiled,192,1,0.005970,0.005970,0.005970,,,,This row completed enough to be emitted in the downloaded CSV; it is not a claim that the enclosing job or run completed successfully.
known_finished_from_downloaded_benchmark_results_csv,downloaded artifact benchmark-results-parboil-sgemm/results_*.csv,Tier 2,parboil_sgemm,benchmark-results-parboil-sgemm,completed,failure,sgemm_tiled,256,1,0.008194,0.008194,0.008194,,,,This row completed enough to be emitted in the downloaded CSV; it is not a claim that the enclosing job or run completed successfully.
known_finished_from_downloaded_benchmark_results_csv,downloaded artifact benchmark-results-parboil-sgemm/results_*.csv,Tier 2,parboil_sgemm,benchmark-results-parboil-sgemm,completed,failure,sgemm_tiled,320,1,0.010298,0.010298,0.010298,,,,This row completed enough to be emitted in the downloaded CSV; it is not a claim that the enclosing job or run completed successfully.
known_finished_from_downloaded_benchmark_results_csv,downloaded artifact benchmark-results-parboil-sgemm/results_*.csv,Tier 2,parboil_sgemm,benchmark-results-parboil-sgemm,completed,failure,sgemm_tiled,384,1,0.013761,0.013761,0.013761,,,,This row completed enough to be emitted in the downloaded CSV; it is not a claim that the enclosing job or run completed successfully.
known_finished_from_downloaded_benchmark_results_csv,downloaded artifact benchmark-results-parboil-spmv/results_*.csv,Tier 2,parboil_spmv,benchmark-results-parboil-spmv,completed,failure,spmv_csr,1024,1,0.001108,0.001108,0.001108,,,,This row completed enough to be emitted in the downloaded CSV; it is not a claim that the enclosing job or run completed successfully.
known_finished_from_downloaded_benchmark_results_csv,downloaded artifact benchmark-results-parboil-spmv/results_*.csv,Tier 2,parboil_spmv,benchmark-results-parboil-spmv,completed,failure,spmv_csr,2048,1,0.001109,0.001109,0.001109,,,,This row completed enough to be emitted in the downloaded CSV; it is not a claim that the enclosing job or run completed successfully.
known_finished_from_downloaded_benchmark_results_csv,downloaded artifact benchmark-results-parboil-spmv/results_*.csv,Tier 2,parboil_spmv,benchmark-results-parboil-spmv,completed,failure,spmv_csr,4096,1,0.001115,0.001115,0.001115,,,,This row completed enough to be emitted in the downloaded CSV; it is not a claim that the enclosing job or run completed successfully.
known_finished_from_downloaded_benchmark_results_csv,downloaded artifact benchmark-results-parboil-spmv/results_*.csv,Tier 2,parboil_spmv,benchmark-results-parboil-spmv,completed,failure,spmv_csr,8192,1,0.001282,0.001282,0.001282,,,,This row completed enough to be emitted in the downloaded CSV; it is not a claim that the enclosing job or run completed successfully.
known_finished_from_downloaded_benchmark_results_csv,downloaded artifact benchmark-results-parboil-spmv/results_*.csv,Tier 2,parboil_spmv,benchmark-results-parboil-spmv,completed,failure,spmv_csr,16384,1,0.001621,0.001621,0.001621,,,,This row completed enough to be emitted in the downloaded CSV; it is not a claim that the enclosing job or run completed successfully.
known_finished_from_downloaded_benchmark_results_csv,downloaded artifact benchmark-results-parboil-spmv/results_*.csv,Tier 2,parboil_spmv,benchmark-results-parboil-spmv,completed,failure,spmv_csr,32768,1,0.002429,0.002429,0.002429,,,,This row completed enough to be emitted in the downloaded CSV; it is not a claim that the enclosing job or run completed successfully.
known_finished_from_downloaded_benchmark_results_csv,downloaded artifact benchmark-results-parboil-spmv/results_*.csv,Tier 2,parboil_spmv,benchmark-results-parboil-spmv,completed,failure,spmv_csr,65536,1,0.004191,0.004191,0.004191,,,,This row completed enough to be emitted in the downloaded CSV; it is not a claim that the enclosing job or run completed successfully.
known_finished_from_downloaded_benchmark_results_csv,downloaded artifact benchmark-results-parboil-spmv/results_*.csv,Tier 2,parboil_spmv,benchmark-results-parboil-spmv,completed,failure,spmv_csr,131072,1,0.007692,0.007692,0.007692,,,,This row completed enough to be emitted in the downloaded CSV; it is not a claim that the enclosing job or run completed successfully.
known_finished_from_downloaded_benchmark_results_csv,downloaded artifact benchmark-results-parboil-spmv/results_*.csv,Tier 2,parboil_spmv,benchmark-results-parboil-spmv,completed,failure,spmv_csr,262144,1,0.014966,0.014966,0.014966,,,,This row completed enough to be emitted in the downloaded CSV; it is not a claim that the enclosing job or run completed successfully.
known_finished_from_downloaded_benchmark_results_csv,downloaded artifact benchmark-results-parboil-spmv/results_*.csv,Tier 2,parboil_spmv,benchmark-results-parboil-spmv,completed,failure,spmv_csr,524288,1,0.029550,0.029550,0.029550,,,,This row completed enough to be emitted in the downloaded CSV; it is not a claim that the enclosing job or run completed successfully.
known_finished_from_downloaded_benchmark_results_csv,downloaded artifact benchmark-results-parboil-stencil/results_*.csv,Tier 2,parboil_stencil,benchmark-results-parboil-stencil,completed,failure,stencil_kernel,16,1,0.003777,0.003777,0.003777,,,,This row completed enough to be emitted in the downloaded CSV; it is not a claim that the enclosing job or run completed successfully.
known_finished_from_downloaded_benchmark_results_csv,downloaded artifact benchmark-results-parboil-stencil/results_*.csv,Tier 2,parboil_stencil,benchmark-results-parboil-stencil,completed,failure,stencil_kernel,24,1,0.003979,0.003979,0.003979,,,,This row completed enough to be emitted in the downloaded CSV; it is not a claim that the enclosing job or run completed successfully.
known_finished_from_downloaded_benchmark_results_csv,downloaded artifact benchmark-results-parboil-stencil/results_*.csv,Tier 2,parboil_stencil,benchmark-results-parboil-stencil,completed,failure,stencil_kernel,32,1,0.003867,0.003867,0.003867,,,,This row completed enough to be emitted in the downloaded CSV; it is not a claim that the enclosing job or run completed successfully.
known_finished_from_downloaded_benchmark_results_csv,downloaded artifact benchmark-results-parboil-stencil/results_*.csv,Tier 2,parboil_stencil,benchmark-results-parboil-stencil,completed,failure,stencil_kernel,40,1,0.005312,0.005312,0.005312,,,,This row completed enough to be emitted in the downloaded CSV; it is not a claim that the enclosing job or run completed successfully.
known_finished_from_downloaded_benchmark_results_csv,downloaded artifact benchmark-results-parboil-stencil/results_*.csv,Tier 2,parboil_stencil,benchmark-results-parboil-stencil,completed,failure,stencil_kernel,48,1,0.005315,0.005315,0.005315,,,,This row completed enough to be emitted in the downloaded CSV; it is not a claim that the enclosing job or run completed successfully.
known_finished_from_downloaded_benchmark_results_csv,downloaded artifact benchmark-results-parboil-tpacf/results_*.csv,Tier 2,parboil_tpacf,benchmark-results-parboil-tpacf,completed,failure,tpacf_DD,256,1,0.102327,0.102327,0.102327,,,,This row completed enough to be emitted in the downloaded CSV; it is not a claim that the enclosing job or run completed successfully.
known_finished_from_downloaded_benchmark_results_csv,downloaded artifact benchmark-results-parboil-tpacf/results_*.csv,Tier 2,parboil_tpacf,benchmark-results-parboil-tpacf,completed,failure,tpacf_DD,256,1,0.104828,0.104828,0.104828,,,,This row completed enough to be emitted in the downloaded CSV; it is not a claim that the enclosing job or run completed successfully.
known_finished_from_downloaded_benchmark_results_csv,downloaded artifact benchmark-results-parboil-tpacf/results_*.csv,Tier 2,parboil_tpacf,benchmark-results-parboil-tpacf,completed,failure,tpacf_DD,256,1,0.102624,0.102624,0.102624,,,,This row completed enough to be emitted in the downloaded CSV; it is not a claim that the enclosing job or run completed successfully.
known_finished_from_downloaded_benchmark_results_csv,downloaded artifact benchmark-results-particlefilter/results_*.csv,Tier 2,particlefilter,benchmark-results-particlefilter,completed,failure,particlefilter,256,1,0.101949,0.101949,0.101949,,,,This row completed enough to be emitted in the downloaded CSV; it is not a claim that the enclosing job or run completed successfully.
known_finished_from_downloaded_benchmark_results_csv,downloaded artifact benchmark-results-particlefilter/results_*.csv,Tier 2,particlefilter,benchmark-results-particlefilter,completed,failure,particlefilter,512,1,0.180905,0.180905,0.180905,,,,This row completed enough to be emitted in the downloaded CSV; it is not a claim that the enclosing job or run completed successfully.
known_finished_from_downloaded_benchmark_results_csv,downloaded artifact benchmark-results-particlefilter/results_*.csv,Tier 2,particlefilter,benchmark-results-particlefilter,completed,failure,particlefilter,1024,1,0.339841,0.339841,0.339841,,,,This row completed enough to be emitted in the downloaded CSV; it is not a claim that the enclosing job or run completed successfully.
known_finished_from_downloaded_benchmark_results_csv,downloaded artifact benchmark-results-particlefilter/results_*.csv,Tier 2,particlefilter,benchmark-results-particlefilter,completed,failure,particlefilter,2048,1,0.653708,0.653708,0.653708,,,,This row completed enough to be emitted in the downloaded CSV; it is not a claim that the enclosing job or run completed successfully.
known_finished_from_downloaded_benchmark_results_csv,downloaded artifact benchmark-results-particlefilter/results_*.csv,Tier 2,particlefilter,benchmark-results-particlefilter,completed,failure,particlefilter,4096,1,1.274290,1.274290,1.274290,,,,This row completed enough to be emitted in the downloaded CSV; it is not a claim that the enclosing job or run completed successfully.
known_finished_from_downloaded_benchmark_results_csv,downloaded artifact benchmark-results-pathfinder/results_*.csv,Tier 2,pathfinder,benchmark-results-pathfinder,completed,failure,pathfinder,1024,1,0.041631,0.041631,0.041631,,,,This row completed enough to be emitted in the downloaded CSV; it is not a claim that the enclosing job or run completed successfully.
known_finished_from_downloaded_benchmark_results_csv,downloaded artifact benchmark-results-pathfinder/results_*.csv,Tier 2,pathfinder,benchmark-results-pathfinder,completed,failure,pathfinder,2048,1,0.040584,0.040584,0.040584,,,,This row completed enough to be emitted in the downloaded CSV; it is not a claim that the enclosing job or run completed successfully.
known_finished_from_downloaded_benchmark_results_csv,downloaded artifact benchmark-results-pathfinder/results_*.csv,Tier 2,pathfinder,benchmark-results-pathfinder,completed,failure,pathfinder,4096,1,0.040226,0.040226,0.040226,,,,This row completed enough to be emitted in the downloaded CSV; it is not a claim that the enclosing job or run completed successfully.
known_finished_from_downloaded_benchmark_results_csv,downloaded artifact benchmark-results-pathfinder/results_*.csv,Tier 2,pathfinder,benchmark-results-pathfinder,completed,failure,pathfinder,8192,1,0.040464,0.040464,0.040464,,,,This row completed enough to be emitted in the downloaded CSV; it is not a claim that the enclosing job or run completed successfully.
known_finished_from_downloaded_benchmark_results_csv,downloaded artifact benchmark-results-pathfinder/results_*.csv,Tier 2,pathfinder,benchmark-results-pathfinder,completed,failure,pathfinder,16384,1,0.041092,0.041092,0.041092,,,,This row completed enough to be emitted in the downloaded CSV; it is not a claim that the enclosing job or run completed successfully.
known_finished_from_downloaded_benchmark_results_csv,downloaded artifact benchmark-results-pathfinder/results_*.csv,Tier 2,pathfinder,benchmark-results-pathfinder,completed,failure,pathfinder,32768,1,0.051161,0.051161,0.051161,,,,This row completed enough to be emitted in the downloaded CSV; it is not a claim that the enclosing job or run completed successfully.
known_finished_from_downloaded_benchmark_results_csv,downloaded artifact benchmark-results-qtc/results_*.csv,Tier 2,qtc,benchmark-results-qtc,completed,failure,qtc,64,1,0.005447,0.005447,0.005447,,,,This row completed enough to be emitted in the downloaded CSV; it is not a claim that the enclosing job or run completed successfully.
known_finished_from_downloaded_benchmark_results_csv,downloaded artifact benchmark-results-qtc/results_*.csv,Tier 2,qtc,benchmark-results-qtc,completed,failure,qtc,128,1,0.010341,0.010341,0.010341,,,,This row completed enough to be emitted in the downloaded CSV; it is not a claim that the enclosing job or run completed successfully.
known_finished_from_downloaded_benchmark_results_csv,downloaded artifact benchmark-results-qtc/results_*.csv,Tier 2,qtc,benchmark-results-qtc,completed,failure,qtc,192,1,0.015235,0.015235,0.015235,,,,This row completed enough to be emitted in the downloaded CSV; it is not a claim that the enclosing job or run completed successfully.
known_finished_from_downloaded_benchmark_results_csv,downloaded artifact benchmark-results-qtc/results_*.csv,Tier 2,qtc,benchmark-results-qtc,completed,failure,qtc,256,1,0.020238,0.020238,0.020238,,,,This row completed enough to be emitted in the downloaded CSV; it is not a claim that the enclosing job or run completed successfully.
known_finished_from_downloaded_benchmark_results_csv,downloaded artifact benchmark-results-qtc/results_*.csv,Tier 2,qtc,benchmark-results-qtc,completed,failure,qtc,384,1,0.029914,0.029914,0.029914,,,,This row completed enough to be emitted in the downloaded CSV; it is not a claim that the enclosing job or run completed successfully.
known_finished_from_downloaded_benchmark_results_csv,downloaded artifact benchmark-results-qtc/results_*.csv,Tier 2,qtc,benchmark-results-qtc,completed,failure,qtc,512,1,0.039934,0.039934,0.039934,,,,This row completed enough to be emitted in the downloaded CSV; it is not a claim that the enclosing job or run completed successfully.
known_finished_from_downloaded_benchmark_results_csv,downloaded artifact benchmark-results-qtc/results_*.csv,Tier 2,qtc,benchmark-results-qtc,completed,failure,qtc,768,1,0.059638,0.059638,0.059638,,,,This row completed enough to be emitted in the downloaded CSV; it is not a claim that the enclosing job or run completed successfully.
known_finished_from_downloaded_benchmark_results_csv,downloaded artifact benchmark-results-qtc/results_*.csv,Tier 2,qtc,benchmark-results-qtc,completed,failure,qtc,1024,1,0.078848,0.078848,0.078848,,,,This row completed enough to be emitted in the downloaded CSV; it is not a claim that the enclosing job or run completed successfully.
known_finished_from_downloaded_benchmark_results_csv,downloaded artifact benchmark-results-reduction/results_*.csv,Tier 1,reduction,benchmark-results-reduction,completed,failure,reduction,512,1,0.001045,0.001045,0.001045,,,,This row completed enough to be emitted in the downloaded CSV; it is not a claim that the enclosing job or run completed successfully.
known_finished_from_downloaded_benchmark_results_csv,downloaded artifact benchmark-results-reduction/results_*.csv,Tier 1,reduction,benchmark-results-reduction,completed,failure,reduction,1024,1,0.001863,0.001863,0.001863,,,,This row completed enough to be emitted in the downloaded CSV; it is not a claim that the enclosing job or run completed successfully.
known_finished_from_downloaded_benchmark_results_csv,downloaded artifact benchmark-results-reduction/results_*.csv,Tier 1,reduction,benchmark-results-reduction,completed,failure,reduction,2048,1,0.001867,0.001867,0.001867,,,,This row completed enough to be emitted in the downloaded CSV; it is not a claim that the enclosing job or run completed successfully.
known_finished_from_downloaded_benchmark_results_csv,downloaded artifact benchmark-results-reduction/results_*.csv,Tier 1,reduction,benchmark-results-reduction,completed,failure,reduction,4096,1,0.001863,0.001863,0.001863,,,,This row completed enough to be emitted in the downloaded CSV; it is not a claim that the enclosing job or run completed successfully.
known_finished_from_downloaded_benchmark_results_csv,downloaded artifact benchmark-results-reduction/results_*.csv,Tier 1,reduction,benchmark-results-reduction,completed,failure,reduction,8192,1,0.001864,0.001864,0.001864,,,,This row completed enough to be emitted in the downloaded CSV; it is not a claim that the enclosing job or run completed successfully.
known_finished_from_downloaded_benchmark_results_csv,downloaded artifact benchmark-results-reduction/results_*.csv,Tier 1,reduction,benchmark-results-reduction,completed,failure,reduction,16384,1,0.001865,0.001865,0.001865,,,,This row completed enough to be emitted in the downloaded CSV; it is not a claim that the enclosing job or run completed successfully.
known_finished_from_downloaded_benchmark_results_csv,downloaded artifact benchmark-results-reduction/results_*.csv,Tier 1,reduction,benchmark-results-reduction,completed,failure,reduction,32768,1,0.001890,0.001890,0.001890,,,,This row completed enough to be emitted in the downloaded CSV; it is not a claim that the enclosing job or run completed successfully.
known_finished_from_downloaded_benchmark_results_csv,downloaded artifact benchmark-results-reduction/results_*.csv,Tier 1,reduction,benchmark-results-reduction,completed,failure,reduction,65536,1,0.002086,0.002086,0.002086,,,,This row completed enough to be emitted in the downloaded CSV; it is not a claim that the enclosing job or run completed successfully.
known_finished_from_downloaded_benchmark_results_csv,downloaded artifact benchmark-results-reduction/results_*.csv,Tier 1,reduction,benchmark-results-reduction,completed,failure,reduction,131072,1,0.002518,0.002518,0.002518,,,,This row completed enough to be emitted in the downloaded CSV; it is not a claim that the enclosing job or run completed successfully.
known_finished_from_downloaded_benchmark_results_csv,downloaded artifact benchmark-results-reduction/results_*.csv,Tier 1,reduction,benchmark-results-reduction,completed,failure,reduction,262144,1,0.003398,0.003398,0.003398,,,,This row completed enough to be emitted in the downloaded CSV; it is not a claim that the enclosing job or run completed successfully.
known_finished_from_downloaded_benchmark_results_csv,downloaded artifact benchmark-results-reduction/results_*.csv,Tier 1,reduction,benchmark-results-reduction,completed,failure,reduction,524288,1,0.006026,0.006026,0.006026,,,,This row completed enough to be emitted in the downloaded CSV; it is not a claim that the enclosing job or run completed successfully.
known_finished_from_downloaded_benchmark_results_csv,downloaded artifact benchmark-results-reduction/results_*.csv,Tier 1,reduction,benchmark-results-reduction,completed,failure,reduction,1048576,1,0.009598,0.009598,0.009598,,,,This row completed enough to be emitted in the downloaded CSV; it is not a claim that the enclosing job or run completed successfully.
known_finished_from_downloaded_benchmark_results_csv,downloaded artifact benchmark-results-reduction/results_*.csv,Tier 1,reduction,benchmark-results-reduction,completed,failure,reduction,2097152,1,0.016297,0.016297,0.016297,,,,This row completed enough to be emitted in the downloaded CSV; it is not a claim that the enclosing job or run completed successfully.
known_finished_from_downloaded_benchmark_results_csv,downloaded artifact benchmark-results-s3d/results_*.csv,Tier 2,s3d,benchmark-results-s3d,completed,failure,s3d,512,1,0.027544,0.027544,0.027544,,,,This row completed enough to be emitted in the downloaded CSV; it is not a claim that the enclosing job or run completed successfully.
known_finished_from_downloaded_benchmark_results_csv,downloaded artifact benchmark-results-s3d/results_*.csv,Tier 2,s3d,benchmark-results-s3d,completed,failure,s3d,1024,1,0.034488,0.034488,0.034488,,,,This row completed enough to be emitted in the downloaded CSV; it is not a claim that the enclosing job or run completed successfully.
known_finished_from_downloaded_benchmark_results_csv,downloaded artifact benchmark-results-s3d/results_*.csv,Tier 2,s3d,benchmark-results-s3d,completed,failure,s3d,2048,1,0.042666,0.042666,0.042666,,,,This row completed enough to be emitted in the downloaded CSV; it is not a claim that the enclosing job or run completed successfully.
known_finished_from_downloaded_benchmark_results_csv,downloaded artifact benchmark-results-s3d/results_*.csv,Tier 2,s3d,benchmark-results-s3d,completed,failure,s3d,4096,1,0.046189,0.046189,0.046189,,,,This row completed enough to be emitted in the downloaded CSV; it is not a claim that the enclosing job or run completed successfully.
known_finished_from_downloaded_benchmark_results_csv,downloaded artifact benchmark-results-s3d/results_*.csv,Tier 2,s3d,benchmark-results-s3d,completed,failure,s3d,8192,1,0.047608,0.047608,0.047608,,,,This row completed enough to be emitted in the downloaded CSV; it is not a claim that the enclosing job or run completed successfully.
known_finished_from_downloaded_benchmark_results_csv,downloaded artifact benchmark-results-s3d/results_*.csv,Tier 2,s3d,benchmark-results-s3d,completed,failure,s3d,16384,1,0.048018,0.048018,0.048018,,,,This row completed enough to be emitted in the downloaded CSV; it is not a claim that the enclosing job or run completed successfully.
known_finished_from_downloaded_benchmark_results_csv,downloaded artifact benchmark-results-s3d/results_*.csv,Tier 2,s3d,benchmark-results-s3d,completed,failure,s3d,32768,1,0.051055,0.051055,0.051055,,,,This row completed enough to be emitted in the downloaded CSV; it is not a claim that the enclosing job or run completed successfully.
known_finished_from_downloaded_benchmark_results_csv,downloaded artifact benchmark-results-scan/results_*.csv,Tier 2,scan,benchmark-results-scan,completed,failure,scan,1024,1,0.004434,0.004434,0.004434,,,,This row completed enough to be emitted in the downloaded CSV; it is not a claim that the enclosing job or run completed successfully.
known_finished_from_downloaded_benchmark_results_csv,downloaded artifact benchmark-results-scan/results_*.csv,Tier 2,scan,benchmark-results-scan,completed,failure,scan,2048,1,0.004399,0.004399,0.004399,,,,This row completed enough to be emitted in the downloaded CSV; it is not a claim that the enclosing job or run completed successfully.
known_finished_from_downloaded_benchmark_results_csv,downloaded artifact benchmark-results-scan/results_*.csv,Tier 2,scan,benchmark-results-scan,completed,failure,scan,4096,1,0.004404,0.004404,0.004404,,,,This row completed enough to be emitted in the downloaded CSV; it is not a claim that the enclosing job or run completed successfully.
known_finished_from_downloaded_benchmark_results_csv,downloaded artifact benchmark-results-scan/results_*.csv,Tier 2,scan,benchmark-results-scan,completed,failure,scan,8192,1,0.004401,0.004401,0.004401,,,,This row completed enough to be emitted in the downloaded CSV; it is not a claim that the enclosing job or run completed successfully.
known_finished_from_downloaded_benchmark_results_csv,downloaded artifact benchmark-results-scan/results_*.csv,Tier 2,scan,benchmark-results-scan,completed,failure,scan,16384,1,0.004419,0.004419,0.004419,,,,This row completed enough to be emitted in the downloaded CSV; it is not a claim that the enclosing job or run completed successfully.
known_finished_from_downloaded_benchmark_results_csv,downloaded artifact benchmark-results-scan/results_*.csv,Tier 2,scan,benchmark-results-scan,completed,failure,scan,32768,1,0.004518,0.004518,0.004518,,,,This row completed enough to be emitted in the downloaded CSV; it is not a claim that the enclosing job or run completed successfully.
known_finished_from_downloaded_benchmark_results_csv,downloaded artifact benchmark-results-scan/results_*.csv,Tier 2,scan,benchmark-results-scan,completed,failure,scan,65536,1,0.004723,0.004723,0.004723,,,,This row completed enough to be emitted in the downloaded CSV; it is not a claim that the enclosing job or run completed successfully.
known_finished_from_downloaded_benchmark_results_csv,downloaded artifact benchmark-results-scan/results_*.csv,Tier 2,scan,benchmark-results-scan,completed,failure,scan,131072,1,0.005299,0.005299,0.005299,,,,This row completed enough to be emitted in the downloaded CSV; it is not a claim that the enclosing job or run completed successfully.
known_finished_from_downloaded_benchmark_results_csv,downloaded artifact benchmark-results-scan/results_*.csv,Tier 2,scan,benchmark-results-scan,completed,failure,scan,262144,1,0.006706,0.006706,0.006706,,,,This row completed enough to be emitted in the downloaded CSV; it is not a claim that the enclosing job or run completed successfully.
known_finished_from_downloaded_benchmark_results_csv,downloaded artifact benchmark-results-scan/results_*.csv,Tier 2,scan,benchmark-results-scan,completed,failure,scan,524288,1,0.012172,0.012172,0.012172,,,,This row completed enough to be emitted in the downloaded CSV; it is not a claim that the enclosing job or run completed successfully.
known_finished_from_downloaded_benchmark_results_csv,downloaded artifact benchmark-results-scan/results_*.csv,Tier 2,scan,benchmark-results-scan,completed,failure,scan,1048576,1,0.018877,0.018877,0.018877,,,,This row completed enough to be emitted in the downloaded CSV; it is not a claim that the enclosing job or run completed successfully.
known_finished_from_downloaded_benchmark_results_csv,downloaded artifact benchmark-results-shared-bw/results_*.csv,Tier 1,shared_bw,benchmark-results-shared-bw,completed,failure,shared_bw,1048576,1,0.013602,0.013602,0.013602,,,,This row completed enough to be emitted in the downloaded CSV; it is not a claim that the enclosing job or run completed successfully.
known_finished_from_downloaded_benchmark_results_csv,downloaded artifact benchmark-results-softmax/results_*.csv,Tier 2,softmax,benchmark-results-softmax,completed,failure,softmax,rows64_cols1024_bs256,1,0.002755,0.002755,0.002755,,,,This row completed enough to be emitted in the downloaded CSV; it is not a claim that the enclosing job or run completed successfully.
known_finished_from_downloaded_benchmark_results_csv,downloaded artifact benchmark-results-softmax/results_*.csv,Tier 2,softmax,benchmark-results-softmax,completed,failure,softmax,rows128_cols1024_bs256,1,0.003145,0.003145,0.003145,,,,This row completed enough to be emitted in the downloaded CSV; it is not a claim that the enclosing job or run completed successfully.
known_finished_from_downloaded_benchmark_results_csv,downloaded artifact benchmark-results-softmax/results_*.csv,Tier 2,softmax,benchmark-results-softmax,completed,failure,softmax,rows256_cols1024_bs256,1,0.004592,0.004592,0.004592,,,,This row completed enough to be emitted in the downloaded CSV; it is not a claim that the enclosing job or run completed successfully.
known_finished_from_downloaded_benchmark_results_csv,downloaded artifact benchmark-results-softmax/results_*.csv,Tier 2,softmax,benchmark-results-softmax,completed,failure,softmax,rows512_cols1024_bs256,1,0.007831,0.007831,0.007831,,,,This row completed enough to be emitted in the downloaded CSV; it is not a claim that the enclosing job or run completed successfully.
known_finished_from_downloaded_benchmark_results_csv,downloaded artifact benchmark-results-softmax/results_*.csv,Tier 2,softmax,benchmark-results-softmax,completed,failure,softmax,rows1024_cols1024_bs256,1,0.014409,0.014409,0.014409,,,,This row completed enough to be emitted in the downloaded CSV; it is not a claim that the enclosing job or run completed successfully.
known_finished_from_downloaded_benchmark_results_csv,downloaded artifact benchmark-results-srad/results_*.csv,Tier 2,srad,benchmark-results-srad,completed,failure,srad,64,1,0.010028,0.010028,0.010028,,,,This row completed enough to be emitted in the downloaded CSV; it is not a claim that the enclosing job or run completed successfully.
known_finished_from_downloaded_benchmark_results_csv,downloaded artifact benchmark-results-srad/results_*.csv,Tier 2,srad,benchmark-results-srad,completed,failure,srad,128,1,0.009865,0.009865,0.009865,,,,This row completed enough to be emitted in the downloaded CSV; it is not a claim that the enclosing job or run completed successfully.
known_finished_from_downloaded_benchmark_results_csv,downloaded artifact benchmark-results-srad/results_*.csv,Tier 2,srad,benchmark-results-srad,completed,failure,srad,192,1,0.010182,0.010182,0.010182,,,,This row completed enough to be emitted in the downloaded CSV; it is not a claim that the enclosing job or run completed successfully.
known_finished_from_downloaded_benchmark_results_csv,downloaded artifact benchmark-results-srad/results_*.csv,Tier 2,srad,benchmark-results-srad,completed,failure,srad,256,1,0.012208,0.012208,0.012208,,,,This row completed enough to be emitted in the downloaded CSV; it is not a claim that the enclosing job or run completed successfully.
known_finished_from_downloaded_benchmark_results_csv,downloaded artifact benchmark-results-sssp/results_*.csv,Tier 2,sssp,benchmark-results-sssp,completed,success,sssp_relax_kernel,1024,1,0.001526,0.001526,0.001526,,,,This row completed enough to be emitted in the downloaded CSV; it is not a claim that the enclosing job or run completed successfully.
known_finished_from_downloaded_benchmark_results_csv,downloaded artifact benchmark-results-sssp/results_*.csv,Tier 2,sssp,benchmark-results-sssp,completed,success,sssp_relax_kernel,2048,1,0.001545,0.001545,0.001545,,,,This row completed enough to be emitted in the downloaded CSV; it is not a claim that the enclosing job or run completed successfully.
known_finished_from_downloaded_benchmark_results_csv,downloaded artifact benchmark-results-sssp/results_*.csv,Tier 2,sssp,benchmark-results-sssp,completed,success,sssp_relax_kernel,4096,1,0.001555,0.001555,0.001555,,,,This row completed enough to be emitted in the downloaded CSV; it is not a claim that the enclosing job or run completed successfully.
known_finished_from_downloaded_benchmark_results_csv,downloaded artifact benchmark-results-sssp/results_*.csv,Tier 2,sssp,benchmark-results-sssp,completed,success,sssp_relax_kernel,8192,1,0.001558,0.001558,0.001558,,,,This row completed enough to be emitted in the downloaded CSV; it is not a claim that the enclosing job or run completed successfully.
known_finished_from_downloaded_benchmark_results_csv,downloaded artifact benchmark-results-sssp/results_*.csv,Tier 2,sssp,benchmark-results-sssp,completed,success,sssp_relax_kernel,16384,1,0.001583,0.001583,0.001583,,,,This row completed enough to be emitted in the downloaded CSV; it is not a claim that the enclosing job or run completed successfully.
known_finished_from_downloaded_benchmark_results_csv,downloaded artifact benchmark-results-sssp/results_*.csv,Tier 2,sssp,benchmark-results-sssp,completed,success,sssp_relax_kernel,32768,1,0.001691,0.001691,0.001691,,,,This row completed enough to be emitted in the downloaded CSV; it is not a claim that the enclosing job or run completed successfully.
known_finished_from_downloaded_benchmark_results_csv,downloaded artifact benchmark-results-sssp/results_*.csv,Tier 2,sssp,benchmark-results-sssp,completed,success,sssp_relax_kernel,65536,1,0.001885,0.001885,0.001885,,,,This row completed enough to be emitted in the downloaded CSV; it is not a claim that the enclosing job or run completed successfully.
known_finished_from_downloaded_benchmark_results_csv,downloaded artifact benchmark-results-sssp/results_*.csv,Tier 2,sssp,benchmark-results-sssp,completed,success,sssp_relax_kernel,131072,1,0.002228,0.002228,0.002228,,,,This row completed enough to be emitted in the downloaded CSV; it is not a claim that the enclosing job or run completed successfully.
known_finished_from_downloaded_benchmark_results_csv,downloaded artifact benchmark-results-sssp/results_*.csv,Tier 2,sssp,benchmark-results-sssp,completed,success,sssp_relax_kernel,196608,1,0.002624,0.002624,0.002624,,,,This row completed enough to be emitted in the downloaded CSV; it is not a claim that the enclosing job or run completed successfully.
known_finished_from_downloaded_benchmark_results_csv,downloaded artifact benchmark-results-sssp/results_*.csv,Tier 2,sssp,benchmark-results-sssp,completed,success,sssp_relax_kernel,262144,1,0.003043,0.003043,0.003043,,,,This row completed enough to be emitted in the downloaded CSV; it is not a claim that the enclosing job or run completed successfully.
known_finished_from_downloaded_benchmark_results_csv,downloaded artifact benchmark-results-sssp/results_*.csv,Tier 2,sssp,benchmark-results-sssp,completed,success,sssp_relax_kernel,524288,1,0.004695,0.004695,0.004695,,,,This row completed enough to be emitted in the downloaded CSV; it is not a claim that the enclosing job or run completed successfully.
known_finished_from_downloaded_benchmark_results_csv,downloaded artifact benchmark-results-sssp/results_*.csv,Tier 2,sssp,benchmark-results-sssp,completed,success,sssp_relax_kernel,786432,1,0.006358,0.006358,0.006358,,,,This row completed enough to be emitted in the downloaded CSV; it is not a claim that the enclosing job or run completed successfully.
known_finished_from_downloaded_benchmark_results_csv,downloaded artifact benchmark-results-sssp/results_*.csv,Tier 2,sssp,benchmark-results-sssp,completed,success,sssp_relax_kernel,1048576,1,0.007816,0.007816,0.007816,,,,This row completed enough to be emitted in the downloaded CSV; it is not a claim that the enclosing job or run completed successfully.
known_finished_from_downloaded_benchmark_results_csv,downloaded artifact benchmark-results-sssp/results_*.csv,Tier 2,sssp,benchmark-results-sssp,completed,success,sssp_relax_kernel,1572864,1,0.011049,0.011049,0.011049,,,,This row completed enough to be emitted in the downloaded CSV; it is not a claim that the enclosing job or run completed successfully.
known_finished_from_downloaded_benchmark_results_csv,downloaded artifact benchmark-results-sssp/results_*.csv,Tier 2,sssp,benchmark-results-sssp,completed,success,sssp_relax_kernel,2097152,1,0.014455,0.014455,0.014455,,,,This row completed enough to be emitted in the downloaded CSV; it is not a claim that the enclosing job or run completed successfully.
known_finished_from_downloaded_benchmark_results_csv,downloaded artifact benchmark-results-sssp/results_*.csv,Tier 2,sssp,benchmark-results-sssp,completed,success,sssp_relax_kernel,2621440,1,0.018029,0.018029,0.018029,,,,This row completed enough to be emitted in the downloaded CSV; it is not a claim that the enclosing job or run completed successfully.
known_finished_from_downloaded_benchmark_results_csv,downloaded artifact benchmark-results-sssp/results_*.csv,Tier 2,sssp,benchmark-results-sssp,completed,success,sssp_relax_kernel,3145728,1,0.020530,0.020530,0.020530,,,,This row completed enough to be emitted in the downloaded CSV; it is not a claim that the enclosing job or run completed successfully.
known_finished_from_downloaded_benchmark_results_csv,downloaded artifact benchmark-results-sssp/results_*.csv,Tier 2,sssp,benchmark-results-sssp,completed,success,sssp_relax_kernel,4194304,1,0.026861,0.026861,0.026861,,,,This row completed enough to be emitted in the downloaded CSV; it is not a claim that the enclosing job or run completed successfully.
known_finished_from_downloaded_benchmark_results_csv,downloaded artifact benchmark-results-streamcluster/results_*.csv,Tier 2,streamcluster,benchmark-results-streamcluster,completed,failure,streamcluster_pgain,1024,1,0.009378,0.009378,0.009378,,,,This row completed enough to be emitted in the downloaded CSV; it is not a claim that the enclosing job or run completed successfully.
known_finished_from_downloaded_benchmark_results_csv,downloaded artifact benchmark-results-streamcluster/results_*.csv,Tier 2,streamcluster,benchmark-results-streamcluster,completed,failure,streamcluster_pgain,2048,1,0.010810,0.010810,0.010810,,,,This row completed enough to be emitted in the downloaded CSV; it is not a claim that the enclosing job or run completed successfully.
known_finished_from_downloaded_benchmark_results_csv,downloaded artifact benchmark-results-streamcluster/results_*.csv,Tier 2,streamcluster,benchmark-results-streamcluster,completed,failure,streamcluster_pgain,4096,1,0.012296,0.012296,0.012296,,,,This row completed enough to be emitted in the downloaded CSV; it is not a claim that the enclosing job or run completed successfully.
known_finished_from_downloaded_benchmark_results_csv,downloaded artifact benchmark-results-streamcluster/results_*.csv,Tier 2,streamcluster,benchmark-results-streamcluster,completed,failure,streamcluster_pgain,8192,1,0.016580,0.016580,0.016580,,,,This row completed enough to be emitted in the downloaded CSV; it is not a claim that the enclosing job or run completed successfully.
known_finished_from_downloaded_benchmark_results_csv,downloaded artifact benchmark-results-streamcluster/results_*.csv,Tier 2,streamcluster,benchmark-results-streamcluster,completed,failure,streamcluster_pgain,16384,1,0.018065,0.018065,0.018065,,,,This row completed enough to be emitted in the downloaded CSV; it is not a claim that the enclosing job or run completed successfully.
known_finished_from_downloaded_benchmark_results_csv,downloaded artifact benchmark-results-syr2k/results_*.csv,Tier 2,syr2k,benchmark-results-syr2k,completed,failure,syr2k,64,1,0.010079,0.010079,0.010079,,,,This row completed enough to be emitted in the downloaded CSV; it is not a claim that the enclosing job or run completed successfully.
known_finished_from_downloaded_benchmark_results_csv,downloaded artifact benchmark-results-syrk/results_*.csv,Tier 2,syrk,benchmark-results-syrk,completed,failure,syrk,64,1,0.004632,0.004632,0.004632,,,,This row completed enough to be emitted in the downloaded CSV; it is not a claim that the enclosing job or run completed successfully.
known_finished_from_downloaded_benchmark_results_csv,downloaded artifact benchmark-results-syrk/results_*.csv,Tier 2,syrk,benchmark-results-syrk,completed,failure,syrk,128,1,0.008655,0.008655,0.008655,,,,This row completed enough to be emitted in the downloaded CSV; it is not a claim that the enclosing job or run completed successfully.
known_finished_from_downloaded_benchmark_results_csv,downloaded artifact benchmark-results-triad/results_*.csv,Tier 1,triad,benchmark-results-triad,completed,failure,triad,1024,1,559000000.000000,559000000.000000,559000000.000000,,,,This row completed enough to be emitted in the downloaded CSV; it is not a claim that the enclosing job or run completed successfully.
known_finished_from_downloaded_benchmark_results_csv,downloaded artifact benchmark-results-triad/results_*.csv,Tier 1,triad,benchmark-results-triad,completed,failure,triad,2048,1,560000000.000000,560000000.000000,560000000.000000,,,,This row completed enough to be emitted in the downloaded CSV; it is not a claim that the enclosing job or run completed successfully.
known_finished_from_downloaded_benchmark_results_csv,downloaded artifact benchmark-results-triad/results_*.csv,Tier 1,triad,benchmark-results-triad,completed,failure,triad,4096,1,565000000.000000,565000000.000000,565000000.000000,,,,This row completed enough to be emitted in the downloaded CSV; it is not a claim that the enclosing job or run completed successfully.
known_finished_from_downloaded_benchmark_results_csv,downloaded artifact benchmark-results-triad/results_*.csv,Tier 1,triad,benchmark-results-triad,completed,failure,triad,8192,1,571000000.000000,571000000.000000,571000000.000000,,,,This row completed enough to be emitted in the downloaded CSV; it is not a claim that the enclosing job or run completed successfully.
known_finished_from_downloaded_benchmark_results_csv,downloaded artifact benchmark-results-triad/results_*.csv,Tier 1,triad,benchmark-results-triad,completed,failure,triad,16384,1,672000000.000000,672000000.000000,672000000.000000,,,,This row completed enough to be emitted in the downloaded CSV; it is not a claim that the enclosing job or run completed successfully.
known_finished_from_downloaded_benchmark_results_csv,downloaded artifact benchmark-results-triad/results_*.csv,Tier 1,triad,benchmark-results-triad,completed,failure,triad,32768,1,946000000.000000,946000000.000000,946000000.000000,,,,This row completed enough to be emitted in the downloaded CSV; it is not a claim that the enclosing job or run completed successfully.
known_finished_from_downloaded_benchmark_results_csv,downloaded artifact benchmark-results-triad/results_*.csv,Tier 1,triad,benchmark-results-triad,completed,failure,triad,65536,1,0.001544,0.001544,0.001544,,,,This row completed enough to be emitted in the downloaded CSV; it is not a claim that the enclosing job or run completed successfully.
known_finished_from_downloaded_benchmark_results_csv,downloaded artifact benchmark-results-triad/results_*.csv,Tier 1,triad,benchmark-results-triad,completed,failure,triad,131072,1,0.002755,0.002755,0.002755,,,,This row completed enough to be emitted in the downloaded CSV; it is not a claim that the enclosing job or run completed successfully.
known_finished_from_downloaded_benchmark_results_csv,downloaded artifact benchmark-results-triad/results_*.csv,Tier 1,triad,benchmark-results-triad,completed,failure,triad,262144,1,0.005181,0.005181,0.005181,,,,This row completed enough to be emitted in the downloaded CSV; it is not a claim that the enclosing job or run completed successfully.
known_finished_from_downloaded_benchmark_results_csv,downloaded artifact benchmark-results-triad/results_*.csv,Tier 1,triad,benchmark-results-triad,completed,failure,triad,524288,1,0.010071,0.010071,0.010071,,,,This row completed enough to be emitted in the downloaded CSV; it is not a claim that the enclosing job or run completed successfully.
known_finished_from_downloaded_benchmark_results_csv,downloaded artifact benchmark-results-triad/results_*.csv,Tier 1,triad,benchmark-results-triad,completed,failure,triad,1048576,1,0.019816,0.019816,0.019816,,,,This row completed enough to be emitted in the downloaded CSV; it is not a claim that the enclosing job or run completed successfully.
known_finished_from_downloaded_benchmark_results_csv,downloaded artifact benchmark-results-triad/results_*.csv,Tier 1,triad,benchmark-results-triad,completed,failure,triad,2097152,1,0.039202,0.039202,0.039202,,,,This row completed enough to be emitted in the downloaded CSV; it is not a claim that the enclosing job or run completed successfully.
known_finished_from_downloaded_benchmark_results_csv,downloaded artifact benchmark-results-triad/results_*.csv,Tier 1,triad,benchmark-results-triad,completed,failure,triad,4194304,1,0.077992,0.077992,0.077992,,,,This row completed enough to be emitted in the downloaded CSV; it is not a claim that the enclosing job or run completed successfully.
unknown_no_matching_downloaded_csv_row_and_logs_unavailable,checked-in mi300a_problem_size_discovery_plan plus active-run artifact/log snapshot,Tier 1,mem_latency_chase,benchmark-results-mem-latency-chase,completed,failure,,,,,,,10,mem_latency_chase,131072,"No per-row failure/timeout/crash conclusion is available because the run is still active and GitHub logs are unavailable; this row is unknown, not failed."
unknown_no_matching_downloaded_csv_row_and_logs_unavailable,checked-in mi300a_problem_size_discovery_plan plus active-run artifact/log snapshot,Tier 1,mem_latency_chase,benchmark-results-mem-latency-chase,completed,failure,,,,,,,11,mem_latency_chase,262144,"No per-row failure/timeout/crash conclusion is available because the run is still active and GitHub logs are unavailable; this row is unknown, not failed."
unknown_no_matching_downloaded_csv_row_and_logs_unavailable,checked-in mi300a_problem_size_discovery_plan plus active-run artifact/log snapshot,Tier 1,mem_latency_chase,benchmark-results-mem-latency-chase,completed,failure,,,,,,,12,mem_latency_chase,524288,"No per-row failure/timeout/crash conclusion is available because the run is still active and GitHub logs are unavailable; this row is unknown, not failed."
unknown_no_matching_downloaded_csv_row_and_logs_unavailable,checked-in mi300a_problem_size_discovery_plan plus active-run artifact/log snapshot,Tier 1,mem_latency_chase,benchmark-results-mem-latency-chase,completed,failure,,,,,,,13,mem_latency_chase,1048576,"No per-row failure/timeout/crash conclusion is available because the run is still active and GitHub logs are unavailable; this row is unknown, not failed."
unknown_no_matching_downloaded_csv_row_and_logs_unavailable,checked-in mi300a_problem_size_discovery_plan plus active-run artifact/log snapshot,Tier 1,mem_latency_chase,benchmark-results-mem-latency-chase,completed,failure,,,,,,,14,mem_latency_chase,2097152,"No per-row failure/timeout/crash conclusion is available because the run is still active and GitHub logs are unavailable; this row is unknown, not failed."
unknown_no_matching_downloaded_csv_row_and_logs_unavailable,checked-in mi300a_problem_size_discovery_plan plus active-run artifact/log snapshot,Tier 1,mem_latency_chase,benchmark-results-mem-latency-chase,completed,failure,,,,,,,15,mem_latency_chase,4194304,"No per-row failure/timeout/crash conclusion is available because the run is still active and GitHub logs are unavailable; this row is unknown, not failed."
unknown_no_matching_downloaded_csv_row_and_logs_unavailable,checked-in mi300a_problem_size_discovery_plan plus active-run artifact/log snapshot,Tier 1,mem_latency_chase,benchmark-results-mem-latency-chase,completed,failure,,,,,,,16,mem_latency_chase,8388608,"No per-row failure/timeout/crash conclusion is available because the run is still active and GitHub logs are unavailable; this row is unknown, not failed."
unknown_no_matching_downloaded_csv_row_and_logs_unavailable,checked-in mi300a_problem_size_discovery_plan plus active-run artifact/log snapshot,Tier 1,l2_cache_bw,benchmark-results-l2-cache-bw,completed,failure,,,,,,,36,l2_cache_bw,196608,"No per-row failure/timeout/crash conclusion is available because the run is still active and GitHub logs are unavailable; this row is unknown, not failed."
unknown_no_matching_downloaded_csv_row_and_logs_unavailable,checked-in mi300a_problem_size_discovery_plan plus active-run artifact/log snapshot,Tier 1,l2_cache_bw,benchmark-results-l2-cache-bw,completed,failure,,,,,,,37,l2_cache_bw,262144,"No per-row failure/timeout/crash conclusion is available because the run is still active and GitHub logs are unavailable; this row is unknown, not failed."
unknown_no_matching_downloaded_csv_row_and_logs_unavailable,checked-in mi300a_problem_size_discovery_plan plus active-run artifact/log snapshot,Tier 1,l2_cache_bw,benchmark-results-l2-cache-bw,completed,failure,,,,,,,38,l2_cache_bw,393216,"No per-row failure/timeout/crash conclusion is available because the run is still active and GitHub logs are unavailable; this row is unknown, not failed."
unknown_no_matching_downloaded_csv_row_and_logs_unavailable,checked-in mi300a_problem_size_discovery_plan plus active-run artifact/log snapshot,Tier 1,l2_cache_bw,benchmark-results-l2-cache-bw,completed,failure,,,,,,,39,l2_cache_bw,524288,"No per-row failure/timeout/crash conclusion is available because the run is still active and GitHub logs are unavailable; this row is unknown, not failed."
unknown_no_matching_downloaded_csv_row_and_logs_unavailable,checked-in mi300a_problem_size_discovery_plan plus active-run artifact/log snapshot,Tier 1,l2_cache_bw,benchmark-results-l2-cache-bw,completed,failure,,,,,,,40,l2_cache_bw,786432,"No per-row failure/timeout/crash conclusion is available because the run is still active and GitHub logs are unavailable; this row is unknown, not failed."
unknown_no_matching_downloaded_csv_row_and_logs_unavailable,checked-in mi300a_problem_size_discovery_plan plus active-run artifact/log snapshot,Tier 1,l2_cache_bw,benchmark-results-l2-cache-bw,completed,failure,,,,,,,41,l2_cache_bw,1048576,"No per-row failure/timeout/crash conclusion is available because the run is still active and GitHub logs are unavailable; this row is unknown, not failed."
unknown_no_matching_downloaded_csv_row_and_logs_unavailable,checked-in mi300a_problem_size_discovery_plan plus active-run artifact/log snapshot,Tier 1,l2_cache_bw,benchmark-results-l2-cache-bw,completed,failure,,,,,,,42,l2_cache_bw,1310720,"No per-row failure/timeout/crash conclusion is available because the run is still active and GitHub logs are unavailable; this row is unknown, not failed."
unknown_no_matching_downloaded_csv_row_and_logs_unavailable,checked-in mi300a_problem_size_discovery_plan plus active-run artifact/log snapshot,Tier 1,l2_cache_bw,benchmark-results-l2-cache-bw,completed,failure,,,,,,,43,l2_cache_bw,1572864,"No per-row failure/timeout/crash conclusion is available because the run is still active and GitHub logs are unavailable; this row is unknown, not failed."
unknown_no_matching_downloaded_csv_row_and_logs_unavailable,checked-in mi300a_problem_size_discovery_plan plus active-run artifact/log snapshot,Tier 1,l2_cache_bw,benchmark-results-l2-cache-bw,completed,failure,,,,,,,44,l2_cache_bw,2097152,"No per-row failure/timeout/crash conclusion is available because the run is still active and GitHub logs are unavailable; this row is unknown, not failed."
unknown_no_matching_downloaded_csv_row_and_logs_unavailable,checked-in mi300a_problem_size_discovery_plan plus active-run artifact/log snapshot,Tier 1,l2_cache_bw,benchmark-results-l2-cache-bw,completed,failure,,,,,,,45,l2_cache_bw,2621440,"No per-row failure/timeout/crash conclusion is available because the run is still active and GitHub logs are unavailable; this row is unknown, not failed."
unknown_no_matching_downloaded_csv_row_and_logs_unavailable,checked-in mi300a_problem_size_discovery_plan plus active-run artifact/log snapshot,Tier 1,l2_cache_bw,benchmark-results-l2-cache-bw,completed,failure,,,,,,,46,l2_cache_bw,3145728,"No per-row failure/timeout/crash conclusion is available because the run is still active and GitHub logs are unavailable; this row is unknown, not failed."
unknown_no_matching_downloaded_csv_row_and_logs_unavailable,checked-in mi300a_problem_size_discovery_plan plus active-run artifact/log snapshot,Tier 1,l2_cache_bw,benchmark-results-l2-cache-bw,completed,failure,,,,,,,47,l2_cache_bw,3670016,"No per-row failure/timeout/crash conclusion is available because the run is still active and GitHub logs are unavailable; this row is unknown, not failed."
unknown_no_matching_downloaded_csv_row_and_logs_unavailable,checked-in mi300a_problem_size_discovery_plan plus active-run artifact/log snapshot,Tier 1,l2_cache_bw,benchmark-results-l2-cache-bw,completed,failure,,,,,,,48,l2_cache_bw,4194304,"No per-row failure/timeout/crash conclusion is available because the run is still active and GitHub logs are unavailable; this row is unknown, not failed."
unknown_no_matching_downloaded_csv_row_and_logs_unavailable,checked-in mi300a_problem_size_discovery_plan plus active-run artifact/log snapshot,Tier 1,shared_bw,benchmark-results-shared-bw,completed,failure,,,,,,,50,shared_bw,2097152,"No per-row failure/timeout/crash conclusion is available because the run is still active and GitHub logs are unavailable; this row is unknown, not failed."
unknown_no_matching_downloaded_csv_row_and_logs_unavailable,checked-in mi300a_problem_size_discovery_plan plus active-run artifact/log snapshot,Tier 1,shared_bw,benchmark-results-shared-bw,completed,failure,,,,,,,51,shared_bw,4194304,"No per-row failure/timeout/crash conclusion is available because the run is still active and GitHub logs are unavailable; this row is unknown, not failed."
unknown_no_matching_downloaded_csv_row_and_logs_unavailable,checked-in mi300a_problem_size_discovery_plan plus active-run artifact/log snapshot,Tier 1,shared_bw,benchmark-results-shared-bw,completed,failure,,,,,,,52,shared_bw,8388608,"No per-row failure/timeout/crash conclusion is available because the run is still active and GitHub logs are unavailable; this row is unknown, not failed."
unknown_no_matching_downloaded_csv_row_and_logs_unavailable,checked-in mi300a_problem_size_discovery_plan plus active-run artifact/log snapshot,Tier 1,shared_bw,benchmark-results-shared-bw,completed,failure,,,,,,,53,shared_bw,12582912,"No per-row failure/timeout/crash conclusion is available because the run is still active and GitHub logs are unavailable; this row is unknown, not failed."
unknown_no_matching_downloaded_csv_row_and_logs_unavailable,checked-in mi300a_problem_size_discovery_plan plus active-run artifact/log snapshot,Tier 1,shared_bw,benchmark-results-shared-bw,completed,failure,,,,,,,54,shared_bw,16777216,"No per-row failure/timeout/crash conclusion is available because the run is still active and GitHub logs are unavailable; this row is unknown, not failed."
unknown_no_matching_downloaded_csv_row_and_logs_unavailable,checked-in mi300a_problem_size_discovery_plan plus active-run artifact/log snapshot,Tier 1,shared_bw,benchmark-results-shared-bw,completed,failure,,,,,,,55,shared_bw,25165824,"No per-row failure/timeout/crash conclusion is available because the run is still active and GitHub logs are unavailable; this row is unknown, not failed."
unknown_no_matching_downloaded_csv_row_and_logs_unavailable,checked-in mi300a_problem_size_discovery_plan plus active-run artifact/log snapshot,Tier 1,shared_bw,benchmark-results-shared-bw,completed,failure,,,,,,,56,shared_bw,33554432,"No per-row failure/timeout/crash conclusion is available because the run is still active and GitHub logs are unavailable; this row is unknown, not failed."
unknown_no_matching_downloaded_csv_row_and_logs_unavailable,checked-in mi300a_problem_size_discovery_plan plus active-run artifact/log snapshot,Tier 1,shared_bw,benchmark-results-shared-bw,completed,failure,,,,,,,57,shared_bw,50331648,"No per-row failure/timeout/crash conclusion is available because the run is still active and GitHub logs are unavailable; this row is unknown, not failed."
unknown_no_matching_downloaded_csv_row_and_logs_unavailable,checked-in mi300a_problem_size_discovery_plan plus active-run artifact/log snapshot,Tier 1,shared_bw,benchmark-results-shared-bw,completed,failure,,,,,,,58,shared_bw,67108864,"No per-row failure/timeout/crash conclusion is available because the run is still active and GitHub logs are unavailable; this row is unknown, not failed."
unknown_no_matching_downloaded_csv_row_and_logs_unavailable,checked-in mi300a_problem_size_discovery_plan plus active-run artifact/log snapshot,Tier 1,shared_bw,benchmark-results-shared-bw,completed,failure,,,,,,,59,shared_bw,100663296,"No per-row failure/timeout/crash conclusion is available because the run is still active and GitHub logs are unavailable; this row is unknown, not failed."
unknown_no_matching_downloaded_csv_row_and_logs_unavailable,checked-in mi300a_problem_size_discovery_plan plus active-run artifact/log snapshot,Tier 1,shared_bw,benchmark-results-shared-bw,completed,failure,,,,,,,60,shared_bw,134217728,"No per-row failure/timeout/crash conclusion is available because the run is still active and GitHub logs are unavailable; this row is unknown, not failed."
unknown_no_matching_downloaded_csv_row_and_logs_unavailable,checked-in mi300a_problem_size_discovery_plan plus active-run artifact/log snapshot,Tier 1,shared_bw,benchmark-results-shared-bw,completed,failure,,,,,,,61,shared_bw,201326592,"No per-row failure/timeout/crash conclusion is available because the run is still active and GitHub logs are unavailable; this row is unknown, not failed."
unknown_no_matching_downloaded_csv_row_and_logs_unavailable,checked-in mi300a_problem_size_discovery_plan plus active-run artifact/log snapshot,Tier 1,shared_bw,benchmark-results-shared-bw,completed,failure,,,,,,,62,shared_bw,268435456,"No per-row failure/timeout/crash conclusion is available because the run is still active and GitHub logs are unavailable; this row is unknown, not failed."
unknown_no_matching_downloaded_csv_row_and_logs_unavailable,checked-in mi300a_problem_size_discovery_plan plus active-run artifact/log snapshot,Tier 1,shared_bw,benchmark-results-shared-bw,completed,failure,,,,,,,63,shared_bw,402653184,"No per-row failure/timeout/crash conclusion is available because the run is still active and GitHub logs are unavailable; this row is unknown, not failed."
unknown_no_matching_downloaded_csv_row_and_logs_unavailable,checked-in mi300a_problem_size_discovery_plan plus active-run artifact/log snapshot,Tier 1,shared_bw,benchmark-results-shared-bw,completed,failure,,,,,,,64,shared_bw,536870912,"No per-row failure/timeout/crash conclusion is available because the run is still active and GitHub logs are unavailable; this row is unknown, not failed."
unknown_no_matching_downloaded_csv_row_and_logs_unavailable,checked-in mi300a_problem_size_discovery_plan plus active-run artifact/log snapshot,Tier 1,global_bw_copy,benchmark-results-global-bw-copy,completed,failure,,,,,,,71,global_bw_copy,25165824,"No per-row failure/timeout/crash conclusion is available because the run is still active and GitHub logs are unavailable; this row is unknown, not failed."
unknown_no_matching_downloaded_csv_row_and_logs_unavailable,checked-in mi300a_problem_size_discovery_plan plus active-run artifact/log snapshot,Tier 1,global_bw_copy,benchmark-results-global-bw-copy,completed,failure,,,,,,,72,global_bw_copy,33554432,"No per-row failure/timeout/crash conclusion is available because the run is still active and GitHub logs are unavailable; this row is unknown, not failed."
unknown_no_matching_downloaded_csv_row_and_logs_unavailable,checked-in mi300a_problem_size_discovery_plan plus active-run artifact/log snapshot,Tier 1,global_bw_copy,benchmark-results-global-bw-copy,completed,failure,,,,,,,73,global_bw_copy,50331648,"No per-row failure/timeout/crash conclusion is available because the run is still active and GitHub logs are unavailable; this row is unknown, not failed."
unknown_no_matching_downloaded_csv_row_and_logs_unavailable,checked-in mi300a_problem_size_discovery_plan plus active-run artifact/log snapshot,Tier 1,global_bw_copy,benchmark-results-global-bw-copy,completed,failure,,,,,,,74,global_bw_copy,67108864,"No per-row failure/timeout/crash conclusion is available because the run is still active and GitHub logs are unavailable; this row is unknown, not failed."
unknown_no_matching_downloaded_csv_row_and_logs_unavailable,checked-in mi300a_problem_size_discovery_plan plus active-run artifact/log snapshot,Tier 1,global_bw_copy,benchmark-results-global-bw-copy,completed,failure,,,,,,,75,global_bw_copy,100663296,"No per-row failure/timeout/crash conclusion is available because the run is still active and GitHub logs are unavailable; this row is unknown, not failed."
unknown_no_matching_downloaded_csv_row_and_logs_unavailable,checked-in mi300a_problem_size_discovery_plan plus active-run artifact/log snapshot,Tier 1,global_bw_copy,benchmark-results-global-bw-copy,completed,failure,,,,,,,76,global_bw_copy,134217728,"No per-row failure/timeout/crash conclusion is available because the run is still active and GitHub logs are unavailable; this row is unknown, not failed."
unknown_no_matching_downloaded_csv_row_and_logs_unavailable,checked-in mi300a_problem_size_discovery_plan plus active-run artifact/log snapshot,Tier 1,global_bw_copy,benchmark-results-global-bw-copy,completed,failure,,,,,,,77,global_bw_copy,201326592,"No per-row failure/timeout/crash conclusion is available because the run is still active and GitHub logs are unavailable; this row is unknown, not failed."
unknown_no_matching_downloaded_csv_row_and_logs_unavailable,checked-in mi300a_problem_size_discovery_plan plus active-run artifact/log snapshot,Tier 1,global_bw_copy,benchmark-results-global-bw-copy,completed,failure,,,,,,,78,global_bw_copy,268435456,"No per-row failure/timeout/crash conclusion is available because the run is still active and GitHub logs are unavailable; this row is unknown, not failed."
unknown_no_matching_downloaded_csv_row_and_logs_unavailable,checked-in mi300a_problem_size_discovery_plan plus active-run artifact/log snapshot,Tier 1,global_bw_copy,benchmark-results-global-bw-copy,completed,failure,,,,,,,79,global_bw_copy,402653184,"No per-row failure/timeout/crash conclusion is available because the run is still active and GitHub logs are unavailable; this row is unknown, not failed."
unknown_no_matching_downloaded_csv_row_and_logs_unavailable,checked-in mi300a_problem_size_discovery_plan plus active-run artifact/log snapshot,Tier 1,global_bw_copy,benchmark-results-global-bw-copy,completed,failure,,,,,,,80,global_bw_copy,536870912,"No per-row failure/timeout/crash conclusion is available because the run is still active and GitHub logs are unavailable; this row is unknown, not failed."
unknown_no_matching_downloaded_csv_row_and_logs_unavailable,checked-in mi300a_problem_size_discovery_plan plus active-run artifact/log snapshot,Tier 1,device_memory_read,benchmark-results-device-memory-read,completed,failure,,,,,,,82,devicememory_read,2MB,"No per-row failure/timeout/crash conclusion is available because the run is still active and GitHub logs are unavailable; this row is unknown, not failed."
unknown_no_matching_downloaded_csv_row_and_logs_unavailable,checked-in mi300a_problem_size_discovery_plan plus active-run artifact/log snapshot,Tier 1,device_memory_read,benchmark-results-device-memory-read,completed,failure,,,,,,,83,devicememory_read,4MB,"No per-row failure/timeout/crash conclusion is available because the run is still active and GitHub logs are unavailable; this row is unknown, not failed."
unknown_no_matching_downloaded_csv_row_and_logs_unavailable,checked-in mi300a_problem_size_discovery_plan plus active-run artifact/log snapshot,Tier 1,device_memory_read,benchmark-results-device-memory-read,completed,failure,,,,,,,84,devicememory_read,8MB,"No per-row failure/timeout/crash conclusion is available because the run is still active and GitHub logs are unavailable; this row is unknown, not failed."
unknown_no_matching_downloaded_csv_row_and_logs_unavailable,checked-in mi300a_problem_size_discovery_plan plus active-run artifact/log snapshot,Tier 1,device_memory_read,benchmark-results-device-memory-read,completed,failure,,,,,,,85,devicememory_read,12MB,"No per-row failure/timeout/crash conclusion is available because the run is still active and GitHub logs are unavailable; this row is unknown, not failed."
unknown_no_matching_downloaded_csv_row_and_logs_unavailable,checked-in mi300a_problem_size_discovery_plan plus active-run artifact/log snapshot,Tier 1,device_memory_read,benchmark-results-device-memory-read,completed,failure,,,,,,,86,devicememory_read,16MB,"No per-row failure/timeout/crash conclusion is available because the run is still active and GitHub logs are unavailable; this row is unknown, not failed."
unknown_no_matching_downloaded_csv_row_and_logs_unavailable,checked-in mi300a_problem_size_discovery_plan plus active-run artifact/log snapshot,Tier 1,device_memory_read,benchmark-results-device-memory-read,completed,failure,,,,,,,87,devicememory_read,24MB,"No per-row failure/timeout/crash conclusion is available because the run is still active and GitHub logs are unavailable; this row is unknown, not failed."
unknown_no_matching_downloaded_csv_row_and_logs_unavailable,checked-in mi300a_problem_size_discovery_plan plus active-run artifact/log snapshot,Tier 1,device_memory_read,benchmark-results-device-memory-read,completed,failure,,,,,,,88,devicememory_read,32MB,"No per-row failure/timeout/crash conclusion is available because the run is still active and GitHub logs are unavailable; this row is unknown, not failed."
unknown_no_matching_downloaded_csv_row_and_logs_unavailable,checked-in mi300a_problem_size_discovery_plan plus active-run artifact/log snapshot,Tier 1,device_memory_read,benchmark-results-device-memory-read,completed,failure,,,,,,,89,devicememory_read,48MB,"No per-row failure/timeout/crash conclusion is available because the run is still active and GitHub logs are unavailable; this row is unknown, not failed."
unknown_no_matching_downloaded_csv_row_and_logs_unavailable,checked-in mi300a_problem_size_discovery_plan plus active-run artifact/log snapshot,Tier 1,device_memory_read,benchmark-results-device-memory-read,completed,failure,,,,,,,90,devicememory_read,64MB,"No per-row failure/timeout/crash conclusion is available because the run is still active and GitHub logs are unavailable; this row is unknown, not failed."
unknown_no_matching_downloaded_csv_row_and_logs_unavailable,checked-in mi300a_problem_size_discovery_plan plus active-run artifact/log snapshot,Tier 1,device_memory_read,benchmark-results-device-memory-read,completed,failure,,,,,,,91,devicememory_read,96MB,"No per-row failure/timeout/crash conclusion is available because the run is still active and GitHub logs are unavailable; this row is unknown, not failed."
unknown_no_matching_downloaded_csv_row_and_logs_unavailable,checked-in mi300a_problem_size_discovery_plan plus active-run artifact/log snapshot,Tier 1,device_memory_read,benchmark-results-device-memory-read,completed,failure,,,,,,,92,devicememory_read,128MB,"No per-row failure/timeout/crash conclusion is available because the run is still active and GitHub logs are unavailable; this row is unknown, not failed."
unknown_no_matching_downloaded_csv_row_and_logs_unavailable,checked-in mi300a_problem_size_discovery_plan plus active-run artifact/log snapshot,Tier 1,device_memory_read,benchmark-results-device-memory-read,completed,failure,,,,,,,93,devicememory_read,192MB,"No per-row failure/timeout/crash conclusion is available because the run is still active and GitHub logs are unavailable; this row is unknown, not failed."
unknown_no_matching_downloaded_csv_row_and_logs_unavailable,checked-in mi300a_problem_size_discovery_plan plus active-run artifact/log snapshot,Tier 1,device_memory_read,benchmark-results-device-memory-read,completed,failure,,,,,,,94,devicememory_read,256MB,"No per-row failure/timeout/crash conclusion is available because the run is still active and GitHub logs are unavailable; this row is unknown, not failed."
unknown_no_matching_downloaded_csv_row_and_logs_unavailable,checked-in mi300a_problem_size_discovery_plan plus active-run artifact/log snapshot,Tier 1,device_memory_read,benchmark-results-device-memory-read,completed,failure,,,,,,,95,devicememory_read,384MB,"No per-row failure/timeout/crash conclusion is available because the run is still active and GitHub logs are unavailable; this row is unknown, not failed."
unknown_no_matching_downloaded_csv_row_and_logs_unavailable,checked-in mi300a_problem_size_discovery_plan plus active-run artifact/log snapshot,Tier 1,device_memory_read,benchmark-results-device-memory-read,completed,failure,,,,,,,96,devicememory_read,512MB,"No per-row failure/timeout/crash conclusion is available because the run is still active and GitHub logs are unavailable; this row is unknown, not failed."
unknown_no_matching_downloaded_csv_row_and_logs_unavailable,checked-in mi300a_problem_size_discovery_plan plus active-run artifact/log snapshot,Tier 1,device_memory_write,benchmark-results-device-memory-write,completed,failure,,,,,,,105,devicememory_write,48MB,"No per-row failure/timeout/crash conclusion is available because the run is still active and GitHub logs are unavailable; this row is unknown, not failed."
unknown_no_matching_downloaded_csv_row_and_logs_unavailable,checked-in mi300a_problem_size_discovery_plan plus active-run artifact/log snapshot,Tier 1,device_memory_write,benchmark-results-device-memory-write,completed,failure,,,,,,,106,devicememory_write,64MB,"No per-row failure/timeout/crash conclusion is available because the run is still active and GitHub logs are unavailable; this row is unknown, not failed."
unknown_no_matching_downloaded_csv_row_and_logs_unavailable,checked-in mi300a_problem_size_discovery_plan plus active-run artifact/log snapshot,Tier 1,device_memory_write,benchmark-results-device-memory-write,completed,failure,,,,,,,107,devicememory_write,96MB,"No per-row failure/timeout/crash conclusion is available because the run is still active and GitHub logs are unavailable; this row is unknown, not failed."
unknown_no_matching_downloaded_csv_row_and_logs_unavailable,checked-in mi300a_problem_size_discovery_plan plus active-run artifact/log snapshot,Tier 1,device_memory_write,benchmark-results-device-memory-write,completed,failure,,,,,,,108,devicememory_write,128MB,"No per-row failure/timeout/crash conclusion is available because the run is still active and GitHub logs are unavailable; this row is unknown, not failed."
unknown_no_matching_downloaded_csv_row_and_logs_unavailable,checked-in mi300a_problem_size_discovery_plan plus active-run artifact/log snapshot,Tier 1,device_memory_write,benchmark-results-device-memory-write,completed,failure,,,,,,,109,devicememory_write,192MB,"No per-row failure/timeout/crash conclusion is available because the run is still active and GitHub logs are unavailable; this row is unknown, not failed."
unknown_no_matching_downloaded_csv_row_and_logs_unavailable,checked-in mi300a_problem_size_discovery_plan plus active-run artifact/log snapshot,Tier 1,device_memory_write,benchmark-results-device-memory-write,completed,failure,,,,,,,110,devicememory_write,256MB,"No per-row failure/timeout/crash conclusion is available because the run is still active and GitHub logs are unavailable; this row is unknown, not failed."
unknown_no_matching_downloaded_csv_row_and_logs_unavailable,checked-in mi300a_problem_size_discovery_plan plus active-run artifact/log snapshot,Tier 1,device_memory_write,benchmark-results-device-memory-write,completed,failure,,,,,,,111,devicememory_write,384MB,"No per-row failure/timeout/crash conclusion is available because the run is still active and GitHub logs are unavailable; this row is unknown, not failed."
unknown_no_matching_downloaded_csv_row_and_logs_unavailable,checked-in mi300a_problem_size_discovery_plan plus active-run artifact/log snapshot,Tier 1,device_memory_write,benchmark-results-device-memory-write,completed,failure,,,,,,,112,devicememory_write,512MB,"No per-row failure/timeout/crash conclusion is available because the run is still active and GitHub logs are unavailable; this row is unknown, not failed."
unknown_no_matching_downloaded_csv_row_and_logs_unavailable,checked-in mi300a_problem_size_discovery_plan plus active-run artifact/log snapshot,Tier 1,bus_speed_download,benchmark-results-bus-speed-download,completed,failure,,,,,,,128,busspeeddownload,32768KB,"No per-row failure/timeout/crash conclusion is available because the run is still active and GitHub logs are unavailable; this row is unknown, not failed."
unknown_no_matching_downloaded_csv_row_and_logs_unavailable,checked-in mi300a_problem_size_discovery_plan plus active-run artifact/log snapshot,Tier 1,bus_speed_download,benchmark-results-bus-speed-download,completed,failure,,,,,,,129,busspeeddownload,65536KB,"No per-row failure/timeout/crash conclusion is available because the run is still active and GitHub logs are unavailable; this row is unknown, not failed."
unknown_no_matching_downloaded_csv_row_and_logs_unavailable,checked-in mi300a_problem_size_discovery_plan plus active-run artifact/log snapshot,Tier 1,bus_speed_download,benchmark-results-bus-speed-download,completed,failure,,,,,,,130,busspeeddownload,131072KB,"No per-row failure/timeout/crash conclusion is available because the run is still active and GitHub logs are unavailable; this row is unknown, not failed."
unknown_no_matching_downloaded_csv_row_and_logs_unavailable,checked-in mi300a_problem_size_discovery_plan plus active-run artifact/log snapshot,Tier 1,bus_speed_download,benchmark-results-bus-speed-download,completed,failure,,,,,,,131,busspeeddownload,262144KB,"No per-row failure/timeout/crash conclusion is available because the run is still active and GitHub logs are unavailable; this row is unknown, not failed."
unknown_no_matching_downloaded_csv_row_and_logs_unavailable,checked-in mi300a_problem_size_discovery_plan plus active-run artifact/log snapshot,Tier 1,bus_speed_readback,benchmark-results-bus-speed-readback,completed,failure,,,,,,,147,busspeedreadback,32768KB,"No per-row failure/timeout/crash conclusion is available because the run is still active and GitHub logs are unavailable; this row is unknown, not failed."
unknown_no_matching_downloaded_csv_row_and_logs_unavailable,checked-in mi300a_problem_size_discovery_plan plus active-run artifact/log snapshot,Tier 1,bus_speed_readback,benchmark-results-bus-speed-readback,completed,failure,,,,,,,148,busspeedreadback,65536KB,"No per-row failure/timeout/crash conclusion is available because the run is still active and GitHub logs are unavailable; this row is unknown, not failed."
unknown_no_matching_downloaded_csv_row_and_logs_unavailable,checked-in mi300a_problem_size_discovery_plan plus active-run artifact/log snapshot,Tier 1,bus_speed_readback,benchmark-results-bus-speed-readback,completed,failure,,,,,,,149,busspeedreadback,131072KB,"No per-row failure/timeout/crash conclusion is available because the run is still active and GitHub logs are unavailable; this row is unknown, not failed."
unknown_no_matching_downloaded_csv_row_and_logs_unavailable,checked-in mi300a_problem_size_discovery_plan plus active-run artifact/log snapshot,Tier 1,bus_speed_readback,benchmark-results-bus-speed-readback,completed,failure,,,,,,,150,busspeedreadback,262144KB,"No per-row failure/timeout/crash conclusion is available because the run is still active and GitHub logs are unavailable; this row is unknown, not failed."
unknown_no_matching_downloaded_csv_row_and_logs_unavailable,checked-in mi300a_problem_size_discovery_plan plus active-run artifact/log snapshot,Tier 1,max_flops,benchmark-results-max-flops,completed,failure,,,,,,,161,maxflops,524288,"No per-row failure/timeout/crash conclusion is available because the run is still active and GitHub logs are unavailable; this row is unknown, not failed."
unknown_no_matching_downloaded_csv_row_and_logs_unavailable,checked-in mi300a_problem_size_discovery_plan plus active-run artifact/log snapshot,Tier 1,max_flops,benchmark-results-max-flops,completed,failure,,,,,,,162,maxflops,1048576,"No per-row failure/timeout/crash conclusion is available because the run is still active and GitHub logs are unavailable; this row is unknown, not failed."
unknown_no_matching_downloaded_csv_row_and_logs_unavailable,checked-in mi300a_problem_size_discovery_plan plus active-run artifact/log snapshot,Tier 1,max_flops,benchmark-results-max-flops,completed,failure,,,,,,,163,maxflops,2097152,"No per-row failure/timeout/crash conclusion is available because the run is still active and GitHub logs are unavailable; this row is unknown, not failed."
unknown_no_matching_downloaded_csv_row_and_logs_unavailable,checked-in mi300a_problem_size_discovery_plan plus active-run artifact/log snapshot,Tier 1,max_flops,benchmark-results-max-flops,completed,failure,,,,,,,164,maxflops,4194304,"No per-row failure/timeout/crash conclusion is available because the run is still active and GitHub logs are unavailable; this row is unknown, not failed."
unknown_no_matching_downloaded_csv_row_and_logs_unavailable,checked-in mi300a_problem_size_discovery_plan plus active-run artifact/log snapshot,Tier 1,max_flops,benchmark-results-max-flops,completed,failure,,,,,,,165,maxflops,8388608,"No per-row failure/timeout/crash conclusion is available because the run is still active and GitHub logs are unavailable; this row is unknown, not failed."
unknown_no_matching_downloaded_csv_row_and_logs_unavailable,checked-in mi300a_problem_size_discovery_plan plus active-run artifact/log snapshot,Tier 1,max_flops,benchmark-results-max-flops,completed,failure,,,,,,,166,maxflops,16777216,"No per-row failure/timeout/crash conclusion is available because the run is still active and GitHub logs are unavailable; this row is unknown, not failed."
unknown_no_matching_downloaded_csv_row_and_logs_unavailable,checked-in mi300a_problem_size_discovery_plan plus active-run artifact/log snapshot,Tier 1,fp32_fma,benchmark-results-fp32-fma,completed,failure,,,,,,,167,fp32_fma,1024,"No per-row failure/timeout/crash conclusion is available because the run is still active and GitHub logs are unavailable; this row is unknown, not failed."
unknown_no_matching_downloaded_csv_row_and_logs_unavailable,checked-in mi300a_problem_size_discovery_plan plus active-run artifact/log snapshot,Tier 1,fp32_fma,benchmark-results-fp32-fma,completed,failure,,,,,,,168,fp32_fma,2048,"No per-row failure/timeout/crash conclusion is available because the run is still active and GitHub logs are unavailable; this row is unknown, not failed."
unknown_no_matching_downloaded_csv_row_and_logs_unavailable,checked-in mi300a_problem_size_discovery_plan plus active-run artifact/log snapshot,Tier 1,fp32_fma,benchmark-results-fp32-fma,completed,failure,,,,,,,169,fp32_fma,4096,"No per-row failure/timeout/crash conclusion is available because the run is still active and GitHub logs are unavailable; this row is unknown, not failed."
unknown_no_matching_downloaded_csv_row_and_logs_unavailable,checked-in mi300a_problem_size_discovery_plan plus active-run artifact/log snapshot,Tier 1,fp32_fma,benchmark-results-fp32-fma,completed,failure,,,,,,,170,fp32_fma,8192,"No per-row failure/timeout/crash conclusion is available because the run is still active and GitHub logs are unavailable; this row is unknown, not failed."
unknown_no_matching_downloaded_csv_row_and_logs_unavailable,checked-in mi300a_problem_size_discovery_plan plus active-run artifact/log snapshot,Tier 1,fp32_fma,benchmark-results-fp32-fma,completed,failure,,,,,,,171,fp32_fma,16384,"No per-row failure/timeout/crash conclusion is available because the run is still active and GitHub logs are unavailable; this row is unknown, not failed."
unknown_no_matching_downloaded_csv_row_and_logs_unavailable,checked-in mi300a_problem_size_discovery_plan plus active-run artifact/log snapshot,Tier 1,fp32_fma,benchmark-results-fp32-fma,completed,failure,,,,,,,172,fp32_fma,32768,"No per-row failure/timeout/crash conclusion is available because the run is still active and GitHub logs are unavailable; this row is unknown, not failed."
unknown_no_matching_downloaded_csv_row_and_logs_unavailable,checked-in mi300a_problem_size_discovery_plan plus active-run artifact/log snapshot,Tier 1,fp32_fma,benchmark-results-fp32-fma,completed,failure,,,,,,,173,fp32_fma,65536,"No per-row failure/timeout/crash conclusion is available because the run is still active and GitHub logs are unavailable; this row is unknown, not failed."
unknown_no_matching_downloaded_csv_row_and_logs_unavailable,checked-in mi300a_problem_size_discovery_plan plus active-run artifact/log snapshot,Tier 1,fp32_fma,benchmark-results-fp32-fma,completed,failure,,,,,,,174,fp32_fma,131072,"No per-row failure/timeout/crash conclusion is available because the run is still active and GitHub logs are unavailable; this row is unknown, not failed."
unknown_no_matching_downloaded_csv_row_and_logs_unavailable,checked-in mi300a_problem_size_discovery_plan plus active-run artifact/log snapshot,Tier 1,fp32_fma,benchmark-results-fp32-fma,completed,failure,,,,,,,175,fp32_fma,262144,"No per-row failure/timeout/crash conclusion is available because the run is still active and GitHub logs are unavailable; this row is unknown, not failed."
unknown_no_matching_downloaded_csv_row_and_logs_unavailable,checked-in mi300a_problem_size_discovery_plan plus active-run artifact/log snapshot,Tier 1,fp32_fma,benchmark-results-fp32-fma,completed,failure,,,,,,,176,fp32_fma,524288,"No per-row failure/timeout/crash conclusion is available because the run is still active and GitHub logs are unavailable; this row is unknown, not failed."
unknown_no_matching_downloaded_csv_row_and_logs_unavailable,checked-in mi300a_problem_size_discovery_plan plus active-run artifact/log snapshot,Tier 1,fp32_fma,benchmark-results-fp32-fma,completed,failure,,,,,,,177,fp32_fma,1048576,"No per-row failure/timeout/crash conclusion is available because the run is still active and GitHub logs are unavailable; this row is unknown, not failed."
unknown_no_matching_downloaded_csv_row_and_logs_unavailable,checked-in mi300a_problem_size_discovery_plan plus active-run artifact/log snapshot,Tier 1,fp32_fma,benchmark-results-fp32-fma,completed,failure,,,,,,,178,fp32_fma,2097152,"No per-row failure/timeout/crash conclusion is available because the run is still active and GitHub logs are unavailable; this row is unknown, not failed."
unknown_no_matching_downloaded_csv_row_and_logs_unavailable,checked-in mi300a_problem_size_discovery_plan plus active-run artifact/log snapshot,Tier 1,fp32_fma,benchmark-results-fp32-fma,completed,failure,,,,,,,179,fp32_fma,4194304,"No per-row failure/timeout/crash conclusion is available because the run is still active and GitHub logs are unavailable; this row is unknown, not failed."
unknown_no_matching_downloaded_csv_row_and_logs_unavailable,checked-in mi300a_problem_size_discovery_plan plus active-run artifact/log snapshot,Tier 1,fp32_fma,benchmark-results-fp32-fma,completed,failure,,,,,,,180,fp32_fma,8388608,"No per-row failure/timeout/crash conclusion is available because the run is still active and GitHub logs are unavailable; this row is unknown, not failed."
unknown_no_matching_downloaded_csv_row_and_logs_unavailable,checked-in mi300a_problem_size_discovery_plan plus active-run artifact/log snapshot,Tier 1,fp32_fma,benchmark-results-fp32-fma,completed,failure,,,,,,,181,fp32_fma,16777216,"No per-row failure/timeout/crash conclusion is available because the run is still active and GitHub logs are unavailable; this row is unknown, not failed."
unknown_no_matching_downloaded_csv_row_and_logs_unavailable,checked-in mi300a_problem_size_discovery_plan plus active-run artifact/log snapshot,Tier 1,fp32_fma,benchmark-results-fp32-fma,completed,failure,,,,,,,182,fp32_fma,33554432,"No per-row failure/timeout/crash conclusion is available because the run is still active and GitHub logs are unavailable; this row is unknown, not failed."
unknown_no_matching_downloaded_csv_row_and_logs_unavailable,checked-in mi300a_problem_size_discovery_plan plus active-run artifact/log snapshot,Tier 1,fp64_fma,benchmark-results-fp64-fma,completed,failure,,,,,,,183,fp64_fma,1024,"No per-row failure/timeout/crash conclusion is available because the run is still active and GitHub logs are unavailable; this row is unknown, not failed."
unknown_no_matching_downloaded_csv_row_and_logs_unavailable,checked-in mi300a_problem_size_discovery_plan plus active-run artifact/log snapshot,Tier 1,fp64_fma,benchmark-results-fp64-fma,completed,failure,,,,,,,184,fp64_fma,2048,"No per-row failure/timeout/crash conclusion is available because the run is still active and GitHub logs are unavailable; this row is unknown, not failed."
unknown_no_matching_downloaded_csv_row_and_logs_unavailable,checked-in mi300a_problem_size_discovery_plan plus active-run artifact/log snapshot,Tier 1,fp64_fma,benchmark-results-fp64-fma,completed,failure,,,,,,,185,fp64_fma,4096,"No per-row failure/timeout/crash conclusion is available because the run is still active and GitHub logs are unavailable; this row is unknown, not failed."
unknown_no_matching_downloaded_csv_row_and_logs_unavailable,checked-in mi300a_problem_size_discovery_plan plus active-run artifact/log snapshot,Tier 1,fp64_fma,benchmark-results-fp64-fma,completed,failure,,,,,,,186,fp64_fma,8192,"No per-row failure/timeout/crash conclusion is available because the run is still active and GitHub logs are unavailable; this row is unknown, not failed."
unknown_no_matching_downloaded_csv_row_and_logs_unavailable,checked-in mi300a_problem_size_discovery_plan plus active-run artifact/log snapshot,Tier 1,fp64_fma,benchmark-results-fp64-fma,completed,failure,,,,,,,187,fp64_fma,16384,"No per-row failure/timeout/crash conclusion is available because the run is still active and GitHub logs are unavailable; this row is unknown, not failed."
unknown_no_matching_downloaded_csv_row_and_logs_unavailable,checked-in mi300a_problem_size_discovery_plan plus active-run artifact/log snapshot,Tier 1,fp64_fma,benchmark-results-fp64-fma,completed,failure,,,,,,,188,fp64_fma,32768,"No per-row failure/timeout/crash conclusion is available because the run is still active and GitHub logs are unavailable; this row is unknown, not failed."
unknown_no_matching_downloaded_csv_row_and_logs_unavailable,checked-in mi300a_problem_size_discovery_plan plus active-run artifact/log snapshot,Tier 1,fp64_fma,benchmark-results-fp64-fma,completed,failure,,,,,,,189,fp64_fma,65536,"No per-row failure/timeout/crash conclusion is available because the run is still active and GitHub logs are unavailable; this row is unknown, not failed."
unknown_no_matching_downloaded_csv_row_and_logs_unavailable,checked-in mi300a_problem_size_discovery_plan plus active-run artifact/log snapshot,Tier 1,fp64_fma,benchmark-results-fp64-fma,completed,failure,,,,,,,190,fp64_fma,131072,"No per-row failure/timeout/crash conclusion is available because the run is still active and GitHub logs are unavailable; this row is unknown, not failed."
unknown_no_matching_downloaded_csv_row_and_logs_unavailable,checked-in mi300a_problem_size_discovery_plan plus active-run artifact/log snapshot,Tier 1,fp64_fma,benchmark-results-fp64-fma,completed,failure,,,,,,,191,fp64_fma,262144,"No per-row failure/timeout/crash conclusion is available because the run is still active and GitHub logs are unavailable; this row is unknown, not failed."
unknown_no_matching_downloaded_csv_row_and_logs_unavailable,checked-in mi300a_problem_size_discovery_plan plus active-run artifact/log snapshot,Tier 1,fp64_fma,benchmark-results-fp64-fma,completed,failure,,,,,,,192,fp64_fma,524288,"No per-row failure/timeout/crash conclusion is available because the run is still active and GitHub logs are unavailable; this row is unknown, not failed."
unknown_no_matching_downloaded_csv_row_and_logs_unavailable,checked-in mi300a_problem_size_discovery_plan plus active-run artifact/log snapshot,Tier 1,fp64_fma,benchmark-results-fp64-fma,completed,failure,,,,,,,193,fp64_fma,1048576,"No per-row failure/timeout/crash conclusion is available because the run is still active and GitHub logs are unavailable; this row is unknown, not failed."
unknown_no_matching_downloaded_csv_row_and_logs_unavailable,checked-in mi300a_problem_size_discovery_plan plus active-run artifact/log snapshot,Tier 1,fp64_fma,benchmark-results-fp64-fma,completed,failure,,,,,,,194,fp64_fma,2097152,"No per-row failure/timeout/crash conclusion is available because the run is still active and GitHub logs are unavailable; this row is unknown, not failed."
unknown_no_matching_downloaded_csv_row_and_logs_unavailable,checked-in mi300a_problem_size_discovery_plan plus active-run artifact/log snapshot,Tier 1,fp64_fma,benchmark-results-fp64-fma,completed,failure,,,,,,,195,fp64_fma,4194304,"No per-row failure/timeout/crash conclusion is available because the run is still active and GitHub logs are unavailable; this row is unknown, not failed."
unknown_no_matching_downloaded_csv_row_and_logs_unavailable,checked-in mi300a_problem_size_discovery_plan plus active-run artifact/log snapshot,Tier 1,fp64_fma,benchmark-results-fp64-fma,completed,failure,,,,,,,196,fp64_fma,8388608,"No per-row failure/timeout/crash conclusion is available because the run is still active and GitHub logs are unavailable; this row is unknown, not failed."
unknown_no_matching_downloaded_csv_row_and_logs_unavailable,checked-in mi300a_problem_size_discovery_plan plus active-run artifact/log snapshot,Tier 1,fp64_fma,benchmark-results-fp64-fma,completed,failure,,,,,,,197,fp64_fma,16777216,"No per-row failure/timeout/crash conclusion is available because the run is still active and GitHub logs are unavailable; this row is unknown, not failed."
unknown_no_matching_downloaded_csv_row_and_logs_unavailable,checked-in mi300a_problem_size_discovery_plan plus active-run artifact/log snapshot,Tier 1,fp64_fma,benchmark-results-fp64-fma,completed,failure,,,,,,,198,fp64_fma,33554432,"No per-row failure/timeout/crash conclusion is available because the run is still active and GitHub logs are unavailable; this row is unknown, not failed."
unknown_no_matching_downloaded_csv_row_and_logs_unavailable,checked-in mi300a_problem_size_discovery_plan plus active-run artifact/log snapshot,Tier 1,int_mad,benchmark-results-int-mad,completed,failure,,,,,,,199,int_mad,1024,"No per-row failure/timeout/crash conclusion is available because the run is still active and GitHub logs are unavailable; this row is unknown, not failed."
unknown_no_matching_downloaded_csv_row_and_logs_unavailable,checked-in mi300a_problem_size_discovery_plan plus active-run artifact/log snapshot,Tier 1,int_mad,benchmark-results-int-mad,completed,failure,,,,,,,200,int_mad,2048,"No per-row failure/timeout/crash conclusion is available because the run is still active and GitHub logs are unavailable; this row is unknown, not failed."
unknown_no_matching_downloaded_csv_row_and_logs_unavailable,checked-in mi300a_problem_size_discovery_plan plus active-run artifact/log snapshot,Tier 1,int_mad,benchmark-results-int-mad,completed,failure,,,,,,,201,int_mad,4096,"No per-row failure/timeout/crash conclusion is available because the run is still active and GitHub logs are unavailable; this row is unknown, not failed."
unknown_no_matching_downloaded_csv_row_and_logs_unavailable,checked-in mi300a_problem_size_discovery_plan plus active-run artifact/log snapshot,Tier 1,int_mad,benchmark-results-int-mad,completed,failure,,,,,,,202,int_mad,8192,"No per-row failure/timeout/crash conclusion is available because the run is still active and GitHub logs are unavailable; this row is unknown, not failed."
unknown_no_matching_downloaded_csv_row_and_logs_unavailable,checked-in mi300a_problem_size_discovery_plan plus active-run artifact/log snapshot,Tier 1,int_mad,benchmark-results-int-mad,completed,failure,,,,,,,203,int_mad,16384,"No per-row failure/timeout/crash conclusion is available because the run is still active and GitHub logs are unavailable; this row is unknown, not failed."
unknown_no_matching_downloaded_csv_row_and_logs_unavailable,checked-in mi300a_problem_size_discovery_plan plus active-run artifact/log snapshot,Tier 1,int_mad,benchmark-results-int-mad,completed,failure,,,,,,,204,int_mad,32768,"No per-row failure/timeout/crash conclusion is available because the run is still active and GitHub logs are unavailable; this row is unknown, not failed."
unknown_no_matching_downloaded_csv_row_and_logs_unavailable,checked-in mi300a_problem_size_discovery_plan plus active-run artifact/log snapshot,Tier 1,int_mad,benchmark-results-int-mad,completed,failure,,,,,,,205,int_mad,65536,"No per-row failure/timeout/crash conclusion is available because the run is still active and GitHub logs are unavailable; this row is unknown, not failed."
unknown_no_matching_downloaded_csv_row_and_logs_unavailable,checked-in mi300a_problem_size_discovery_plan plus active-run artifact/log snapshot,Tier 1,int_mad,benchmark-results-int-mad,completed,failure,,,,,,,206,int_mad,131072,"No per-row failure/timeout/crash conclusion is available because the run is still active and GitHub logs are unavailable; this row is unknown, not failed."
unknown_no_matching_downloaded_csv_row_and_logs_unavailable,checked-in mi300a_problem_size_discovery_plan plus active-run artifact/log snapshot,Tier 1,int_mad,benchmark-results-int-mad,completed,failure,,,,,,,207,int_mad,262144,"No per-row failure/timeout/crash conclusion is available because the run is still active and GitHub logs are unavailable; this row is unknown, not failed."
unknown_no_matching_downloaded_csv_row_and_logs_unavailable,checked-in mi300a_problem_size_discovery_plan plus active-run artifact/log snapshot,Tier 1,int_mad,benchmark-results-int-mad,completed,failure,,,,,,,208,int_mad,524288,"No per-row failure/timeout/crash conclusion is available because the run is still active and GitHub logs are unavailable; this row is unknown, not failed."
unknown_no_matching_downloaded_csv_row_and_logs_unavailable,checked-in mi300a_problem_size_discovery_plan plus active-run artifact/log snapshot,Tier 1,int_mad,benchmark-results-int-mad,completed,failure,,,,,,,209,int_mad,1048576,"No per-row failure/timeout/crash conclusion is available because the run is still active and GitHub logs are unavailable; this row is unknown, not failed."
unknown_no_matching_downloaded_csv_row_and_logs_unavailable,checked-in mi300a_problem_size_discovery_plan plus active-run artifact/log snapshot,Tier 1,int_mad,benchmark-results-int-mad,completed,failure,,,,,,,210,int_mad,2097152,"No per-row failure/timeout/crash conclusion is available because the run is still active and GitHub logs are unavailable; this row is unknown, not failed."
unknown_no_matching_downloaded_csv_row_and_logs_unavailable,checked-in mi300a_problem_size_discovery_plan plus active-run artifact/log snapshot,Tier 1,int_mad,benchmark-results-int-mad,completed,failure,,,,,,,211,int_mad,4194304,"No per-row failure/timeout/crash conclusion is available because the run is still active and GitHub logs are unavailable; this row is unknown, not failed."
unknown_no_matching_downloaded_csv_row_and_logs_unavailable,checked-in mi300a_problem_size_discovery_plan plus active-run artifact/log snapshot,Tier 1,int_mad,benchmark-results-int-mad,completed,failure,,,,,,,212,int_mad,8388608,"No per-row failure/timeout/crash conclusion is available because the run is still active and GitHub logs are unavailable; this row is unknown, not failed."
unknown_no_matching_downloaded_csv_row_and_logs_unavailable,checked-in mi300a_problem_size_discovery_plan plus active-run artifact/log snapshot,Tier 1,int_mad,benchmark-results-int-mad,completed,failure,,,,,,,213,int_mad,16777216,"No per-row failure/timeout/crash conclusion is available because the run is still active and GitHub logs are unavailable; this row is unknown, not failed."
unknown_no_matching_downloaded_csv_row_and_logs_unavailable,checked-in mi300a_problem_size_discovery_plan plus active-run artifact/log snapshot,Tier 1,int_mad,benchmark-results-int-mad,completed,failure,,,,,,,214,int_mad,33554432,"No per-row failure/timeout/crash conclusion is available because the run is still active and GitHub logs are unavailable; this row is unknown, not failed."
unknown_no_matching_downloaded_csv_row_and_logs_unavailable,checked-in mi300a_problem_size_discovery_plan plus active-run artifact/log snapshot,Tier 1,sfun_sin,benchmark-results-sfun-sin,completed,failure,,,,,,,215,sfun_sin,1024,"No per-row failure/timeout/crash conclusion is available because the run is still active and GitHub logs are unavailable; this row is unknown, not failed."
unknown_no_matching_downloaded_csv_row_and_logs_unavailable,checked-in mi300a_problem_size_discovery_plan plus active-run artifact/log snapshot,Tier 1,sfun_sin,benchmark-results-sfun-sin,completed,failure,,,,,,,216,sfun_sin,2048,"No per-row failure/timeout/crash conclusion is available because the run is still active and GitHub logs are unavailable; this row is unknown, not failed."
unknown_no_matching_downloaded_csv_row_and_logs_unavailable,checked-in mi300a_problem_size_discovery_plan plus active-run artifact/log snapshot,Tier 1,sfun_sin,benchmark-results-sfun-sin,completed,failure,,,,,,,217,sfun_sin,4096,"No per-row failure/timeout/crash conclusion is available because the run is still active and GitHub logs are unavailable; this row is unknown, not failed."
unknown_no_matching_downloaded_csv_row_and_logs_unavailable,checked-in mi300a_problem_size_discovery_plan plus active-run artifact/log snapshot,Tier 1,sfun_sin,benchmark-results-sfun-sin,completed,failure,,,,,,,218,sfun_sin,8192,"No per-row failure/timeout/crash conclusion is available because the run is still active and GitHub logs are unavailable; this row is unknown, not failed."
unknown_no_matching_downloaded_csv_row_and_logs_unavailable,checked-in mi300a_problem_size_discovery_plan plus active-run artifact/log snapshot,Tier 1,sfun_sin,benchmark-results-sfun-sin,completed,failure,,,,,,,219,sfun_sin,16384,"No per-row failure/timeout/crash conclusion is available because the run is still active and GitHub logs are unavailable; this row is unknown, not failed."
unknown_no_matching_downloaded_csv_row_and_logs_unavailable,checked-in mi300a_problem_size_discovery_plan plus active-run artifact/log snapshot,Tier 1,sfun_sin,benchmark-results-sfun-sin,completed,failure,,,,,,,220,sfun_sin,32768,"No per-row failure/timeout/crash conclusion is available because the run is still active and GitHub logs are unavailable; this row is unknown, not failed."
unknown_no_matching_downloaded_csv_row_and_logs_unavailable,checked-in mi300a_problem_size_discovery_plan plus active-run artifact/log snapshot,Tier 1,sfun_sin,benchmark-results-sfun-sin,completed,failure,,,,,,,221,sfun_sin,65536,"No per-row failure/timeout/crash conclusion is available because the run is still active and GitHub logs are unavailable; this row is unknown, not failed."
unknown_no_matching_downloaded_csv_row_and_logs_unavailable,checked-in mi300a_problem_size_discovery_plan plus active-run artifact/log snapshot,Tier 1,sfun_sin,benchmark-results-sfun-sin,completed,failure,,,,,,,222,sfun_sin,131072,"No per-row failure/timeout/crash conclusion is available because the run is still active and GitHub logs are unavailable; this row is unknown, not failed."
unknown_no_matching_downloaded_csv_row_and_logs_unavailable,checked-in mi300a_problem_size_discovery_plan plus active-run artifact/log snapshot,Tier 1,sfun_sin,benchmark-results-sfun-sin,completed,failure,,,,,,,223,sfun_sin,262144,"No per-row failure/timeout/crash conclusion is available because the run is still active and GitHub logs are unavailable; this row is unknown, not failed."
unknown_no_matching_downloaded_csv_row_and_logs_unavailable,checked-in mi300a_problem_size_discovery_plan plus active-run artifact/log snapshot,Tier 1,sfun_sin,benchmark-results-sfun-sin,completed,failure,,,,,,,224,sfun_sin,524288,"No per-row failure/timeout/crash conclusion is available because the run is still active and GitHub logs are unavailable; this row is unknown, not failed."
unknown_no_matching_downloaded_csv_row_and_logs_unavailable,checked-in mi300a_problem_size_discovery_plan plus active-run artifact/log snapshot,Tier 1,sfun_sin,benchmark-results-sfun-sin,completed,failure,,,,,,,225,sfun_sin,1048576,"No per-row failure/timeout/crash conclusion is available because the run is still active and GitHub logs are unavailable; this row is unknown, not failed."
unknown_no_matching_downloaded_csv_row_and_logs_unavailable,checked-in mi300a_problem_size_discovery_plan plus active-run artifact/log snapshot,Tier 1,sfun_sin,benchmark-results-sfun-sin,completed,failure,,,,,,,226,sfun_sin,2097152,"No per-row failure/timeout/crash conclusion is available because the run is still active and GitHub logs are unavailable; this row is unknown, not failed."
unknown_no_matching_downloaded_csv_row_and_logs_unavailable,checked-in mi300a_problem_size_discovery_plan plus active-run artifact/log snapshot,Tier 1,sfun_sin,benchmark-results-sfun-sin,completed,failure,,,,,,,227,sfun_sin,4194304,"No per-row failure/timeout/crash conclusion is available because the run is still active and GitHub logs are unavailable; this row is unknown, not failed."
unknown_no_matching_downloaded_csv_row_and_logs_unavailable,checked-in mi300a_problem_size_discovery_plan plus active-run artifact/log snapshot,Tier 1,sfun_sin,benchmark-results-sfun-sin,completed,failure,,,,,,,228,sfun_sin,8388608,"No per-row failure/timeout/crash conclusion is available because the run is still active and GitHub logs are unavailable; this row is unknown, not failed."
unknown_no_matching_downloaded_csv_row_and_logs_unavailable,checked-in mi300a_problem_size_discovery_plan plus active-run artifact/log snapshot,Tier 1,sfun_sin,benchmark-results-sfun-sin,completed,failure,,,,,,,229,sfun_sin,16777216,"No per-row failure/timeout/crash conclusion is available because the run is still active and GitHub logs are unavailable; this row is unknown, not failed."
unknown_no_matching_downloaded_csv_row_and_logs_unavailable,checked-in mi300a_problem_size_discovery_plan plus active-run artifact/log snapshot,Tier 1,occupancy_fma,benchmark-results-occupancy-fma,completed,failure,,,,,,,238,occupancy_fma,262144,"No per-row failure/timeout/crash conclusion is available because the run is still active and GitHub logs are unavailable; this row is unknown, not failed."
unknown_no_matching_downloaded_csv_row_and_logs_unavailable,checked-in mi300a_problem_size_discovery_plan plus active-run artifact/log snapshot,Tier 1,occupancy_fma,benchmark-results-occupancy-fma,completed,failure,,,,,,,239,occupancy_fma,524288,"No per-row failure/timeout/crash conclusion is available because the run is still active and GitHub logs are unavailable; this row is unknown, not failed."
unknown_no_matching_downloaded_csv_row_and_logs_unavailable,checked-in mi300a_problem_size_discovery_plan plus active-run artifact/log snapshot,Tier 1,occupancy_fma,benchmark-results-occupancy-fma,completed,failure,,,,,,,240,occupancy_fma,1048576,"No per-row failure/timeout/crash conclusion is available because the run is still active and GitHub logs are unavailable; this row is unknown, not failed."
unknown_no_matching_downloaded_csv_row_and_logs_unavailable,checked-in mi300a_problem_size_discovery_plan plus active-run artifact/log snapshot,Tier 1,occupancy_fma,benchmark-results-occupancy-fma,completed,failure,,,,,,,241,occupancy_fma,2097152,"No per-row failure/timeout/crash conclusion is available because the run is still active and GitHub logs are unavailable; this row is unknown, not failed."
unknown_no_matching_downloaded_csv_row_and_logs_unavailable,checked-in mi300a_problem_size_discovery_plan plus active-run artifact/log snapshot,Tier 1,occupancy_fma,benchmark-results-occupancy-fma,completed,failure,,,,,,,242,occupancy_fma,4194304,"No per-row failure/timeout/crash conclusion is available because the run is still active and GitHub logs are unavailable; this row is unknown, not failed."
unknown_no_matching_downloaded_csv_row_and_logs_unavailable,checked-in mi300a_problem_size_discovery_plan plus active-run artifact/log snapshot,Tier 1,occupancy_fma,benchmark-results-occupancy-fma,completed,failure,,,,,,,243,occupancy_fma,8388608,"No per-row failure/timeout/crash conclusion is available because the run is still active and GitHub logs are unavailable; this row is unknown, not failed."
unknown_no_matching_downloaded_csv_row_and_logs_unavailable,checked-in mi300a_problem_size_discovery_plan plus active-run artifact/log snapshot,Tier 1,occupancy_fma,benchmark-results-occupancy-fma,completed,failure,,,,,,,244,occupancy_fma,16777216,"No per-row failure/timeout/crash conclusion is available because the run is still active and GitHub logs are unavailable; this row is unknown, not failed."
unknown_no_matching_downloaded_csv_row_and_logs_unavailable,checked-in mi300a_problem_size_discovery_plan plus active-run artifact/log snapshot,Tier 1,occupancy_fma,benchmark-results-occupancy-fma,completed,failure,,,,,,,245,occupancy_fma,33554432,"No per-row failure/timeout/crash conclusion is available because the run is still active and GitHub logs are unavailable; this row is unknown, not failed."
unknown_no_matching_downloaded_csv_row_and_logs_unavailable,checked-in mi300a_problem_size_discovery_plan plus active-run artifact/log snapshot,Tier 1,atomic_throughput,benchmark-results-atomic-throughput,completed,failure,,,,,,,246,atomic_throughput,1024,"No per-row failure/timeout/crash conclusion is available because the run is still active and GitHub logs are unavailable; this row is unknown, not failed."
unknown_no_matching_downloaded_csv_row_and_logs_unavailable,checked-in mi300a_problem_size_discovery_plan plus active-run artifact/log snapshot,Tier 1,atomic_throughput,benchmark-results-atomic-throughput,completed,failure,,,,,,,247,atomic_throughput,2048,"No per-row failure/timeout/crash conclusion is available because the run is still active and GitHub logs are unavailable; this row is unknown, not failed."
unknown_no_matching_downloaded_csv_row_and_logs_unavailable,checked-in mi300a_problem_size_discovery_plan plus active-run artifact/log snapshot,Tier 1,atomic_throughput,benchmark-results-atomic-throughput,completed,failure,,,,,,,248,atomic_throughput,4096,"No per-row failure/timeout/crash conclusion is available because the run is still active and GitHub logs are unavailable; this row is unknown, not failed."
unknown_no_matching_downloaded_csv_row_and_logs_unavailable,checked-in mi300a_problem_size_discovery_plan plus active-run artifact/log snapshot,Tier 1,atomic_throughput,benchmark-results-atomic-throughput,completed,failure,,,,,,,249,atomic_throughput,8192,"No per-row failure/timeout/crash conclusion is available because the run is still active and GitHub logs are unavailable; this row is unknown, not failed."
unknown_no_matching_downloaded_csv_row_and_logs_unavailable,checked-in mi300a_problem_size_discovery_plan plus active-run artifact/log snapshot,Tier 1,atomic_throughput,benchmark-results-atomic-throughput,completed,failure,,,,,,,250,atomic_throughput,16384,"No per-row failure/timeout/crash conclusion is available because the run is still active and GitHub logs are unavailable; this row is unknown, not failed."
unknown_no_matching_downloaded_csv_row_and_logs_unavailable,checked-in mi300a_problem_size_discovery_plan plus active-run artifact/log snapshot,Tier 1,atomic_throughput,benchmark-results-atomic-throughput,completed,failure,,,,,,,251,atomic_throughput,32768,"No per-row failure/timeout/crash conclusion is available because the run is still active and GitHub logs are unavailable; this row is unknown, not failed."
unknown_no_matching_downloaded_csv_row_and_logs_unavailable,checked-in mi300a_problem_size_discovery_plan plus active-run artifact/log snapshot,Tier 1,atomic_throughput,benchmark-results-atomic-throughput,completed,failure,,,,,,,252,atomic_throughput,65536,"No per-row failure/timeout/crash conclusion is available because the run is still active and GitHub logs are unavailable; this row is unknown, not failed."
unknown_no_matching_downloaded_csv_row_and_logs_unavailable,checked-in mi300a_problem_size_discovery_plan plus active-run artifact/log snapshot,Tier 1,atomic_throughput,benchmark-results-atomic-throughput,completed,failure,,,,,,,253,atomic_throughput,131072,"No per-row failure/timeout/crash conclusion is available because the run is still active and GitHub logs are unavailable; this row is unknown, not failed."
unknown_no_matching_downloaded_csv_row_and_logs_unavailable,checked-in mi300a_problem_size_discovery_plan plus active-run artifact/log snapshot,Tier 1,atomic_throughput,benchmark-results-atomic-throughput,completed,failure,,,,,,,254,atomic_throughput,262144,"No per-row failure/timeout/crash conclusion is available because the run is still active and GitHub logs are unavailable; this row is unknown, not failed."
unknown_no_matching_downloaded_csv_row_and_logs_unavailable,checked-in mi300a_problem_size_discovery_plan plus active-run artifact/log snapshot,Tier 1,atomic_throughput,benchmark-results-atomic-throughput,completed,failure,,,,,,,255,atomic_throughput,524288,"No per-row failure/timeout/crash conclusion is available because the run is still active and GitHub logs are unavailable; this row is unknown, not failed."
unknown_no_matching_downloaded_csv_row_and_logs_unavailable,checked-in mi300a_problem_size_discovery_plan plus active-run artifact/log snapshot,Tier 1,atomic_throughput,benchmark-results-atomic-throughput,completed,failure,,,,,,,256,atomic_throughput,1048576,"No per-row failure/timeout/crash conclusion is available because the run is still active and GitHub logs are unavailable; this row is unknown, not failed."
unknown_no_matching_downloaded_csv_row_and_logs_unavailable,checked-in mi300a_problem_size_discovery_plan plus active-run artifact/log snapshot,Tier 1,branch_div_50pct,benchmark-results-branch-div-50pct,completed,failure,,,,,,,266,branch_div_50pct,524288,"No per-row failure/timeout/crash conclusion is available because the run is still active and GitHub logs are unavailable; this row is unknown, not failed."
unknown_no_matching_downloaded_csv_row_and_logs_unavailable,checked-in mi300a_problem_size_discovery_plan plus active-run artifact/log snapshot,Tier 1,branch_div_50pct,benchmark-results-branch-div-50pct,completed,failure,,,,,,,267,branch_div_50pct,1048576,"No per-row failure/timeout/crash conclusion is available because the run is still active and GitHub logs are unavailable; this row is unknown, not failed."
unknown_no_matching_downloaded_csv_row_and_logs_unavailable,checked-in mi300a_problem_size_discovery_plan plus active-run artifact/log snapshot,Tier 1,branch_div_50pct,benchmark-results-branch-div-50pct,completed,failure,,,,,,,268,branch_div_50pct,2097152,"No per-row failure/timeout/crash conclusion is available because the run is still active and GitHub logs are unavailable; this row is unknown, not failed."
unknown_no_matching_downloaded_csv_row_and_logs_unavailable,checked-in mi300a_problem_size_discovery_plan plus active-run artifact/log snapshot,Tier 1,branch_div_50pct,benchmark-results-branch-div-50pct,completed,failure,,,,,,,269,branch_div_50pct,4194304,"No per-row failure/timeout/crash conclusion is available because the run is still active and GitHub logs are unavailable; this row is unknown, not failed."
unknown_no_matching_downloaded_csv_row_and_logs_unavailable,checked-in mi300a_problem_size_discovery_plan plus active-run artifact/log snapshot,Tier 1,branch_div_50pct,benchmark-results-branch-div-50pct,completed,failure,,,,,,,270,branch_div_50pct,8388608,"No per-row failure/timeout/crash conclusion is available because the run is still active and GitHub logs are unavailable; this row is unknown, not failed."
unknown_no_matching_downloaded_csv_row_and_logs_unavailable,checked-in mi300a_problem_size_discovery_plan plus active-run artifact/log snapshot,Tier 1,branch_div_50pct,benchmark-results-branch-div-50pct,completed,failure,,,,,,,271,branch_div_50pct,16777216,"No per-row failure/timeout/crash conclusion is available because the run is still active and GitHub logs are unavailable; this row is unknown, not failed."
unknown_no_matching_downloaded_csv_row_and_logs_unavailable,checked-in mi300a_problem_size_discovery_plan plus active-run artifact/log snapshot,Tier 1,branch_div_50pct,benchmark-results-branch-div-50pct,completed,failure,,,,,,,272,branch_div_50pct,33554432,"No per-row failure/timeout/crash conclusion is available because the run is still active and GitHub logs are unavailable; this row is unknown, not failed."
unknown_no_matching_downloaded_csv_row_and_logs_unavailable,checked-in mi300a_problem_size_discovery_plan plus active-run artifact/log snapshot,Tier 1,triad,benchmark-results-triad,completed,failure,,,,,,,286,triad,8388608,"No per-row failure/timeout/crash conclusion is available because the run is still active and GitHub logs are unavailable; this row is unknown, not failed."
unknown_no_matching_downloaded_csv_row_and_logs_unavailable,checked-in mi300a_problem_size_discovery_plan plus active-run artifact/log snapshot,Tier 1,triad,benchmark-results-triad,completed,failure,,,,,,,287,triad,16777216,"No per-row failure/timeout/crash conclusion is available because the run is still active and GitHub logs are unavailable; this row is unknown, not failed."
unknown_no_matching_downloaded_csv_row_and_logs_unavailable,checked-in mi300a_problem_size_discovery_plan plus active-run artifact/log snapshot,Tier 1,triad,benchmark-results-triad,completed,failure,,,,,,,288,triad,33554432,"No per-row failure/timeout/crash conclusion is available because the run is still active and GitHub logs are unavailable; this row is unknown, not failed."
unknown_no_matching_downloaded_csv_row_and_logs_unavailable,checked-in mi300a_problem_size_discovery_plan plus active-run artifact/log snapshot,Tier 1,triad,benchmark-results-triad,completed,failure,,,,,,,289,triad,67108864,"No per-row failure/timeout/crash conclusion is available because the run is still active and GitHub logs are unavailable; this row is unknown, not failed."
unknown_no_matching_downloaded_csv_row_and_logs_unavailable,checked-in mi300a_problem_size_discovery_plan plus active-run artifact/log snapshot,Tier 1,triad,benchmark-results-triad,completed,failure,,,,,,,290,triad,134217728,"No per-row failure/timeout/crash conclusion is available because the run is still active and GitHub logs are unavailable; this row is unknown, not failed."
unknown_no_matching_downloaded_csv_row_and_logs_unavailable,checked-in mi300a_problem_size_discovery_plan plus active-run artifact/log snapshot,Tier 1,reduction,benchmark-results-reduction,completed,failure,,,,,,,304,reduction,4194304,"No per-row failure/timeout/crash conclusion is available because the run is still active and GitHub logs are unavailable; this row is unknown, not failed."
unknown_no_matching_downloaded_csv_row_and_logs_unavailable,checked-in mi300a_problem_size_discovery_plan plus active-run artifact/log snapshot,Tier 1,reduction,benchmark-results-reduction,completed,failure,,,,,,,305,reduction,8388608,"No per-row failure/timeout/crash conclusion is available because the run is still active and GitHub logs are unavailable; this row is unknown, not failed."
unknown_no_matching_downloaded_csv_row_and_logs_unavailable,checked-in mi300a_problem_size_discovery_plan plus active-run artifact/log snapshot,Tier 1,reduction,benchmark-results-reduction,completed,failure,,,,,,,306,reduction,16777216,"No per-row failure/timeout/crash conclusion is available because the run is still active and GitHub logs are unavailable; this row is unknown, not failed."
unknown_no_matching_downloaded_csv_row_and_logs_unavailable,checked-in mi300a_problem_size_discovery_plan plus active-run artifact/log snapshot,Tier 1,reduction,benchmark-results-reduction,completed,failure,,,,,,,307,reduction,33554432,"No per-row failure/timeout/crash conclusion is available because the run is still active and GitHub logs are unavailable; this row is unknown, not failed."
unknown_no_matching_downloaded_csv_row_and_logs_unavailable,checked-in mi300a_problem_size_discovery_plan plus active-run artifact/log snapshot,Tier 1,reduction,benchmark-results-reduction,completed,failure,,,,,,,308,reduction,67108864,"No per-row failure/timeout/crash conclusion is available because the run is still active and GitHub logs are unavailable; this row is unknown, not failed."
unknown_no_matching_downloaded_csv_row_and_logs_unavailable,checked-in mi300a_problem_size_discovery_plan plus active-run artifact/log snapshot,Tier 2,3dconvolution,benchmark-results-3dconvolution,completed,failure,,,,,,,312,3dconvolution,80x80x80,"No per-row failure/timeout/crash conclusion is available because the run is still active and GitHub logs are unavailable; this row is unknown, not failed."
unknown_no_matching_downloaded_csv_row_and_logs_unavailable,checked-in mi300a_problem_size_discovery_plan plus active-run artifact/log snapshot,Tier 2,3dconvolution,benchmark-results-3dconvolution,completed,failure,,,,,,,313,3dconvolution,96x96x96,"No per-row failure/timeout/crash conclusion is available because the run is still active and GitHub logs are unavailable; this row is unknown, not failed."
unknown_no_matching_downloaded_csv_row_and_logs_unavailable,checked-in mi300a_problem_size_discovery_plan plus active-run artifact/log snapshot,Tier 2,3dconvolution,benchmark-results-3dconvolution,completed,failure,,,,,,,314,3dconvolution,112x112x112,"No per-row failure/timeout/crash conclusion is available because the run is still active and GitHub logs are unavailable; this row is unknown, not failed."
unknown_no_matching_downloaded_csv_row_and_logs_unavailable,checked-in mi300a_problem_size_discovery_plan plus active-run artifact/log snapshot,Tier 2,3dconvolution,benchmark-results-3dconvolution,completed,failure,,,,,,,315,3dconvolution,128x128x128,"No per-row failure/timeout/crash conclusion is available because the run is still active and GitHub logs are unavailable; this row is unknown, not failed."
unknown_no_matching_downloaded_csv_row_and_logs_unavailable,checked-in mi300a_problem_size_discovery_plan plus active-run artifact/log snapshot,Tier 2,3dconvolution,benchmark-results-3dconvolution,completed,failure,,,,,,,316,3dconvolution,160x160x160,"No per-row failure/timeout/crash conclusion is available because the run is still active and GitHub logs are unavailable; this row is unknown, not failed."
unknown_no_matching_downloaded_csv_row_and_logs_unavailable,checked-in mi300a_problem_size_discovery_plan plus active-run artifact/log snapshot,Tier 2,3dconvolution,benchmark-results-3dconvolution,completed,failure,,,,,,,317,3dconvolution,192x192x192,"No per-row failure/timeout/crash conclusion is available because the run is still active and GitHub logs are unavailable; this row is unknown, not failed."
unknown_no_matching_downloaded_csv_row_and_logs_unavailable,checked-in mi300a_problem_size_discovery_plan plus active-run artifact/log snapshot,Tier 2,3dconvolution,benchmark-results-3dconvolution,completed,failure,,,,,,,318,3dconvolution,224x224x224,"No per-row failure/timeout/crash conclusion is available because the run is still active and GitHub logs are unavailable; this row is unknown, not failed."
unknown_no_matching_downloaded_csv_row_and_logs_unavailable,checked-in mi300a_problem_size_discovery_plan plus active-run artifact/log snapshot,Tier 2,3dconvolution,benchmark-results-3dconvolution,completed,failure,,,,,,,319,3dconvolution,256x256x256,"No per-row failure/timeout/crash conclusion is available because the run is still active and GitHub logs are unavailable; this row is unknown, not failed."
unknown_no_matching_downloaded_csv_row_and_logs_unavailable,checked-in mi300a_problem_size_discovery_plan plus active-run artifact/log snapshot,Tier 2,3dconvolution,benchmark-results-3dconvolution,completed,failure,,,,,,,320,3dconvolution,320x320x320,"No per-row failure/timeout/crash conclusion is available because the run is still active and GitHub logs are unavailable; this row is unknown, not failed."
unknown_no_matching_downloaded_csv_row_and_logs_unavailable,checked-in mi300a_problem_size_discovery_plan plus active-run artifact/log snapshot,Tier 2,3dconvolution,benchmark-results-3dconvolution,completed,failure,,,,,,,321,3dconvolution,384x384x384,"No per-row failure/timeout/crash conclusion is available because the run is still active and GitHub logs are unavailable; this row is unknown, not failed."
unknown_no_matching_downloaded_csv_row_and_logs_unavailable,checked-in mi300a_problem_size_discovery_plan plus active-run artifact/log snapshot,Tier 2,3dconvolution,benchmark-results-3dconvolution,completed,failure,,,,,,,322,3dconvolution,448x448x448,"No per-row failure/timeout/crash conclusion is available because the run is still active and GitHub logs are unavailable; this row is unknown, not failed."
unknown_no_matching_downloaded_csv_row_and_logs_unavailable,checked-in mi300a_problem_size_discovery_plan plus active-run artifact/log snapshot,Tier 2,3dconvolution,benchmark-results-3dconvolution,completed,failure,,,,,,,323,3dconvolution,512x512x512,"No per-row failure/timeout/crash conclusion is available because the run is still active and GitHub logs are unavailable; this row is unknown, not failed."
unknown_no_matching_downloaded_csv_row_and_logs_unavailable,checked-in mi300a_problem_size_discovery_plan plus active-run artifact/log snapshot,Tier 2,2dconvolution,benchmark-results-2dconvolution,completed,failure,,,,,,,332,2dconvolution,896x896,"No per-row failure/timeout/crash conclusion is available because the run is still active and GitHub logs are unavailable; this row is unknown, not failed."
unknown_no_matching_downloaded_csv_row_and_logs_unavailable,checked-in mi300a_problem_size_discovery_plan plus active-run artifact/log snapshot,Tier 2,2dconvolution,benchmark-results-2dconvolution,completed,failure,,,,,,,333,2dconvolution,1024x1024,"No per-row failure/timeout/crash conclusion is available because the run is still active and GitHub logs are unavailable; this row is unknown, not failed."
unknown_no_matching_downloaded_csv_row_and_logs_unavailable,checked-in mi300a_problem_size_discovery_plan plus active-run artifact/log snapshot,Tier 2,2dconvolution,benchmark-results-2dconvolution,completed,failure,,,,,,,334,2dconvolution,1280x1280,"No per-row failure/timeout/crash conclusion is available because the run is still active and GitHub logs are unavailable; this row is unknown, not failed."
unknown_no_matching_downloaded_csv_row_and_logs_unavailable,checked-in mi300a_problem_size_discovery_plan plus active-run artifact/log snapshot,Tier 2,2dconvolution,benchmark-results-2dconvolution,completed,failure,,,,,,,335,2dconvolution,1536x1536,"No per-row failure/timeout/crash conclusion is available because the run is still active and GitHub logs are unavailable; this row is unknown, not failed."
unknown_no_matching_downloaded_csv_row_and_logs_unavailable,checked-in mi300a_problem_size_discovery_plan plus active-run artifact/log snapshot,Tier 2,2dconvolution,benchmark-results-2dconvolution,completed,failure,,,,,,,336,2dconvolution,1792x1792,"No per-row failure/timeout/crash conclusion is available because the run is still active and GitHub logs are unavailable; this row is unknown, not failed."
unknown_no_matching_downloaded_csv_row_and_logs_unavailable,checked-in mi300a_problem_size_discovery_plan plus active-run artifact/log snapshot,Tier 2,2dconvolution,benchmark-results-2dconvolution,completed,failure,,,,,,,337,2dconvolution,2048x2048,"No per-row failure/timeout/crash conclusion is available because the run is still active and GitHub logs are unavailable; this row is unknown, not failed."
unknown_no_matching_downloaded_csv_row_and_logs_unavailable,checked-in mi300a_problem_size_discovery_plan plus active-run artifact/log snapshot,Tier 2,2dconvolution,benchmark-results-2dconvolution,completed,failure,,,,,,,338,2dconvolution,2560x2560,"No per-row failure/timeout/crash conclusion is available because the run is still active and GitHub logs are unavailable; this row is unknown, not failed."
unknown_no_matching_downloaded_csv_row_and_logs_unavailable,checked-in mi300a_problem_size_discovery_plan plus active-run artifact/log snapshot,Tier 2,2dconvolution,benchmark-results-2dconvolution,completed,failure,,,,,,,339,2dconvolution,3072x3072,"No per-row failure/timeout/crash conclusion is available because the run is still active and GitHub logs are unavailable; this row is unknown, not failed."
unknown_no_matching_downloaded_csv_row_and_logs_unavailable,checked-in mi300a_problem_size_discovery_plan plus active-run artifact/log snapshot,Tier 2,2dconvolution,benchmark-results-2dconvolution,completed,failure,,,,,,,340,2dconvolution,3584x3584,"No per-row failure/timeout/crash conclusion is available because the run is still active and GitHub logs are unavailable; this row is unknown, not failed."
unknown_no_matching_downloaded_csv_row_and_logs_unavailable,checked-in mi300a_problem_size_discovery_plan plus active-run artifact/log snapshot,Tier 2,2dconvolution,benchmark-results-2dconvolution,completed,failure,,,,,,,341,2dconvolution,4096x4096,"No per-row failure/timeout/crash conclusion is available because the run is still active and GitHub logs are unavailable; this row is unknown, not failed."
unknown_no_matching_downloaded_csv_row_and_logs_unavailable,checked-in mi300a_problem_size_discovery_plan plus active-run artifact/log snapshot,Tier 2,parboil_spmv,benchmark-results-parboil-spmv,completed,failure,,,,,,,352,spmv_csr,1048576,"No per-row failure/timeout/crash conclusion is available because the run is still active and GitHub logs are unavailable; this row is unknown, not failed."
unknown_no_matching_downloaded_csv_row_and_logs_unavailable,checked-in mi300a_problem_size_discovery_plan plus active-run artifact/log snapshot,Tier 2,parboil_spmv,benchmark-results-parboil-spmv,completed,failure,,,,,,,353,spmv_csr,1572864,"No per-row failure/timeout/crash conclusion is available because the run is still active and GitHub logs are unavailable; this row is unknown, not failed."
unknown_no_matching_downloaded_csv_row_and_logs_unavailable,checked-in mi300a_problem_size_discovery_plan plus active-run artifact/log snapshot,Tier 2,parboil_spmv,benchmark-results-parboil-spmv,completed,failure,,,,,,,354,spmv_csr,2097152,"No per-row failure/timeout/crash conclusion is available because the run is still active and GitHub logs are unavailable; this row is unknown, not failed."
unknown_no_matching_downloaded_csv_row_and_logs_unavailable,checked-in mi300a_problem_size_discovery_plan plus active-run artifact/log snapshot,Tier 2,parboil_spmv,benchmark-results-parboil-spmv,completed,failure,,,,,,,355,spmv_csr,2621440,"No per-row failure/timeout/crash conclusion is available because the run is still active and GitHub logs are unavailable; this row is unknown, not failed."
unknown_no_matching_downloaded_csv_row_and_logs_unavailable,checked-in mi300a_problem_size_discovery_plan plus active-run artifact/log snapshot,Tier 2,parboil_spmv,benchmark-results-parboil-spmv,completed,failure,,,,,,,356,spmv_csr,3145728,"No per-row failure/timeout/crash conclusion is available because the run is still active and GitHub logs are unavailable; this row is unknown, not failed."
unknown_no_matching_downloaded_csv_row_and_logs_unavailable,checked-in mi300a_problem_size_discovery_plan plus active-run artifact/log snapshot,Tier 2,parboil_spmv,benchmark-results-parboil-spmv,completed,failure,,,,,,,357,spmv_csr,4194304,"No per-row failure/timeout/crash conclusion is available because the run is still active and GitHub logs are unavailable; this row is unknown, not failed."
unknown_no_matching_downloaded_csv_row_and_logs_unavailable,checked-in mi300a_problem_size_discovery_plan plus active-run artifact/log snapshot,Tier 2,bs,benchmark-results-bs,completed,failure,,,,,,,369,bs,1048576,"No per-row failure/timeout/crash conclusion is available because the run is still active and GitHub logs are unavailable; this row is unknown, not failed."
unknown_no_matching_downloaded_csv_row_and_logs_unavailable,checked-in mi300a_problem_size_discovery_plan plus active-run artifact/log snapshot,Tier 2,bs,benchmark-results-bs,completed,failure,,,,,,,370,bs,2097152,"No per-row failure/timeout/crash conclusion is available because the run is still active and GitHub logs are unavailable; this row is unknown, not failed."
unknown_no_matching_downloaded_csv_row_and_logs_unavailable,checked-in mi300a_problem_size_discovery_plan plus active-run artifact/log snapshot,Tier 2,bs,benchmark-results-bs,completed,failure,,,,,,,371,bs,4194304,"No per-row failure/timeout/crash conclusion is available because the run is still active and GitHub logs are unavailable; this row is unknown, not failed."
unknown_no_matching_downloaded_csv_row_and_logs_unavailable,checked-in mi300a_problem_size_discovery_plan plus active-run artifact/log snapshot,Tier 2,bs,benchmark-results-bs,completed,failure,,,,,,,372,bs,8388608,"No per-row failure/timeout/crash conclusion is available because the run is still active and GitHub logs are unavailable; this row is unknown, not failed."
unknown_no_matching_downloaded_csv_row_and_logs_unavailable,checked-in mi300a_problem_size_discovery_plan plus active-run artifact/log snapshot,Tier 2,bs,benchmark-results-bs,completed,failure,,,,,,,373,bs,16777216,"No per-row failure/timeout/crash conclusion is available because the run is still active and GitHub logs are unavailable; this row is unknown, not failed."
unknown_no_matching_downloaded_csv_row_and_logs_unavailable,checked-in mi300a_problem_size_discovery_plan plus active-run artifact/log snapshot,Tier 2,nn,benchmark-results-nn,completed,failure,,,,,,,387,nn,4194304,"No per-row failure/timeout/crash conclusion is available because the run is still active and GitHub logs are unavailable; this row is unknown, not failed."
unknown_no_matching_downloaded_csv_row_and_logs_unavailable,checked-in mi300a_problem_size_discovery_plan plus active-run artifact/log snapshot,Tier 2,nn,benchmark-results-nn,completed,failure,,,,,,,388,nn,6291456,"No per-row failure/timeout/crash conclusion is available because the run is still active and GitHub logs are unavailable; this row is unknown, not failed."
unknown_no_matching_downloaded_csv_row_and_logs_unavailable,checked-in mi300a_problem_size_discovery_plan plus active-run artifact/log snapshot,Tier 2,nn,benchmark-results-nn,completed,failure,,,,,,,389,nn,8388608,"No per-row failure/timeout/crash conclusion is available because the run is still active and GitHub logs are unavailable; this row is unknown, not failed."
unknown_no_matching_downloaded_csv_row_and_logs_unavailable,checked-in mi300a_problem_size_discovery_plan plus active-run artifact/log snapshot,Tier 2,gemm,benchmark-results-gemm,completed,failure,,,,,,,396,gemm,256,"No per-row failure/timeout/crash conclusion is available because the run is still active and GitHub logs are unavailable; this row is unknown, not failed."
unknown_no_matching_downloaded_csv_row_and_logs_unavailable,checked-in mi300a_problem_size_discovery_plan plus active-run artifact/log snapshot,Tier 2,gemm,benchmark-results-gemm,completed,failure,,,,,,,397,gemm,384,"No per-row failure/timeout/crash conclusion is available because the run is still active and GitHub logs are unavailable; this row is unknown, not failed."
unknown_no_matching_downloaded_csv_row_and_logs_unavailable,checked-in mi300a_problem_size_discovery_plan plus active-run artifact/log snapshot,Tier 2,gemm,benchmark-results-gemm,completed,failure,,,,,,,398,gemm,512,"No per-row failure/timeout/crash conclusion is available because the run is still active and GitHub logs are unavailable; this row is unknown, not failed."
unknown_no_matching_downloaded_csv_row_and_logs_unavailable,checked-in mi300a_problem_size_discovery_plan plus active-run artifact/log snapshot,Tier 2,gemm,benchmark-results-gemm,completed,failure,,,,,,,399,gemm,640,"No per-row failure/timeout/crash conclusion is available because the run is still active and GitHub logs are unavailable; this row is unknown, not failed."
unknown_no_matching_downloaded_csv_row_and_logs_unavailable,checked-in mi300a_problem_size_discovery_plan plus active-run artifact/log snapshot,Tier 2,gemm,benchmark-results-gemm,completed,failure,,,,,,,400,gemm,768,"No per-row failure/timeout/crash conclusion is available because the run is still active and GitHub logs are unavailable; this row is unknown, not failed."
unknown_no_matching_downloaded_csv_row_and_logs_unavailable,checked-in mi300a_problem_size_discovery_plan plus active-run artifact/log snapshot,Tier 2,gemm,benchmark-results-gemm,completed,failure,,,,,,,401,gemm,896,"No per-row failure/timeout/crash conclusion is available because the run is still active and GitHub logs are unavailable; this row is unknown, not failed."
unknown_no_matching_downloaded_csv_row_and_logs_unavailable,checked-in mi300a_problem_size_discovery_plan plus active-run artifact/log snapshot,Tier 2,gemm,benchmark-results-gemm,completed,failure,,,,,,,402,gemm,1024,"No per-row failure/timeout/crash conclusion is available because the run is still active and GitHub logs are unavailable; this row is unknown, not failed."
unknown_no_matching_downloaded_csv_row_and_logs_unavailable,checked-in mi300a_problem_size_discovery_plan plus active-run artifact/log snapshot,Tier 2,gemm,benchmark-results-gemm,completed,failure,,,,,,,403,gemm,1280,"No per-row failure/timeout/crash conclusion is available because the run is still active and GitHub logs are unavailable; this row is unknown, not failed."
unknown_no_matching_downloaded_csv_row_and_logs_unavailable,checked-in mi300a_problem_size_discovery_plan plus active-run artifact/log snapshot,Tier 2,gemm,benchmark-results-gemm,completed,failure,,,,,,,404,gemm,1536,"No per-row failure/timeout/crash conclusion is available because the run is still active and GitHub logs are unavailable; this row is unknown, not failed."
unknown_no_matching_downloaded_csv_row_and_logs_unavailable,checked-in mi300a_problem_size_discovery_plan plus active-run artifact/log snapshot,Tier 2,gemm,benchmark-results-gemm,completed,failure,,,,,,,405,gemm,1792,"No per-row failure/timeout/crash conclusion is available because the run is still active and GitHub logs are unavailable; this row is unknown, not failed."
unknown_no_matching_downloaded_csv_row_and_logs_unavailable,checked-in mi300a_problem_size_discovery_plan plus active-run artifact/log snapshot,Tier 2,gemm,benchmark-results-gemm,completed,failure,,,,,,,406,gemm,2048,"No per-row failure/timeout/crash conclusion is available because the run is still active and GitHub logs are unavailable; this row is unknown, not failed."
unknown_no_matching_downloaded_csv_row_and_logs_unavailable,checked-in mi300a_problem_size_discovery_plan plus active-run artifact/log snapshot,Tier 2,gemm,benchmark-results-gemm,completed,failure,,,,,,,407,gemm,2560,"No per-row failure/timeout/crash conclusion is available because the run is still active and GitHub logs are unavailable; this row is unknown, not failed."
unknown_no_matching_downloaded_csv_row_and_logs_unavailable,checked-in mi300a_problem_size_discovery_plan plus active-run artifact/log snapshot,Tier 2,gemm,benchmark-results-gemm,completed,failure,,,,,,,408,gemm,3072,"No per-row failure/timeout/crash conclusion is available because the run is still active and GitHub logs are unavailable; this row is unknown, not failed."
unknown_no_matching_downloaded_csv_row_and_logs_unavailable,checked-in mi300a_problem_size_discovery_plan plus active-run artifact/log snapshot,Tier 2,gemm,benchmark-results-gemm,completed,failure,,,,,,,409,gemm,3584,"No per-row failure/timeout/crash conclusion is available because the run is still active and GitHub logs are unavailable; this row is unknown, not failed."
unknown_no_matching_downloaded_csv_row_and_logs_unavailable,checked-in mi300a_problem_size_discovery_plan plus active-run artifact/log snapshot,Tier 2,gemm,benchmark-results-gemm,completed,failure,,,,,,,410,gemm,4096,"No per-row failure/timeout/crash conclusion is available because the run is still active and GitHub logs are unavailable; this row is unknown, not failed."
unknown_no_matching_downloaded_csv_row_and_logs_unavailable,checked-in mi300a_problem_size_discovery_plan plus active-run artifact/log snapshot,Tier 2,gemm,benchmark-results-gemm,completed,failure,,,,,,,411,gemm,6144,"No per-row failure/timeout/crash conclusion is available because the run is still active and GitHub logs are unavailable; this row is unknown, not failed."
unknown_no_matching_downloaded_csv_row_and_logs_unavailable,checked-in mi300a_problem_size_discovery_plan plus active-run artifact/log snapshot,Tier 2,scan,benchmark-results-scan,completed,failure,,,,,,,423,scan,2097152,"No per-row failure/timeout/crash conclusion is available because the run is still active and GitHub logs are unavailable; this row is unknown, not failed."
unknown_no_matching_downloaded_csv_row_and_logs_unavailable,checked-in mi300a_problem_size_discovery_plan plus active-run artifact/log snapshot,Tier 2,scan,benchmark-results-scan,completed,failure,,,,,,,424,scan,4194304,"No per-row failure/timeout/crash conclusion is available because the run is still active and GitHub logs are unavailable; this row is unknown, not failed."
unknown_no_matching_downloaded_csv_row_and_logs_unavailable,checked-in mi300a_problem_size_discovery_plan plus active-run artifact/log snapshot,Tier 2,parboil_mri_q,benchmark-results-parboil-mri-q,completed,failure,,,,,,,432,computeq,32768,"No per-row failure/timeout/crash conclusion is available because the run is still active and GitHub logs are unavailable; this row is unknown, not failed."
unknown_no_matching_downloaded_csv_row_and_logs_unavailable,checked-in mi300a_problem_size_discovery_plan plus active-run artifact/log snapshot,Tier 2,parboil_mri_q,benchmark-results-parboil-mri-q,completed,failure,,,,,,,433,computeq,65536,"No per-row failure/timeout/crash conclusion is available because the run is still active and GitHub logs are unavailable; this row is unknown, not failed."
unknown_no_matching_downloaded_csv_row_and_logs_unavailable,checked-in mi300a_problem_size_discovery_plan plus active-run artifact/log snapshot,Tier 2,parboil_mri_q,benchmark-results-parboil-mri-q,completed,failure,,,,,,,434,computeq,131072,"No per-row failure/timeout/crash conclusion is available because the run is still active and GitHub logs are unavailable; this row is unknown, not failed."
unknown_no_matching_downloaded_csv_row_and_logs_unavailable,checked-in mi300a_problem_size_discovery_plan plus active-run artifact/log snapshot,Tier 2,parboil_mri_q,benchmark-results-parboil-mri-q,completed,failure,,,,,,,435,computeq,262144,"No per-row failure/timeout/crash conclusion is available because the run is still active and GitHub logs are unavailable; this row is unknown, not failed."
unknown_no_matching_downloaded_csv_row_and_logs_unavailable,checked-in mi300a_problem_size_discovery_plan plus active-run artifact/log snapshot,Tier 2,parboil_mri_q,benchmark-results-parboil-mri-q,completed,failure,,,,,,,436,computeq,524288,"No per-row failure/timeout/crash conclusion is available because the run is still active and GitHub logs are unavailable; this row is unknown, not failed."
unknown_no_matching_downloaded_csv_row_and_logs_unavailable,checked-in mi300a_problem_size_discovery_plan plus active-run artifact/log snapshot,Tier 2,parboil_mri_q,benchmark-results-parboil-mri-q,completed,failure,,,,,,,437,computeq,1048576,"No per-row failure/timeout/crash conclusion is available because the run is still active and GitHub logs are unavailable; this row is unknown, not failed."
unknown_no_matching_downloaded_csv_row_and_logs_unavailable,checked-in mi300a_problem_size_discovery_plan plus active-run artifact/log snapshot,Tier 2,parboil_mri_q,benchmark-results-parboil-mri-q,completed,failure,,,,,,,438,computeq,1572864,"No per-row failure/timeout/crash conclusion is available because the run is still active and GitHub logs are unavailable; this row is unknown, not failed."
unknown_no_matching_downloaded_csv_row_and_logs_unavailable,checked-in mi300a_problem_size_discovery_plan plus active-run artifact/log snapshot,Tier 2,parboil_mri_q,benchmark-results-parboil-mri-q,completed,failure,,,,,,,439,computeq,2097152,"No per-row failure/timeout/crash conclusion is available because the run is still active and GitHub logs are unavailable; this row is unknown, not failed."
unknown_no_matching_downloaded_csv_row_and_logs_unavailable,checked-in mi300a_problem_size_discovery_plan plus active-run artifact/log snapshot,Tier 2,parboil_mri_q,benchmark-results-parboil-mri-q,completed,failure,,,,,,,440,computeq,2621440,"No per-row failure/timeout/crash conclusion is available because the run is still active and GitHub logs are unavailable; this row is unknown, not failed."
unknown_no_matching_downloaded_csv_row_and_logs_unavailable,checked-in mi300a_problem_size_discovery_plan plus active-run artifact/log snapshot,Tier 2,parboil_mri_q,benchmark-results-parboil-mri-q,completed,failure,,,,,,,441,computeq,3145728,"No per-row failure/timeout/crash conclusion is available because the run is still active and GitHub logs are unavailable; this row is unknown, not failed."
unknown_no_matching_downloaded_csv_row_and_logs_unavailable,checked-in mi300a_problem_size_discovery_plan plus active-run artifact/log snapshot,Tier 2,ep,benchmark-results-ep,completed,failure,,,,,,,454,ep,2097152,"No per-row failure/timeout/crash conclusion is available because the run is still active and GitHub logs are unavailable; this row is unknown, not failed."
unknown_no_matching_downloaded_csv_row_and_logs_unavailable,checked-in mi300a_problem_size_discovery_plan plus active-run artifact/log snapshot,Tier 2,2mm,benchmark-results-2mm,completed,failure,,,,,,,457,2mm,192,"No per-row failure/timeout/crash conclusion is available because the run is still active and GitHub logs are unavailable; this row is unknown, not failed."
unknown_no_matching_downloaded_csv_row_and_logs_unavailable,checked-in mi300a_problem_size_discovery_plan plus active-run artifact/log snapshot,Tier 2,2mm,benchmark-results-2mm,completed,failure,,,,,,,458,2mm,256,"No per-row failure/timeout/crash conclusion is available because the run is still active and GitHub logs are unavailable; this row is unknown, not failed."
unknown_no_matching_downloaded_csv_row_and_logs_unavailable,checked-in mi300a_problem_size_discovery_plan plus active-run artifact/log snapshot,Tier 2,2mm,benchmark-results-2mm,completed,failure,,,,,,,459,2mm,384,"No per-row failure/timeout/crash conclusion is available because the run is still active and GitHub logs are unavailable; this row is unknown, not failed."
unknown_no_matching_downloaded_csv_row_and_logs_unavailable,checked-in mi300a_problem_size_discovery_plan plus active-run artifact/log snapshot,Tier 2,2mm,benchmark-results-2mm,completed,failure,,,,,,,460,2mm,512,"No per-row failure/timeout/crash conclusion is available because the run is still active and GitHub logs are unavailable; this row is unknown, not failed."
unknown_no_matching_downloaded_csv_row_and_logs_unavailable,checked-in mi300a_problem_size_discovery_plan plus active-run artifact/log snapshot,Tier 2,2mm,benchmark-results-2mm,completed,failure,,,,,,,461,2mm,640,"No per-row failure/timeout/crash conclusion is available because the run is still active and GitHub logs are unavailable; this row is unknown, not failed."
unknown_no_matching_downloaded_csv_row_and_logs_unavailable,checked-in mi300a_problem_size_discovery_plan plus active-run artifact/log snapshot,Tier 2,2mm,benchmark-results-2mm,completed,failure,,,,,,,462,2mm,768,"No per-row failure/timeout/crash conclusion is available because the run is still active and GitHub logs are unavailable; this row is unknown, not failed."
unknown_no_matching_downloaded_csv_row_and_logs_unavailable,checked-in mi300a_problem_size_discovery_plan plus active-run artifact/log snapshot,Tier 2,2mm,benchmark-results-2mm,completed,failure,,,,,,,463,2mm,896,"No per-row failure/timeout/crash conclusion is available because the run is still active and GitHub logs are unavailable; this row is unknown, not failed."
unknown_no_matching_downloaded_csv_row_and_logs_unavailable,checked-in mi300a_problem_size_discovery_plan plus active-run artifact/log snapshot,Tier 2,2mm,benchmark-results-2mm,completed,failure,,,,,,,464,2mm,1024,"No per-row failure/timeout/crash conclusion is available because the run is still active and GitHub logs are unavailable; this row is unknown, not failed."
unknown_no_matching_downloaded_csv_row_and_logs_unavailable,checked-in mi300a_problem_size_discovery_plan plus active-run artifact/log snapshot,Tier 2,2mm,benchmark-results-2mm,completed,failure,,,,,,,465,2mm,1280,"No per-row failure/timeout/crash conclusion is available because the run is still active and GitHub logs are unavailable; this row is unknown, not failed."
unknown_no_matching_downloaded_csv_row_and_logs_unavailable,checked-in mi300a_problem_size_discovery_plan plus active-run artifact/log snapshot,Tier 2,2mm,benchmark-results-2mm,completed,failure,,,,,,,466,2mm,1536,"No per-row failure/timeout/crash conclusion is available because the run is still active and GitHub logs are unavailable; this row is unknown, not failed."
unknown_no_matching_downloaded_csv_row_and_logs_unavailable,checked-in mi300a_problem_size_discovery_plan plus active-run artifact/log snapshot,Tier 2,2mm,benchmark-results-2mm,completed,failure,,,,,,,467,2mm,1792,"No per-row failure/timeout/crash conclusion is available because the run is still active and GitHub logs are unavailable; this row is unknown, not failed."
unknown_no_matching_downloaded_csv_row_and_logs_unavailable,checked-in mi300a_problem_size_discovery_plan plus active-run artifact/log snapshot,Tier 2,2mm,benchmark-results-2mm,completed,failure,,,,,,,468,2mm,2048,"No per-row failure/timeout/crash conclusion is available because the run is still active and GitHub logs are unavailable; this row is unknown, not failed."
unknown_no_matching_downloaded_csv_row_and_logs_unavailable,checked-in mi300a_problem_size_discovery_plan plus active-run artifact/log snapshot,Tier 2,2mm,benchmark-results-2mm,completed,failure,,,,,,,469,2mm,2560,"No per-row failure/timeout/crash conclusion is available because the run is still active and GitHub logs are unavailable; this row is unknown, not failed."
unknown_no_matching_downloaded_csv_row_and_logs_unavailable,checked-in mi300a_problem_size_discovery_plan plus active-run artifact/log snapshot,Tier 2,2mm,benchmark-results-2mm,completed,failure,,,,,,,470,2mm,3072,"No per-row failure/timeout/crash conclusion is available because the run is still active and GitHub logs are unavailable; this row is unknown, not failed."
unknown_no_matching_downloaded_csv_row_and_logs_unavailable,checked-in mi300a_problem_size_discovery_plan plus active-run artifact/log snapshot,Tier 2,2mm,benchmark-results-2mm,completed,failure,,,,,,,471,2mm,3584,"No per-row failure/timeout/crash conclusion is available because the run is still active and GitHub logs are unavailable; this row is unknown, not failed."
unknown_no_matching_downloaded_csv_row_and_logs_unavailable,checked-in mi300a_problem_size_discovery_plan plus active-run artifact/log snapshot,Tier 2,2mm,benchmark-results-2mm,completed,failure,,,,,,,472,2mm,4096,"No per-row failure/timeout/crash conclusion is available because the run is still active and GitHub logs are unavailable; this row is unknown, not failed."
unknown_no_matching_downloaded_csv_row_and_logs_unavailable,checked-in mi300a_problem_size_discovery_plan plus active-run artifact/log snapshot,Tier 2,hotspot,benchmark-results-hotspot,completed,failure,,,,,,,481,hotspot,512,"No per-row failure/timeout/crash conclusion is available because the run is still active and GitHub logs are unavailable; this row is unknown, not failed."
unknown_no_matching_downloaded_csv_row_and_logs_unavailable,checked-in mi300a_problem_size_discovery_plan plus active-run artifact/log snapshot,Tier 2,hotspot,benchmark-results-hotspot,completed,failure,,,,,,,482,hotspot,640,"No per-row failure/timeout/crash conclusion is available because the run is still active and GitHub logs are unavailable; this row is unknown, not failed."
unknown_no_matching_downloaded_csv_row_and_logs_unavailable,checked-in mi300a_problem_size_discovery_plan plus active-run artifact/log snapshot,Tier 2,hotspot,benchmark-results-hotspot,completed,failure,,,,,,,483,hotspot,768,"No per-row failure/timeout/crash conclusion is available because the run is still active and GitHub logs are unavailable; this row is unknown, not failed."
unknown_no_matching_downloaded_csv_row_and_logs_unavailable,checked-in mi300a_problem_size_discovery_plan plus active-run artifact/log snapshot,Tier 2,hotspot,benchmark-results-hotspot,completed,failure,,,,,,,484,hotspot,1024,"No per-row failure/timeout/crash conclusion is available because the run is still active and GitHub logs are unavailable; this row is unknown, not failed."
unknown_no_matching_downloaded_csv_row_and_logs_unavailable,checked-in mi300a_problem_size_discovery_plan plus active-run artifact/log snapshot,Tier 2,hotspot,benchmark-results-hotspot,completed,failure,,,,,,,485,hotspot,1280,"No per-row failure/timeout/crash conclusion is available because the run is still active and GitHub logs are unavailable; this row is unknown, not failed."
unknown_no_matching_downloaded_csv_row_and_logs_unavailable,checked-in mi300a_problem_size_discovery_plan plus active-run artifact/log snapshot,Tier 2,hotspot,benchmark-results-hotspot,completed,failure,,,,,,,486,hotspot,1536,"No per-row failure/timeout/crash conclusion is available because the run is still active and GitHub logs are unavailable; this row is unknown, not failed."
unknown_no_matching_downloaded_csv_row_and_logs_unavailable,checked-in mi300a_problem_size_discovery_plan plus active-run artifact/log snapshot,Tier 2,hotspot,benchmark-results-hotspot,completed,failure,,,,,,,487,hotspot,2048,"No per-row failure/timeout/crash conclusion is available because the run is still active and GitHub logs are unavailable; this row is unknown, not failed."
unknown_no_matching_downloaded_csv_row_and_logs_unavailable,checked-in mi300a_problem_size_discovery_plan plus active-run artifact/log snapshot,Tier 2,hotspot,benchmark-results-hotspot,completed,failure,,,,,,,488,hotspot,2560,"No per-row failure/timeout/crash conclusion is available because the run is still active and GitHub logs are unavailable; this row is unknown, not failed."
unknown_no_matching_downloaded_csv_row_and_logs_unavailable,checked-in mi300a_problem_size_discovery_plan plus active-run artifact/log snapshot,Tier 2,hotspot,benchmark-results-hotspot,completed,failure,,,,,,,489,hotspot,3072,"No per-row failure/timeout/crash conclusion is available because the run is still active and GitHub logs are unavailable; this row is unknown, not failed."
unknown_no_matching_downloaded_csv_row_and_logs_unavailable,checked-in mi300a_problem_size_discovery_plan plus active-run artifact/log snapshot,Tier 2,hotspot,benchmark-results-hotspot,completed,failure,,,,,,,490,hotspot,3584,"No per-row failure/timeout/crash conclusion is available because the run is still active and GitHub logs are unavailable; this row is unknown, not failed."
unknown_no_matching_downloaded_csv_row_and_logs_unavailable,checked-in mi300a_problem_size_discovery_plan plus active-run artifact/log snapshot,Tier 2,hotspot,benchmark-results-hotspot,completed,failure,,,,,,,491,hotspot,4096,"No per-row failure/timeout/crash conclusion is available because the run is still active and GitHub logs are unavailable; this row is unknown, not failed."
unknown_no_matching_downloaded_csv_row_and_logs_unavailable,checked-in mi300a_problem_size_discovery_plan plus active-run artifact/log snapshot,Tier 2,parboil_sgemm,benchmark-results-parboil-sgemm,completed,failure,,,,,,,498,sgemm_tiled,448,"No per-row failure/timeout/crash conclusion is available because the run is still active and GitHub logs are unavailable; this row is unknown, not failed."
unknown_no_matching_downloaded_csv_row_and_logs_unavailable,checked-in mi300a_problem_size_discovery_plan plus active-run artifact/log snapshot,Tier 2,parboil_sgemm,benchmark-results-parboil-sgemm,completed,failure,,,,,,,499,sgemm_tiled,512,"No per-row failure/timeout/crash conclusion is available because the run is still active and GitHub logs are unavailable; this row is unknown, not failed."
unknown_no_matching_downloaded_csv_row_and_logs_unavailable,checked-in mi300a_problem_size_discovery_plan plus active-run artifact/log snapshot,Tier 2,parboil_sgemm,benchmark-results-parboil-sgemm,completed,failure,,,,,,,500,sgemm_tiled,576,"No per-row failure/timeout/crash conclusion is available because the run is still active and GitHub logs are unavailable; this row is unknown, not failed."
unknown_no_matching_downloaded_csv_row_and_logs_unavailable,checked-in mi300a_problem_size_discovery_plan plus active-run artifact/log snapshot,Tier 2,parboil_sgemm,benchmark-results-parboil-sgemm,completed,failure,,,,,,,501,sgemm_tiled,640,"No per-row failure/timeout/crash conclusion is available because the run is still active and GitHub logs are unavailable; this row is unknown, not failed."
unknown_no_matching_downloaded_csv_row_and_logs_unavailable,checked-in mi300a_problem_size_discovery_plan plus active-run artifact/log snapshot,Tier 2,parboil_sgemm,benchmark-results-parboil-sgemm,completed,failure,,,,,,,502,sgemm_tiled,704,"No per-row failure/timeout/crash conclusion is available because the run is still active and GitHub logs are unavailable; this row is unknown, not failed."
unknown_no_matching_downloaded_csv_row_and_logs_unavailable,checked-in mi300a_problem_size_discovery_plan plus active-run artifact/log snapshot,Tier 2,parboil_sgemm,benchmark-results-parboil-sgemm,completed,failure,,,,,,,503,sgemm_tiled,768,"No per-row failure/timeout/crash conclusion is available because the run is still active and GitHub logs are unavailable; this row is unknown, not failed."
unknown_no_matching_downloaded_csv_row_and_logs_unavailable,checked-in mi300a_problem_size_discovery_plan plus active-run artifact/log snapshot,Tier 2,parboil_sgemm,benchmark-results-parboil-sgemm,completed,failure,,,,,,,504,sgemm_tiled,832,"No per-row failure/timeout/crash conclusion is available because the run is still active and GitHub logs are unavailable; this row is unknown, not failed."
unknown_no_matching_downloaded_csv_row_and_logs_unavailable,checked-in mi300a_problem_size_discovery_plan plus active-run artifact/log snapshot,Tier 2,parboil_sgemm,benchmark-results-parboil-sgemm,completed,failure,,,,,,,505,sgemm_tiled,896,"No per-row failure/timeout/crash conclusion is available because the run is still active and GitHub logs are unavailable; this row is unknown, not failed."
unknown_no_matching_downloaded_csv_row_and_logs_unavailable,checked-in mi300a_problem_size_discovery_plan plus active-run artifact/log snapshot,Tier 2,parboil_sgemm,benchmark-results-parboil-sgemm,completed,failure,,,,,,,506,sgemm_tiled,960,"No per-row failure/timeout/crash conclusion is available because the run is still active and GitHub logs are unavailable; this row is unknown, not failed."
unknown_no_matching_downloaded_csv_row_and_logs_unavailable,checked-in mi300a_problem_size_discovery_plan plus active-run artifact/log snapshot,Tier 2,parboil_sgemm,benchmark-results-parboil-sgemm,completed,failure,,,,,,,507,sgemm_tiled,1024,"No per-row failure/timeout/crash conclusion is available because the run is still active and GitHub logs are unavailable; this row is unknown, not failed."
unknown_no_matching_downloaded_csv_row_and_logs_unavailable,checked-in mi300a_problem_size_discovery_plan plus active-run artifact/log snapshot,Tier 2,parboil_sgemm,benchmark-results-parboil-sgemm,completed,failure,,,,,,,508,sgemm_tiled,1088,"No per-row failure/timeout/crash conclusion is available because the run is still active and GitHub logs are unavailable; this row is unknown, not failed."
unknown_no_matching_downloaded_csv_row_and_logs_unavailable,checked-in mi300a_problem_size_discovery_plan plus active-run artifact/log snapshot,Tier 2,parboil_sgemm,benchmark-results-parboil-sgemm,completed,failure,,,,,,,509,sgemm_tiled,1152,"No per-row failure/timeout/crash conclusion is available because the run is still active and GitHub logs are unavailable; this row is unknown, not failed."
unknown_no_matching_downloaded_csv_row_and_logs_unavailable,checked-in mi300a_problem_size_discovery_plan plus active-run artifact/log snapshot,Tier 2,parboil_sgemm,benchmark-results-parboil-sgemm,completed,failure,,,,,,,510,sgemm_tiled,1216,"No per-row failure/timeout/crash conclusion is available because the run is still active and GitHub logs are unavailable; this row is unknown, not failed."
unknown_no_matching_downloaded_csv_row_and_logs_unavailable,checked-in mi300a_problem_size_discovery_plan plus active-run artifact/log snapshot,Tier 2,parboil_sgemm,benchmark-results-parboil-sgemm,completed,failure,,,,,,,511,sgemm_tiled,1280,"No per-row failure/timeout/crash conclusion is available because the run is still active and GitHub logs are unavailable; this row is unknown, not failed."
unknown_no_matching_downloaded_csv_row_and_logs_unavailable,checked-in mi300a_problem_size_discovery_plan plus active-run artifact/log snapshot,Tier 2,dwt2d,benchmark-results-dwt2d,completed,failure,,,,,,,512,dwt2d,32x32,"No per-row failure/timeout/crash conclusion is available because the run is still active and GitHub logs are unavailable; this row is unknown, not failed."
unknown_no_matching_downloaded_csv_row_and_logs_unavailable,checked-in mi300a_problem_size_discovery_plan plus active-run artifact/log snapshot,Tier 2,dwt2d,benchmark-results-dwt2d,completed,failure,,,,,,,513,dwt2d,64x64,"No per-row failure/timeout/crash conclusion is available because the run is still active and GitHub logs are unavailable; this row is unknown, not failed."
unknown_no_matching_downloaded_csv_row_and_logs_unavailable,checked-in mi300a_problem_size_discovery_plan plus active-run artifact/log snapshot,Tier 2,dwt2d,benchmark-results-dwt2d,completed,failure,,,,,,,514,dwt2d,128x128,"No per-row failure/timeout/crash conclusion is available because the run is still active and GitHub logs are unavailable; this row is unknown, not failed."
unknown_no_matching_downloaded_csv_row_and_logs_unavailable,checked-in mi300a_problem_size_discovery_plan plus active-run artifact/log snapshot,Tier 2,dwt2d,benchmark-results-dwt2d,completed,failure,,,,,,,515,dwt2d,256x256,"No per-row failure/timeout/crash conclusion is available because the run is still active and GitHub logs are unavailable; this row is unknown, not failed."
unknown_no_matching_downloaded_csv_row_and_logs_unavailable,checked-in mi300a_problem_size_discovery_plan plus active-run artifact/log snapshot,Tier 2,dwt2d,benchmark-results-dwt2d,completed,failure,,,,,,,516,dwt2d,384x384,"No per-row failure/timeout/crash conclusion is available because the run is still active and GitHub logs are unavailable; this row is unknown, not failed."
unknown_no_matching_downloaded_csv_row_and_logs_unavailable,checked-in mi300a_problem_size_discovery_plan plus active-run artifact/log snapshot,Tier 2,dwt2d,benchmark-results-dwt2d,completed,failure,,,,,,,517,dwt2d,512x512,"No per-row failure/timeout/crash conclusion is available because the run is still active and GitHub logs are unavailable; this row is unknown, not failed."
unknown_no_matching_downloaded_csv_row_and_logs_unavailable,checked-in mi300a_problem_size_discovery_plan plus active-run artifact/log snapshot,Tier 2,dwt2d,benchmark-results-dwt2d,completed,failure,,,,,,,518,dwt2d,768x768,"No per-row failure/timeout/crash conclusion is available because the run is still active and GitHub logs are unavailable; this row is unknown, not failed."
unknown_no_matching_downloaded_csv_row_and_logs_unavailable,checked-in mi300a_problem_size_discovery_plan plus active-run artifact/log snapshot,Tier 2,dwt2d,benchmark-results-dwt2d,completed,failure,,,,,,,519,dwt2d,1024x1024,"No per-row failure/timeout/crash conclusion is available because the run is still active and GitHub logs are unavailable; this row is unknown, not failed."
unknown_no_matching_downloaded_csv_row_and_logs_unavailable,checked-in mi300a_problem_size_discovery_plan plus active-run artifact/log snapshot,Tier 2,dwt2d,benchmark-results-dwt2d,completed,failure,,,,,,,520,dwt2d,1280x1280,"No per-row failure/timeout/crash conclusion is available because the run is still active and GitHub logs are unavailable; this row is unknown, not failed."
unknown_no_matching_downloaded_csv_row_and_logs_unavailable,checked-in mi300a_problem_size_discovery_plan plus active-run artifact/log snapshot,Tier 2,dwt2d,benchmark-results-dwt2d,completed,failure,,,,,,,521,dwt2d,1536x1536,"No per-row failure/timeout/crash conclusion is available because the run is still active and GitHub logs are unavailable; this row is unknown, not failed."
unknown_no_matching_downloaded_csv_row_and_logs_unavailable,checked-in mi300a_problem_size_discovery_plan plus active-run artifact/log snapshot,Tier 2,dwt2d,benchmark-results-dwt2d,completed,failure,,,,,,,522,dwt2d,2048x2048,"No per-row failure/timeout/crash conclusion is available because the run is still active and GitHub logs are unavailable; this row is unknown, not failed."
unknown_no_matching_downloaded_csv_row_and_logs_unavailable,checked-in mi300a_problem_size_discovery_plan plus active-run artifact/log snapshot,Tier 2,dwt2d,benchmark-results-dwt2d,completed,failure,,,,,,,523,dwt2d,2560x2560,"No per-row failure/timeout/crash conclusion is available because the run is still active and GitHub logs are unavailable; this row is unknown, not failed."
unknown_no_matching_downloaded_csv_row_and_logs_unavailable,checked-in mi300a_problem_size_discovery_plan plus active-run artifact/log snapshot,Tier 2,dwt2d,benchmark-results-dwt2d,completed,failure,,,,,,,524,dwt2d,3072x3072,"No per-row failure/timeout/crash conclusion is available because the run is still active and GitHub logs are unavailable; this row is unknown, not failed."
unknown_no_matching_downloaded_csv_row_and_logs_unavailable,checked-in mi300a_problem_size_discovery_plan plus active-run artifact/log snapshot,Tier 2,dwt2d,benchmark-results-dwt2d,completed,failure,,,,,,,525,dwt2d,4096x4096,"No per-row failure/timeout/crash conclusion is available because the run is still active and GitHub logs are unavailable; this row is unknown, not failed."
unknown_no_matching_downloaded_csv_row_and_logs_unavailable,checked-in mi300a_problem_size_discovery_plan plus active-run artifact/log snapshot,Tier 2,dwt2d,benchmark-results-dwt2d,completed,failure,,,,,,,526,dwt2d,5120x5120,"No per-row failure/timeout/crash conclusion is available because the run is still active and GitHub logs are unavailable; this row is unknown, not failed."
unknown_no_matching_downloaded_csv_row_and_logs_unavailable,checked-in mi300a_problem_size_discovery_plan plus active-run artifact/log snapshot,Tier 2,dwt2d,benchmark-results-dwt2d,completed,failure,,,,,,,527,dwt2d,6144x6144,"No per-row failure/timeout/crash conclusion is available because the run is still active and GitHub logs are unavailable; this row is unknown, not failed."
unknown_no_matching_downloaded_csv_row_and_logs_unavailable,checked-in mi300a_problem_size_discovery_plan plus active-run artifact/log snapshot,Tier 2,dwt2d,benchmark-results-dwt2d,completed,failure,,,,,,,528,dwt2d,7168x7168,"No per-row failure/timeout/crash conclusion is available because the run is still active and GitHub logs are unavailable; this row is unknown, not failed."
unknown_no_matching_downloaded_csv_row_and_logs_unavailable,checked-in mi300a_problem_size_discovery_plan plus active-run artifact/log snapshot,Tier 2,dwt2d,benchmark-results-dwt2d,completed,failure,,,,,,,529,dwt2d,8192x8192,"No per-row failure/timeout/crash conclusion is available because the run is still active and GitHub logs are unavailable; this row is unknown, not failed."
unknown_no_matching_downloaded_csv_row_and_logs_unavailable,checked-in mi300a_problem_size_discovery_plan plus active-run artifact/log snapshot,Tier 2,atax,benchmark-results-atax,completed,failure,,,,,,,534,atax,384x384,"No per-row failure/timeout/crash conclusion is available because the run is still active and GitHub logs are unavailable; this row is unknown, not failed."
unknown_no_matching_downloaded_csv_row_and_logs_unavailable,checked-in mi300a_problem_size_discovery_plan plus active-run artifact/log snapshot,Tier 2,atax,benchmark-results-atax,completed,failure,,,,,,,535,atax,512x512,"No per-row failure/timeout/crash conclusion is available because the run is still active and GitHub logs are unavailable; this row is unknown, not failed."
unknown_no_matching_downloaded_csv_row_and_logs_unavailable,checked-in mi300a_problem_size_discovery_plan plus active-run artifact/log snapshot,Tier 2,atax,benchmark-results-atax,completed,failure,,,,,,,536,atax,640x640,"No per-row failure/timeout/crash conclusion is available because the run is still active and GitHub logs are unavailable; this row is unknown, not failed."
unknown_no_matching_downloaded_csv_row_and_logs_unavailable,checked-in mi300a_problem_size_discovery_plan plus active-run artifact/log snapshot,Tier 2,atax,benchmark-results-atax,completed,failure,,,,,,,537,atax,768x768,"No per-row failure/timeout/crash conclusion is available because the run is still active and GitHub logs are unavailable; this row is unknown, not failed."
unknown_no_matching_downloaded_csv_row_and_logs_unavailable,checked-in mi300a_problem_size_discovery_plan plus active-run artifact/log snapshot,Tier 2,atax,benchmark-results-atax,completed,failure,,,,,,,538,atax,896x896,"No per-row failure/timeout/crash conclusion is available because the run is still active and GitHub logs are unavailable; this row is unknown, not failed."
unknown_no_matching_downloaded_csv_row_and_logs_unavailable,checked-in mi300a_problem_size_discovery_plan plus active-run artifact/log snapshot,Tier 2,atax,benchmark-results-atax,completed,failure,,,,,,,539,atax,1024x1024,"No per-row failure/timeout/crash conclusion is available because the run is still active and GitHub logs are unavailable; this row is unknown, not failed."
unknown_no_matching_downloaded_csv_row_and_logs_unavailable,checked-in mi300a_problem_size_discovery_plan plus active-run artifact/log snapshot,Tier 2,atax,benchmark-results-atax,completed,failure,,,,,,,540,atax,1280x1280,"No per-row failure/timeout/crash conclusion is available because the run is still active and GitHub logs are unavailable; this row is unknown, not failed."
unknown_no_matching_downloaded_csv_row_and_logs_unavailable,checked-in mi300a_problem_size_discovery_plan plus active-run artifact/log snapshot,Tier 2,atax,benchmark-results-atax,completed,failure,,,,,,,541,atax,1536x1536,"No per-row failure/timeout/crash conclusion is available because the run is still active and GitHub logs are unavailable; this row is unknown, not failed."
unknown_no_matching_downloaded_csv_row_and_logs_unavailable,checked-in mi300a_problem_size_discovery_plan plus active-run artifact/log snapshot,Tier 2,atax,benchmark-results-atax,completed,failure,,,,,,,542,atax,1792x1792,"No per-row failure/timeout/crash conclusion is available because the run is still active and GitHub logs are unavailable; this row is unknown, not failed."
unknown_no_matching_downloaded_csv_row_and_logs_unavailable,checked-in mi300a_problem_size_discovery_plan plus active-run artifact/log snapshot,Tier 2,atax,benchmark-results-atax,completed,failure,,,,,,,543,atax,2048x2048,"No per-row failure/timeout/crash conclusion is available because the run is still active and GitHub logs are unavailable; this row is unknown, not failed."
unknown_no_matching_downloaded_csv_row_and_logs_unavailable,checked-in mi300a_problem_size_discovery_plan plus active-run artifact/log snapshot,Tier 2,atax,benchmark-results-atax,completed,failure,,,,,,,544,atax,2560x2560,"No per-row failure/timeout/crash conclusion is available because the run is still active and GitHub logs are unavailable; this row is unknown, not failed."
unknown_no_matching_downloaded_csv_row_and_logs_unavailable,checked-in mi300a_problem_size_discovery_plan plus active-run artifact/log snapshot,Tier 2,atax,benchmark-results-atax,completed,failure,,,,,,,545,atax,3072x3072,"No per-row failure/timeout/crash conclusion is available because the run is still active and GitHub logs are unavailable; this row is unknown, not failed."
unknown_no_matching_downloaded_csv_row_and_logs_unavailable,checked-in mi300a_problem_size_discovery_plan plus active-run artifact/log snapshot,Tier 2,atax,benchmark-results-atax,completed,failure,,,,,,,546,atax,3584x3584,"No per-row failure/timeout/crash conclusion is available because the run is still active and GitHub logs are unavailable; this row is unknown, not failed."
unknown_no_matching_downloaded_csv_row_and_logs_unavailable,checked-in mi300a_problem_size_discovery_plan plus active-run artifact/log snapshot,Tier 2,atax,benchmark-results-atax,completed,failure,,,,,,,547,atax,4096x4096,"No per-row failure/timeout/crash conclusion is available because the run is still active and GitHub logs are unavailable; this row is unknown, not failed."
unknown_no_matching_downloaded_csv_row_and_logs_unavailable,checked-in mi300a_problem_size_discovery_plan plus active-run artifact/log snapshot,Tier 2,bicg,benchmark-results-bicg,completed,failure,,,,,,,551,bicg,256x256,"No per-row failure/timeout/crash conclusion is available because the run is still active and GitHub logs are unavailable; this row is unknown, not failed."
unknown_no_matching_downloaded_csv_row_and_logs_unavailable,checked-in mi300a_problem_size_discovery_plan plus active-run artifact/log snapshot,Tier 2,bicg,benchmark-results-bicg,completed,failure,,,,,,,552,bicg,384x384,"No per-row failure/timeout/crash conclusion is available because the run is still active and GitHub logs are unavailable; this row is unknown, not failed."
unknown_no_matching_downloaded_csv_row_and_logs_unavailable,checked-in mi300a_problem_size_discovery_plan plus active-run artifact/log snapshot,Tier 2,bicg,benchmark-results-bicg,completed,failure,,,,,,,553,bicg,512x512,"No per-row failure/timeout/crash conclusion is available because the run is still active and GitHub logs are unavailable; this row is unknown, not failed."
unknown_no_matching_downloaded_csv_row_and_logs_unavailable,checked-in mi300a_problem_size_discovery_plan plus active-run artifact/log snapshot,Tier 2,bicg,benchmark-results-bicg,completed,failure,,,,,,,554,bicg,640x640,"No per-row failure/timeout/crash conclusion is available because the run is still active and GitHub logs are unavailable; this row is unknown, not failed."
unknown_no_matching_downloaded_csv_row_and_logs_unavailable,checked-in mi300a_problem_size_discovery_plan plus active-run artifact/log snapshot,Tier 2,bicg,benchmark-results-bicg,completed,failure,,,,,,,555,bicg,768x768,"No per-row failure/timeout/crash conclusion is available because the run is still active and GitHub logs are unavailable; this row is unknown, not failed."
unknown_no_matching_downloaded_csv_row_and_logs_unavailable,checked-in mi300a_problem_size_discovery_plan plus active-run artifact/log snapshot,Tier 2,bicg,benchmark-results-bicg,completed,failure,,,,,,,556,bicg,896x896,"No per-row failure/timeout/crash conclusion is available because the run is still active and GitHub logs are unavailable; this row is unknown, not failed."
unknown_no_matching_downloaded_csv_row_and_logs_unavailable,checked-in mi300a_problem_size_discovery_plan plus active-run artifact/log snapshot,Tier 2,bicg,benchmark-results-bicg,completed,failure,,,,,,,557,bicg,1024x1024,"No per-row failure/timeout/crash conclusion is available because the run is still active and GitHub logs are unavailable; this row is unknown, not failed."
unknown_no_matching_downloaded_csv_row_and_logs_unavailable,checked-in mi300a_problem_size_discovery_plan plus active-run artifact/log snapshot,Tier 2,bicg,benchmark-results-bicg,completed,failure,,,,,,,558,bicg,1280x1280,"No per-row failure/timeout/crash conclusion is available because the run is still active and GitHub logs are unavailable; this row is unknown, not failed."
unknown_no_matching_downloaded_csv_row_and_logs_unavailable,checked-in mi300a_problem_size_discovery_plan plus active-run artifact/log snapshot,Tier 2,bicg,benchmark-results-bicg,completed,failure,,,,,,,559,bicg,1536x1536,"No per-row failure/timeout/crash conclusion is available because the run is still active and GitHub logs are unavailable; this row is unknown, not failed."
unknown_no_matching_downloaded_csv_row_and_logs_unavailable,checked-in mi300a_problem_size_discovery_plan plus active-run artifact/log snapshot,Tier 2,bicg,benchmark-results-bicg,completed,failure,,,,,,,560,bicg,1792x1792,"No per-row failure/timeout/crash conclusion is available because the run is still active and GitHub logs are unavailable; this row is unknown, not failed."
unknown_no_matching_downloaded_csv_row_and_logs_unavailable,checked-in mi300a_problem_size_discovery_plan plus active-run artifact/log snapshot,Tier 2,bicg,benchmark-results-bicg,completed,failure,,,,,,,561,bicg,2048x2048,"No per-row failure/timeout/crash conclusion is available because the run is still active and GitHub logs are unavailable; this row is unknown, not failed."
unknown_no_matching_downloaded_csv_row_and_logs_unavailable,checked-in mi300a_problem_size_discovery_plan plus active-run artifact/log snapshot,Tier 2,bicg,benchmark-results-bicg,completed,failure,,,,,,,562,bicg,2560x2560,"No per-row failure/timeout/crash conclusion is available because the run is still active and GitHub logs are unavailable; this row is unknown, not failed."
unknown_no_matching_downloaded_csv_row_and_logs_unavailable,checked-in mi300a_problem_size_discovery_plan plus active-run artifact/log snapshot,Tier 2,bicg,benchmark-results-bicg,completed,failure,,,,,,,563,bicg,3072x3072,"No per-row failure/timeout/crash conclusion is available because the run is still active and GitHub logs are unavailable; this row is unknown, not failed."
unknown_no_matching_downloaded_csv_row_and_logs_unavailable,checked-in mi300a_problem_size_discovery_plan plus active-run artifact/log snapshot,Tier 2,bicg,benchmark-results-bicg,completed,failure,,,,,,,564,bicg,3584x3584,"No per-row failure/timeout/crash conclusion is available because the run is still active and GitHub logs are unavailable; this row is unknown, not failed."
unknown_no_matching_downloaded_csv_row_and_logs_unavailable,checked-in mi300a_problem_size_discovery_plan plus active-run artifact/log snapshot,Tier 2,bicg,benchmark-results-bicg,completed,failure,,,,,,,565,bicg,4096x4096,"No per-row failure/timeout/crash conclusion is available because the run is still active and GitHub logs are unavailable; this row is unknown, not failed."
unknown_no_matching_downloaded_csv_row_and_logs_unavailable,checked-in mi300a_problem_size_discovery_plan plus active-run artifact/log snapshot,Tier 2,bitonicsort,benchmark-results-bitonicsort,completed,failure,,,,,,,566,sort,1024,"No per-row failure/timeout/crash conclusion is available because the run is still active and GitHub logs are unavailable; this row is unknown, not failed."
unknown_no_matching_downloaded_csv_row_and_logs_unavailable,checked-in mi300a_problem_size_discovery_plan plus active-run artifact/log snapshot,Tier 2,bitonicsort,benchmark-results-bitonicsort,completed,failure,,,,,,,567,sort,2048,"No per-row failure/timeout/crash conclusion is available because the run is still active and GitHub logs are unavailable; this row is unknown, not failed."
unknown_no_matching_downloaded_csv_row_and_logs_unavailable,checked-in mi300a_problem_size_discovery_plan plus active-run artifact/log snapshot,Tier 2,bitonicsort,benchmark-results-bitonicsort,completed,failure,,,,,,,568,sort,4096,"No per-row failure/timeout/crash conclusion is available because the run is still active and GitHub logs are unavailable; this row is unknown, not failed."
unknown_no_matching_downloaded_csv_row_and_logs_unavailable,checked-in mi300a_problem_size_discovery_plan plus active-run artifact/log snapshot,Tier 2,bitonicsort,benchmark-results-bitonicsort,completed,failure,,,,,,,569,sort,8192,"No per-row failure/timeout/crash conclusion is available because the run is still active and GitHub logs are unavailable; this row is unknown, not failed."
unknown_no_matching_downloaded_csv_row_and_logs_unavailable,checked-in mi300a_problem_size_discovery_plan plus active-run artifact/log snapshot,Tier 2,bitonicsort,benchmark-results-bitonicsort,completed,failure,,,,,,,570,sort,16384,"No per-row failure/timeout/crash conclusion is available because the run is still active and GitHub logs are unavailable; this row is unknown, not failed."
unknown_no_matching_downloaded_csv_row_and_logs_unavailable,checked-in mi300a_problem_size_discovery_plan plus active-run artifact/log snapshot,Tier 2,bitonicsort,benchmark-results-bitonicsort,completed,failure,,,,,,,571,sort,32768,"No per-row failure/timeout/crash conclusion is available because the run is still active and GitHub logs are unavailable; this row is unknown, not failed."
unknown_no_matching_downloaded_csv_row_and_logs_unavailable,checked-in mi300a_problem_size_discovery_plan plus active-run artifact/log snapshot,Tier 2,bitonicsort,benchmark-results-bitonicsort,completed,failure,,,,,,,572,sort,65536,"No per-row failure/timeout/crash conclusion is available because the run is still active and GitHub logs are unavailable; this row is unknown, not failed."
unknown_no_matching_downloaded_csv_row_and_logs_unavailable,checked-in mi300a_problem_size_discovery_plan plus active-run artifact/log snapshot,Tier 2,bitonicsort,benchmark-results-bitonicsort,completed,failure,,,,,,,573,sort,131072,"No per-row failure/timeout/crash conclusion is available because the run is still active and GitHub logs are unavailable; this row is unknown, not failed."
unknown_no_matching_downloaded_csv_row_and_logs_unavailable,checked-in mi300a_problem_size_discovery_plan plus active-run artifact/log snapshot,Tier 2,bitonicsort,benchmark-results-bitonicsort,completed,failure,,,,,,,574,sort,262144,"No per-row failure/timeout/crash conclusion is available because the run is still active and GitHub logs are unavailable; this row is unknown, not failed."
unknown_no_matching_downloaded_csv_row_and_logs_unavailable,checked-in mi300a_problem_size_discovery_plan plus active-run artifact/log snapshot,Tier 2,bitonicsort,benchmark-results-bitonicsort,completed,failure,,,,,,,575,sort,524288,"No per-row failure/timeout/crash conclusion is available because the run is still active and GitHub logs are unavailable; this row is unknown, not failed."
unknown_no_matching_downloaded_csv_row_and_logs_unavailable,checked-in mi300a_problem_size_discovery_plan plus active-run artifact/log snapshot,Tier 2,bitonicsort,benchmark-results-bitonicsort,completed,failure,,,,,,,576,sort,1048576,"No per-row failure/timeout/crash conclusion is available because the run is still active and GitHub logs are unavailable; this row is unknown, not failed."
unknown_no_matching_downloaded_csv_row_and_logs_unavailable,checked-in mi300a_problem_size_discovery_plan plus active-run artifact/log snapshot,Tier 2,bitonicsort,benchmark-results-bitonicsort,completed,failure,,,,,,,577,sort,2097152,"No per-row failure/timeout/crash conclusion is available because the run is still active and GitHub logs are unavailable; this row is unknown, not failed."
unknown_no_matching_downloaded_csv_row_and_logs_unavailable,checked-in mi300a_problem_size_discovery_plan plus active-run artifact/log snapshot,Tier 2,bitonicsort,benchmark-results-bitonicsort,completed,failure,,,,,,,578,sort,4194304,"No per-row failure/timeout/crash conclusion is available because the run is still active and GitHub logs are unavailable; this row is unknown, not failed."
unknown_no_matching_downloaded_csv_row_and_logs_unavailable,checked-in mi300a_problem_size_discovery_plan plus active-run artifact/log snapshot,Tier 2,bitonicsort,benchmark-results-bitonicsort,completed,failure,,,,,,,579,sort,8388608,"No per-row failure/timeout/crash conclusion is available because the run is still active and GitHub logs are unavailable; this row is unknown, not failed."
unknown_no_matching_downloaded_csv_row_and_logs_unavailable,checked-in mi300a_problem_size_discovery_plan plus active-run artifact/log snapshot,Tier 2,bitonicsort,benchmark-results-bitonicsort,completed,failure,,,,,,,580,sort,16777216,"No per-row failure/timeout/crash conclusion is available because the run is still active and GitHub logs are unavailable; this row is unknown, not failed."
unknown_no_matching_downloaded_csv_row_and_logs_unavailable,checked-in mi300a_problem_size_discovery_plan plus active-run artifact/log snapshot,Tier 2,nw,benchmark-results-nw,completed,failure,,,,,,,589,nw,2048,"No per-row failure/timeout/crash conclusion is available because the run is still active and GitHub logs are unavailable; this row is unknown, not failed."
unknown_no_matching_downloaded_csv_row_and_logs_unavailable,checked-in mi300a_problem_size_discovery_plan plus active-run artifact/log snapshot,Tier 2,nw,benchmark-results-nw,completed,failure,,,,,,,590,nw,3072,"No per-row failure/timeout/crash conclusion is available because the run is still active and GitHub logs are unavailable; this row is unknown, not failed."
unknown_no_matching_downloaded_csv_row_and_logs_unavailable,checked-in mi300a_problem_size_discovery_plan plus active-run artifact/log snapshot,Tier 2,nw,benchmark-results-nw,completed,failure,,,,,,,591,nw,4096,"No per-row failure/timeout/crash conclusion is available because the run is still active and GitHub logs are unavailable; this row is unknown, not failed."
unknown_no_matching_downloaded_csv_row_and_logs_unavailable,checked-in mi300a_problem_size_discovery_plan plus active-run artifact/log snapshot,Tier 2,nw,benchmark-results-nw,completed,failure,,,,,,,592,nw,5120,"No per-row failure/timeout/crash conclusion is available because the run is still active and GitHub logs are unavailable; this row is unknown, not failed."
unknown_no_matching_downloaded_csv_row_and_logs_unavailable,checked-in mi300a_problem_size_discovery_plan plus active-run artifact/log snapshot,Tier 2,nw,benchmark-results-nw,completed,failure,,,,,,,593,nw,6144,"No per-row failure/timeout/crash conclusion is available because the run is still active and GitHub logs are unavailable; this row is unknown, not failed."
unknown_no_matching_downloaded_csv_row_and_logs_unavailable,checked-in mi300a_problem_size_discovery_plan plus active-run artifact/log snapshot,Tier 2,nw,benchmark-results-nw,completed,failure,,,,,,,594,nw,8192,"No per-row failure/timeout/crash conclusion is available because the run is still active and GitHub logs are unavailable; this row is unknown, not failed."
unknown_no_matching_downloaded_csv_row_and_logs_unavailable,checked-in mi300a_problem_size_discovery_plan plus active-run artifact/log snapshot,Tier 2,nw,benchmark-results-nw,completed,failure,,,,,,,595,nw,10240,"No per-row failure/timeout/crash conclusion is available because the run is still active and GitHub logs are unavailable; this row is unknown, not failed."
unknown_no_matching_downloaded_csv_row_and_logs_unavailable,checked-in mi300a_problem_size_discovery_plan plus active-run artifact/log snapshot,Tier 2,nw,benchmark-results-nw,completed,failure,,,,,,,596,nw,12288,"No per-row failure/timeout/crash conclusion is available because the run is still active and GitHub logs are unavailable; this row is unknown, not failed."
unknown_no_matching_downloaded_csv_row_and_logs_unavailable,checked-in mi300a_problem_size_discovery_plan plus active-run artifact/log snapshot,Tier 2,nw,benchmark-results-nw,completed,failure,,,,,,,597,nw,16384,"No per-row failure/timeout/crash conclusion is available because the run is still active and GitHub logs are unavailable; this row is unknown, not failed."
unknown_no_matching_downloaded_csv_row_and_logs_unavailable,checked-in mi300a_problem_size_discovery_plan plus active-run artifact/log snapshot,Tier 2,pagerank,benchmark-results-pagerank,completed,failure,,,,,,,601,pagerank,1024,"No per-row failure/timeout/crash conclusion is available because the run is still active and GitHub logs are unavailable; this row is unknown, not failed."
unknown_no_matching_downloaded_csv_row_and_logs_unavailable,checked-in mi300a_problem_size_discovery_plan plus active-run artifact/log snapshot,Tier 2,pagerank,benchmark-results-pagerank,completed,failure,,,,,,,602,pagerank,2048,"No per-row failure/timeout/crash conclusion is available because the run is still active and GitHub logs are unavailable; this row is unknown, not failed."
unknown_no_matching_downloaded_csv_row_and_logs_unavailable,checked-in mi300a_problem_size_discovery_plan plus active-run artifact/log snapshot,Tier 2,pagerank,benchmark-results-pagerank,completed,failure,,,,,,,603,pagerank,4096,"No per-row failure/timeout/crash conclusion is available because the run is still active and GitHub logs are unavailable; this row is unknown, not failed."
unknown_no_matching_downloaded_csv_row_and_logs_unavailable,checked-in mi300a_problem_size_discovery_plan plus active-run artifact/log snapshot,Tier 2,pagerank,benchmark-results-pagerank,completed,failure,,,,,,,604,pagerank,6144,"No per-row failure/timeout/crash conclusion is available because the run is still active and GitHub logs are unavailable; this row is unknown, not failed."
unknown_no_matching_downloaded_csv_row_and_logs_unavailable,checked-in mi300a_problem_size_discovery_plan plus active-run artifact/log snapshot,Tier 2,pagerank,benchmark-results-pagerank,completed,failure,,,,,,,605,pagerank,8192,"No per-row failure/timeout/crash conclusion is available because the run is still active and GitHub logs are unavailable; this row is unknown, not failed."
unknown_no_matching_downloaded_csv_row_and_logs_unavailable,checked-in mi300a_problem_size_discovery_plan plus active-run artifact/log snapshot,Tier 2,pagerank,benchmark-results-pagerank,completed,failure,,,,,,,606,pagerank,12288,"No per-row failure/timeout/crash conclusion is available because the run is still active and GitHub logs are unavailable; this row is unknown, not failed."
unknown_no_matching_downloaded_csv_row_and_logs_unavailable,checked-in mi300a_problem_size_discovery_plan plus active-run artifact/log snapshot,Tier 2,pagerank,benchmark-results-pagerank,completed,failure,,,,,,,607,pagerank,16384,"No per-row failure/timeout/crash conclusion is available because the run is still active and GitHub logs are unavailable; this row is unknown, not failed."
unknown_no_matching_downloaded_csv_row_and_logs_unavailable,checked-in mi300a_problem_size_discovery_plan plus active-run artifact/log snapshot,Tier 2,pagerank,benchmark-results-pagerank,completed,failure,,,,,,,608,pagerank,24576,"No per-row failure/timeout/crash conclusion is available because the run is still active and GitHub logs are unavailable; this row is unknown, not failed."
unknown_no_matching_downloaded_csv_row_and_logs_unavailable,checked-in mi300a_problem_size_discovery_plan plus active-run artifact/log snapshot,Tier 2,pagerank,benchmark-results-pagerank,completed,failure,,,,,,,609,pagerank,32768,"No per-row failure/timeout/crash conclusion is available because the run is still active and GitHub logs are unavailable; this row is unknown, not failed."
unknown_no_matching_downloaded_csv_row_and_logs_unavailable,checked-in mi300a_problem_size_discovery_plan plus active-run artifact/log snapshot,Tier 2,pagerank,benchmark-results-pagerank,completed,failure,,,,,,,610,pagerank,49152,"No per-row failure/timeout/crash conclusion is available because the run is still active and GitHub logs are unavailable; this row is unknown, not failed."
unknown_no_matching_downloaded_csv_row_and_logs_unavailable,checked-in mi300a_problem_size_discovery_plan plus active-run artifact/log snapshot,Tier 2,pagerank,benchmark-results-pagerank,completed,failure,,,,,,,611,pagerank,65536,"No per-row failure/timeout/crash conclusion is available because the run is still active and GitHub logs are unavailable; this row is unknown, not failed."
unknown_no_matching_downloaded_csv_row_and_logs_unavailable,checked-in mi300a_problem_size_discovery_plan plus active-run artifact/log snapshot,Tier 2,pagerank,benchmark-results-pagerank,completed,failure,,,,,,,612,pagerank,98304,"No per-row failure/timeout/crash conclusion is available because the run is still active and GitHub logs are unavailable; this row is unknown, not failed."
unknown_no_matching_downloaded_csv_row_and_logs_unavailable,checked-in mi300a_problem_size_discovery_plan plus active-run artifact/log snapshot,Tier 2,pagerank,benchmark-results-pagerank,completed,failure,,,,,,,613,pagerank,262144,"No per-row failure/timeout/crash conclusion is available because the run is still active and GitHub logs are unavailable; this row is unknown, not failed."
unknown_no_matching_downloaded_csv_row_and_logs_unavailable,checked-in mi300a_problem_size_discovery_plan plus active-run artifact/log snapshot,Tier 2,kmeans,benchmark-results-kmeans,completed,failure,,,,,,,620,kmeans,65536,"No per-row failure/timeout/crash conclusion is available because the run is still active and GitHub logs are unavailable; this row is unknown, not failed."
unknown_no_matching_downloaded_csv_row_and_logs_unavailable,checked-in mi300a_problem_size_discovery_plan plus active-run artifact/log snapshot,Tier 2,kmeans,benchmark-results-kmeans,completed,failure,,,,,,,621,kmeans,131072,"No per-row failure/timeout/crash conclusion is available because the run is still active and GitHub logs are unavailable; this row is unknown, not failed."
unknown_no_matching_downloaded_csv_row_and_logs_unavailable,checked-in mi300a_problem_size_discovery_plan plus active-run artifact/log snapshot,Tier 2,kmeans,benchmark-results-kmeans,completed,failure,,,,,,,622,kmeans,262144,"No per-row failure/timeout/crash conclusion is available because the run is still active and GitHub logs are unavailable; this row is unknown, not failed."
unknown_no_matching_downloaded_csv_row_and_logs_unavailable,checked-in mi300a_problem_size_discovery_plan plus active-run artifact/log snapshot,Tier 2,kmeans,benchmark-results-kmeans,completed,failure,,,,,,,623,kmeans,524288,"No per-row failure/timeout/crash conclusion is available because the run is still active and GitHub logs are unavailable; this row is unknown, not failed."
unknown_no_matching_downloaded_csv_row_and_logs_unavailable,checked-in mi300a_problem_size_discovery_plan plus active-run artifact/log snapshot,Tier 2,kmeans,benchmark-results-kmeans,completed,failure,,,,,,,624,kmeans,786432,"No per-row failure/timeout/crash conclusion is available because the run is still active and GitHub logs are unavailable; this row is unknown, not failed."
unknown_no_matching_downloaded_csv_row_and_logs_unavailable,checked-in mi300a_problem_size_discovery_plan plus active-run artifact/log snapshot,Tier 2,kmeans,benchmark-results-kmeans,completed,failure,,,,,,,625,kmeans,1048576,"No per-row failure/timeout/crash conclusion is available because the run is still active and GitHub logs are unavailable; this row is unknown, not failed."
unknown_no_matching_downloaded_csv_row_and_logs_unavailable,checked-in mi300a_problem_size_discovery_plan plus active-run artifact/log snapshot,Tier 2,kmeans,benchmark-results-kmeans,completed,failure,,,,,,,626,kmeans,1572864,"No per-row failure/timeout/crash conclusion is available because the run is still active and GitHub logs are unavailable; this row is unknown, not failed."
unknown_no_matching_downloaded_csv_row_and_logs_unavailable,checked-in mi300a_problem_size_discovery_plan plus active-run artifact/log snapshot,Tier 2,kmeans,benchmark-results-kmeans,completed,failure,,,,,,,627,kmeans,2097152,"No per-row failure/timeout/crash conclusion is available because the run is still active and GitHub logs are unavailable; this row is unknown, not failed."
unknown_no_matching_downloaded_csv_row_and_logs_unavailable,checked-in mi300a_problem_size_discovery_plan plus active-run artifact/log snapshot,Tier 2,kmeans,benchmark-results-kmeans,completed,failure,,,,,,,628,kmeans,3145728,"No per-row failure/timeout/crash conclusion is available because the run is still active and GitHub logs are unavailable; this row is unknown, not failed."
unknown_no_matching_downloaded_csv_row_and_logs_unavailable,checked-in mi300a_problem_size_discovery_plan plus active-run artifact/log snapshot,Tier 2,kmeans,benchmark-results-kmeans,completed,failure,,,,,,,629,kmeans,4194304,"No per-row failure/timeout/crash conclusion is available because the run is still active and GitHub logs are unavailable; this row is unknown, not failed."
unknown_no_matching_downloaded_csv_row_and_logs_unavailable,checked-in mi300a_problem_size_discovery_plan plus active-run artifact/log snapshot,Tier 2,bfs,benchmark-results-bfs,completed,failure,,,,,,,641,bfs,786432,"No per-row failure/timeout/crash conclusion is available because the run is still active and GitHub logs are unavailable; this row is unknown, not failed."
unknown_no_matching_downloaded_csv_row_and_logs_unavailable,checked-in mi300a_problem_size_discovery_plan plus active-run artifact/log snapshot,Tier 2,bfs,benchmark-results-bfs,completed,failure,,,,,,,642,bfs,1048576,"No per-row failure/timeout/crash conclusion is available because the run is still active and GitHub logs are unavailable; this row is unknown, not failed."
unknown_no_matching_downloaded_csv_row_and_logs_unavailable,checked-in mi300a_problem_size_discovery_plan plus active-run artifact/log snapshot,Tier 2,bfs,benchmark-results-bfs,completed,failure,,,,,,,643,bfs,1572864,"No per-row failure/timeout/crash conclusion is available because the run is still active and GitHub logs are unavailable; this row is unknown, not failed."
unknown_no_matching_downloaded_csv_row_and_logs_unavailable,checked-in mi300a_problem_size_discovery_plan plus active-run artifact/log snapshot,Tier 2,bfs,benchmark-results-bfs,completed,failure,,,,,,,644,bfs,2097152,"No per-row failure/timeout/crash conclusion is available because the run is still active and GitHub logs are unavailable; this row is unknown, not failed."
unknown_no_matching_downloaded_csv_row_and_logs_unavailable,checked-in mi300a_problem_size_discovery_plan plus active-run artifact/log snapshot,Tier 2,bfs,benchmark-results-bfs,completed,failure,,,,,,,645,bfs,2621440,"No per-row failure/timeout/crash conclusion is available because the run is still active and GitHub logs are unavailable; this row is unknown, not failed."
unknown_no_matching_downloaded_csv_row_and_logs_unavailable,checked-in mi300a_problem_size_discovery_plan plus active-run artifact/log snapshot,Tier 2,bfs,benchmark-results-bfs,completed,failure,,,,,,,646,bfs,3145728,"No per-row failure/timeout/crash conclusion is available because the run is still active and GitHub logs are unavailable; this row is unknown, not failed."
unknown_no_matching_downloaded_csv_row_and_logs_unavailable,checked-in mi300a_problem_size_discovery_plan plus active-run artifact/log snapshot,Tier 2,bfs,benchmark-results-bfs,completed,failure,,,,,,,647,bfs,4194304,"No per-row failure/timeout/crash conclusion is available because the run is still active and GitHub logs are unavailable; this row is unknown, not failed."
unknown_no_matching_downloaded_csv_row_and_logs_unavailable,checked-in mi300a_problem_size_discovery_plan plus active-run artifact/log snapshot,Tier 2,3mm,benchmark-results-3mm,completed,failure,,,,,,,650,3mm,192,"No per-row failure/timeout/crash conclusion is available because the run is still active and GitHub logs are unavailable; this row is unknown, not failed."
unknown_no_matching_downloaded_csv_row_and_logs_unavailable,checked-in mi300a_problem_size_discovery_plan plus active-run artifact/log snapshot,Tier 2,3mm,benchmark-results-3mm,completed,failure,,,,,,,651,3mm,256,"No per-row failure/timeout/crash conclusion is available because the run is still active and GitHub logs are unavailable; this row is unknown, not failed."
unknown_no_matching_downloaded_csv_row_and_logs_unavailable,checked-in mi300a_problem_size_discovery_plan plus active-run artifact/log snapshot,Tier 2,3mm,benchmark-results-3mm,completed,failure,,,,,,,652,3mm,384,"No per-row failure/timeout/crash conclusion is available because the run is still active and GitHub logs are unavailable; this row is unknown, not failed."
unknown_no_matching_downloaded_csv_row_and_logs_unavailable,checked-in mi300a_problem_size_discovery_plan plus active-run artifact/log snapshot,Tier 2,3mm,benchmark-results-3mm,completed,failure,,,,,,,653,3mm,512,"No per-row failure/timeout/crash conclusion is available because the run is still active and GitHub logs are unavailable; this row is unknown, not failed."
unknown_no_matching_downloaded_csv_row_and_logs_unavailable,checked-in mi300a_problem_size_discovery_plan plus active-run artifact/log snapshot,Tier 2,3mm,benchmark-results-3mm,completed,failure,,,,,,,654,3mm,640,"No per-row failure/timeout/crash conclusion is available because the run is still active and GitHub logs are unavailable; this row is unknown, not failed."
unknown_no_matching_downloaded_csv_row_and_logs_unavailable,checked-in mi300a_problem_size_discovery_plan plus active-run artifact/log snapshot,Tier 2,3mm,benchmark-results-3mm,completed,failure,,,,,,,655,3mm,768,"No per-row failure/timeout/crash conclusion is available because the run is still active and GitHub logs are unavailable; this row is unknown, not failed."
unknown_no_matching_downloaded_csv_row_and_logs_unavailable,checked-in mi300a_problem_size_discovery_plan plus active-run artifact/log snapshot,Tier 2,3mm,benchmark-results-3mm,completed,failure,,,,,,,656,3mm,896,"No per-row failure/timeout/crash conclusion is available because the run is still active and GitHub logs are unavailable; this row is unknown, not failed."
unknown_no_matching_downloaded_csv_row_and_logs_unavailable,checked-in mi300a_problem_size_discovery_plan plus active-run artifact/log snapshot,Tier 2,3mm,benchmark-results-3mm,completed,failure,,,,,,,657,3mm,1024,"No per-row failure/timeout/crash conclusion is available because the run is still active and GitHub logs are unavailable; this row is unknown, not failed."
unknown_no_matching_downloaded_csv_row_and_logs_unavailable,checked-in mi300a_problem_size_discovery_plan plus active-run artifact/log snapshot,Tier 2,3mm,benchmark-results-3mm,completed,failure,,,,,,,658,3mm,1280,"No per-row failure/timeout/crash conclusion is available because the run is still active and GitHub logs are unavailable; this row is unknown, not failed."
unknown_no_matching_downloaded_csv_row_and_logs_unavailable,checked-in mi300a_problem_size_discovery_plan plus active-run artifact/log snapshot,Tier 2,3mm,benchmark-results-3mm,completed,failure,,,,,,,659,3mm,1536,"No per-row failure/timeout/crash conclusion is available because the run is still active and GitHub logs are unavailable; this row is unknown, not failed."
unknown_no_matching_downloaded_csv_row_and_logs_unavailable,checked-in mi300a_problem_size_discovery_plan plus active-run artifact/log snapshot,Tier 2,3mm,benchmark-results-3mm,completed,failure,,,,,,,660,3mm,1792,"No per-row failure/timeout/crash conclusion is available because the run is still active and GitHub logs are unavailable; this row is unknown, not failed."
unknown_no_matching_downloaded_csv_row_and_logs_unavailable,checked-in mi300a_problem_size_discovery_plan plus active-run artifact/log snapshot,Tier 2,3mm,benchmark-results-3mm,completed,failure,,,,,,,661,3mm,2048,"No per-row failure/timeout/crash conclusion is available because the run is still active and GitHub logs are unavailable; this row is unknown, not failed."
unknown_no_matching_downloaded_csv_row_and_logs_unavailable,checked-in mi300a_problem_size_discovery_plan plus active-run artifact/log snapshot,Tier 2,3mm,benchmark-results-3mm,completed,failure,,,,,,,662,3mm,2560,"No per-row failure/timeout/crash conclusion is available because the run is still active and GitHub logs are unavailable; this row is unknown, not failed."
unknown_no_matching_downloaded_csv_row_and_logs_unavailable,checked-in mi300a_problem_size_discovery_plan plus active-run artifact/log snapshot,Tier 2,3mm,benchmark-results-3mm,completed,failure,,,,,,,663,3mm,3072,"No per-row failure/timeout/crash conclusion is available because the run is still active and GitHub logs are unavailable; this row is unknown, not failed."
unknown_no_matching_downloaded_csv_row_and_logs_unavailable,checked-in mi300a_problem_size_discovery_plan plus active-run artifact/log snapshot,Tier 2,3mm,benchmark-results-3mm,completed,failure,,,,,,,664,3mm,3584,"No per-row failure/timeout/crash conclusion is available because the run is still active and GitHub logs are unavailable; this row is unknown, not failed."
unknown_no_matching_downloaded_csv_row_and_logs_unavailable,checked-in mi300a_problem_size_discovery_plan plus active-run artifact/log snapshot,Tier 2,3mm,benchmark-results-3mm,completed,failure,,,,,,,665,3mm,4096,"No per-row failure/timeout/crash conclusion is available because the run is still active and GitHub logs are unavailable; this row is unknown, not failed."
unknown_no_matching_downloaded_csv_row_and_logs_unavailable,checked-in mi300a_problem_size_discovery_plan plus active-run artifact/log snapshot,Tier 2,correlation,benchmark-results-correlation,completed,failure,,,,,,,670,correlation,384x384,"No per-row failure/timeout/crash conclusion is available because the run is still active and GitHub logs are unavailable; this row is unknown, not failed."
unknown_no_matching_downloaded_csv_row_and_logs_unavailable,checked-in mi300a_problem_size_discovery_plan plus active-run artifact/log snapshot,Tier 2,correlation,benchmark-results-correlation,completed,failure,,,,,,,671,correlation,512x512,"No per-row failure/timeout/crash conclusion is available because the run is still active and GitHub logs are unavailable; this row is unknown, not failed."
unknown_no_matching_downloaded_csv_row_and_logs_unavailable,checked-in mi300a_problem_size_discovery_plan plus active-run artifact/log snapshot,Tier 2,correlation,benchmark-results-correlation,completed,failure,,,,,,,672,correlation,640x640,"No per-row failure/timeout/crash conclusion is available because the run is still active and GitHub logs are unavailable; this row is unknown, not failed."
unknown_no_matching_downloaded_csv_row_and_logs_unavailable,checked-in mi300a_problem_size_discovery_plan plus active-run artifact/log snapshot,Tier 2,correlation,benchmark-results-correlation,completed,failure,,,,,,,673,correlation,768x768,"No per-row failure/timeout/crash conclusion is available because the run is still active and GitHub logs are unavailable; this row is unknown, not failed."
unknown_no_matching_downloaded_csv_row_and_logs_unavailable,checked-in mi300a_problem_size_discovery_plan plus active-run artifact/log snapshot,Tier 2,correlation,benchmark-results-correlation,completed,failure,,,,,,,674,correlation,896x896,"No per-row failure/timeout/crash conclusion is available because the run is still active and GitHub logs are unavailable; this row is unknown, not failed."
unknown_no_matching_downloaded_csv_row_and_logs_unavailable,checked-in mi300a_problem_size_discovery_plan plus active-run artifact/log snapshot,Tier 2,correlation,benchmark-results-correlation,completed,failure,,,,,,,675,correlation,1024x1024,"No per-row failure/timeout/crash conclusion is available because the run is still active and GitHub logs are unavailable; this row is unknown, not failed."
unknown_no_matching_downloaded_csv_row_and_logs_unavailable,checked-in mi300a_problem_size_discovery_plan plus active-run artifact/log snapshot,Tier 2,correlation,benchmark-results-correlation,completed,failure,,,,,,,676,correlation,1280x1280,"No per-row failure/timeout/crash conclusion is available because the run is still active and GitHub logs are unavailable; this row is unknown, not failed."
unknown_no_matching_downloaded_csv_row_and_logs_unavailable,checked-in mi300a_problem_size_discovery_plan plus active-run artifact/log snapshot,Tier 2,correlation,benchmark-results-correlation,completed,failure,,,,,,,677,correlation,1536x1536,"No per-row failure/timeout/crash conclusion is available because the run is still active and GitHub logs are unavailable; this row is unknown, not failed."
unknown_no_matching_downloaded_csv_row_and_logs_unavailable,checked-in mi300a_problem_size_discovery_plan plus active-run artifact/log snapshot,Tier 2,correlation,benchmark-results-correlation,completed,failure,,,,,,,678,correlation,1792x1792,"No per-row failure/timeout/crash conclusion is available because the run is still active and GitHub logs are unavailable; this row is unknown, not failed."
unknown_no_matching_downloaded_csv_row_and_logs_unavailable,checked-in mi300a_problem_size_discovery_plan plus active-run artifact/log snapshot,Tier 2,correlation,benchmark-results-correlation,completed,failure,,,,,,,679,correlation,2048x2048,"No per-row failure/timeout/crash conclusion is available because the run is still active and GitHub logs are unavailable; this row is unknown, not failed."
unknown_no_matching_downloaded_csv_row_and_logs_unavailable,checked-in mi300a_problem_size_discovery_plan plus active-run artifact/log snapshot,Tier 2,correlation,benchmark-results-correlation,completed,failure,,,,,,,680,correlation,2560x2560,"No per-row failure/timeout/crash conclusion is available because the run is still active and GitHub logs are unavailable; this row is unknown, not failed."
unknown_no_matching_downloaded_csv_row_and_logs_unavailable,checked-in mi300a_problem_size_discovery_plan plus active-run artifact/log snapshot,Tier 2,correlation,benchmark-results-correlation,completed,failure,,,,,,,681,correlation,3072x3072,"No per-row failure/timeout/crash conclusion is available because the run is still active and GitHub logs are unavailable; this row is unknown, not failed."
unknown_no_matching_downloaded_csv_row_and_logs_unavailable,checked-in mi300a_problem_size_discovery_plan plus active-run artifact/log snapshot,Tier 2,correlation,benchmark-results-correlation,completed,failure,,,,,,,682,correlation,3584x3584,"No per-row failure/timeout/crash conclusion is available because the run is still active and GitHub logs are unavailable; this row is unknown, not failed."
unknown_no_matching_downloaded_csv_row_and_logs_unavailable,checked-in mi300a_problem_size_discovery_plan plus active-run artifact/log snapshot,Tier 2,correlation,benchmark-results-correlation,completed,failure,,,,,,,683,correlation,4096x4096,"No per-row failure/timeout/crash conclusion is available because the run is still active and GitHub logs are unavailable; this row is unknown, not failed."
unknown_no_matching_downloaded_csv_row_and_logs_unavailable,checked-in mi300a_problem_size_discovery_plan plus active-run artifact/log snapshot,Tier 2,covariance,benchmark-results-covariance,completed,failure,,,,,,,688,covariance,384x384,"No per-row failure/timeout/crash conclusion is available because the run is still active and GitHub logs are unavailable; this row is unknown, not failed."
unknown_no_matching_downloaded_csv_row_and_logs_unavailable,checked-in mi300a_problem_size_discovery_plan plus active-run artifact/log snapshot,Tier 2,covariance,benchmark-results-covariance,completed,failure,,,,,,,689,covariance,512x512,"No per-row failure/timeout/crash conclusion is available because the run is still active and GitHub logs are unavailable; this row is unknown, not failed."
unknown_no_matching_downloaded_csv_row_and_logs_unavailable,checked-in mi300a_problem_size_discovery_plan plus active-run artifact/log snapshot,Tier 2,covariance,benchmark-results-covariance,completed,failure,,,,,,,690,covariance,640x640,"No per-row failure/timeout/crash conclusion is available because the run is still active and GitHub logs are unavailable; this row is unknown, not failed."
unknown_no_matching_downloaded_csv_row_and_logs_unavailable,checked-in mi300a_problem_size_discovery_plan plus active-run artifact/log snapshot,Tier 2,covariance,benchmark-results-covariance,completed,failure,,,,,,,691,covariance,768x768,"No per-row failure/timeout/crash conclusion is available because the run is still active and GitHub logs are unavailable; this row is unknown, not failed."
unknown_no_matching_downloaded_csv_row_and_logs_unavailable,checked-in mi300a_problem_size_discovery_plan plus active-run artifact/log snapshot,Tier 2,covariance,benchmark-results-covariance,completed,failure,,,,,,,692,covariance,896x896,"No per-row failure/timeout/crash conclusion is available because the run is still active and GitHub logs are unavailable; this row is unknown, not failed."
unknown_no_matching_downloaded_csv_row_and_logs_unavailable,checked-in mi300a_problem_size_discovery_plan plus active-run artifact/log snapshot,Tier 2,covariance,benchmark-results-covariance,completed,failure,,,,,,,693,covariance,1024x1024,"No per-row failure/timeout/crash conclusion is available because the run is still active and GitHub logs are unavailable; this row is unknown, not failed."
unknown_no_matching_downloaded_csv_row_and_logs_unavailable,checked-in mi300a_problem_size_discovery_plan plus active-run artifact/log snapshot,Tier 2,covariance,benchmark-results-covariance,completed,failure,,,,,,,694,covariance,1280x1280,"No per-row failure/timeout/crash conclusion is available because the run is still active and GitHub logs are unavailable; this row is unknown, not failed."
unknown_no_matching_downloaded_csv_row_and_logs_unavailable,checked-in mi300a_problem_size_discovery_plan plus active-run artifact/log snapshot,Tier 2,covariance,benchmark-results-covariance,completed,failure,,,,,,,695,covariance,1536x1536,"No per-row failure/timeout/crash conclusion is available because the run is still active and GitHub logs are unavailable; this row is unknown, not failed."
unknown_no_matching_downloaded_csv_row_and_logs_unavailable,checked-in mi300a_problem_size_discovery_plan plus active-run artifact/log snapshot,Tier 2,covariance,benchmark-results-covariance,completed,failure,,,,,,,696,covariance,1792x1792,"No per-row failure/timeout/crash conclusion is available because the run is still active and GitHub logs are unavailable; this row is unknown, not failed."
unknown_no_matching_downloaded_csv_row_and_logs_unavailable,checked-in mi300a_problem_size_discovery_plan plus active-run artifact/log snapshot,Tier 2,covariance,benchmark-results-covariance,completed,failure,,,,,,,697,covariance,2048x2048,"No per-row failure/timeout/crash conclusion is available because the run is still active and GitHub logs are unavailable; this row is unknown, not failed."
unknown_no_matching_downloaded_csv_row_and_logs_unavailable,checked-in mi300a_problem_size_discovery_plan plus active-run artifact/log snapshot,Tier 2,covariance,benchmark-results-covariance,completed,failure,,,,,,,698,covariance,2560x2560,"No per-row failure/timeout/crash conclusion is available because the run is still active and GitHub logs are unavailable; this row is unknown, not failed."
unknown_no_matching_downloaded_csv_row_and_logs_unavailable,checked-in mi300a_problem_size_discovery_plan plus active-run artifact/log snapshot,Tier 2,covariance,benchmark-results-covariance,completed,failure,,,,,,,699,covariance,3072x3072,"No per-row failure/timeout/crash conclusion is available because the run is still active and GitHub logs are unavailable; this row is unknown, not failed."
unknown_no_matching_downloaded_csv_row_and_logs_unavailable,checked-in mi300a_problem_size_discovery_plan plus active-run artifact/log snapshot,Tier 2,covariance,benchmark-results-covariance,completed,failure,,,,,,,700,covariance,3584x3584,"No per-row failure/timeout/crash conclusion is available because the run is still active and GitHub logs are unavailable; this row is unknown, not failed."
unknown_no_matching_downloaded_csv_row_and_logs_unavailable,checked-in mi300a_problem_size_discovery_plan plus active-run artifact/log snapshot,Tier 2,covariance,benchmark-results-covariance,completed,failure,,,,,,,701,covariance,4096x4096,"No per-row failure/timeout/crash conclusion is available because the run is still active and GitHub logs are unavailable; this row is unknown, not failed."
unknown_no_matching_downloaded_csv_row_and_logs_unavailable,checked-in mi300a_problem_size_discovery_plan plus active-run artifact/log snapshot,Tier 2,fdtd2d,benchmark-results-fdtd2d,completed,failure,,,,,,,706,fdtd2d,384,"No per-row failure/timeout/crash conclusion is available because the run is still active and GitHub logs are unavailable; this row is unknown, not failed."
unknown_no_matching_downloaded_csv_row_and_logs_unavailable,checked-in mi300a_problem_size_discovery_plan plus active-run artifact/log snapshot,Tier 2,fdtd2d,benchmark-results-fdtd2d,completed,failure,,,,,,,707,fdtd2d,512,"No per-row failure/timeout/crash conclusion is available because the run is still active and GitHub logs are unavailable; this row is unknown, not failed."
unknown_no_matching_downloaded_csv_row_and_logs_unavailable,checked-in mi300a_problem_size_discovery_plan plus active-run artifact/log snapshot,Tier 2,fdtd2d,benchmark-results-fdtd2d,completed,failure,,,,,,,708,fdtd2d,640,"No per-row failure/timeout/crash conclusion is available because the run is still active and GitHub logs are unavailable; this row is unknown, not failed."
unknown_no_matching_downloaded_csv_row_and_logs_unavailable,checked-in mi300a_problem_size_discovery_plan plus active-run artifact/log snapshot,Tier 2,fdtd2d,benchmark-results-fdtd2d,completed,failure,,,,,,,709,fdtd2d,768,"No per-row failure/timeout/crash conclusion is available because the run is still active and GitHub logs are unavailable; this row is unknown, not failed."
unknown_no_matching_downloaded_csv_row_and_logs_unavailable,checked-in mi300a_problem_size_discovery_plan plus active-run artifact/log snapshot,Tier 2,fdtd2d,benchmark-results-fdtd2d,completed,failure,,,,,,,710,fdtd2d,896,"No per-row failure/timeout/crash conclusion is available because the run is still active and GitHub logs are unavailable; this row is unknown, not failed."
unknown_no_matching_downloaded_csv_row_and_logs_unavailable,checked-in mi300a_problem_size_discovery_plan plus active-run artifact/log snapshot,Tier 2,fdtd2d,benchmark-results-fdtd2d,completed,failure,,,,,,,711,fdtd2d,1024,"No per-row failure/timeout/crash conclusion is available because the run is still active and GitHub logs are unavailable; this row is unknown, not failed."
unknown_no_matching_downloaded_csv_row_and_logs_unavailable,checked-in mi300a_problem_size_discovery_plan plus active-run artifact/log snapshot,Tier 2,fdtd2d,benchmark-results-fdtd2d,completed,failure,,,,,,,712,fdtd2d,1280,"No per-row failure/timeout/crash conclusion is available because the run is still active and GitHub logs are unavailable; this row is unknown, not failed."
unknown_no_matching_downloaded_csv_row_and_logs_unavailable,checked-in mi300a_problem_size_discovery_plan plus active-run artifact/log snapshot,Tier 2,fdtd2d,benchmark-results-fdtd2d,completed,failure,,,,,,,713,fdtd2d,1536,"No per-row failure/timeout/crash conclusion is available because the run is still active and GitHub logs are unavailable; this row is unknown, not failed."
unknown_no_matching_downloaded_csv_row_and_logs_unavailable,checked-in mi300a_problem_size_discovery_plan plus active-run artifact/log snapshot,Tier 2,fdtd2d,benchmark-results-fdtd2d,completed,failure,,,,,,,714,fdtd2d,1792,"No per-row failure/timeout/crash conclusion is available because the run is still active and GitHub logs are unavailable; this row is unknown, not failed."
unknown_no_matching_downloaded_csv_row_and_logs_unavailable,checked-in mi300a_problem_size_discovery_plan plus active-run artifact/log snapshot,Tier 2,fdtd2d,benchmark-results-fdtd2d,completed,failure,,,,,,,715,fdtd2d,2048,"No per-row failure/timeout/crash conclusion is available because the run is still active and GitHub logs are unavailable; this row is unknown, not failed."
unknown_no_matching_downloaded_csv_row_and_logs_unavailable,checked-in mi300a_problem_size_discovery_plan plus active-run artifact/log snapshot,Tier 2,fdtd2d,benchmark-results-fdtd2d,completed,failure,,,,,,,716,fdtd2d,2560,"No per-row failure/timeout/crash conclusion is available because the run is still active and GitHub logs are unavailable; this row is unknown, not failed."
unknown_no_matching_downloaded_csv_row_and_logs_unavailable,checked-in mi300a_problem_size_discovery_plan plus active-run artifact/log snapshot,Tier 2,fdtd2d,benchmark-results-fdtd2d,completed,failure,,,,,,,717,fdtd2d,3072,"No per-row failure/timeout/crash conclusion is available because the run is still active and GitHub logs are unavailable; this row is unknown, not failed."
unknown_no_matching_downloaded_csv_row_and_logs_unavailable,checked-in mi300a_problem_size_discovery_plan plus active-run artifact/log snapshot,Tier 2,fdtd2d,benchmark-results-fdtd2d,completed,failure,,,,,,,718,fdtd2d,3584,"No per-row failure/timeout/crash conclusion is available because the run is still active and GitHub logs are unavailable; this row is unknown, not failed."
unknown_no_matching_downloaded_csv_row_and_logs_unavailable,checked-in mi300a_problem_size_discovery_plan plus active-run artifact/log snapshot,Tier 2,fdtd2d,benchmark-results-fdtd2d,completed,failure,,,,,,,719,fdtd2d,4096,"No per-row failure/timeout/crash conclusion is available because the run is still active and GitHub logs are unavailable; this row is unknown, not failed."
unknown_no_matching_downloaded_csv_row_and_logs_unavailable,checked-in mi300a_problem_size_discovery_plan plus active-run artifact/log snapshot,Tier 2,gesummv,benchmark-results-gesummv,completed,failure,,,,,,,722,gesummv,192,"No per-row failure/timeout/crash conclusion is available because the run is still active and GitHub logs are unavailable; this row is unknown, not failed."
unknown_no_matching_downloaded_csv_row_and_logs_unavailable,checked-in mi300a_problem_size_discovery_plan plus active-run artifact/log snapshot,Tier 2,gesummv,benchmark-results-gesummv,completed,failure,,,,,,,723,gesummv,256,"No per-row failure/timeout/crash conclusion is available because the run is still active and GitHub logs are unavailable; this row is unknown, not failed."
unknown_no_matching_downloaded_csv_row_and_logs_unavailable,checked-in mi300a_problem_size_discovery_plan plus active-run artifact/log snapshot,Tier 2,gesummv,benchmark-results-gesummv,completed,failure,,,,,,,724,gesummv,384,"No per-row failure/timeout/crash conclusion is available because the run is still active and GitHub logs are unavailable; this row is unknown, not failed."
unknown_no_matching_downloaded_csv_row_and_logs_unavailable,checked-in mi300a_problem_size_discovery_plan plus active-run artifact/log snapshot,Tier 2,gesummv,benchmark-results-gesummv,completed,failure,,,,,,,725,gesummv,512,"No per-row failure/timeout/crash conclusion is available because the run is still active and GitHub logs are unavailable; this row is unknown, not failed."
unknown_no_matching_downloaded_csv_row_and_logs_unavailable,checked-in mi300a_problem_size_discovery_plan plus active-run artifact/log snapshot,Tier 2,gesummv,benchmark-results-gesummv,completed,failure,,,,,,,726,gesummv,640,"No per-row failure/timeout/crash conclusion is available because the run is still active and GitHub logs are unavailable; this row is unknown, not failed."
unknown_no_matching_downloaded_csv_row_and_logs_unavailable,checked-in mi300a_problem_size_discovery_plan plus active-run artifact/log snapshot,Tier 2,gesummv,benchmark-results-gesummv,completed,failure,,,,,,,727,gesummv,768,"No per-row failure/timeout/crash conclusion is available because the run is still active and GitHub logs are unavailable; this row is unknown, not failed."
unknown_no_matching_downloaded_csv_row_and_logs_unavailable,checked-in mi300a_problem_size_discovery_plan plus active-run artifact/log snapshot,Tier 2,gesummv,benchmark-results-gesummv,completed,failure,,,,,,,728,gesummv,896,"No per-row failure/timeout/crash conclusion is available because the run is still active and GitHub logs are unavailable; this row is unknown, not failed."
unknown_no_matching_downloaded_csv_row_and_logs_unavailable,checked-in mi300a_problem_size_discovery_plan plus active-run artifact/log snapshot,Tier 2,gesummv,benchmark-results-gesummv,completed,failure,,,,,,,729,gesummv,1024,"No per-row failure/timeout/crash conclusion is available because the run is still active and GitHub logs are unavailable; this row is unknown, not failed."
unknown_no_matching_downloaded_csv_row_and_logs_unavailable,checked-in mi300a_problem_size_discovery_plan plus active-run artifact/log snapshot,Tier 2,gesummv,benchmark-results-gesummv,completed,failure,,,,,,,730,gesummv,1280,"No per-row failure/timeout/crash conclusion is available because the run is still active and GitHub logs are unavailable; this row is unknown, not failed."
unknown_no_matching_downloaded_csv_row_and_logs_unavailable,checked-in mi300a_problem_size_discovery_plan plus active-run artifact/log snapshot,Tier 2,gesummv,benchmark-results-gesummv,completed,failure,,,,,,,731,gesummv,1536,"No per-row failure/timeout/crash conclusion is available because the run is still active and GitHub logs are unavailable; this row is unknown, not failed."
unknown_no_matching_downloaded_csv_row_and_logs_unavailable,checked-in mi300a_problem_size_discovery_plan plus active-run artifact/log snapshot,Tier 2,gesummv,benchmark-results-gesummv,completed,failure,,,,,,,732,gesummv,1792,"No per-row failure/timeout/crash conclusion is available because the run is still active and GitHub logs are unavailable; this row is unknown, not failed."
unknown_no_matching_downloaded_csv_row_and_logs_unavailable,checked-in mi300a_problem_size_discovery_plan plus active-run artifact/log snapshot,Tier 2,gesummv,benchmark-results-gesummv,completed,failure,,,,,,,733,gesummv,2048,"No per-row failure/timeout/crash conclusion is available because the run is still active and GitHub logs are unavailable; this row is unknown, not failed."
unknown_no_matching_downloaded_csv_row_and_logs_unavailable,checked-in mi300a_problem_size_discovery_plan plus active-run artifact/log snapshot,Tier 2,gesummv,benchmark-results-gesummv,completed,failure,,,,,,,734,gesummv,2560,"No per-row failure/timeout/crash conclusion is available because the run is still active and GitHub logs are unavailable; this row is unknown, not failed."
unknown_no_matching_downloaded_csv_row_and_logs_unavailable,checked-in mi300a_problem_size_discovery_plan plus active-run artifact/log snapshot,Tier 2,gesummv,benchmark-results-gesummv,completed,failure,,,,,,,735,gesummv,3072,"No per-row failure/timeout/crash conclusion is available because the run is still active and GitHub logs are unavailable; this row is unknown, not failed."
unknown_no_matching_downloaded_csv_row_and_logs_unavailable,checked-in mi300a_problem_size_discovery_plan plus active-run artifact/log snapshot,Tier 2,gesummv,benchmark-results-gesummv,completed,failure,,,,,,,736,gesummv,3584,"No per-row failure/timeout/crash conclusion is available because the run is still active and GitHub logs are unavailable; this row is unknown, not failed."
unknown_no_matching_downloaded_csv_row_and_logs_unavailable,checked-in mi300a_problem_size_discovery_plan plus active-run artifact/log snapshot,Tier 2,gesummv,benchmark-results-gesummv,completed,failure,,,,,,,737,gesummv,4096,"No per-row failure/timeout/crash conclusion is available because the run is still active and GitHub logs are unavailable; this row is unknown, not failed."
unknown_no_matching_downloaded_csv_row_and_logs_unavailable,checked-in mi300a_problem_size_discovery_plan plus active-run artifact/log snapshot,Tier 2,gramschmidt,benchmark-results-gramschmidt,completed,failure,,,,,,,739,gramschmidt,128,"No per-row failure/timeout/crash conclusion is available because the run is still active and GitHub logs are unavailable; this row is unknown, not failed."
unknown_no_matching_downloaded_csv_row_and_logs_unavailable,checked-in mi300a_problem_size_discovery_plan plus active-run artifact/log snapshot,Tier 2,gramschmidt,benchmark-results-gramschmidt,completed,failure,,,,,,,740,gramschmidt,192,"No per-row failure/timeout/crash conclusion is available because the run is still active and GitHub logs are unavailable; this row is unknown, not failed."
unknown_no_matching_downloaded_csv_row_and_logs_unavailable,checked-in mi300a_problem_size_discovery_plan plus active-run artifact/log snapshot,Tier 2,gramschmidt,benchmark-results-gramschmidt,completed,failure,,,,,,,741,gramschmidt,256,"No per-row failure/timeout/crash conclusion is available because the run is still active and GitHub logs are unavailable; this row is unknown, not failed."
unknown_no_matching_downloaded_csv_row_and_logs_unavailable,checked-in mi300a_problem_size_discovery_plan plus active-run artifact/log snapshot,Tier 2,gramschmidt,benchmark-results-gramschmidt,completed,failure,,,,,,,742,gramschmidt,384,"No per-row failure/timeout/crash conclusion is available because the run is still active and GitHub logs are unavailable; this row is unknown, not failed."
unknown_no_matching_downloaded_csv_row_and_logs_unavailable,checked-in mi300a_problem_size_discovery_plan plus active-run artifact/log snapshot,Tier 2,gramschmidt,benchmark-results-gramschmidt,completed,failure,,,,,,,743,gramschmidt,512,"No per-row failure/timeout/crash conclusion is available because the run is still active and GitHub logs are unavailable; this row is unknown, not failed."
unknown_no_matching_downloaded_csv_row_and_logs_unavailable,checked-in mi300a_problem_size_discovery_plan plus active-run artifact/log snapshot,Tier 2,gramschmidt,benchmark-results-gramschmidt,completed,failure,,,,,,,744,gramschmidt,640,"No per-row failure/timeout/crash conclusion is available because the run is still active and GitHub logs are unavailable; this row is unknown, not failed."
unknown_no_matching_downloaded_csv_row_and_logs_unavailable,checked-in mi300a_problem_size_discovery_plan plus active-run artifact/log snapshot,Tier 2,gramschmidt,benchmark-results-gramschmidt,completed,failure,,,,,,,745,gramschmidt,768,"No per-row failure/timeout/crash conclusion is available because the run is still active and GitHub logs are unavailable; this row is unknown, not failed."
unknown_no_matching_downloaded_csv_row_and_logs_unavailable,checked-in mi300a_problem_size_discovery_plan plus active-run artifact/log snapshot,Tier 2,gramschmidt,benchmark-results-gramschmidt,completed,failure,,,,,,,746,gramschmidt,896,"No per-row failure/timeout/crash conclusion is available because the run is still active and GitHub logs are unavailable; this row is unknown, not failed."
unknown_no_matching_downloaded_csv_row_and_logs_unavailable,checked-in mi300a_problem_size_discovery_plan plus active-run artifact/log snapshot,Tier 2,gramschmidt,benchmark-results-gramschmidt,completed,failure,,,,,,,747,gramschmidt,1024,"No per-row failure/timeout/crash conclusion is available because the run is still active and GitHub logs are unavailable; this row is unknown, not failed."
unknown_no_matching_downloaded_csv_row_and_logs_unavailable,checked-in mi300a_problem_size_discovery_plan plus active-run artifact/log snapshot,Tier 2,mvt,benchmark-results-mvt,completed,failure,,,,,,,752,mvt,384,"No per-row failure/timeout/crash conclusion is available because the run is still active and GitHub logs are unavailable; this row is unknown, not failed."
unknown_no_matching_downloaded_csv_row_and_logs_unavailable,checked-in mi300a_problem_size_discovery_plan plus active-run artifact/log snapshot,Tier 2,mvt,benchmark-results-mvt,completed,failure,,,,,,,753,mvt,512,"No per-row failure/timeout/crash conclusion is available because the run is still active and GitHub logs are unavailable; this row is unknown, not failed."
unknown_no_matching_downloaded_csv_row_and_logs_unavailable,checked-in mi300a_problem_size_discovery_plan plus active-run artifact/log snapshot,Tier 2,mvt,benchmark-results-mvt,completed,failure,,,,,,,754,mvt,640,"No per-row failure/timeout/crash conclusion is available because the run is still active and GitHub logs are unavailable; this row is unknown, not failed."
unknown_no_matching_downloaded_csv_row_and_logs_unavailable,checked-in mi300a_problem_size_discovery_plan plus active-run artifact/log snapshot,Tier 2,mvt,benchmark-results-mvt,completed,failure,,,,,,,755,mvt,768,"No per-row failure/timeout/crash conclusion is available because the run is still active and GitHub logs are unavailable; this row is unknown, not failed."
unknown_no_matching_downloaded_csv_row_and_logs_unavailable,checked-in mi300a_problem_size_discovery_plan plus active-run artifact/log snapshot,Tier 2,mvt,benchmark-results-mvt,completed,failure,,,,,,,756,mvt,896,"No per-row failure/timeout/crash conclusion is available because the run is still active and GitHub logs are unavailable; this row is unknown, not failed."
unknown_no_matching_downloaded_csv_row_and_logs_unavailable,checked-in mi300a_problem_size_discovery_plan plus active-run artifact/log snapshot,Tier 2,mvt,benchmark-results-mvt,completed,failure,,,,,,,757,mvt,1024,"No per-row failure/timeout/crash conclusion is available because the run is still active and GitHub logs are unavailable; this row is unknown, not failed."
unknown_no_matching_downloaded_csv_row_and_logs_unavailable,checked-in mi300a_problem_size_discovery_plan plus active-run artifact/log snapshot,Tier 2,mvt,benchmark-results-mvt,completed,failure,,,,,,,758,mvt,1280,"No per-row failure/timeout/crash conclusion is available because the run is still active and GitHub logs are unavailable; this row is unknown, not failed."
unknown_no_matching_downloaded_csv_row_and_logs_unavailable,checked-in mi300a_problem_size_discovery_plan plus active-run artifact/log snapshot,Tier 2,mvt,benchmark-results-mvt,completed,failure,,,,,,,759,mvt,1536,"No per-row failure/timeout/crash conclusion is available because the run is still active and GitHub logs are unavailable; this row is unknown, not failed."
unknown_no_matching_downloaded_csv_row_and_logs_unavailable,checked-in mi300a_problem_size_discovery_plan plus active-run artifact/log snapshot,Tier 2,mvt,benchmark-results-mvt,completed,failure,,,,,,,760,mvt,1792,"No per-row failure/timeout/crash conclusion is available because the run is still active and GitHub logs are unavailable; this row is unknown, not failed."
unknown_no_matching_downloaded_csv_row_and_logs_unavailable,checked-in mi300a_problem_size_discovery_plan plus active-run artifact/log snapshot,Tier 2,mvt,benchmark-results-mvt,completed,failure,,,,,,,761,mvt,2048,"No per-row failure/timeout/crash conclusion is available because the run is still active and GitHub logs are unavailable; this row is unknown, not failed."
unknown_no_matching_downloaded_csv_row_and_logs_unavailable,checked-in mi300a_problem_size_discovery_plan plus active-run artifact/log snapshot,Tier 2,mvt,benchmark-results-mvt,completed,failure,,,,,,,762,mvt,2560,"No per-row failure/timeout/crash conclusion is available because the run is still active and GitHub logs are unavailable; this row is unknown, not failed."
unknown_no_matching_downloaded_csv_row_and_logs_unavailable,checked-in mi300a_problem_size_discovery_plan plus active-run artifact/log snapshot,Tier 2,mvt,benchmark-results-mvt,completed,failure,,,,,,,763,mvt,3072,"No per-row failure/timeout/crash conclusion is available because the run is still active and GitHub logs are unavailable; this row is unknown, not failed."
unknown_no_matching_downloaded_csv_row_and_logs_unavailable,checked-in mi300a_problem_size_discovery_plan plus active-run artifact/log snapshot,Tier 2,mvt,benchmark-results-mvt,completed,failure,,,,,,,764,mvt,3584,"No per-row failure/timeout/crash conclusion is available because the run is still active and GitHub logs are unavailable; this row is unknown, not failed."
unknown_no_matching_downloaded_csv_row_and_logs_unavailable,checked-in mi300a_problem_size_discovery_plan plus active-run artifact/log snapshot,Tier 2,mvt,benchmark-results-mvt,completed,failure,,,,,,,765,mvt,4096,"No per-row failure/timeout/crash conclusion is available because the run is still active and GitHub logs are unavailable; this row is unknown, not failed."
unknown_no_matching_downloaded_csv_row_and_logs_unavailable,checked-in mi300a_problem_size_discovery_plan plus active-run artifact/log snapshot,Tier 2,syr2k,benchmark-results-syr2k,completed,failure,,,,,,,767,syr2k,128,"No per-row failure/timeout/crash conclusion is available because the run is still active and GitHub logs are unavailable; this row is unknown, not failed."
unknown_no_matching_downloaded_csv_row_and_logs_unavailable,checked-in mi300a_problem_size_discovery_plan plus active-run artifact/log snapshot,Tier 2,syr2k,benchmark-results-syr2k,completed,failure,,,,,,,768,syr2k,192,"No per-row failure/timeout/crash conclusion is available because the run is still active and GitHub logs are unavailable; this row is unknown, not failed."
unknown_no_matching_downloaded_csv_row_and_logs_unavailable,checked-in mi300a_problem_size_discovery_plan plus active-run artifact/log snapshot,Tier 2,syr2k,benchmark-results-syr2k,completed,failure,,,,,,,769,syr2k,256,"No per-row failure/timeout/crash conclusion is available because the run is still active and GitHub logs are unavailable; this row is unknown, not failed."
unknown_no_matching_downloaded_csv_row_and_logs_unavailable,checked-in mi300a_problem_size_discovery_plan plus active-run artifact/log snapshot,Tier 2,syr2k,benchmark-results-syr2k,completed,failure,,,,,,,770,syr2k,384,"No per-row failure/timeout/crash conclusion is available because the run is still active and GitHub logs are unavailable; this row is unknown, not failed."
unknown_no_matching_downloaded_csv_row_and_logs_unavailable,checked-in mi300a_problem_size_discovery_plan plus active-run artifact/log snapshot,Tier 2,syr2k,benchmark-results-syr2k,completed,failure,,,,,,,771,syr2k,512,"No per-row failure/timeout/crash conclusion is available because the run is still active and GitHub logs are unavailable; this row is unknown, not failed."
unknown_no_matching_downloaded_csv_row_and_logs_unavailable,checked-in mi300a_problem_size_discovery_plan plus active-run artifact/log snapshot,Tier 2,syr2k,benchmark-results-syr2k,completed,failure,,,,,,,772,syr2k,640,"No per-row failure/timeout/crash conclusion is available because the run is still active and GitHub logs are unavailable; this row is unknown, not failed."
unknown_no_matching_downloaded_csv_row_and_logs_unavailable,checked-in mi300a_problem_size_discovery_plan plus active-run artifact/log snapshot,Tier 2,syr2k,benchmark-results-syr2k,completed,failure,,,,,,,773,syr2k,768,"No per-row failure/timeout/crash conclusion is available because the run is still active and GitHub logs are unavailable; this row is unknown, not failed."
unknown_no_matching_downloaded_csv_row_and_logs_unavailable,checked-in mi300a_problem_size_discovery_plan plus active-run artifact/log snapshot,Tier 2,syr2k,benchmark-results-syr2k,completed,failure,,,,,,,774,syr2k,896,"No per-row failure/timeout/crash conclusion is available because the run is still active and GitHub logs are unavailable; this row is unknown, not failed."
unknown_no_matching_downloaded_csv_row_and_logs_unavailable,checked-in mi300a_problem_size_discovery_plan plus active-run artifact/log snapshot,Tier 2,syr2k,benchmark-results-syr2k,completed,failure,,,,,,,775,syr2k,1024,"No per-row failure/timeout/crash conclusion is available because the run is still active and GitHub logs are unavailable; this row is unknown, not failed."
unknown_no_matching_downloaded_csv_row_and_logs_unavailable,checked-in mi300a_problem_size_discovery_plan plus active-run artifact/log snapshot,Tier 2,syr2k,benchmark-results-syr2k,completed,failure,,,,,,,776,syr2k,1280,"No per-row failure/timeout/crash conclusion is available because the run is still active and GitHub logs are unavailable; this row is unknown, not failed."
unknown_no_matching_downloaded_csv_row_and_logs_unavailable,checked-in mi300a_problem_size_discovery_plan plus active-run artifact/log snapshot,Tier 2,syr2k,benchmark-results-syr2k,completed,failure,,,,,,,777,syr2k,1536,"No per-row failure/timeout/crash conclusion is available because the run is still active and GitHub logs are unavailable; this row is unknown, not failed."
unknown_no_matching_downloaded_csv_row_and_logs_unavailable,checked-in mi300a_problem_size_discovery_plan plus active-run artifact/log snapshot,Tier 2,syr2k,benchmark-results-syr2k,completed,failure,,,,,,,778,syr2k,1792,"No per-row failure/timeout/crash conclusion is available because the run is still active and GitHub logs are unavailable; this row is unknown, not failed."
unknown_no_matching_downloaded_csv_row_and_logs_unavailable,checked-in mi300a_problem_size_discovery_plan plus active-run artifact/log snapshot,Tier 2,syr2k,benchmark-results-syr2k,completed,failure,,,,,,,779,syr2k,2048,"No per-row failure/timeout/crash conclusion is available because the run is still active and GitHub logs are unavailable; this row is unknown, not failed."
unknown_no_matching_downloaded_csv_row_and_logs_unavailable,checked-in mi300a_problem_size_discovery_plan plus active-run artifact/log snapshot,Tier 2,syr2k,benchmark-results-syr2k,completed,failure,,,,,,,780,syr2k,2560,"No per-row failure/timeout/crash conclusion is available because the run is still active and GitHub logs are unavailable; this row is unknown, not failed."
unknown_no_matching_downloaded_csv_row_and_logs_unavailable,checked-in mi300a_problem_size_discovery_plan plus active-run artifact/log snapshot,Tier 2,syr2k,benchmark-results-syr2k,completed,failure,,,,,,,781,syr2k,3072,"No per-row failure/timeout/crash conclusion is available because the run is still active and GitHub logs are unavailable; this row is unknown, not failed."
unknown_no_matching_downloaded_csv_row_and_logs_unavailable,checked-in mi300a_problem_size_discovery_plan plus active-run artifact/log snapshot,Tier 2,syr2k,benchmark-results-syr2k,completed,failure,,,,,,,782,syr2k,3584,"No per-row failure/timeout/crash conclusion is available because the run is still active and GitHub logs are unavailable; this row is unknown, not failed."
unknown_no_matching_downloaded_csv_row_and_logs_unavailable,checked-in mi300a_problem_size_discovery_plan plus active-run artifact/log snapshot,Tier 2,syr2k,benchmark-results-syr2k,completed,failure,,,,,,,783,syr2k,4096,"No per-row failure/timeout/crash conclusion is available because the run is still active and GitHub logs are unavailable; this row is unknown, not failed."
unknown_no_matching_downloaded_csv_row_and_logs_unavailable,checked-in mi300a_problem_size_discovery_plan plus active-run artifact/log snapshot,Tier 2,syrk,benchmark-results-syrk,completed,failure,,,,,,,786,syrk,192,"No per-row failure/timeout/crash conclusion is available because the run is still active and GitHub logs are unavailable; this row is unknown, not failed."
unknown_no_matching_downloaded_csv_row_and_logs_unavailable,checked-in mi300a_problem_size_discovery_plan plus active-run artifact/log snapshot,Tier 2,syrk,benchmark-results-syrk,completed,failure,,,,,,,787,syrk,256,"No per-row failure/timeout/crash conclusion is available because the run is still active and GitHub logs are unavailable; this row is unknown, not failed."
unknown_no_matching_downloaded_csv_row_and_logs_unavailable,checked-in mi300a_problem_size_discovery_plan plus active-run artifact/log snapshot,Tier 2,syrk,benchmark-results-syrk,completed,failure,,,,,,,788,syrk,384,"No per-row failure/timeout/crash conclusion is available because the run is still active and GitHub logs are unavailable; this row is unknown, not failed."
unknown_no_matching_downloaded_csv_row_and_logs_unavailable,checked-in mi300a_problem_size_discovery_plan plus active-run artifact/log snapshot,Tier 2,syrk,benchmark-results-syrk,completed,failure,,,,,,,789,syrk,512,"No per-row failure/timeout/crash conclusion is available because the run is still active and GitHub logs are unavailable; this row is unknown, not failed."
unknown_no_matching_downloaded_csv_row_and_logs_unavailable,checked-in mi300a_problem_size_discovery_plan plus active-run artifact/log snapshot,Tier 2,syrk,benchmark-results-syrk,completed,failure,,,,,,,790,syrk,640,"No per-row failure/timeout/crash conclusion is available because the run is still active and GitHub logs are unavailable; this row is unknown, not failed."
unknown_no_matching_downloaded_csv_row_and_logs_unavailable,checked-in mi300a_problem_size_discovery_plan plus active-run artifact/log snapshot,Tier 2,syrk,benchmark-results-syrk,completed,failure,,,,,,,791,syrk,768,"No per-row failure/timeout/crash conclusion is available because the run is still active and GitHub logs are unavailable; this row is unknown, not failed."
unknown_no_matching_downloaded_csv_row_and_logs_unavailable,checked-in mi300a_problem_size_discovery_plan plus active-run artifact/log snapshot,Tier 2,syrk,benchmark-results-syrk,completed,failure,,,,,,,792,syrk,896,"No per-row failure/timeout/crash conclusion is available because the run is still active and GitHub logs are unavailable; this row is unknown, not failed."
unknown_no_matching_downloaded_csv_row_and_logs_unavailable,checked-in mi300a_problem_size_discovery_plan plus active-run artifact/log snapshot,Tier 2,syrk,benchmark-results-syrk,completed,failure,,,,,,,793,syrk,1024,"No per-row failure/timeout/crash conclusion is available because the run is still active and GitHub logs are unavailable; this row is unknown, not failed."
unknown_no_matching_downloaded_csv_row_and_logs_unavailable,checked-in mi300a_problem_size_discovery_plan plus active-run artifact/log snapshot,Tier 2,syrk,benchmark-results-syrk,completed,failure,,,,,,,794,syrk,1280,"No per-row failure/timeout/crash conclusion is available because the run is still active and GitHub logs are unavailable; this row is unknown, not failed."
unknown_no_matching_downloaded_csv_row_and_logs_unavailable,checked-in mi300a_problem_size_discovery_plan plus active-run artifact/log snapshot,Tier 2,syrk,benchmark-results-syrk,completed,failure,,,,,,,795,syrk,1536,"No per-row failure/timeout/crash conclusion is available because the run is still active and GitHub logs are unavailable; this row is unknown, not failed."
unknown_no_matching_downloaded_csv_row_and_logs_unavailable,checked-in mi300a_problem_size_discovery_plan plus active-run artifact/log snapshot,Tier 2,syrk,benchmark-results-syrk,completed,failure,,,,,,,796,syrk,1792,"No per-row failure/timeout/crash conclusion is available because the run is still active and GitHub logs are unavailable; this row is unknown, not failed."
unknown_no_matching_downloaded_csv_row_and_logs_unavailable,checked-in mi300a_problem_size_discovery_plan plus active-run artifact/log snapshot,Tier 2,syrk,benchmark-results-syrk,completed,failure,,,,,,,797,syrk,2048,"No per-row failure/timeout/crash conclusion is available because the run is still active and GitHub logs are unavailable; this row is unknown, not failed."
unknown_no_matching_downloaded_csv_row_and_logs_unavailable,checked-in mi300a_problem_size_discovery_plan plus active-run artifact/log snapshot,Tier 2,syrk,benchmark-results-syrk,completed,failure,,,,,,,798,syrk,2560,"No per-row failure/timeout/crash conclusion is available because the run is still active and GitHub logs are unavailable; this row is unknown, not failed."
unknown_no_matching_downloaded_csv_row_and_logs_unavailable,checked-in mi300a_problem_size_discovery_plan plus active-run artifact/log snapshot,Tier 2,syrk,benchmark-results-syrk,completed,failure,,,,,,,799,syrk,3072,"No per-row failure/timeout/crash conclusion is available because the run is still active and GitHub logs are unavailable; this row is unknown, not failed."
unknown_no_matching_downloaded_csv_row_and_logs_unavailable,checked-in mi300a_problem_size_discovery_plan plus active-run artifact/log snapshot,Tier 2,syrk,benchmark-results-syrk,completed,failure,,,,,,,800,syrk,3584,"No per-row failure/timeout/crash conclusion is available because the run is still active and GitHub logs are unavailable; this row is unknown, not failed."
unknown_no_matching_downloaded_csv_row_and_logs_unavailable,checked-in mi300a_problem_size_discovery_plan plus active-run artifact/log snapshot,Tier 2,syrk,benchmark-results-syrk,completed,failure,,,,,,,801,syrk,4096,"No per-row failure/timeout/crash conclusion is available because the run is still active and GitHub logs are unavailable; this row is unknown, not failed."
unknown_no_matching_downloaded_csv_row_and_logs_unavailable,checked-in mi300a_problem_size_discovery_plan plus active-run artifact/log snapshot,Tier 2,backprop,benchmark-results-backprop,completed,failure,,,,,,,802,adjust_weights,256,"No per-row failure/timeout/crash conclusion is available because the run is still active and GitHub logs are unavailable; this row is unknown, not failed."
unknown_no_matching_downloaded_csv_row_and_logs_unavailable,checked-in mi300a_problem_size_discovery_plan plus active-run artifact/log snapshot,Tier 2,backprop,benchmark-results-backprop,completed,failure,,,,,,,804,adjust_weights,512,"No per-row failure/timeout/crash conclusion is available because the run is still active and GitHub logs are unavailable; this row is unknown, not failed."
unknown_no_matching_downloaded_csv_row_and_logs_unavailable,checked-in mi300a_problem_size_discovery_plan plus active-run artifact/log snapshot,Tier 2,backprop,benchmark-results-backprop,completed,failure,,,,,,,806,adjust_weights,1024,"No per-row failure/timeout/crash conclusion is available because the run is still active and GitHub logs are unavailable; this row is unknown, not failed."
unknown_no_matching_downloaded_csv_row_and_logs_unavailable,checked-in mi300a_problem_size_discovery_plan plus active-run artifact/log snapshot,Tier 2,backprop,benchmark-results-backprop,completed,failure,,,,,,,808,adjust_weights,2048,"No per-row failure/timeout/crash conclusion is available because the run is still active and GitHub logs are unavailable; this row is unknown, not failed."
unknown_no_matching_downloaded_csv_row_and_logs_unavailable,checked-in mi300a_problem_size_discovery_plan plus active-run artifact/log snapshot,Tier 2,backprop,benchmark-results-backprop,completed,failure,,,,,,,810,adjust_weights,4096,"No per-row failure/timeout/crash conclusion is available because the run is still active and GitHub logs are unavailable; this row is unknown, not failed."
unknown_no_matching_downloaded_csv_row_and_logs_unavailable,checked-in mi300a_problem_size_discovery_plan plus active-run artifact/log snapshot,Tier 2,backprop,benchmark-results-backprop,completed,failure,,,,,,,811,layerforward,4096,"No per-row failure/timeout/crash conclusion is available because the run is still active and GitHub logs are unavailable; this row is unknown, not failed."
unknown_no_matching_downloaded_csv_row_and_logs_unavailable,checked-in mi300a_problem_size_discovery_plan plus active-run artifact/log snapshot,Tier 2,backprop,benchmark-results-backprop,completed,failure,,,,,,,812,adjust_weights,8192,"No per-row failure/timeout/crash conclusion is available because the run is still active and GitHub logs are unavailable; this row is unknown, not failed."
unknown_no_matching_downloaded_csv_row_and_logs_unavailable,checked-in mi300a_problem_size_discovery_plan plus active-run artifact/log snapshot,Tier 2,backprop,benchmark-results-backprop,completed,failure,,,,,,,813,layerforward,8192,"No per-row failure/timeout/crash conclusion is available because the run is still active and GitHub logs are unavailable; this row is unknown, not failed."
unknown_no_matching_downloaded_csv_row_and_logs_unavailable,checked-in mi300a_problem_size_discovery_plan plus active-run artifact/log snapshot,Tier 2,backprop,benchmark-results-backprop,completed,failure,,,,,,,814,adjust_weights,16384,"No per-row failure/timeout/crash conclusion is available because the run is still active and GitHub logs are unavailable; this row is unknown, not failed."
unknown_no_matching_downloaded_csv_row_and_logs_unavailable,checked-in mi300a_problem_size_discovery_plan plus active-run artifact/log snapshot,Tier 2,backprop,benchmark-results-backprop,completed,failure,,,,,,,815,layerforward,16384,"No per-row failure/timeout/crash conclusion is available because the run is still active and GitHub logs are unavailable; this row is unknown, not failed."
unknown_no_matching_downloaded_csv_row_and_logs_unavailable,checked-in mi300a_problem_size_discovery_plan plus active-run artifact/log snapshot,Tier 2,backprop,benchmark-results-backprop,completed,failure,,,,,,,816,adjust_weights,32768,"No per-row failure/timeout/crash conclusion is available because the run is still active and GitHub logs are unavailable; this row is unknown, not failed."
unknown_no_matching_downloaded_csv_row_and_logs_unavailable,checked-in mi300a_problem_size_discovery_plan plus active-run artifact/log snapshot,Tier 2,backprop,benchmark-results-backprop,completed,failure,,,,,,,817,layerforward,32768,"No per-row failure/timeout/crash conclusion is available because the run is still active and GitHub logs are unavailable; this row is unknown, not failed."
unknown_no_matching_downloaded_csv_row_and_logs_unavailable,checked-in mi300a_problem_size_discovery_plan plus active-run artifact/log snapshot,Tier 2,backprop,benchmark-results-backprop,completed,failure,,,,,,,818,adjust_weights,65536,"No per-row failure/timeout/crash conclusion is available because the run is still active and GitHub logs are unavailable; this row is unknown, not failed."
unknown_no_matching_downloaded_csv_row_and_logs_unavailable,checked-in mi300a_problem_size_discovery_plan plus active-run artifact/log snapshot,Tier 2,backprop,benchmark-results-backprop,completed,failure,,,,,,,819,layerforward,65536,"No per-row failure/timeout/crash conclusion is available because the run is still active and GitHub logs are unavailable; this row is unknown, not failed."
unknown_no_matching_downloaded_csv_row_and_logs_unavailable,checked-in mi300a_problem_size_discovery_plan plus active-run artifact/log snapshot,Tier 2,backprop,benchmark-results-backprop,completed,failure,,,,,,,820,adjust_weights,131072,"No per-row failure/timeout/crash conclusion is available because the run is still active and GitHub logs are unavailable; this row is unknown, not failed."
unknown_no_matching_downloaded_csv_row_and_logs_unavailable,checked-in mi300a_problem_size_discovery_plan plus active-run artifact/log snapshot,Tier 2,backprop,benchmark-results-backprop,completed,failure,,,,,,,821,layerforward,131072,"No per-row failure/timeout/crash conclusion is available because the run is still active and GitHub logs are unavailable; this row is unknown, not failed."
unknown_no_matching_downloaded_csv_row_and_logs_unavailable,checked-in mi300a_problem_size_discovery_plan plus active-run artifact/log snapshot,Tier 2,backprop,benchmark-results-backprop,completed,failure,,,,,,,822,adjust_weights,262144,"No per-row failure/timeout/crash conclusion is available because the run is still active and GitHub logs are unavailable; this row is unknown, not failed."
unknown_no_matching_downloaded_csv_row_and_logs_unavailable,checked-in mi300a_problem_size_discovery_plan plus active-run artifact/log snapshot,Tier 2,backprop,benchmark-results-backprop,completed,failure,,,,,,,823,layerforward,262144,"No per-row failure/timeout/crash conclusion is available because the run is still active and GitHub logs are unavailable; this row is unknown, not failed."
unknown_no_matching_downloaded_csv_row_and_logs_unavailable,checked-in mi300a_problem_size_discovery_plan plus active-run artifact/log snapshot,Tier 2,backprop,benchmark-results-backprop,completed,failure,,,,,,,824,adjust_weights,524288,"No per-row failure/timeout/crash conclusion is available because the run is still active and GitHub logs are unavailable; this row is unknown, not failed."
unknown_no_matching_downloaded_csv_row_and_logs_unavailable,checked-in mi300a_problem_size_discovery_plan plus active-run artifact/log snapshot,Tier 2,backprop,benchmark-results-backprop,completed,failure,,,,,,,825,layerforward,524288,"No per-row failure/timeout/crash conclusion is available because the run is still active and GitHub logs are unavailable; this row is unknown, not failed."
unknown_no_matching_downloaded_csv_row_and_logs_unavailable,checked-in mi300a_problem_size_discovery_plan plus active-run artifact/log snapshot,Tier 2,backprop,benchmark-results-backprop,completed,failure,,,,,,,826,adjust_weights,1048576,"No per-row failure/timeout/crash conclusion is available because the run is still active and GitHub logs are unavailable; this row is unknown, not failed."
unknown_no_matching_downloaded_csv_row_and_logs_unavailable,checked-in mi300a_problem_size_discovery_plan plus active-run artifact/log snapshot,Tier 2,backprop,benchmark-results-backprop,completed,failure,,,,,,,827,layerforward,1048576,"No per-row failure/timeout/crash conclusion is available because the run is still active and GitHub logs are unavailable; this row is unknown, not failed."
unknown_no_matching_downloaded_csv_row_and_logs_unavailable,checked-in mi300a_problem_size_discovery_plan plus active-run artifact/log snapshot,Tier 2,backprop,benchmark-results-backprop,completed,failure,,,,,,,828,adjust_weights,1572864,"No per-row failure/timeout/crash conclusion is available because the run is still active and GitHub logs are unavailable; this row is unknown, not failed."
unknown_no_matching_downloaded_csv_row_and_logs_unavailable,checked-in mi300a_problem_size_discovery_plan plus active-run artifact/log snapshot,Tier 2,backprop,benchmark-results-backprop,completed,failure,,,,,,,829,layerforward,1572864,"No per-row failure/timeout/crash conclusion is available because the run is still active and GitHub logs are unavailable; this row is unknown, not failed."
unknown_no_matching_downloaded_csv_row_and_logs_unavailable,checked-in mi300a_problem_size_discovery_plan plus active-run artifact/log snapshot,Tier 2,backprop,benchmark-results-backprop,completed,failure,,,,,,,830,adjust_weights,2097152,"No per-row failure/timeout/crash conclusion is available because the run is still active and GitHub logs are unavailable; this row is unknown, not failed."
unknown_no_matching_downloaded_csv_row_and_logs_unavailable,checked-in mi300a_problem_size_discovery_plan plus active-run artifact/log snapshot,Tier 2,backprop,benchmark-results-backprop,completed,failure,,,,,,,831,layerforward,2097152,"No per-row failure/timeout/crash conclusion is available because the run is still active and GitHub logs are unavailable; this row is unknown, not failed."
unknown_no_matching_downloaded_csv_row_and_logs_unavailable,checked-in mi300a_problem_size_discovery_plan plus active-run artifact/log snapshot,Tier 2,backprop,benchmark-results-backprop,completed,failure,,,,,,,832,adjust_weights,2621440,"No per-row failure/timeout/crash conclusion is available because the run is still active and GitHub logs are unavailable; this row is unknown, not failed."
unknown_no_matching_downloaded_csv_row_and_logs_unavailable,checked-in mi300a_problem_size_discovery_plan plus active-run artifact/log snapshot,Tier 2,backprop,benchmark-results-backprop,completed,failure,,,,,,,833,layerforward,2621440,"No per-row failure/timeout/crash conclusion is available because the run is still active and GitHub logs are unavailable; this row is unknown, not failed."
unknown_no_matching_downloaded_csv_row_and_logs_unavailable,checked-in mi300a_problem_size_discovery_plan plus active-run artifact/log snapshot,Tier 2,backprop,benchmark-results-backprop,completed,failure,,,,,,,834,adjust_weights,3145728,"No per-row failure/timeout/crash conclusion is available because the run is still active and GitHub logs are unavailable; this row is unknown, not failed."
unknown_no_matching_downloaded_csv_row_and_logs_unavailable,checked-in mi300a_problem_size_discovery_plan plus active-run artifact/log snapshot,Tier 2,backprop,benchmark-results-backprop,completed,failure,,,,,,,835,layerforward,3145728,"No per-row failure/timeout/crash conclusion is available because the run is still active and GitHub logs are unavailable; this row is unknown, not failed."
unknown_no_matching_downloaded_csv_row_and_logs_unavailable,checked-in mi300a_problem_size_discovery_plan plus active-run artifact/log snapshot,Tier 2,backprop,benchmark-results-backprop,completed,failure,,,,,,,836,adjust_weights,4194304,"No per-row failure/timeout/crash conclusion is available because the run is still active and GitHub logs are unavailable; this row is unknown, not failed."
unknown_no_matching_downloaded_csv_row_and_logs_unavailable,checked-in mi300a_problem_size_discovery_plan plus active-run artifact/log snapshot,Tier 2,backprop,benchmark-results-backprop,completed,failure,,,,,,,837,layerforward,4194304,"No per-row failure/timeout/crash conclusion is available because the run is still active and GitHub logs are unavailable; this row is unknown, not failed."
unknown_no_matching_downloaded_csv_row_and_logs_unavailable,checked-in mi300a_problem_size_discovery_plan plus active-run artifact/log snapshot,Tier 2,gaussian,benchmark-results-gaussian,completed,failure,,,,,,,843,gaussian,192,"No per-row failure/timeout/crash conclusion is available because the run is still active and GitHub logs are unavailable; this row is unknown, not failed."
unknown_no_matching_downloaded_csv_row_and_logs_unavailable,checked-in mi300a_problem_size_discovery_plan plus active-run artifact/log snapshot,Tier 2,gaussian,benchmark-results-gaussian,completed,failure,,,,,,,844,gaussian,256,"No per-row failure/timeout/crash conclusion is available because the run is still active and GitHub logs are unavailable; this row is unknown, not failed."
unknown_no_matching_downloaded_csv_row_and_logs_unavailable,checked-in mi300a_problem_size_discovery_plan plus active-run artifact/log snapshot,Tier 2,gaussian,benchmark-results-gaussian,completed,failure,,,,,,,845,gaussian,384,"No per-row failure/timeout/crash conclusion is available because the run is still active and GitHub logs are unavailable; this row is unknown, not failed."
unknown_no_matching_downloaded_csv_row_and_logs_unavailable,checked-in mi300a_problem_size_discovery_plan plus active-run artifact/log snapshot,Tier 2,gaussian,benchmark-results-gaussian,completed,failure,,,,,,,846,gaussian,512,"No per-row failure/timeout/crash conclusion is available because the run is still active and GitHub logs are unavailable; this row is unknown, not failed."
unknown_no_matching_downloaded_csv_row_and_logs_unavailable,checked-in mi300a_problem_size_discovery_plan plus active-run artifact/log snapshot,Tier 2,gaussian,benchmark-results-gaussian,completed,failure,,,,,,,847,gaussian,640,"No per-row failure/timeout/crash conclusion is available because the run is still active and GitHub logs are unavailable; this row is unknown, not failed."
unknown_no_matching_downloaded_csv_row_and_logs_unavailable,checked-in mi300a_problem_size_discovery_plan plus active-run artifact/log snapshot,Tier 2,gaussian,benchmark-results-gaussian,completed,failure,,,,,,,848,gaussian,768,"No per-row failure/timeout/crash conclusion is available because the run is still active and GitHub logs are unavailable; this row is unknown, not failed."
unknown_no_matching_downloaded_csv_row_and_logs_unavailable,checked-in mi300a_problem_size_discovery_plan plus active-run artifact/log snapshot,Tier 2,gaussian,benchmark-results-gaussian,completed,failure,,,,,,,849,gaussian,1280,"No per-row failure/timeout/crash conclusion is available because the run is still active and GitHub logs are unavailable; this row is unknown, not failed."
unknown_no_matching_downloaded_csv_row_and_logs_unavailable,checked-in mi300a_problem_size_discovery_plan plus active-run artifact/log snapshot,Tier 2,gaussian,benchmark-results-gaussian,completed,failure,,,,,,,850,gaussian,1536,"No per-row failure/timeout/crash conclusion is available because the run is still active and GitHub logs are unavailable; this row is unknown, not failed."
unknown_no_matching_downloaded_csv_row_and_logs_unavailable,checked-in mi300a_problem_size_discovery_plan plus active-run artifact/log snapshot,Tier 2,gaussian,benchmark-results-gaussian,completed,failure,,,,,,,851,gaussian,2560,"No per-row failure/timeout/crash conclusion is available because the run is still active and GitHub logs are unavailable; this row is unknown, not failed."
unknown_no_matching_downloaded_csv_row_and_logs_unavailable,checked-in mi300a_problem_size_discovery_plan plus active-run artifact/log snapshot,Tier 2,hotspot3d,benchmark-results-hotspot3D,unknown,,,,,,,,856,hotspot3d,48,"No per-row failure/timeout/crash conclusion is available because the run is still active and GitHub logs are unavailable; this row is unknown, not failed."
unknown_no_matching_downloaded_csv_row_and_logs_unavailable,checked-in mi300a_problem_size_discovery_plan plus active-run artifact/log snapshot,Tier 2,hotspot3d,benchmark-results-hotspot3D,unknown,,,,,,,,857,hotspot3d,64,"No per-row failure/timeout/crash conclusion is available because the run is still active and GitHub logs are unavailable; this row is unknown, not failed."
unknown_no_matching_downloaded_csv_row_and_logs_unavailable,checked-in mi300a_problem_size_discovery_plan plus active-run artifact/log snapshot,Tier 2,hotspot3d,benchmark-results-hotspot3D,unknown,,,,,,,,858,hotspot3d,80,"No per-row failure/timeout/crash conclusion is available because the run is still active and GitHub logs are unavailable; this row is unknown, not failed."
unknown_no_matching_downloaded_csv_row_and_logs_unavailable,checked-in mi300a_problem_size_discovery_plan plus active-run artifact/log snapshot,Tier 2,hotspot3d,benchmark-results-hotspot3D,unknown,,,,,,,,859,hotspot3d,96,"No per-row failure/timeout/crash conclusion is available because the run is still active and GitHub logs are unavailable; this row is unknown, not failed."
unknown_no_matching_downloaded_csv_row_and_logs_unavailable,checked-in mi300a_problem_size_discovery_plan plus active-run artifact/log snapshot,Tier 2,hotspot3d,benchmark-results-hotspot3D,unknown,,,,,,,,860,hotspot3d,112,"No per-row failure/timeout/crash conclusion is available because the run is still active and GitHub logs are unavailable; this row is unknown, not failed."
unknown_no_matching_downloaded_csv_row_and_logs_unavailable,checked-in mi300a_problem_size_discovery_plan plus active-run artifact/log snapshot,Tier 2,hotspot3d,benchmark-results-hotspot3D,unknown,,,,,,,,861,hotspot3d,128,"No per-row failure/timeout/crash conclusion is available because the run is still active and GitHub logs are unavailable; this row is unknown, not failed."
unknown_no_matching_downloaded_csv_row_and_logs_unavailable,checked-in mi300a_problem_size_discovery_plan plus active-run artifact/log snapshot,Tier 2,hotspot3d,benchmark-results-hotspot3D,unknown,,,,,,,,862,hotspot3d,160,"No per-row failure/timeout/crash conclusion is available because the run is still active and GitHub logs are unavailable; this row is unknown, not failed."
unknown_no_matching_downloaded_csv_row_and_logs_unavailable,checked-in mi300a_problem_size_discovery_plan plus active-run artifact/log snapshot,Tier 2,hotspot3d,benchmark-results-hotspot3D,unknown,,,,,,,,863,hotspot3d,192,"No per-row failure/timeout/crash conclusion is available because the run is still active and GitHub logs are unavailable; this row is unknown, not failed."
unknown_no_matching_downloaded_csv_row_and_logs_unavailable,checked-in mi300a_problem_size_discovery_plan plus active-run artifact/log snapshot,Tier 2,hotspot3d,benchmark-results-hotspot3D,unknown,,,,,,,,864,hotspot3d,224,"No per-row failure/timeout/crash conclusion is available because the run is still active and GitHub logs are unavailable; this row is unknown, not failed."
unknown_no_matching_downloaded_csv_row_and_logs_unavailable,checked-in mi300a_problem_size_discovery_plan plus active-run artifact/log snapshot,Tier 2,hotspot3d,benchmark-results-hotspot3D,unknown,,,,,,,,865,hotspot3d,256,"No per-row failure/timeout/crash conclusion is available because the run is still active and GitHub logs are unavailable; this row is unknown, not failed."
unknown_no_matching_downloaded_csv_row_and_logs_unavailable,checked-in mi300a_problem_size_discovery_plan plus active-run artifact/log snapshot,Tier 2,hotspot3d,benchmark-results-hotspot3D,unknown,,,,,,,,866,hotspot3d,320,"No per-row failure/timeout/crash conclusion is available because the run is still active and GitHub logs are unavailable; this row is unknown, not failed."
unknown_no_matching_downloaded_csv_row_and_logs_unavailable,checked-in mi300a_problem_size_discovery_plan plus active-run artifact/log snapshot,Tier 2,hotspot3d,benchmark-results-hotspot3D,unknown,,,,,,,,867,hotspot3d,384,"No per-row failure/timeout/crash conclusion is available because the run is still active and GitHub logs are unavailable; this row is unknown, not failed."
unknown_no_matching_downloaded_csv_row_and_logs_unavailable,checked-in mi300a_problem_size_discovery_plan plus active-run artifact/log snapshot,Tier 2,hotspot3d,benchmark-results-hotspot3D,unknown,,,,,,,,868,hotspot3d,448,"No per-row failure/timeout/crash conclusion is available because the run is still active and GitHub logs are unavailable; this row is unknown, not failed."
unknown_no_matching_downloaded_csv_row_and_logs_unavailable,checked-in mi300a_problem_size_discovery_plan plus active-run artifact/log snapshot,Tier 2,hotspot3d,benchmark-results-hotspot3D,unknown,,,,,,,,869,hotspot3d,512,"No per-row failure/timeout/crash conclusion is available because the run is still active and GitHub logs are unavailable; this row is unknown, not failed."
unknown_no_matching_downloaded_csv_row_and_logs_unavailable,checked-in mi300a_problem_size_discovery_plan plus active-run artifact/log snapshot,Tier 2,huffman,benchmark-results-huffman,completed,failure,,,,,,,879,huffman,524288,"No per-row failure/timeout/crash conclusion is available because the run is still active and GitHub logs are unavailable; this row is unknown, not failed."
unknown_no_matching_downloaded_csv_row_and_logs_unavailable,checked-in mi300a_problem_size_discovery_plan plus active-run artifact/log snapshot,Tier 2,huffman,benchmark-results-huffman,completed,failure,,,,,,,880,huffman,1048576,"No per-row failure/timeout/crash conclusion is available because the run is still active and GitHub logs are unavailable; this row is unknown, not failed."
unknown_no_matching_downloaded_csv_row_and_logs_unavailable,checked-in mi300a_problem_size_discovery_plan plus active-run artifact/log snapshot,Tier 2,huffman,benchmark-results-huffman,completed,failure,,,,,,,881,huffman,2097152,"No per-row failure/timeout/crash conclusion is available because the run is still active and GitHub logs are unavailable; this row is unknown, not failed."
unknown_no_matching_downloaded_csv_row_and_logs_unavailable,checked-in mi300a_problem_size_discovery_plan plus active-run artifact/log snapshot,Tier 2,huffman,benchmark-results-huffman,completed,failure,,,,,,,882,huffman,4194304,"No per-row failure/timeout/crash conclusion is available because the run is still active and GitHub logs are unavailable; this row is unknown, not failed."
unknown_no_matching_downloaded_csv_row_and_logs_unavailable,checked-in mi300a_problem_size_discovery_plan plus active-run artifact/log snapshot,Tier 2,huffman,benchmark-results-huffman,completed,failure,,,,,,,883,huffman,8388608,"No per-row failure/timeout/crash conclusion is available because the run is still active and GitHub logs are unavailable; this row is unknown, not failed."
unknown_no_matching_downloaded_csv_row_and_logs_unavailable,checked-in mi300a_problem_size_discovery_plan plus active-run artifact/log snapshot,Tier 2,huffman,benchmark-results-huffman,completed,failure,,,,,,,884,huffman,12582912,"No per-row failure/timeout/crash conclusion is available because the run is still active and GitHub logs are unavailable; this row is unknown, not failed."
unknown_no_matching_downloaded_csv_row_and_logs_unavailable,checked-in mi300a_problem_size_discovery_plan plus active-run artifact/log snapshot,Tier 2,huffman,benchmark-results-huffman,completed,failure,,,,,,,885,huffman,16777216,"No per-row failure/timeout/crash conclusion is available because the run is still active and GitHub logs are unavailable; this row is unknown, not failed."
unknown_no_matching_downloaded_csv_row_and_logs_unavailable,checked-in mi300a_problem_size_discovery_plan plus active-run artifact/log snapshot,Tier 2,lavamd,benchmark-results-lavaMD,unknown,,,,,,,,887,lavamd,3,"No per-row failure/timeout/crash conclusion is available because the run is still active and GitHub logs are unavailable; this row is unknown, not failed."
unknown_no_matching_downloaded_csv_row_and_logs_unavailable,checked-in mi300a_problem_size_discovery_plan plus active-run artifact/log snapshot,Tier 2,lavamd,benchmark-results-lavaMD,unknown,,,,,,,,888,lavamd,4,"No per-row failure/timeout/crash conclusion is available because the run is still active and GitHub logs are unavailable; this row is unknown, not failed."
unknown_no_matching_downloaded_csv_row_and_logs_unavailable,checked-in mi300a_problem_size_discovery_plan plus active-run artifact/log snapshot,Tier 2,lavamd,benchmark-results-lavaMD,unknown,,,,,,,,889,lavamd,5,"No per-row failure/timeout/crash conclusion is available because the run is still active and GitHub logs are unavailable; this row is unknown, not failed."
unknown_no_matching_downloaded_csv_row_and_logs_unavailable,checked-in mi300a_problem_size_discovery_plan plus active-run artifact/log snapshot,Tier 2,lavamd,benchmark-results-lavaMD,unknown,,,,,,,,890,lavamd,6,"No per-row failure/timeout/crash conclusion is available because the run is still active and GitHub logs are unavailable; this row is unknown, not failed."
unknown_no_matching_downloaded_csv_row_and_logs_unavailable,checked-in mi300a_problem_size_discovery_plan plus active-run artifact/log snapshot,Tier 2,lavamd,benchmark-results-lavaMD,unknown,,,,,,,,891,lavamd,8,"No per-row failure/timeout/crash conclusion is available because the run is still active and GitHub logs are unavailable; this row is unknown, not failed."
unknown_no_matching_downloaded_csv_row_and_logs_unavailable,checked-in mi300a_problem_size_discovery_plan plus active-run artifact/log snapshot,Tier 2,lavamd,benchmark-results-lavaMD,unknown,,,,,,,,892,lavamd,10,"No per-row failure/timeout/crash conclusion is available because the run is still active and GitHub logs are unavailable; this row is unknown, not failed."
unknown_no_matching_downloaded_csv_row_and_logs_unavailable,checked-in mi300a_problem_size_discovery_plan plus active-run artifact/log snapshot,Tier 2,lavamd,benchmark-results-lavaMD,unknown,,,,,,,,893,lavamd,12,"No per-row failure/timeout/crash conclusion is available because the run is still active and GitHub logs are unavailable; this row is unknown, not failed."
unknown_no_matching_downloaded_csv_row_and_logs_unavailable,checked-in mi300a_problem_size_discovery_plan plus active-run artifact/log snapshot,Tier 2,lavamd,benchmark-results-lavaMD,unknown,,,,,,,,894,lavamd,14,"No per-row failure/timeout/crash conclusion is available because the run is still active and GitHub logs are unavailable; this row is unknown, not failed."
unknown_no_matching_downloaded_csv_row_and_logs_unavailable,checked-in mi300a_problem_size_discovery_plan plus active-run artifact/log snapshot,Tier 2,lavamd,benchmark-results-lavaMD,unknown,,,,,,,,895,lavamd,16,"No per-row failure/timeout/crash conclusion is available because the run is still active and GitHub logs are unavailable; this row is unknown, not failed."
unknown_no_matching_downloaded_csv_row_and_logs_unavailable,checked-in mi300a_problem_size_discovery_plan plus active-run artifact/log snapshot,Tier 2,lavamd,benchmark-results-lavaMD,unknown,,,,,,,,896,lavamd,18,"No per-row failure/timeout/crash conclusion is available because the run is still active and GitHub logs are unavailable; this row is unknown, not failed."
unknown_no_matching_downloaded_csv_row_and_logs_unavailable,checked-in mi300a_problem_size_discovery_plan plus active-run artifact/log snapshot,Tier 2,lavamd,benchmark-results-lavaMD,unknown,,,,,,,,897,lavamd,20,"No per-row failure/timeout/crash conclusion is available because the run is still active and GitHub logs are unavailable; this row is unknown, not failed."
unknown_no_matching_downloaded_csv_row_and_logs_unavailable,checked-in mi300a_problem_size_discovery_plan plus active-run artifact/log snapshot,Tier 2,lavamd,benchmark-results-lavaMD,unknown,,,,,,,,898,lavamd,22,"No per-row failure/timeout/crash conclusion is available because the run is still active and GitHub logs are unavailable; this row is unknown, not failed."
unknown_no_matching_downloaded_csv_row_and_logs_unavailable,checked-in mi300a_problem_size_discovery_plan plus active-run artifact/log snapshot,Tier 2,lavamd,benchmark-results-lavaMD,unknown,,,,,,,,899,lavamd,24,"No per-row failure/timeout/crash conclusion is available because the run is still active and GitHub logs are unavailable; this row is unknown, not failed."
unknown_no_matching_downloaded_csv_row_and_logs_unavailable,checked-in mi300a_problem_size_discovery_plan plus active-run artifact/log snapshot,Tier 2,lavamd,benchmark-results-lavaMD,unknown,,,,,,,,900,lavamd,26,"No per-row failure/timeout/crash conclusion is available because the run is still active and GitHub logs are unavailable; this row is unknown, not failed."
unknown_no_matching_downloaded_csv_row_and_logs_unavailable,checked-in mi300a_problem_size_discovery_plan plus active-run artifact/log snapshot,Tier 2,lavamd,benchmark-results-lavaMD,unknown,,,,,,,,901,lavamd,28,"No per-row failure/timeout/crash conclusion is available because the run is still active and GitHub logs are unavailable; this row is unknown, not failed."
unknown_no_matching_downloaded_csv_row_and_logs_unavailable,checked-in mi300a_problem_size_discovery_plan plus active-run artifact/log snapshot,Tier 2,lavamd,benchmark-results-lavaMD,unknown,,,,,,,,902,lavamd,30,"No per-row failure/timeout/crash conclusion is available because the run is still active and GitHub logs are unavailable; this row is unknown, not failed."
unknown_no_matching_downloaded_csv_row_and_logs_unavailable,checked-in mi300a_problem_size_discovery_plan plus active-run artifact/log snapshot,Tier 2,lavamd,benchmark-results-lavaMD,unknown,,,,,,,,903,lavamd,34,"No per-row failure/timeout/crash conclusion is available because the run is still active and GitHub logs are unavailable; this row is unknown, not failed."
unknown_no_matching_downloaded_csv_row_and_logs_unavailable,checked-in mi300a_problem_size_discovery_plan plus active-run artifact/log snapshot,Tier 2,lavamd,benchmark-results-lavaMD,unknown,,,,,,,,904,lavamd,38,"No per-row failure/timeout/crash conclusion is available because the run is still active and GitHub logs are unavailable; this row is unknown, not failed."
unknown_no_matching_downloaded_csv_row_and_logs_unavailable,checked-in mi300a_problem_size_discovery_plan plus active-run artifact/log snapshot,Tier 2,lud,benchmark-results-lud,completed,failure,,,,,,,911,lud,640,"No per-row failure/timeout/crash conclusion is available because the run is still active and GitHub logs are unavailable; this row is unknown, not failed."
unknown_no_matching_downloaded_csv_row_and_logs_unavailable,checked-in mi300a_problem_size_discovery_plan plus active-run artifact/log snapshot,Tier 2,lud,benchmark-results-lud,completed,failure,,,,,,,912,lud,768,"No per-row failure/timeout/crash conclusion is available because the run is still active and GitHub logs are unavailable; this row is unknown, not failed."
unknown_no_matching_downloaded_csv_row_and_logs_unavailable,checked-in mi300a_problem_size_discovery_plan plus active-run artifact/log snapshot,Tier 2,lud,benchmark-results-lud,completed,failure,,,,,,,913,lud,896,"No per-row failure/timeout/crash conclusion is available because the run is still active and GitHub logs are unavailable; this row is unknown, not failed."
unknown_no_matching_downloaded_csv_row_and_logs_unavailable,checked-in mi300a_problem_size_discovery_plan plus active-run artifact/log snapshot,Tier 2,lud,benchmark-results-lud,completed,failure,,,,,,,914,lud,1024,"No per-row failure/timeout/crash conclusion is available because the run is still active and GitHub logs are unavailable; this row is unknown, not failed."
unknown_no_matching_downloaded_csv_row_and_logs_unavailable,checked-in mi300a_problem_size_discovery_plan plus active-run artifact/log snapshot,Tier 2,lud,benchmark-results-lud,completed,failure,,,,,,,915,lud,1280,"No per-row failure/timeout/crash conclusion is available because the run is still active and GitHub logs are unavailable; this row is unknown, not failed."
unknown_no_matching_downloaded_csv_row_and_logs_unavailable,checked-in mi300a_problem_size_discovery_plan plus active-run artifact/log snapshot,Tier 2,lud,benchmark-results-lud,completed,failure,,,,,,,916,lud,1536,"No per-row failure/timeout/crash conclusion is available because the run is still active and GitHub logs are unavailable; this row is unknown, not failed."
unknown_no_matching_downloaded_csv_row_and_logs_unavailable,checked-in mi300a_problem_size_discovery_plan plus active-run artifact/log snapshot,Tier 2,lud,benchmark-results-lud,completed,failure,,,,,,,917,lud,1792,"No per-row failure/timeout/crash conclusion is available because the run is still active and GitHub logs are unavailable; this row is unknown, not failed."
unknown_no_matching_downloaded_csv_row_and_logs_unavailable,checked-in mi300a_problem_size_discovery_plan plus active-run artifact/log snapshot,Tier 2,lud,benchmark-results-lud,completed,failure,,,,,,,918,lud,2048,"No per-row failure/timeout/crash conclusion is available because the run is still active and GitHub logs are unavailable; this row is unknown, not failed."
unknown_no_matching_downloaded_csv_row_and_logs_unavailable,checked-in mi300a_problem_size_discovery_plan plus active-run artifact/log snapshot,Tier 2,lud,benchmark-results-lud,completed,failure,,,,,,,919,lud,2560,"No per-row failure/timeout/crash conclusion is available because the run is still active and GitHub logs are unavailable; this row is unknown, not failed."
unknown_no_matching_downloaded_csv_row_and_logs_unavailable,checked-in mi300a_problem_size_discovery_plan plus active-run artifact/log snapshot,Tier 2,lud,benchmark-results-lud,completed,failure,,,,,,,920,lud,3072,"No per-row failure/timeout/crash conclusion is available because the run is still active and GitHub logs are unavailable; this row is unknown, not failed."
unknown_no_matching_downloaded_csv_row_and_logs_unavailable,checked-in mi300a_problem_size_discovery_plan plus active-run artifact/log snapshot,Tier 2,lud,benchmark-results-lud,completed,failure,,,,,,,921,lud,3584,"No per-row failure/timeout/crash conclusion is available because the run is still active and GitHub logs are unavailable; this row is unknown, not failed."
unknown_no_matching_downloaded_csv_row_and_logs_unavailable,checked-in mi300a_problem_size_discovery_plan plus active-run artifact/log snapshot,Tier 2,lud,benchmark-results-lud,completed,failure,,,,,,,922,lud,4096,"No per-row failure/timeout/crash conclusion is available because the run is still active and GitHub logs are unavailable; this row is unknown, not failed."
unknown_no_matching_downloaded_csv_row_and_logs_unavailable,checked-in mi300a_problem_size_discovery_plan plus active-run artifact/log snapshot,Tier 2,particlefilter,benchmark-results-particlefilter,completed,failure,,,,,,,928,particlefilter,8192,"No per-row failure/timeout/crash conclusion is available because the run is still active and GitHub logs are unavailable; this row is unknown, not failed."
unknown_no_matching_downloaded_csv_row_and_logs_unavailable,checked-in mi300a_problem_size_discovery_plan plus active-run artifact/log snapshot,Tier 2,particlefilter,benchmark-results-particlefilter,completed,failure,,,,,,,929,particlefilter,16384,"No per-row failure/timeout/crash conclusion is available because the run is still active and GitHub logs are unavailable; this row is unknown, not failed."
unknown_no_matching_downloaded_csv_row_and_logs_unavailable,checked-in mi300a_problem_size_discovery_plan plus active-run artifact/log snapshot,Tier 2,particlefilter,benchmark-results-particlefilter,completed,failure,,,,,,,930,particlefilter,32768,"No per-row failure/timeout/crash conclusion is available because the run is still active and GitHub logs are unavailable; this row is unknown, not failed."
unknown_no_matching_downloaded_csv_row_and_logs_unavailable,checked-in mi300a_problem_size_discovery_plan plus active-run artifact/log snapshot,Tier 2,particlefilter,benchmark-results-particlefilter,completed,failure,,,,,,,931,particlefilter,65536,"No per-row failure/timeout/crash conclusion is available because the run is still active and GitHub logs are unavailable; this row is unknown, not failed."
unknown_no_matching_downloaded_csv_row_and_logs_unavailable,checked-in mi300a_problem_size_discovery_plan plus active-run artifact/log snapshot,Tier 2,particlefilter,benchmark-results-particlefilter,completed,failure,,,,,,,932,particlefilter,131072,"No per-row failure/timeout/crash conclusion is available because the run is still active and GitHub logs are unavailable; this row is unknown, not failed."
unknown_no_matching_downloaded_csv_row_and_logs_unavailable,checked-in mi300a_problem_size_discovery_plan plus active-run artifact/log snapshot,Tier 2,particlefilter,benchmark-results-particlefilter,completed,failure,,,,,,,933,particlefilter,262144,"No per-row failure/timeout/crash conclusion is available because the run is still active and GitHub logs are unavailable; this row is unknown, not failed."
unknown_no_matching_downloaded_csv_row_and_logs_unavailable,checked-in mi300a_problem_size_discovery_plan plus active-run artifact/log snapshot,Tier 2,particlefilter,benchmark-results-particlefilter,completed,failure,,,,,,,934,particlefilter,524288,"No per-row failure/timeout/crash conclusion is available because the run is still active and GitHub logs are unavailable; this row is unknown, not failed."
unknown_no_matching_downloaded_csv_row_and_logs_unavailable,checked-in mi300a_problem_size_discovery_plan plus active-run artifact/log snapshot,Tier 2,particlefilter,benchmark-results-particlefilter,completed,failure,,,,,,,935,particlefilter,786432,"No per-row failure/timeout/crash conclusion is available because the run is still active and GitHub logs are unavailable; this row is unknown, not failed."
unknown_no_matching_downloaded_csv_row_and_logs_unavailable,checked-in mi300a_problem_size_discovery_plan plus active-run artifact/log snapshot,Tier 2,particlefilter,benchmark-results-particlefilter,completed,failure,,,,,,,936,particlefilter,1048576,"No per-row failure/timeout/crash conclusion is available because the run is still active and GitHub logs are unavailable; this row is unknown, not failed."
unknown_no_matching_downloaded_csv_row_and_logs_unavailable,checked-in mi300a_problem_size_discovery_plan plus active-run artifact/log snapshot,Tier 2,particlefilter,benchmark-results-particlefilter,completed,failure,,,,,,,937,particlefilter,2097152,"No per-row failure/timeout/crash conclusion is available because the run is still active and GitHub logs are unavailable; this row is unknown, not failed."
unknown_no_matching_downloaded_csv_row_and_logs_unavailable,checked-in mi300a_problem_size_discovery_plan plus active-run artifact/log snapshot,Tier 2,particlefilter,benchmark-results-particlefilter,completed,failure,,,,,,,938,particlefilter,4194304,"No per-row failure/timeout/crash conclusion is available because the run is still active and GitHub logs are unavailable; this row is unknown, not failed."
unknown_no_matching_downloaded_csv_row_and_logs_unavailable,checked-in mi300a_problem_size_discovery_plan plus active-run artifact/log snapshot,Tier 2,pathfinder,benchmark-results-pathfinder,completed,failure,,,,,,,945,pathfinder,65536,"No per-row failure/timeout/crash conclusion is available because the run is still active and GitHub logs are unavailable; this row is unknown, not failed."
unknown_no_matching_downloaded_csv_row_and_logs_unavailable,checked-in mi300a_problem_size_discovery_plan plus active-run artifact/log snapshot,Tier 2,pathfinder,benchmark-results-pathfinder,completed,failure,,,,,,,946,pathfinder,131072,"No per-row failure/timeout/crash conclusion is available because the run is still active and GitHub logs are unavailable; this row is unknown, not failed."
unknown_no_matching_downloaded_csv_row_and_logs_unavailable,checked-in mi300a_problem_size_discovery_plan plus active-run artifact/log snapshot,Tier 2,pathfinder,benchmark-results-pathfinder,completed,failure,,,,,,,947,pathfinder,196608,"No per-row failure/timeout/crash conclusion is available because the run is still active and GitHub logs are unavailable; this row is unknown, not failed."
unknown_no_matching_downloaded_csv_row_and_logs_unavailable,checked-in mi300a_problem_size_discovery_plan plus active-run artifact/log snapshot,Tier 2,pathfinder,benchmark-results-pathfinder,completed,failure,,,,,,,948,pathfinder,262144,"No per-row failure/timeout/crash conclusion is available because the run is still active and GitHub logs are unavailable; this row is unknown, not failed."
unknown_no_matching_downloaded_csv_row_and_logs_unavailable,checked-in mi300a_problem_size_discovery_plan plus active-run artifact/log snapshot,Tier 2,pathfinder,benchmark-results-pathfinder,completed,failure,,,,,,,949,pathfinder,393216,"No per-row failure/timeout/crash conclusion is available because the run is still active and GitHub logs are unavailable; this row is unknown, not failed."
unknown_no_matching_downloaded_csv_row_and_logs_unavailable,checked-in mi300a_problem_size_discovery_plan plus active-run artifact/log snapshot,Tier 2,pathfinder,benchmark-results-pathfinder,completed,failure,,,,,,,950,pathfinder,524288,"No per-row failure/timeout/crash conclusion is available because the run is still active and GitHub logs are unavailable; this row is unknown, not failed."
unknown_no_matching_downloaded_csv_row_and_logs_unavailable,checked-in mi300a_problem_size_discovery_plan plus active-run artifact/log snapshot,Tier 2,pathfinder,benchmark-results-pathfinder,completed,failure,,,,,,,951,pathfinder,786432,"No per-row failure/timeout/crash conclusion is available because the run is still active and GitHub logs are unavailable; this row is unknown, not failed."
unknown_no_matching_downloaded_csv_row_and_logs_unavailable,checked-in mi300a_problem_size_discovery_plan plus active-run artifact/log snapshot,Tier 2,pathfinder,benchmark-results-pathfinder,completed,failure,,,,,,,952,pathfinder,1048576,"No per-row failure/timeout/crash conclusion is available because the run is still active and GitHub logs are unavailable; this row is unknown, not failed."
unknown_no_matching_downloaded_csv_row_and_logs_unavailable,checked-in mi300a_problem_size_discovery_plan plus active-run artifact/log snapshot,Tier 2,pathfinder,benchmark-results-pathfinder,completed,failure,,,,,,,953,pathfinder,1572864,"No per-row failure/timeout/crash conclusion is available because the run is still active and GitHub logs are unavailable; this row is unknown, not failed."
unknown_no_matching_downloaded_csv_row_and_logs_unavailable,checked-in mi300a_problem_size_discovery_plan plus active-run artifact/log snapshot,Tier 2,pathfinder,benchmark-results-pathfinder,completed,failure,,,,,,,954,pathfinder,2097152,"No per-row failure/timeout/crash conclusion is available because the run is still active and GitHub logs are unavailable; this row is unknown, not failed."
unknown_no_matching_downloaded_csv_row_and_logs_unavailable,checked-in mi300a_problem_size_discovery_plan plus active-run artifact/log snapshot,Tier 2,srad,benchmark-results-srad,completed,failure,,,,,,,959,srad,384,"No per-row failure/timeout/crash conclusion is available because the run is still active and GitHub logs are unavailable; this row is unknown, not failed."
unknown_no_matching_downloaded_csv_row_and_logs_unavailable,checked-in mi300a_problem_size_discovery_plan plus active-run artifact/log snapshot,Tier 2,srad,benchmark-results-srad,completed,failure,,,,,,,960,srad,512,"No per-row failure/timeout/crash conclusion is available because the run is still active and GitHub logs are unavailable; this row is unknown, not failed."
unknown_no_matching_downloaded_csv_row_and_logs_unavailable,checked-in mi300a_problem_size_discovery_plan plus active-run artifact/log snapshot,Tier 2,srad,benchmark-results-srad,completed,failure,,,,,,,961,srad,640,"No per-row failure/timeout/crash conclusion is available because the run is still active and GitHub logs are unavailable; this row is unknown, not failed."
unknown_no_matching_downloaded_csv_row_and_logs_unavailable,checked-in mi300a_problem_size_discovery_plan plus active-run artifact/log snapshot,Tier 2,srad,benchmark-results-srad,completed,failure,,,,,,,962,srad,768,"No per-row failure/timeout/crash conclusion is available because the run is still active and GitHub logs are unavailable; this row is unknown, not failed."
unknown_no_matching_downloaded_csv_row_and_logs_unavailable,checked-in mi300a_problem_size_discovery_plan plus active-run artifact/log snapshot,Tier 2,srad,benchmark-results-srad,completed,failure,,,,,,,963,srad,1024,"No per-row failure/timeout/crash conclusion is available because the run is still active and GitHub logs are unavailable; this row is unknown, not failed."
unknown_no_matching_downloaded_csv_row_and_logs_unavailable,checked-in mi300a_problem_size_discovery_plan plus active-run artifact/log snapshot,Tier 2,srad,benchmark-results-srad,completed,failure,,,,,,,964,srad,1280,"No per-row failure/timeout/crash conclusion is available because the run is still active and GitHub logs are unavailable; this row is unknown, not failed."
unknown_no_matching_downloaded_csv_row_and_logs_unavailable,checked-in mi300a_problem_size_discovery_plan plus active-run artifact/log snapshot,Tier 2,srad,benchmark-results-srad,completed,failure,,,,,,,965,srad,1536,"No per-row failure/timeout/crash conclusion is available because the run is still active and GitHub logs are unavailable; this row is unknown, not failed."
unknown_no_matching_downloaded_csv_row_and_logs_unavailable,checked-in mi300a_problem_size_discovery_plan plus active-run artifact/log snapshot,Tier 2,srad,benchmark-results-srad,completed,failure,,,,,,,966,srad,2048,"No per-row failure/timeout/crash conclusion is available because the run is still active and GitHub logs are unavailable; this row is unknown, not failed."
unknown_no_matching_downloaded_csv_row_and_logs_unavailable,checked-in mi300a_problem_size_discovery_plan plus active-run artifact/log snapshot,Tier 2,srad,benchmark-results-srad,completed,failure,,,,,,,967,srad,2560,"No per-row failure/timeout/crash conclusion is available because the run is still active and GitHub logs are unavailable; this row is unknown, not failed."
unknown_no_matching_downloaded_csv_row_and_logs_unavailable,checked-in mi300a_problem_size_discovery_plan plus active-run artifact/log snapshot,Tier 2,srad,benchmark-results-srad,completed,failure,,,,,,,968,srad,4096,"No per-row failure/timeout/crash conclusion is available because the run is still active and GitHub logs are unavailable; this row is unknown, not failed."
unknown_no_matching_downloaded_csv_row_and_logs_unavailable,checked-in mi300a_problem_size_discovery_plan plus active-run artifact/log snapshot,Tier 2,srad,benchmark-results-srad,completed,failure,,,,,,,969,srad,6144,"No per-row failure/timeout/crash conclusion is available because the run is still active and GitHub logs are unavailable; this row is unknown, not failed."
unknown_no_matching_downloaded_csv_row_and_logs_unavailable,checked-in mi300a_problem_size_discovery_plan plus active-run artifact/log snapshot,Tier 2,srad,benchmark-results-srad,completed,failure,,,,,,,970,srad,8192,"No per-row failure/timeout/crash conclusion is available because the run is still active and GitHub logs are unavailable; this row is unknown, not failed."
unknown_no_matching_downloaded_csv_row_and_logs_unavailable,checked-in mi300a_problem_size_discovery_plan plus active-run artifact/log snapshot,Tier 2,streamcluster,benchmark-results-streamcluster,completed,failure,,,,,,,976,streamcluster_pgain,32768,"No per-row failure/timeout/crash conclusion is available because the run is still active and GitHub logs are unavailable; this row is unknown, not failed."
unknown_no_matching_downloaded_csv_row_and_logs_unavailable,checked-in mi300a_problem_size_discovery_plan plus active-run artifact/log snapshot,Tier 2,streamcluster,benchmark-results-streamcluster,completed,failure,,,,,,,977,streamcluster_pgain,65536,"No per-row failure/timeout/crash conclusion is available because the run is still active and GitHub logs are unavailable; this row is unknown, not failed."
unknown_no_matching_downloaded_csv_row_and_logs_unavailable,checked-in mi300a_problem_size_discovery_plan plus active-run artifact/log snapshot,Tier 2,streamcluster,benchmark-results-streamcluster,completed,failure,,,,,,,978,streamcluster_pgain,131072,"No per-row failure/timeout/crash conclusion is available because the run is still active and GitHub logs are unavailable; this row is unknown, not failed."
unknown_no_matching_downloaded_csv_row_and_logs_unavailable,checked-in mi300a_problem_size_discovery_plan plus active-run artifact/log snapshot,Tier 2,streamcluster,benchmark-results-streamcluster,completed,failure,,,,,,,979,streamcluster_pgain,196608,"No per-row failure/timeout/crash conclusion is available because the run is still active and GitHub logs are unavailable; this row is unknown, not failed."
unknown_no_matching_downloaded_csv_row_and_logs_unavailable,checked-in mi300a_problem_size_discovery_plan plus active-run artifact/log snapshot,Tier 2,streamcluster,benchmark-results-streamcluster,completed,failure,,,,,,,980,streamcluster_pgain,262144,"No per-row failure/timeout/crash conclusion is available because the run is still active and GitHub logs are unavailable; this row is unknown, not failed."
unknown_no_matching_downloaded_csv_row_and_logs_unavailable,checked-in mi300a_problem_size_discovery_plan plus active-run artifact/log snapshot,Tier 2,streamcluster,benchmark-results-streamcluster,completed,failure,,,,,,,981,streamcluster_pgain,393216,"No per-row failure/timeout/crash conclusion is available because the run is still active and GitHub logs are unavailable; this row is unknown, not failed."
unknown_no_matching_downloaded_csv_row_and_logs_unavailable,checked-in mi300a_problem_size_discovery_plan plus active-run artifact/log snapshot,Tier 2,streamcluster,benchmark-results-streamcluster,completed,failure,,,,,,,982,streamcluster_pgain,524288,"No per-row failure/timeout/crash conclusion is available because the run is still active and GitHub logs are unavailable; this row is unknown, not failed."
unknown_no_matching_downloaded_csv_row_and_logs_unavailable,checked-in mi300a_problem_size_discovery_plan plus active-run artifact/log snapshot,Tier 2,streamcluster,benchmark-results-streamcluster,completed,failure,,,,,,,983,streamcluster_pgain,786432,"No per-row failure/timeout/crash conclusion is available because the run is still active and GitHub logs are unavailable; this row is unknown, not failed."
unknown_no_matching_downloaded_csv_row_and_logs_unavailable,checked-in mi300a_problem_size_discovery_plan plus active-run artifact/log snapshot,Tier 2,streamcluster,benchmark-results-streamcluster,completed,failure,,,,,,,984,streamcluster_pgain,1048576,"No per-row failure/timeout/crash conclusion is available because the run is still active and GitHub logs are unavailable; this row is unknown, not failed."
unknown_no_matching_downloaded_csv_row_and_logs_unavailable,checked-in mi300a_problem_size_discovery_plan plus active-run artifact/log snapshot,Tier 2,streamcluster,benchmark-results-streamcluster,completed,failure,,,,,,,985,streamcluster_pgain,1572864,"No per-row failure/timeout/crash conclusion is available because the run is still active and GitHub logs are unavailable; this row is unknown, not failed."
unknown_no_matching_downloaded_csv_row_and_logs_unavailable,checked-in mi300a_problem_size_discovery_plan plus active-run artifact/log snapshot,Tier 2,streamcluster,benchmark-results-streamcluster,completed,failure,,,,,,,986,streamcluster_pgain,2097152,"No per-row failure/timeout/crash conclusion is available because the run is still active and GitHub logs are unavailable; this row is unknown, not failed."
unknown_no_matching_downloaded_csv_row_and_logs_unavailable,checked-in mi300a_problem_size_discovery_plan plus active-run artifact/log snapshot,Tier 2,ga,benchmark-results-ga,completed,failure,,,,,,,992,ga,1024,"No per-row failure/timeout/crash conclusion is available because the run is still active and GitHub logs are unavailable; this row is unknown, not failed."
unknown_no_matching_downloaded_csv_row_and_logs_unavailable,checked-in mi300a_problem_size_discovery_plan plus active-run artifact/log snapshot,Tier 2,ga,benchmark-results-ga,completed,failure,,,,,,,993,ga,2048,"No per-row failure/timeout/crash conclusion is available because the run is still active and GitHub logs are unavailable; this row is unknown, not failed."
unknown_no_matching_downloaded_csv_row_and_logs_unavailable,checked-in mi300a_problem_size_discovery_plan plus active-run artifact/log snapshot,Tier 2,ga,benchmark-results-ga,completed,failure,,,,,,,994,ga,4096,"No per-row failure/timeout/crash conclusion is available because the run is still active and GitHub logs are unavailable; this row is unknown, not failed."
unknown_no_matching_downloaded_csv_row_and_logs_unavailable,checked-in mi300a_problem_size_discovery_plan plus active-run artifact/log snapshot,Tier 2,ga,benchmark-results-ga,completed,failure,,,,,,,995,ga,6144,"No per-row failure/timeout/crash conclusion is available because the run is still active and GitHub logs are unavailable; this row is unknown, not failed."
unknown_no_matching_downloaded_csv_row_and_logs_unavailable,checked-in mi300a_problem_size_discovery_plan plus active-run artifact/log snapshot,Tier 2,ga,benchmark-results-ga,completed,failure,,,,,,,996,ga,8192,"No per-row failure/timeout/crash conclusion is available because the run is still active and GitHub logs are unavailable; this row is unknown, not failed."
unknown_no_matching_downloaded_csv_row_and_logs_unavailable,checked-in mi300a_problem_size_discovery_plan plus active-run artifact/log snapshot,Tier 2,ga,benchmark-results-ga,completed,failure,,,,,,,997,ga,12288,"No per-row failure/timeout/crash conclusion is available because the run is still active and GitHub logs are unavailable; this row is unknown, not failed."
unknown_no_matching_downloaded_csv_row_and_logs_unavailable,checked-in mi300a_problem_size_discovery_plan plus active-run artifact/log snapshot,Tier 2,ga,benchmark-results-ga,completed,failure,,,,,,,998,ga,16384,"No per-row failure/timeout/crash conclusion is available because the run is still active and GitHub logs are unavailable; this row is unknown, not failed."
unknown_no_matching_downloaded_csv_row_and_logs_unavailable,checked-in mi300a_problem_size_discovery_plan plus active-run artifact/log snapshot,Tier 2,ga,benchmark-results-ga,completed,failure,,,,,,,999,ga,24576,"No per-row failure/timeout/crash conclusion is available because the run is still active and GitHub logs are unavailable; this row is unknown, not failed."
unknown_no_matching_downloaded_csv_row_and_logs_unavailable,checked-in mi300a_problem_size_discovery_plan plus active-run artifact/log snapshot,Tier 2,ga,benchmark-results-ga,completed,failure,,,,,,,1000,ga,32768,"No per-row failure/timeout/crash conclusion is available because the run is still active and GitHub logs are unavailable; this row is unknown, not failed."
unknown_no_matching_downloaded_csv_row_and_logs_unavailable,checked-in mi300a_problem_size_discovery_plan plus active-run artifact/log snapshot,Tier 2,ga,benchmark-results-ga,completed,failure,,,,,,,1001,ga,49152,"No per-row failure/timeout/crash conclusion is available because the run is still active and GitHub logs are unavailable; this row is unknown, not failed."
unknown_no_matching_downloaded_csv_row_and_logs_unavailable,checked-in mi300a_problem_size_discovery_plan plus active-run artifact/log snapshot,Tier 2,ga,benchmark-results-ga,completed,failure,,,,,,,1002,ga,65536,"No per-row failure/timeout/crash conclusion is available because the run is still active and GitHub logs are unavailable; this row is unknown, not failed."
unknown_no_matching_downloaded_csv_row_and_logs_unavailable,checked-in mi300a_problem_size_discovery_plan plus active-run artifact/log snapshot,Tier 2,hist,benchmark-results-hist,in_progress,,,,,,,,1003,hist,512,"No per-row failure/timeout/crash conclusion is available because the run is still active and GitHub logs are unavailable; this row is unknown, not failed."
unknown_no_matching_downloaded_csv_row_and_logs_unavailable,checked-in mi300a_problem_size_discovery_plan plus active-run artifact/log snapshot,Tier 2,hist,benchmark-results-hist,in_progress,,,,,,,,1004,hist,1024,"No per-row failure/timeout/crash conclusion is available because the run is still active and GitHub logs are unavailable; this row is unknown, not failed."
unknown_no_matching_downloaded_csv_row_and_logs_unavailable,checked-in mi300a_problem_size_discovery_plan plus active-run artifact/log snapshot,Tier 2,hist,benchmark-results-hist,in_progress,,,,,,,,1005,hist,2048,"No per-row failure/timeout/crash conclusion is available because the run is still active and GitHub logs are unavailable; this row is unknown, not failed."
unknown_no_matching_downloaded_csv_row_and_logs_unavailable,checked-in mi300a_problem_size_discovery_plan plus active-run artifact/log snapshot,Tier 2,hist,benchmark-results-hist,in_progress,,,,,,,,1006,hist,4096,"No per-row failure/timeout/crash conclusion is available because the run is still active and GitHub logs are unavailable; this row is unknown, not failed."
unknown_no_matching_downloaded_csv_row_and_logs_unavailable,checked-in mi300a_problem_size_discovery_plan plus active-run artifact/log snapshot,Tier 2,hist,benchmark-results-hist,in_progress,,,,,,,,1007,hist,8192,"No per-row failure/timeout/crash conclusion is available because the run is still active and GitHub logs are unavailable; this row is unknown, not failed."
unknown_no_matching_downloaded_csv_row_and_logs_unavailable,checked-in mi300a_problem_size_discovery_plan plus active-run artifact/log snapshot,Tier 2,hist,benchmark-results-hist,in_progress,,,,,,,,1008,hist,16384,"No per-row failure/timeout/crash conclusion is available because the run is still active and GitHub logs are unavailable; this row is unknown, not failed."
unknown_no_matching_downloaded_csv_row_and_logs_unavailable,checked-in mi300a_problem_size_discovery_plan plus active-run artifact/log snapshot,Tier 2,hist,benchmark-results-hist,in_progress,,,,,,,,1009,hist,32768,"No per-row failure/timeout/crash conclusion is available because the run is still active and GitHub logs are unavailable; this row is unknown, not failed."
unknown_no_matching_downloaded_csv_row_and_logs_unavailable,checked-in mi300a_problem_size_discovery_plan plus active-run artifact/log snapshot,Tier 2,hist,benchmark-results-hist,in_progress,,,,,,,,1010,hist,65536,"No per-row failure/timeout/crash conclusion is available because the run is still active and GitHub logs are unavailable; this row is unknown, not failed."
unknown_no_matching_downloaded_csv_row_and_logs_unavailable,checked-in mi300a_problem_size_discovery_plan plus active-run artifact/log snapshot,Tier 2,hist,benchmark-results-hist,in_progress,,,,,,,,1011,hist,131072,"No per-row failure/timeout/crash conclusion is available because the run is still active and GitHub logs are unavailable; this row is unknown, not failed."
unknown_no_matching_downloaded_csv_row_and_logs_unavailable,checked-in mi300a_problem_size_discovery_plan plus active-run artifact/log snapshot,Tier 2,hist,benchmark-results-hist,in_progress,,,,,,,,1012,hist,262144,"No per-row failure/timeout/crash conclusion is available because the run is still active and GitHub logs are unavailable; this row is unknown, not failed."
unknown_no_matching_downloaded_csv_row_and_logs_unavailable,checked-in mi300a_problem_size_discovery_plan plus active-run artifact/log snapshot,Tier 2,hist,benchmark-results-hist,in_progress,,,,,,,,1013,hist,524288,"No per-row failure/timeout/crash conclusion is available because the run is still active and GitHub logs are unavailable; this row is unknown, not failed."
unknown_no_matching_downloaded_csv_row_and_logs_unavailable,checked-in mi300a_problem_size_discovery_plan plus active-run artifact/log snapshot,Tier 2,hist,benchmark-results-hist,in_progress,,,,,,,,1014,hist,1048576,"No per-row failure/timeout/crash conclusion is available because the run is still active and GitHub logs are unavailable; this row is unknown, not failed."
unknown_no_matching_downloaded_csv_row_and_logs_unavailable,checked-in mi300a_problem_size_discovery_plan plus active-run artifact/log snapshot,Tier 2,hist,benchmark-results-hist,in_progress,,,,,,,,1015,hist,2097152,"No per-row failure/timeout/crash conclusion is available because the run is still active and GitHub logs are unavailable; this row is unknown, not failed."
unknown_no_matching_downloaded_csv_row_and_logs_unavailable,checked-in mi300a_problem_size_discovery_plan plus active-run artifact/log snapshot,Tier 2,hist,benchmark-results-hist,in_progress,,,,,,,,1016,hist,4194304,"No per-row failure/timeout/crash conclusion is available because the run is still active and GitHub logs are unavailable; this row is unknown, not failed."
unknown_no_matching_downloaded_csv_row_and_logs_unavailable,checked-in mi300a_problem_size_discovery_plan plus active-run artifact/log snapshot,Tier 2,hist,benchmark-results-hist,in_progress,,,,,,,,1017,hist,8388608,"No per-row failure/timeout/crash conclusion is available because the run is still active and GitHub logs are unavailable; this row is unknown, not failed."
unknown_no_matching_downloaded_csv_row_and_logs_unavailable,checked-in mi300a_problem_size_discovery_plan plus active-run artifact/log snapshot,Tier 2,hist,benchmark-results-hist,in_progress,,,,,,,,1018,hist,16777216,"No per-row failure/timeout/crash conclusion is available because the run is still active and GitHub logs are unavailable; this row is unknown, not failed."
unknown_no_matching_downloaded_csv_row_and_logs_unavailable,checked-in mi300a_problem_size_discovery_plan plus active-run artifact/log snapshot,Tier 2,hist,benchmark-results-hist,in_progress,,,,,,,,1019,hist,33554432,"No per-row failure/timeout/crash conclusion is available because the run is still active and GitHub logs are unavailable; this row is unknown, not failed."
unknown_no_matching_downloaded_csv_row_and_logs_unavailable,checked-in mi300a_problem_size_discovery_plan plus active-run artifact/log snapshot,Tier 2,hist,benchmark-results-hist,in_progress,,,,,,,,1020,hist,67108864,"No per-row failure/timeout/crash conclusion is available because the run is still active and GitHub logs are unavailable; this row is unknown, not failed."
unknown_no_matching_downloaded_csv_row_and_logs_unavailable,checked-in mi300a_problem_size_discovery_plan plus active-run artifact/log snapshot,Tier 2,parboil_cutcp,benchmark-results-parboil-cutcp,completed,failure,,,,,,,1021,cutoff_potential,256,"No per-row failure/timeout/crash conclusion is available because the run is still active and GitHub logs are unavailable; this row is unknown, not failed."
unknown_no_matching_downloaded_csv_row_and_logs_unavailable,checked-in mi300a_problem_size_discovery_plan plus active-run artifact/log snapshot,Tier 2,parboil_cutcp,benchmark-results-parboil-cutcp,completed,failure,,,,,,,1022,cutoff_potential,512,"No per-row failure/timeout/crash conclusion is available because the run is still active and GitHub logs are unavailable; this row is unknown, not failed."
unknown_no_matching_downloaded_csv_row_and_logs_unavailable,checked-in mi300a_problem_size_discovery_plan plus active-run artifact/log snapshot,Tier 2,parboil_cutcp,benchmark-results-parboil-cutcp,completed,failure,,,,,,,1023,cutoff_potential,1024,"No per-row failure/timeout/crash conclusion is available because the run is still active and GitHub logs are unavailable; this row is unknown, not failed."
unknown_no_matching_downloaded_csv_row_and_logs_unavailable,checked-in mi300a_problem_size_discovery_plan plus active-run artifact/log snapshot,Tier 2,parboil_cutcp,benchmark-results-parboil-cutcp,completed,failure,,,,,,,1024,cutoff_potential,2048,"No per-row failure/timeout/crash conclusion is available because the run is still active and GitHub logs are unavailable; this row is unknown, not failed."
unknown_no_matching_downloaded_csv_row_and_logs_unavailable,checked-in mi300a_problem_size_discovery_plan plus active-run artifact/log snapshot,Tier 2,parboil_cutcp,benchmark-results-parboil-cutcp,completed,failure,,,,,,,1025,cutoff_potential,4096,"No per-row failure/timeout/crash conclusion is available because the run is still active and GitHub logs are unavailable; this row is unknown, not failed."
unknown_no_matching_downloaded_csv_row_and_logs_unavailable,checked-in mi300a_problem_size_discovery_plan plus active-run artifact/log snapshot,Tier 2,parboil_cutcp,benchmark-results-parboil-cutcp,completed,failure,,,,,,,1026,cutoff_potential,8192,"No per-row failure/timeout/crash conclusion is available because the run is still active and GitHub logs are unavailable; this row is unknown, not failed."
unknown_no_matching_downloaded_csv_row_and_logs_unavailable,checked-in mi300a_problem_size_discovery_plan plus active-run artifact/log snapshot,Tier 2,parboil_cutcp,benchmark-results-parboil-cutcp,completed,failure,,,,,,,1027,cutoff_potential,16384,"No per-row failure/timeout/crash conclusion is available because the run is still active and GitHub logs are unavailable; this row is unknown, not failed."
unknown_no_matching_downloaded_csv_row_and_logs_unavailable,checked-in mi300a_problem_size_discovery_plan plus active-run artifact/log snapshot,Tier 2,parboil_cutcp,benchmark-results-parboil-cutcp,completed,failure,,,,,,,1028,cutoff_potential,32768,"No per-row failure/timeout/crash conclusion is available because the run is still active and GitHub logs are unavailable; this row is unknown, not failed."
unknown_no_matching_downloaded_csv_row_and_logs_unavailable,checked-in mi300a_problem_size_discovery_plan plus active-run artifact/log snapshot,Tier 2,parboil_cutcp,benchmark-results-parboil-cutcp,completed,failure,,,,,,,1029,cutoff_potential,65536,"No per-row failure/timeout/crash conclusion is available because the run is still active and GitHub logs are unavailable; this row is unknown, not failed."
unknown_no_matching_downloaded_csv_row_and_logs_unavailable,checked-in mi300a_problem_size_discovery_plan plus active-run artifact/log snapshot,Tier 2,parboil_cutcp,benchmark-results-parboil-cutcp,completed,failure,,,,,,,1030,cutoff_potential,131072,"No per-row failure/timeout/crash conclusion is available because the run is still active and GitHub logs are unavailable; this row is unknown, not failed."
unknown_no_matching_downloaded_csv_row_and_logs_unavailable,checked-in mi300a_problem_size_discovery_plan plus active-run artifact/log snapshot,Tier 2,parboil_cutcp,benchmark-results-parboil-cutcp,completed,failure,,,,,,,1031,cutoff_potential,262144,"No per-row failure/timeout/crash conclusion is available because the run is still active and GitHub logs are unavailable; this row is unknown, not failed."
unknown_no_matching_downloaded_csv_row_and_logs_unavailable,checked-in mi300a_problem_size_discovery_plan plus active-run artifact/log snapshot,Tier 2,parboil_cutcp,benchmark-results-parboil-cutcp,completed,failure,,,,,,,1032,cutoff_potential,524288,"No per-row failure/timeout/crash conclusion is available because the run is still active and GitHub logs are unavailable; this row is unknown, not failed."
unknown_no_matching_downloaded_csv_row_and_logs_unavailable,checked-in mi300a_problem_size_discovery_plan plus active-run artifact/log snapshot,Tier 2,parboil_cutcp,benchmark-results-parboil-cutcp,completed,failure,,,,,,,1033,cutoff_potential,1048576,"No per-row failure/timeout/crash conclusion is available because the run is still active and GitHub logs are unavailable; this row is unknown, not failed."
unknown_no_matching_downloaded_csv_row_and_logs_unavailable,checked-in mi300a_problem_size_discovery_plan plus active-run artifact/log snapshot,Tier 2,parboil_cutcp,benchmark-results-parboil-cutcp,completed,failure,,,,,,,1034,cutoff_potential,1572864,"No per-row failure/timeout/crash conclusion is available because the run is still active and GitHub logs are unavailable; this row is unknown, not failed."
unknown_no_matching_downloaded_csv_row_and_logs_unavailable,checked-in mi300a_problem_size_discovery_plan plus active-run artifact/log snapshot,Tier 2,parboil_cutcp,benchmark-results-parboil-cutcp,completed,failure,,,,,,,1035,cutoff_potential,2097152,"No per-row failure/timeout/crash conclusion is available because the run is still active and GitHub logs are unavailable; this row is unknown, not failed."
unknown_no_matching_downloaded_csv_row_and_logs_unavailable,checked-in mi300a_problem_size_discovery_plan plus active-run artifact/log snapshot,Tier 2,parboil_cutcp,benchmark-results-parboil-cutcp,completed,failure,,,,,,,1036,cutoff_potential,2621440,"No per-row failure/timeout/crash conclusion is available because the run is still active and GitHub logs are unavailable; this row is unknown, not failed."
unknown_no_matching_downloaded_csv_row_and_logs_unavailable,checked-in mi300a_problem_size_discovery_plan plus active-run artifact/log snapshot,Tier 2,parboil_cutcp,benchmark-results-parboil-cutcp,completed,failure,,,,,,,1037,cutoff_potential,3145728,"No per-row failure/timeout/crash conclusion is available because the run is still active and GitHub logs are unavailable; this row is unknown, not failed."
unknown_no_matching_downloaded_csv_row_and_logs_unavailable,checked-in mi300a_problem_size_discovery_plan plus active-run artifact/log snapshot,Tier 2,parboil_histo,benchmark-results-parboil-histo,completed,failure,,,,,,,1044,histogram,65536,"No per-row failure/timeout/crash conclusion is available because the run is still active and GitHub logs are unavailable; this row is unknown, not failed."
unknown_no_matching_downloaded_csv_row_and_logs_unavailable,checked-in mi300a_problem_size_discovery_plan plus active-run artifact/log snapshot,Tier 2,parboil_histo,benchmark-results-parboil-histo,completed,failure,,,,,,,1045,histogram,131072,"No per-row failure/timeout/crash conclusion is available because the run is still active and GitHub logs are unavailable; this row is unknown, not failed."
unknown_no_matching_downloaded_csv_row_and_logs_unavailable,checked-in mi300a_problem_size_discovery_plan plus active-run artifact/log snapshot,Tier 2,parboil_histo,benchmark-results-parboil-histo,completed,failure,,,,,,,1046,histogram,262144,"No per-row failure/timeout/crash conclusion is available because the run is still active and GitHub logs are unavailable; this row is unknown, not failed."
unknown_no_matching_downloaded_csv_row_and_logs_unavailable,checked-in mi300a_problem_size_discovery_plan plus active-run artifact/log snapshot,Tier 2,parboil_histo,benchmark-results-parboil-histo,completed,failure,,,,,,,1047,histogram,524288,"No per-row failure/timeout/crash conclusion is available because the run is still active and GitHub logs are unavailable; this row is unknown, not failed."
unknown_no_matching_downloaded_csv_row_and_logs_unavailable,checked-in mi300a_problem_size_discovery_plan plus active-run artifact/log snapshot,Tier 2,parboil_histo,benchmark-results-parboil-histo,completed,failure,,,,,,,1048,histogram,1048576,"No per-row failure/timeout/crash conclusion is available because the run is still active and GitHub logs are unavailable; this row is unknown, not failed."
unknown_no_matching_downloaded_csv_row_and_logs_unavailable,checked-in mi300a_problem_size_discovery_plan plus active-run artifact/log snapshot,Tier 2,parboil_histo,benchmark-results-parboil-histo,completed,failure,,,,,,,1049,histogram,2097152,"No per-row failure/timeout/crash conclusion is available because the run is still active and GitHub logs are unavailable; this row is unknown, not failed."
unknown_no_matching_downloaded_csv_row_and_logs_unavailable,checked-in mi300a_problem_size_discovery_plan plus active-run artifact/log snapshot,Tier 2,parboil_histo,benchmark-results-parboil-histo,completed,failure,,,,,,,1050,histogram,4194304,"No per-row failure/timeout/crash conclusion is available because the run is still active and GitHub logs are unavailable; this row is unknown, not failed."
unknown_no_matching_downloaded_csv_row_and_logs_unavailable,checked-in mi300a_problem_size_discovery_plan plus active-run artifact/log snapshot,Tier 2,parboil_histo,benchmark-results-parboil-histo,completed,failure,,,,,,,1051,histogram,8388608,"No per-row failure/timeout/crash conclusion is available because the run is still active and GitHub logs are unavailable; this row is unknown, not failed."
unknown_no_matching_downloaded_csv_row_and_logs_unavailable,checked-in mi300a_problem_size_discovery_plan plus active-run artifact/log snapshot,Tier 2,parboil_histo,benchmark-results-parboil-histo,completed,failure,,,,,,,1052,histogram,16777216,"No per-row failure/timeout/crash conclusion is available because the run is still active and GitHub logs are unavailable; this row is unknown, not failed."
unknown_no_matching_downloaded_csv_row_and_logs_unavailable,checked-in mi300a_problem_size_discovery_plan plus active-run artifact/log snapshot,Tier 2,parboil_histo,benchmark-results-parboil-histo,completed,failure,,,,,,,1053,histogram,33554432,"No per-row failure/timeout/crash conclusion is available because the run is still active and GitHub logs are unavailable; this row is unknown, not failed."
unknown_no_matching_downloaded_csv_row_and_logs_unavailable,checked-in mi300a_problem_size_discovery_plan plus active-run artifact/log snapshot,Tier 2,parboil_histo,benchmark-results-parboil-histo,completed,failure,,,,,,,1054,histogram,67108864,"No per-row failure/timeout/crash conclusion is available because the run is still active and GitHub logs are unavailable; this row is unknown, not failed."
unknown_no_matching_downloaded_csv_row_and_logs_unavailable,checked-in mi300a_problem_size_discovery_plan plus active-run artifact/log snapshot,Tier 2,parboil_lbm,benchmark-results-parboil-lbm,completed,failure,,,,,,,1061,lbm_stream_collide,40,"No per-row failure/timeout/crash conclusion is available because the run is still active and GitHub logs are unavailable; this row is unknown, not failed."
unknown_no_matching_downloaded_csv_row_and_logs_unavailable,checked-in mi300a_problem_size_discovery_plan plus active-run artifact/log snapshot,Tier 2,parboil_lbm,benchmark-results-parboil-lbm,completed,failure,,,,,,,1062,lbm_stream_collide,44,"No per-row failure/timeout/crash conclusion is available because the run is still active and GitHub logs are unavailable; this row is unknown, not failed."
unknown_no_matching_downloaded_csv_row_and_logs_unavailable,checked-in mi300a_problem_size_discovery_plan plus active-run artifact/log snapshot,Tier 2,parboil_lbm,benchmark-results-parboil-lbm,completed,failure,,,,,,,1063,lbm_stream_collide,48,"No per-row failure/timeout/crash conclusion is available because the run is still active and GitHub logs are unavailable; this row is unknown, not failed."
unknown_no_matching_downloaded_csv_row_and_logs_unavailable,checked-in mi300a_problem_size_discovery_plan plus active-run artifact/log snapshot,Tier 2,parboil_lbm,benchmark-results-parboil-lbm,completed,failure,,,,,,,1064,lbm_stream_collide,52,"No per-row failure/timeout/crash conclusion is available because the run is still active and GitHub logs are unavailable; this row is unknown, not failed."
unknown_no_matching_downloaded_csv_row_and_logs_unavailable,checked-in mi300a_problem_size_discovery_plan plus active-run artifact/log snapshot,Tier 2,parboil_lbm,benchmark-results-parboil-lbm,completed,failure,,,,,,,1065,lbm_stream_collide,56,"No per-row failure/timeout/crash conclusion is available because the run is still active and GitHub logs are unavailable; this row is unknown, not failed."
unknown_no_matching_downloaded_csv_row_and_logs_unavailable,checked-in mi300a_problem_size_discovery_plan plus active-run artifact/log snapshot,Tier 2,parboil_lbm,benchmark-results-parboil-lbm,completed,failure,,,,,,,1066,lbm_stream_collide,60,"No per-row failure/timeout/crash conclusion is available because the run is still active and GitHub logs are unavailable; this row is unknown, not failed."
unknown_no_matching_downloaded_csv_row_and_logs_unavailable,checked-in mi300a_problem_size_discovery_plan plus active-run artifact/log snapshot,Tier 2,parboil_lbm,benchmark-results-parboil-lbm,completed,failure,,,,,,,1067,lbm_stream_collide,64,"No per-row failure/timeout/crash conclusion is available because the run is still active and GitHub logs are unavailable; this row is unknown, not failed."
unknown_no_matching_downloaded_csv_row_and_logs_unavailable,checked-in mi300a_problem_size_discovery_plan plus active-run artifact/log snapshot,Tier 2,parboil_lbm,benchmark-results-parboil-lbm,completed,failure,,,,,,,1068,lbm_stream_collide,68,"No per-row failure/timeout/crash conclusion is available because the run is still active and GitHub logs are unavailable; this row is unknown, not failed."
unknown_no_matching_downloaded_csv_row_and_logs_unavailable,checked-in mi300a_problem_size_discovery_plan plus active-run artifact/log snapshot,Tier 2,parboil_lbm,benchmark-results-parboil-lbm,completed,failure,,,,,,,1069,lbm_stream_collide,72,"No per-row failure/timeout/crash conclusion is available because the run is still active and GitHub logs are unavailable; this row is unknown, not failed."
unknown_no_matching_downloaded_csv_row_and_logs_unavailable,checked-in mi300a_problem_size_discovery_plan plus active-run artifact/log snapshot,Tier 2,parboil_lbm,benchmark-results-parboil-lbm,completed,failure,,,,,,,1070,lbm_stream_collide,76,"No per-row failure/timeout/crash conclusion is available because the run is still active and GitHub logs are unavailable; this row is unknown, not failed."
unknown_no_matching_downloaded_csv_row_and_logs_unavailable,checked-in mi300a_problem_size_discovery_plan plus active-run artifact/log snapshot,Tier 2,parboil_lbm,benchmark-results-parboil-lbm,completed,failure,,,,,,,1071,lbm_stream_collide,80,"No per-row failure/timeout/crash conclusion is available because the run is still active and GitHub logs are unavailable; this row is unknown, not failed."
unknown_no_matching_downloaded_csv_row_and_logs_unavailable,checked-in mi300a_problem_size_discovery_plan plus active-run artifact/log snapshot,Tier 2,parboil_mri_gridding,benchmark-results-parboil-mri-gridding,completed,failure,,,,,,,1078,gridding_kernel,16384,"No per-row failure/timeout/crash conclusion is available because the run is still active and GitHub logs are unavailable; this row is unknown, not failed."
unknown_no_matching_downloaded_csv_row_and_logs_unavailable,checked-in mi300a_problem_size_discovery_plan plus active-run artifact/log snapshot,Tier 2,parboil_mri_gridding,benchmark-results-parboil-mri-gridding,completed,failure,,,,,,,1079,gridding_kernel,32768,"No per-row failure/timeout/crash conclusion is available because the run is still active and GitHub logs are unavailable; this row is unknown, not failed."
unknown_no_matching_downloaded_csv_row_and_logs_unavailable,checked-in mi300a_problem_size_discovery_plan plus active-run artifact/log snapshot,Tier 2,parboil_mri_gridding,benchmark-results-parboil-mri-gridding,completed,failure,,,,,,,1080,gridding_kernel,65536,"No per-row failure/timeout/crash conclusion is available because the run is still active and GitHub logs are unavailable; this row is unknown, not failed."
unknown_no_matching_downloaded_csv_row_and_logs_unavailable,checked-in mi300a_problem_size_discovery_plan plus active-run artifact/log snapshot,Tier 2,parboil_mri_gridding,benchmark-results-parboil-mri-gridding,completed,failure,,,,,,,1081,gridding_kernel,131072,"No per-row failure/timeout/crash conclusion is available because the run is still active and GitHub logs are unavailable; this row is unknown, not failed."
unknown_no_matching_downloaded_csv_row_and_logs_unavailable,checked-in mi300a_problem_size_discovery_plan plus active-run artifact/log snapshot,Tier 2,parboil_mri_gridding,benchmark-results-parboil-mri-gridding,completed,failure,,,,,,,1082,gridding_kernel,262144,"No per-row failure/timeout/crash conclusion is available because the run is still active and GitHub logs are unavailable; this row is unknown, not failed."
unknown_no_matching_downloaded_csv_row_and_logs_unavailable,checked-in mi300a_problem_size_discovery_plan plus active-run artifact/log snapshot,Tier 2,parboil_mri_gridding,benchmark-results-parboil-mri-gridding,completed,failure,,,,,,,1083,gridding_kernel,524288,"No per-row failure/timeout/crash conclusion is available because the run is still active and GitHub logs are unavailable; this row is unknown, not failed."
unknown_no_matching_downloaded_csv_row_and_logs_unavailable,checked-in mi300a_problem_size_discovery_plan plus active-run artifact/log snapshot,Tier 2,parboil_mri_gridding,benchmark-results-parboil-mri-gridding,completed,failure,,,,,,,1084,gridding_kernel,1048576,"No per-row failure/timeout/crash conclusion is available because the run is still active and GitHub logs are unavailable; this row is unknown, not failed."
unknown_no_matching_downloaded_csv_row_and_logs_unavailable,checked-in mi300a_problem_size_discovery_plan plus active-run artifact/log snapshot,Tier 2,parboil_mri_gridding,benchmark-results-parboil-mri-gridding,completed,failure,,,,,,,1085,gridding_kernel,1572864,"No per-row failure/timeout/crash conclusion is available because the run is still active and GitHub logs are unavailable; this row is unknown, not failed."
unknown_no_matching_downloaded_csv_row_and_logs_unavailable,checked-in mi300a_problem_size_discovery_plan plus active-run artifact/log snapshot,Tier 2,parboil_mri_gridding,benchmark-results-parboil-mri-gridding,completed,failure,,,,,,,1086,gridding_kernel,2097152,"No per-row failure/timeout/crash conclusion is available because the run is still active and GitHub logs are unavailable; this row is unknown, not failed."
unknown_no_matching_downloaded_csv_row_and_logs_unavailable,checked-in mi300a_problem_size_discovery_plan plus active-run artifact/log snapshot,Tier 2,parboil_mri_gridding,benchmark-results-parboil-mri-gridding,completed,failure,,,,,,,1087,gridding_kernel,2621440,"No per-row failure/timeout/crash conclusion is available because the run is still active and GitHub logs are unavailable; this row is unknown, not failed."
unknown_no_matching_downloaded_csv_row_and_logs_unavailable,checked-in mi300a_problem_size_discovery_plan plus active-run artifact/log snapshot,Tier 2,parboil_mri_gridding,benchmark-results-parboil-mri-gridding,completed,failure,,,,,,,1088,gridding_kernel,3145728,"No per-row failure/timeout/crash conclusion is available because the run is still active and GitHub logs are unavailable; this row is unknown, not failed."
unknown_no_matching_downloaded_csv_row_and_logs_unavailable,checked-in mi300a_problem_size_discovery_plan plus active-run artifact/log snapshot,Tier 2,parboil_sad,benchmark-results-parboil-sad,completed,failure,,,,,,,1089,computesad,32,"No per-row failure/timeout/crash conclusion is available because the run is still active and GitHub logs are unavailable; this row is unknown, not failed."
unknown_no_matching_downloaded_csv_row_and_logs_unavailable,checked-in mi300a_problem_size_discovery_plan plus active-run artifact/log snapshot,Tier 2,parboil_sad,benchmark-results-parboil-sad,completed,failure,,,,,,,1090,findminsad,32,"No per-row failure/timeout/crash conclusion is available because the run is still active and GitHub logs are unavailable; this row is unknown, not failed."
unknown_no_matching_downloaded_csv_row_and_logs_unavailable,checked-in mi300a_problem_size_discovery_plan plus active-run artifact/log snapshot,Tier 2,parboil_sad,benchmark-results-parboil-sad,completed,failure,,,,,,,1091,computesad,48,"No per-row failure/timeout/crash conclusion is available because the run is still active and GitHub logs are unavailable; this row is unknown, not failed."
unknown_no_matching_downloaded_csv_row_and_logs_unavailable,checked-in mi300a_problem_size_discovery_plan plus active-run artifact/log snapshot,Tier 2,parboil_sad,benchmark-results-parboil-sad,completed,failure,,,,,,,1092,findminsad,48,"No per-row failure/timeout/crash conclusion is available because the run is still active and GitHub logs are unavailable; this row is unknown, not failed."
unknown_no_matching_downloaded_csv_row_and_logs_unavailable,checked-in mi300a_problem_size_discovery_plan plus active-run artifact/log snapshot,Tier 2,parboil_sad,benchmark-results-parboil-sad,completed,failure,,,,,,,1093,computesad,64,"No per-row failure/timeout/crash conclusion is available because the run is still active and GitHub logs are unavailable; this row is unknown, not failed."
unknown_no_matching_downloaded_csv_row_and_logs_unavailable,checked-in mi300a_problem_size_discovery_plan plus active-run artifact/log snapshot,Tier 2,parboil_sad,benchmark-results-parboil-sad,completed,failure,,,,,,,1094,findminsad,64,"No per-row failure/timeout/crash conclusion is available because the run is still active and GitHub logs are unavailable; this row is unknown, not failed."
unknown_no_matching_downloaded_csv_row_and_logs_unavailable,checked-in mi300a_problem_size_discovery_plan plus active-run artifact/log snapshot,Tier 2,parboil_sad,benchmark-results-parboil-sad,completed,failure,,,,,,,1095,computesad,96,"No per-row failure/timeout/crash conclusion is available because the run is still active and GitHub logs are unavailable; this row is unknown, not failed."
unknown_no_matching_downloaded_csv_row_and_logs_unavailable,checked-in mi300a_problem_size_discovery_plan plus active-run artifact/log snapshot,Tier 2,parboil_sad,benchmark-results-parboil-sad,completed,failure,,,,,,,1096,findminsad,96,"No per-row failure/timeout/crash conclusion is available because the run is still active and GitHub logs are unavailable; this row is unknown, not failed."
unknown_no_matching_downloaded_csv_row_and_logs_unavailable,checked-in mi300a_problem_size_discovery_plan plus active-run artifact/log snapshot,Tier 2,parboil_sad,benchmark-results-parboil-sad,completed,failure,,,,,,,1097,computesad,128,"No per-row failure/timeout/crash conclusion is available because the run is still active and GitHub logs are unavailable; this row is unknown, not failed."
unknown_no_matching_downloaded_csv_row_and_logs_unavailable,checked-in mi300a_problem_size_discovery_plan plus active-run artifact/log snapshot,Tier 2,parboil_sad,benchmark-results-parboil-sad,completed,failure,,,,,,,1098,findminsad,128,"No per-row failure/timeout/crash conclusion is available because the run is still active and GitHub logs are unavailable; this row is unknown, not failed."
unknown_no_matching_downloaded_csv_row_and_logs_unavailable,checked-in mi300a_problem_size_discovery_plan plus active-run artifact/log snapshot,Tier 2,parboil_sad,benchmark-results-parboil-sad,completed,failure,,,,,,,1099,computesad,160,"No per-row failure/timeout/crash conclusion is available because the run is still active and GitHub logs are unavailable; this row is unknown, not failed."
unknown_no_matching_downloaded_csv_row_and_logs_unavailable,checked-in mi300a_problem_size_discovery_plan plus active-run artifact/log snapshot,Tier 2,parboil_sad,benchmark-results-parboil-sad,completed,failure,,,,,,,1100,findminsad,160,"No per-row failure/timeout/crash conclusion is available because the run is still active and GitHub logs are unavailable; this row is unknown, not failed."
unknown_no_matching_downloaded_csv_row_and_logs_unavailable,checked-in mi300a_problem_size_discovery_plan plus active-run artifact/log snapshot,Tier 2,parboil_sad,benchmark-results-parboil-sad,completed,failure,,,,,,,1101,computesad,192,"No per-row failure/timeout/crash conclusion is available because the run is still active and GitHub logs are unavailable; this row is unknown, not failed."
unknown_no_matching_downloaded_csv_row_and_logs_unavailable,checked-in mi300a_problem_size_discovery_plan plus active-run artifact/log snapshot,Tier 2,parboil_sad,benchmark-results-parboil-sad,completed,failure,,,,,,,1102,findminsad,192,"No per-row failure/timeout/crash conclusion is available because the run is still active and GitHub logs are unavailable; this row is unknown, not failed."
unknown_no_matching_downloaded_csv_row_and_logs_unavailable,checked-in mi300a_problem_size_discovery_plan plus active-run artifact/log snapshot,Tier 2,parboil_sad,benchmark-results-parboil-sad,completed,failure,,,,,,,1103,computesad,224,"No per-row failure/timeout/crash conclusion is available because the run is still active and GitHub logs are unavailable; this row is unknown, not failed."
unknown_no_matching_downloaded_csv_row_and_logs_unavailable,checked-in mi300a_problem_size_discovery_plan plus active-run artifact/log snapshot,Tier 2,parboil_sad,benchmark-results-parboil-sad,completed,failure,,,,,,,1104,findminsad,224,"No per-row failure/timeout/crash conclusion is available because the run is still active and GitHub logs are unavailable; this row is unknown, not failed."
unknown_no_matching_downloaded_csv_row_and_logs_unavailable,checked-in mi300a_problem_size_discovery_plan plus active-run artifact/log snapshot,Tier 2,parboil_sad,benchmark-results-parboil-sad,completed,failure,,,,,,,1105,computesad,256,"No per-row failure/timeout/crash conclusion is available because the run is still active and GitHub logs are unavailable; this row is unknown, not failed."
unknown_no_matching_downloaded_csv_row_and_logs_unavailable,checked-in mi300a_problem_size_discovery_plan plus active-run artifact/log snapshot,Tier 2,parboil_sad,benchmark-results-parboil-sad,completed,failure,,,,,,,1106,findminsad,256,"No per-row failure/timeout/crash conclusion is available because the run is still active and GitHub logs are unavailable; this row is unknown, not failed."
unknown_no_matching_downloaded_csv_row_and_logs_unavailable,checked-in mi300a_problem_size_discovery_plan plus active-run artifact/log snapshot,Tier 2,parboil_sad,benchmark-results-parboil-sad,completed,failure,,,,,,,1107,computesad,320,"No per-row failure/timeout/crash conclusion is available because the run is still active and GitHub logs are unavailable; this row is unknown, not failed."
unknown_no_matching_downloaded_csv_row_and_logs_unavailable,checked-in mi300a_problem_size_discovery_plan plus active-run artifact/log snapshot,Tier 2,parboil_sad,benchmark-results-parboil-sad,completed,failure,,,,,,,1108,findminsad,320,"No per-row failure/timeout/crash conclusion is available because the run is still active and GitHub logs are unavailable; this row is unknown, not failed."
unknown_no_matching_downloaded_csv_row_and_logs_unavailable,checked-in mi300a_problem_size_discovery_plan plus active-run artifact/log snapshot,Tier 2,parboil_sad,benchmark-results-parboil-sad,completed,failure,,,,,,,1109,computesad,384,"No per-row failure/timeout/crash conclusion is available because the run is still active and GitHub logs are unavailable; this row is unknown, not failed."
unknown_no_matching_downloaded_csv_row_and_logs_unavailable,checked-in mi300a_problem_size_discovery_plan plus active-run artifact/log snapshot,Tier 2,parboil_sad,benchmark-results-parboil-sad,completed,failure,,,,,,,1110,findminsad,384,"No per-row failure/timeout/crash conclusion is available because the run is still active and GitHub logs are unavailable; this row is unknown, not failed."
unknown_no_matching_downloaded_csv_row_and_logs_unavailable,checked-in mi300a_problem_size_discovery_plan plus active-run artifact/log snapshot,Tier 2,parboil_sad,benchmark-results-parboil-sad,completed,failure,,,,,,,1111,computesad,448,"No per-row failure/timeout/crash conclusion is available because the run is still active and GitHub logs are unavailable; this row is unknown, not failed."
unknown_no_matching_downloaded_csv_row_and_logs_unavailable,checked-in mi300a_problem_size_discovery_plan plus active-run artifact/log snapshot,Tier 2,parboil_sad,benchmark-results-parboil-sad,completed,failure,,,,,,,1112,findminsad,448,"No per-row failure/timeout/crash conclusion is available because the run is still active and GitHub logs are unavailable; this row is unknown, not failed."
unknown_no_matching_downloaded_csv_row_and_logs_unavailable,checked-in mi300a_problem_size_discovery_plan plus active-run artifact/log snapshot,Tier 2,parboil_sad,benchmark-results-parboil-sad,completed,failure,,,,,,,1113,computesad,512,"No per-row failure/timeout/crash conclusion is available because the run is still active and GitHub logs are unavailable; this row is unknown, not failed."
unknown_no_matching_downloaded_csv_row_and_logs_unavailable,checked-in mi300a_problem_size_discovery_plan plus active-run artifact/log snapshot,Tier 2,parboil_sad,benchmark-results-parboil-sad,completed,failure,,,,,,,1114,findminsad,512,"No per-row failure/timeout/crash conclusion is available because the run is still active and GitHub logs are unavailable; this row is unknown, not failed."
unknown_no_matching_downloaded_csv_row_and_logs_unavailable,checked-in mi300a_problem_size_discovery_plan plus active-run artifact/log snapshot,Tier 2,parboil_sad,benchmark-results-parboil-sad,completed,failure,,,,,,,1115,computesad,640,"No per-row failure/timeout/crash conclusion is available because the run is still active and GitHub logs are unavailable; this row is unknown, not failed."
unknown_no_matching_downloaded_csv_row_and_logs_unavailable,checked-in mi300a_problem_size_discovery_plan plus active-run artifact/log snapshot,Tier 2,parboil_sad,benchmark-results-parboil-sad,completed,failure,,,,,,,1116,findminsad,640,"No per-row failure/timeout/crash conclusion is available because the run is still active and GitHub logs are unavailable; this row is unknown, not failed."
unknown_no_matching_downloaded_csv_row_and_logs_unavailable,checked-in mi300a_problem_size_discovery_plan plus active-run artifact/log snapshot,Tier 2,parboil_sad,benchmark-results-parboil-sad,completed,failure,,,,,,,1117,computesad,768,"No per-row failure/timeout/crash conclusion is available because the run is still active and GitHub logs are unavailable; this row is unknown, not failed."
unknown_no_matching_downloaded_csv_row_and_logs_unavailable,checked-in mi300a_problem_size_discovery_plan plus active-run artifact/log snapshot,Tier 2,parboil_sad,benchmark-results-parboil-sad,completed,failure,,,,,,,1118,findminsad,768,"No per-row failure/timeout/crash conclusion is available because the run is still active and GitHub logs are unavailable; this row is unknown, not failed."
unknown_no_matching_downloaded_csv_row_and_logs_unavailable,checked-in mi300a_problem_size_discovery_plan plus active-run artifact/log snapshot,Tier 2,parboil_sad,benchmark-results-parboil-sad,completed,failure,,,,,,,1119,computesad,896,"No per-row failure/timeout/crash conclusion is available because the run is still active and GitHub logs are unavailable; this row is unknown, not failed."
unknown_no_matching_downloaded_csv_row_and_logs_unavailable,checked-in mi300a_problem_size_discovery_plan plus active-run artifact/log snapshot,Tier 2,parboil_sad,benchmark-results-parboil-sad,completed,failure,,,,,,,1120,findminsad,896,"No per-row failure/timeout/crash conclusion is available because the run is still active and GitHub logs are unavailable; this row is unknown, not failed."
unknown_no_matching_downloaded_csv_row_and_logs_unavailable,checked-in mi300a_problem_size_discovery_plan plus active-run artifact/log snapshot,Tier 2,parboil_sad,benchmark-results-parboil-sad,completed,failure,,,,,,,1121,computesad,1024,"No per-row failure/timeout/crash conclusion is available because the run is still active and GitHub logs are unavailable; this row is unknown, not failed."
unknown_no_matching_downloaded_csv_row_and_logs_unavailable,checked-in mi300a_problem_size_discovery_plan plus active-run artifact/log snapshot,Tier 2,parboil_sad,benchmark-results-parboil-sad,completed,failure,,,,,,,1122,findminsad,1024,"No per-row failure/timeout/crash conclusion is available because the run is still active and GitHub logs are unavailable; this row is unknown, not failed."
unknown_no_matching_downloaded_csv_row_and_logs_unavailable,checked-in mi300a_problem_size_discovery_plan plus active-run artifact/log snapshot,Tier 2,parboil_stencil,benchmark-results-parboil-stencil,completed,failure,,,,,,,1128,stencil_kernel,56,"No per-row failure/timeout/crash conclusion is available because the run is still active and GitHub logs are unavailable; this row is unknown, not failed."
unknown_no_matching_downloaded_csv_row_and_logs_unavailable,checked-in mi300a_problem_size_discovery_plan plus active-run artifact/log snapshot,Tier 2,parboil_stencil,benchmark-results-parboil-stencil,completed,failure,,,,,,,1129,stencil_kernel,64,"No per-row failure/timeout/crash conclusion is available because the run is still active and GitHub logs are unavailable; this row is unknown, not failed."
unknown_no_matching_downloaded_csv_row_and_logs_unavailable,checked-in mi300a_problem_size_discovery_plan plus active-run artifact/log snapshot,Tier 2,parboil_stencil,benchmark-results-parboil-stencil,completed,failure,,,,,,,1130,stencil_kernel,72,"No per-row failure/timeout/crash conclusion is available because the run is still active and GitHub logs are unavailable; this row is unknown, not failed."
unknown_no_matching_downloaded_csv_row_and_logs_unavailable,checked-in mi300a_problem_size_discovery_plan plus active-run artifact/log snapshot,Tier 2,parboil_stencil,benchmark-results-parboil-stencil,completed,failure,,,,,,,1131,stencil_kernel,80,"No per-row failure/timeout/crash conclusion is available because the run is still active and GitHub logs are unavailable; this row is unknown, not failed."
unknown_no_matching_downloaded_csv_row_and_logs_unavailable,checked-in mi300a_problem_size_discovery_plan plus active-run artifact/log snapshot,Tier 2,parboil_stencil,benchmark-results-parboil-stencil,completed,failure,,,,,,,1132,stencil_kernel,88,"No per-row failure/timeout/crash conclusion is available because the run is still active and GitHub logs are unavailable; this row is unknown, not failed."
unknown_no_matching_downloaded_csv_row_and_logs_unavailable,checked-in mi300a_problem_size_discovery_plan plus active-run artifact/log snapshot,Tier 2,parboil_stencil,benchmark-results-parboil-stencil,completed,failure,,,,,,,1133,stencil_kernel,96,"No per-row failure/timeout/crash conclusion is available because the run is still active and GitHub logs are unavailable; this row is unknown, not failed."
unknown_no_matching_downloaded_csv_row_and_logs_unavailable,checked-in mi300a_problem_size_discovery_plan plus active-run artifact/log snapshot,Tier 2,parboil_stencil,benchmark-results-parboil-stencil,completed,failure,,,,,,,1134,stencil_kernel,104,"No per-row failure/timeout/crash conclusion is available because the run is still active and GitHub logs are unavailable; this row is unknown, not failed."
unknown_no_matching_downloaded_csv_row_and_logs_unavailable,checked-in mi300a_problem_size_discovery_plan plus active-run artifact/log snapshot,Tier 2,parboil_stencil,benchmark-results-parboil-stencil,completed,failure,,,,,,,1135,stencil_kernel,112,"No per-row failure/timeout/crash conclusion is available because the run is still active and GitHub logs are unavailable; this row is unknown, not failed."
unknown_no_matching_downloaded_csv_row_and_logs_unavailable,checked-in mi300a_problem_size_discovery_plan plus active-run artifact/log snapshot,Tier 2,parboil_stencil,benchmark-results-parboil-stencil,completed,failure,,,,,,,1136,stencil_kernel,120,"No per-row failure/timeout/crash conclusion is available because the run is still active and GitHub logs are unavailable; this row is unknown, not failed."
unknown_no_matching_downloaded_csv_row_and_logs_unavailable,checked-in mi300a_problem_size_discovery_plan plus active-run artifact/log snapshot,Tier 2,parboil_stencil,benchmark-results-parboil-stencil,completed,failure,,,,,,,1137,stencil_kernel,128,"No per-row failure/timeout/crash conclusion is available because the run is still active and GitHub logs are unavailable; this row is unknown, not failed."
unknown_no_matching_downloaded_csv_row_and_logs_unavailable,checked-in mi300a_problem_size_discovery_plan plus active-run artifact/log snapshot,Tier 2,parboil_stencil,benchmark-results-parboil-stencil,completed,failure,,,,,,,1138,stencil_kernel,136,"No per-row failure/timeout/crash conclusion is available because the run is still active and GitHub logs are unavailable; this row is unknown, not failed."
unknown_no_matching_downloaded_csv_row_and_logs_unavailable,checked-in mi300a_problem_size_discovery_plan plus active-run artifact/log snapshot,Tier 2,parboil_stencil,benchmark-results-parboil-stencil,completed,failure,,,,,,,1139,stencil_kernel,144,"No per-row failure/timeout/crash conclusion is available because the run is still active and GitHub logs are unavailable; this row is unknown, not failed."
unknown_no_matching_downloaded_csv_row_and_logs_unavailable,checked-in mi300a_problem_size_discovery_plan plus active-run artifact/log snapshot,Tier 2,parboil_stencil,benchmark-results-parboil-stencil,completed,failure,,,,,,,1140,stencil_kernel,152,"No per-row failure/timeout/crash conclusion is available because the run is still active and GitHub logs are unavailable; this row is unknown, not failed."
unknown_no_matching_downloaded_csv_row_and_logs_unavailable,checked-in mi300a_problem_size_discovery_plan plus active-run artifact/log snapshot,Tier 2,parboil_stencil,benchmark-results-parboil-stencil,completed,failure,,,,,,,1141,stencil_kernel,160,"No per-row failure/timeout/crash conclusion is available because the run is still active and GitHub logs are unavailable; this row is unknown, not failed."
unknown_no_matching_downloaded_csv_row_and_logs_unavailable,checked-in mi300a_problem_size_discovery_plan plus active-run artifact/log snapshot,Tier 2,parboil_tpacf,benchmark-results-parboil-tpacf,completed,failure,,,,,,,1143,tpacf_dr,256,"No per-row failure/timeout/crash conclusion is available because the run is still active and GitHub logs are unavailable; this row is unknown, not failed."
unknown_no_matching_downloaded_csv_row_and_logs_unavailable,checked-in mi300a_problem_size_discovery_plan plus active-run artifact/log snapshot,Tier 2,parboil_tpacf,benchmark-results-parboil-tpacf,completed,failure,,,,,,,1144,tpacf_rr,256,"No per-row failure/timeout/crash conclusion is available because the run is still active and GitHub logs are unavailable; this row is unknown, not failed."
unknown_no_matching_downloaded_csv_row_and_logs_unavailable,checked-in mi300a_problem_size_discovery_plan plus active-run artifact/log snapshot,Tier 2,parboil_tpacf,benchmark-results-parboil-tpacf,completed,failure,,,,,,,1145,tpacf_dd,512,"No per-row failure/timeout/crash conclusion is available because the run is still active and GitHub logs are unavailable; this row is unknown, not failed."
unknown_no_matching_downloaded_csv_row_and_logs_unavailable,checked-in mi300a_problem_size_discovery_plan plus active-run artifact/log snapshot,Tier 2,parboil_tpacf,benchmark-results-parboil-tpacf,completed,failure,,,,,,,1146,tpacf_dr,512,"No per-row failure/timeout/crash conclusion is available because the run is still active and GitHub logs are unavailable; this row is unknown, not failed."
unknown_no_matching_downloaded_csv_row_and_logs_unavailable,checked-in mi300a_problem_size_discovery_plan plus active-run artifact/log snapshot,Tier 2,parboil_tpacf,benchmark-results-parboil-tpacf,completed,failure,,,,,,,1147,tpacf_rr,512,"No per-row failure/timeout/crash conclusion is available because the run is still active and GitHub logs are unavailable; this row is unknown, not failed."
unknown_no_matching_downloaded_csv_row_and_logs_unavailable,checked-in mi300a_problem_size_discovery_plan plus active-run artifact/log snapshot,Tier 2,parboil_tpacf,benchmark-results-parboil-tpacf,completed,failure,,,,,,,1148,tpacf_dd,1024,"No per-row failure/timeout/crash conclusion is available because the run is still active and GitHub logs are unavailable; this row is unknown, not failed."
unknown_no_matching_downloaded_csv_row_and_logs_unavailable,checked-in mi300a_problem_size_discovery_plan plus active-run artifact/log snapshot,Tier 2,parboil_tpacf,benchmark-results-parboil-tpacf,completed,failure,,,,,,,1149,tpacf_dr,1024,"No per-row failure/timeout/crash conclusion is available because the run is still active and GitHub logs are unavailable; this row is unknown, not failed."
unknown_no_matching_downloaded_csv_row_and_logs_unavailable,checked-in mi300a_problem_size_discovery_plan plus active-run artifact/log snapshot,Tier 2,parboil_tpacf,benchmark-results-parboil-tpacf,completed,failure,,,,,,,1150,tpacf_rr,1024,"No per-row failure/timeout/crash conclusion is available because the run is still active and GitHub logs are unavailable; this row is unknown, not failed."
unknown_no_matching_downloaded_csv_row_and_logs_unavailable,checked-in mi300a_problem_size_discovery_plan plus active-run artifact/log snapshot,Tier 2,parboil_tpacf,benchmark-results-parboil-tpacf,completed,failure,,,,,,,1151,tpacf_dd,2048,"No per-row failure/timeout/crash conclusion is available because the run is still active and GitHub logs are unavailable; this row is unknown, not failed."
unknown_no_matching_downloaded_csv_row_and_logs_unavailable,checked-in mi300a_problem_size_discovery_plan plus active-run artifact/log snapshot,Tier 2,parboil_tpacf,benchmark-results-parboil-tpacf,completed,failure,,,,,,,1152,tpacf_dr,2048,"No per-row failure/timeout/crash conclusion is available because the run is still active and GitHub logs are unavailable; this row is unknown, not failed."
unknown_no_matching_downloaded_csv_row_and_logs_unavailable,checked-in mi300a_problem_size_discovery_plan plus active-run artifact/log snapshot,Tier 2,parboil_tpacf,benchmark-results-parboil-tpacf,completed,failure,,,,,,,1153,tpacf_rr,2048,"No per-row failure/timeout/crash conclusion is available because the run is still active and GitHub logs are unavailable; this row is unknown, not failed."
unknown_no_matching_downloaded_csv_row_and_logs_unavailable,checked-in mi300a_problem_size_discovery_plan plus active-run artifact/log snapshot,Tier 2,parboil_tpacf,benchmark-results-parboil-tpacf,completed,failure,,,,,,,1154,tpacf_dd,3072,"No per-row failure/timeout/crash conclusion is available because the run is still active and GitHub logs are unavailable; this row is unknown, not failed."
unknown_no_matching_downloaded_csv_row_and_logs_unavailable,checked-in mi300a_problem_size_discovery_plan plus active-run artifact/log snapshot,Tier 2,parboil_tpacf,benchmark-results-parboil-tpacf,completed,failure,,,,,,,1155,tpacf_dr,3072,"No per-row failure/timeout/crash conclusion is available because the run is still active and GitHub logs are unavailable; this row is unknown, not failed."
unknown_no_matching_downloaded_csv_row_and_logs_unavailable,checked-in mi300a_problem_size_discovery_plan plus active-run artifact/log snapshot,Tier 2,parboil_tpacf,benchmark-results-parboil-tpacf,completed,failure,,,,,,,1156,tpacf_rr,3072,"No per-row failure/timeout/crash conclusion is available because the run is still active and GitHub logs are unavailable; this row is unknown, not failed."
unknown_no_matching_downloaded_csv_row_and_logs_unavailable,checked-in mi300a_problem_size_discovery_plan plus active-run artifact/log snapshot,Tier 2,parboil_tpacf,benchmark-results-parboil-tpacf,completed,failure,,,,,,,1157,tpacf_dd,4096,"No per-row failure/timeout/crash conclusion is available because the run is still active and GitHub logs are unavailable; this row is unknown, not failed."
unknown_no_matching_downloaded_csv_row_and_logs_unavailable,checked-in mi300a_problem_size_discovery_plan plus active-run artifact/log snapshot,Tier 2,parboil_tpacf,benchmark-results-parboil-tpacf,completed,failure,,,,,,,1158,tpacf_dr,4096,"No per-row failure/timeout/crash conclusion is available because the run is still active and GitHub logs are unavailable; this row is unknown, not failed."
unknown_no_matching_downloaded_csv_row_and_logs_unavailable,checked-in mi300a_problem_size_discovery_plan plus active-run artifact/log snapshot,Tier 2,parboil_tpacf,benchmark-results-parboil-tpacf,completed,failure,,,,,,,1159,tpacf_rr,4096,"No per-row failure/timeout/crash conclusion is available because the run is still active and GitHub logs are unavailable; this row is unknown, not failed."
unknown_no_matching_downloaded_csv_row_and_logs_unavailable,checked-in mi300a_problem_size_discovery_plan plus active-run artifact/log snapshot,Tier 2,parboil_tpacf,benchmark-results-parboil-tpacf,completed,failure,,,,,,,1160,tpacf_dd,5120,"No per-row failure/timeout/crash conclusion is available because the run is still active and GitHub logs are unavailable; this row is unknown, not failed."
unknown_no_matching_downloaded_csv_row_and_logs_unavailable,checked-in mi300a_problem_size_discovery_plan plus active-run artifact/log snapshot,Tier 2,parboil_tpacf,benchmark-results-parboil-tpacf,completed,failure,,,,,,,1161,tpacf_dr,5120,"No per-row failure/timeout/crash conclusion is available because the run is still active and GitHub logs are unavailable; this row is unknown, not failed."
unknown_no_matching_downloaded_csv_row_and_logs_unavailable,checked-in mi300a_problem_size_discovery_plan plus active-run artifact/log snapshot,Tier 2,parboil_tpacf,benchmark-results-parboil-tpacf,completed,failure,,,,,,,1162,tpacf_rr,5120,"No per-row failure/timeout/crash conclusion is available because the run is still active and GitHub logs are unavailable; this row is unknown, not failed."
unknown_no_matching_downloaded_csv_row_and_logs_unavailable,checked-in mi300a_problem_size_discovery_plan plus active-run artifact/log snapshot,Tier 2,parboil_tpacf,benchmark-results-parboil-tpacf,completed,failure,,,,,,,1163,tpacf_dd,6144,"No per-row failure/timeout/crash conclusion is available because the run is still active and GitHub logs are unavailable; this row is unknown, not failed."
unknown_no_matching_downloaded_csv_row_and_logs_unavailable,checked-in mi300a_problem_size_discovery_plan plus active-run artifact/log snapshot,Tier 2,parboil_tpacf,benchmark-results-parboil-tpacf,completed,failure,,,,,,,1164,tpacf_dr,6144,"No per-row failure/timeout/crash conclusion is available because the run is still active and GitHub logs are unavailable; this row is unknown, not failed."
unknown_no_matching_downloaded_csv_row_and_logs_unavailable,checked-in mi300a_problem_size_discovery_plan plus active-run artifact/log snapshot,Tier 2,parboil_tpacf,benchmark-results-parboil-tpacf,completed,failure,,,,,,,1165,tpacf_rr,6144,"No per-row failure/timeout/crash conclusion is available because the run is still active and GitHub logs are unavailable; this row is unknown, not failed."
unknown_no_matching_downloaded_csv_row_and_logs_unavailable,checked-in mi300a_problem_size_discovery_plan plus active-run artifact/log snapshot,Tier 2,parboil_tpacf,benchmark-results-parboil-tpacf,completed,failure,,,,,,,1166,tpacf_dd,7168,"No per-row failure/timeout/crash conclusion is available because the run is still active and GitHub logs are unavailable; this row is unknown, not failed."
unknown_no_matching_downloaded_csv_row_and_logs_unavailable,checked-in mi300a_problem_size_discovery_plan plus active-run artifact/log snapshot,Tier 2,parboil_tpacf,benchmark-results-parboil-tpacf,completed,failure,,,,,,,1167,tpacf_dr,7168,"No per-row failure/timeout/crash conclusion is available because the run is still active and GitHub logs are unavailable; this row is unknown, not failed."
unknown_no_matching_downloaded_csv_row_and_logs_unavailable,checked-in mi300a_problem_size_discovery_plan plus active-run artifact/log snapshot,Tier 2,parboil_tpacf,benchmark-results-parboil-tpacf,completed,failure,,,,,,,1168,tpacf_rr,7168,"No per-row failure/timeout/crash conclusion is available because the run is still active and GitHub logs are unavailable; this row is unknown, not failed."
unknown_no_matching_downloaded_csv_row_and_logs_unavailable,checked-in mi300a_problem_size_discovery_plan plus active-run artifact/log snapshot,Tier 2,parboil_tpacf,benchmark-results-parboil-tpacf,completed,failure,,,,,,,1169,tpacf_dd,8192,"No per-row failure/timeout/crash conclusion is available because the run is still active and GitHub logs are unavailable; this row is unknown, not failed."
unknown_no_matching_downloaded_csv_row_and_logs_unavailable,checked-in mi300a_problem_size_discovery_plan plus active-run artifact/log snapshot,Tier 2,parboil_tpacf,benchmark-results-parboil-tpacf,completed,failure,,,,,,,1170,tpacf_dr,8192,"No per-row failure/timeout/crash conclusion is available because the run is still active and GitHub logs are unavailable; this row is unknown, not failed."
unknown_no_matching_downloaded_csv_row_and_logs_unavailable,checked-in mi300a_problem_size_discovery_plan plus active-run artifact/log snapshot,Tier 2,parboil_tpacf,benchmark-results-parboil-tpacf,completed,failure,,,,,,,1171,tpacf_rr,8192,"No per-row failure/timeout/crash conclusion is available because the run is still active and GitHub logs are unavailable; this row is unknown, not failed."
unknown_no_matching_downloaded_csv_row_and_logs_unavailable,checked-in mi300a_problem_size_discovery_plan plus active-run artifact/log snapshot,Tier 2,parboil_tpacf,benchmark-results-parboil-tpacf,completed,failure,,,,,,,1172,tpacf_dd,10240,"No per-row failure/timeout/crash conclusion is available because the run is still active and GitHub logs are unavailable; this row is unknown, not failed."
unknown_no_matching_downloaded_csv_row_and_logs_unavailable,checked-in mi300a_problem_size_discovery_plan plus active-run artifact/log snapshot,Tier 2,parboil_tpacf,benchmark-results-parboil-tpacf,completed,failure,,,,,,,1173,tpacf_dr,10240,"No per-row failure/timeout/crash conclusion is available because the run is still active and GitHub logs are unavailable; this row is unknown, not failed."
unknown_no_matching_downloaded_csv_row_and_logs_unavailable,checked-in mi300a_problem_size_discovery_plan plus active-run artifact/log snapshot,Tier 2,parboil_tpacf,benchmark-results-parboil-tpacf,completed,failure,,,,,,,1174,tpacf_rr,10240,"No per-row failure/timeout/crash conclusion is available because the run is still active and GitHub logs are unavailable; this row is unknown, not failed."
unknown_no_matching_downloaded_csv_row_and_logs_unavailable,checked-in mi300a_problem_size_discovery_plan plus active-run artifact/log snapshot,Tier 2,parboil_tpacf,benchmark-results-parboil-tpacf,completed,failure,,,,,,,1175,tpacf_dd,12288,"No per-row failure/timeout/crash conclusion is available because the run is still active and GitHub logs are unavailable; this row is unknown, not failed."
unknown_no_matching_downloaded_csv_row_and_logs_unavailable,checked-in mi300a_problem_size_discovery_plan plus active-run artifact/log snapshot,Tier 2,parboil_tpacf,benchmark-results-parboil-tpacf,completed,failure,,,,,,,1176,tpacf_dr,12288,"No per-row failure/timeout/crash conclusion is available because the run is still active and GitHub logs are unavailable; this row is unknown, not failed."
unknown_no_matching_downloaded_csv_row_and_logs_unavailable,checked-in mi300a_problem_size_discovery_plan plus active-run artifact/log snapshot,Tier 2,parboil_tpacf,benchmark-results-parboil-tpacf,completed,failure,,,,,,,1177,tpacf_rr,12288,"No per-row failure/timeout/crash conclusion is available because the run is still active and GitHub logs are unavailable; this row is unknown, not failed."
unknown_no_matching_downloaded_csv_row_and_logs_unavailable,checked-in mi300a_problem_size_discovery_plan plus active-run artifact/log snapshot,Tier 2,parboil_tpacf,benchmark-results-parboil-tpacf,completed,failure,,,,,,,1178,tpacf_dd,14336,"No per-row failure/timeout/crash conclusion is available because the run is still active and GitHub logs are unavailable; this row is unknown, not failed."
unknown_no_matching_downloaded_csv_row_and_logs_unavailable,checked-in mi300a_problem_size_discovery_plan plus active-run artifact/log snapshot,Tier 2,parboil_tpacf,benchmark-results-parboil-tpacf,completed,failure,,,,,,,1179,tpacf_dr,14336,"No per-row failure/timeout/crash conclusion is available because the run is still active and GitHub logs are unavailable; this row is unknown, not failed."
unknown_no_matching_downloaded_csv_row_and_logs_unavailable,checked-in mi300a_problem_size_discovery_plan plus active-run artifact/log snapshot,Tier 2,parboil_tpacf,benchmark-results-parboil-tpacf,completed,failure,,,,,,,1180,tpacf_rr,14336,"No per-row failure/timeout/crash conclusion is available because the run is still active and GitHub logs are unavailable; this row is unknown, not failed."
unknown_no_matching_downloaded_csv_row_and_logs_unavailable,checked-in mi300a_problem_size_discovery_plan plus active-run artifact/log snapshot,Tier 2,parboil_tpacf,benchmark-results-parboil-tpacf,completed,failure,,,,,,,1181,tpacf_dd,16384,"No per-row failure/timeout/crash conclusion is available because the run is still active and GitHub logs are unavailable; this row is unknown, not failed."
unknown_no_matching_downloaded_csv_row_and_logs_unavailable,checked-in mi300a_problem_size_discovery_plan plus active-run artifact/log snapshot,Tier 2,parboil_tpacf,benchmark-results-parboil-tpacf,completed,failure,,,,,,,1182,tpacf_dr,16384,"No per-row failure/timeout/crash conclusion is available because the run is still active and GitHub logs are unavailable; this row is unknown, not failed."
unknown_no_matching_downloaded_csv_row_and_logs_unavailable,checked-in mi300a_problem_size_discovery_plan plus active-run artifact/log snapshot,Tier 2,parboil_tpacf,benchmark-results-parboil-tpacf,completed,failure,,,,,,,1183,tpacf_rr,16384,"No per-row failure/timeout/crash conclusion is available because the run is still active and GitHub logs are unavailable; this row is unknown, not failed."
unknown_no_matching_downloaded_csv_row_and_logs_unavailable,checked-in mi300a_problem_size_discovery_plan plus active-run artifact/log snapshot,Tier 2,parboil_tpacf,benchmark-results-parboil-tpacf,completed,failure,,,,,,,1184,tpacf_dd,20480,"No per-row failure/timeout/crash conclusion is available because the run is still active and GitHub logs are unavailable; this row is unknown, not failed."
unknown_no_matching_downloaded_csv_row_and_logs_unavailable,checked-in mi300a_problem_size_discovery_plan plus active-run artifact/log snapshot,Tier 2,parboil_tpacf,benchmark-results-parboil-tpacf,completed,failure,,,,,,,1185,tpacf_dr,20480,"No per-row failure/timeout/crash conclusion is available because the run is still active and GitHub logs are unavailable; this row is unknown, not failed."
unknown_no_matching_downloaded_csv_row_and_logs_unavailable,checked-in mi300a_problem_size_discovery_plan plus active-run artifact/log snapshot,Tier 2,parboil_tpacf,benchmark-results-parboil-tpacf,completed,failure,,,,,,,1186,tpacf_rr,20480,"No per-row failure/timeout/crash conclusion is available because the run is still active and GitHub logs are unavailable; this row is unknown, not failed."
unknown_no_matching_downloaded_csv_row_and_logs_unavailable,checked-in mi300a_problem_size_discovery_plan plus active-run artifact/log snapshot,Tier 2,parboil_tpacf,benchmark-results-parboil-tpacf,completed,failure,,,,,,,1187,tpacf_dd,24576,"No per-row failure/timeout/crash conclusion is available because the run is still active and GitHub logs are unavailable; this row is unknown, not failed."
unknown_no_matching_downloaded_csv_row_and_logs_unavailable,checked-in mi300a_problem_size_discovery_plan plus active-run artifact/log snapshot,Tier 2,parboil_tpacf,benchmark-results-parboil-tpacf,completed,failure,,,,,,,1188,tpacf_dr,24576,"No per-row failure/timeout/crash conclusion is available because the run is still active and GitHub logs are unavailable; this row is unknown, not failed."
unknown_no_matching_downloaded_csv_row_and_logs_unavailable,checked-in mi300a_problem_size_discovery_plan plus active-run artifact/log snapshot,Tier 2,parboil_tpacf,benchmark-results-parboil-tpacf,completed,failure,,,,,,,1189,tpacf_rr,24576,"No per-row failure/timeout/crash conclusion is available because the run is still active and GitHub logs are unavailable; this row is unknown, not failed."
unknown_no_matching_downloaded_csv_row_and_logs_unavailable,checked-in mi300a_problem_size_discovery_plan plus active-run artifact/log snapshot,Tier 2,parboil_tpacf,benchmark-results-parboil-tpacf,completed,failure,,,,,,,1190,tpacf_dd,28672,"No per-row failure/timeout/crash conclusion is available because the run is still active and GitHub logs are unavailable; this row is unknown, not failed."
unknown_no_matching_downloaded_csv_row_and_logs_unavailable,checked-in mi300a_problem_size_discovery_plan plus active-run artifact/log snapshot,Tier 2,parboil_tpacf,benchmark-results-parboil-tpacf,completed,failure,,,,,,,1191,tpacf_dr,28672,"No per-row failure/timeout/crash conclusion is available because the run is still active and GitHub logs are unavailable; this row is unknown, not failed."
unknown_no_matching_downloaded_csv_row_and_logs_unavailable,checked-in mi300a_problem_size_discovery_plan plus active-run artifact/log snapshot,Tier 2,parboil_tpacf,benchmark-results-parboil-tpacf,completed,failure,,,,,,,1192,tpacf_rr,28672,"No per-row failure/timeout/crash conclusion is available because the run is still active and GitHub logs are unavailable; this row is unknown, not failed."
unknown_no_matching_downloaded_csv_row_and_logs_unavailable,checked-in mi300a_problem_size_discovery_plan plus active-run artifact/log snapshot,Tier 2,parboil_tpacf,benchmark-results-parboil-tpacf,completed,failure,,,,,,,1193,tpacf_dd,32768,"No per-row failure/timeout/crash conclusion is available because the run is still active and GitHub logs are unavailable; this row is unknown, not failed."
unknown_no_matching_downloaded_csv_row_and_logs_unavailable,checked-in mi300a_problem_size_discovery_plan plus active-run artifact/log snapshot,Tier 2,parboil_tpacf,benchmark-results-parboil-tpacf,completed,failure,,,,,,,1194,tpacf_dr,32768,"No per-row failure/timeout/crash conclusion is available because the run is still active and GitHub logs are unavailable; this row is unknown, not failed."
unknown_no_matching_downloaded_csv_row_and_logs_unavailable,checked-in mi300a_problem_size_discovery_plan plus active-run artifact/log snapshot,Tier 2,parboil_tpacf,benchmark-results-parboil-tpacf,completed,failure,,,,,,,1195,tpacf_rr,32768,"No per-row failure/timeout/crash conclusion is available because the run is still active and GitHub logs are unavailable; this row is unknown, not failed."
unknown_no_matching_downloaded_csv_row_and_logs_unavailable,checked-in mi300a_problem_size_discovery_plan plus active-run artifact/log snapshot,Tier 2,md5hash,benchmark-results-md5hash,completed,failure,,,,,,,1204,md5hash,131072,"No per-row failure/timeout/crash conclusion is available because the run is still active and GitHub logs are unavailable; this row is unknown, not failed."
unknown_no_matching_downloaded_csv_row_and_logs_unavailable,checked-in mi300a_problem_size_discovery_plan plus active-run artifact/log snapshot,Tier 2,md5hash,benchmark-results-md5hash,completed,failure,,,,,,,1205,md5hash,262144,"No per-row failure/timeout/crash conclusion is available because the run is still active and GitHub logs are unavailable; this row is unknown, not failed."
unknown_no_matching_downloaded_csv_row_and_logs_unavailable,checked-in mi300a_problem_size_discovery_plan plus active-run artifact/log snapshot,Tier 2,md5hash,benchmark-results-md5hash,completed,failure,,,,,,,1206,md5hash,524288,"No per-row failure/timeout/crash conclusion is available because the run is still active and GitHub logs are unavailable; this row is unknown, not failed."
unknown_no_matching_downloaded_csv_row_and_logs_unavailable,checked-in mi300a_problem_size_discovery_plan plus active-run artifact/log snapshot,Tier 2,md5hash,benchmark-results-md5hash,completed,failure,,,,,,,1207,md5hash,1048576,"No per-row failure/timeout/crash conclusion is available because the run is still active and GitHub logs are unavailable; this row is unknown, not failed."
unknown_no_matching_downloaded_csv_row_and_logs_unavailable,checked-in mi300a_problem_size_discovery_plan plus active-run artifact/log snapshot,Tier 2,md5hash,benchmark-results-md5hash,completed,failure,,,,,,,1208,md5hash,2097152,"No per-row failure/timeout/crash conclusion is available because the run is still active and GitHub logs are unavailable; this row is unknown, not failed."
unknown_no_matching_downloaded_csv_row_and_logs_unavailable,checked-in mi300a_problem_size_discovery_plan plus active-run artifact/log snapshot,Tier 2,md5hash,benchmark-results-md5hash,completed,failure,,,,,,,1209,md5hash,4194304,"No per-row failure/timeout/crash conclusion is available because the run is still active and GitHub logs are unavailable; this row is unknown, not failed."
unknown_no_matching_downloaded_csv_row_and_logs_unavailable,checked-in mi300a_problem_size_discovery_plan plus active-run artifact/log snapshot,Tier 2,md5hash,benchmark-results-md5hash,completed,failure,,,,,,,1210,md5hash,8388608,"No per-row failure/timeout/crash conclusion is available because the run is still active and GitHub logs are unavailable; this row is unknown, not failed."
unknown_no_matching_downloaded_csv_row_and_logs_unavailable,checked-in mi300a_problem_size_discovery_plan plus active-run artifact/log snapshot,Tier 2,md5hash,benchmark-results-md5hash,completed,failure,,,,,,,1211,md5hash,16777216,"No per-row failure/timeout/crash conclusion is available because the run is still active and GitHub logs are unavailable; this row is unknown, not failed."
unknown_no_matching_downloaded_csv_row_and_logs_unavailable,checked-in mi300a_problem_size_discovery_plan plus active-run artifact/log snapshot,Tier 2,qtc,benchmark-results-qtc,completed,failure,,,,,,,1220,qtc,1536,"No per-row failure/timeout/crash conclusion is available because the run is still active and GitHub logs are unavailable; this row is unknown, not failed."
unknown_no_matching_downloaded_csv_row_and_logs_unavailable,checked-in mi300a_problem_size_discovery_plan plus active-run artifact/log snapshot,Tier 2,qtc,benchmark-results-qtc,completed,failure,,,,,,,1221,qtc,2048,"No per-row failure/timeout/crash conclusion is available because the run is still active and GitHub logs are unavailable; this row is unknown, not failed."
unknown_no_matching_downloaded_csv_row_and_logs_unavailable,checked-in mi300a_problem_size_discovery_plan plus active-run artifact/log snapshot,Tier 2,qtc,benchmark-results-qtc,completed,failure,,,,,,,1222,qtc,3072,"No per-row failure/timeout/crash conclusion is available because the run is still active and GitHub logs are unavailable; this row is unknown, not failed."
unknown_no_matching_downloaded_csv_row_and_logs_unavailable,checked-in mi300a_problem_size_discovery_plan plus active-run artifact/log snapshot,Tier 2,qtc,benchmark-results-qtc,completed,failure,,,,,,,1223,qtc,4096,"No per-row failure/timeout/crash conclusion is available because the run is still active and GitHub logs are unavailable; this row is unknown, not failed."
unknown_no_matching_downloaded_csv_row_and_logs_unavailable,checked-in mi300a_problem_size_discovery_plan plus active-run artifact/log snapshot,Tier 2,qtc,benchmark-results-qtc,completed,failure,,,,,,,1224,qtc,6144,"No per-row failure/timeout/crash conclusion is available because the run is still active and GitHub logs are unavailable; this row is unknown, not failed."
unknown_no_matching_downloaded_csv_row_and_logs_unavailable,checked-in mi300a_problem_size_discovery_plan plus active-run artifact/log snapshot,Tier 2,qtc,benchmark-results-qtc,completed,failure,,,,,,,1225,qtc,8192,"No per-row failure/timeout/crash conclusion is available because the run is still active and GitHub logs are unavailable; this row is unknown, not failed."
unknown_no_matching_downloaded_csv_row_and_logs_unavailable,checked-in mi300a_problem_size_discovery_plan plus active-run artifact/log snapshot,Tier 2,qtc,benchmark-results-qtc,completed,failure,,,,,,,1226,qtc,12288,"No per-row failure/timeout/crash conclusion is available because the run is still active and GitHub logs are unavailable; this row is unknown, not failed."
unknown_no_matching_downloaded_csv_row_and_logs_unavailable,checked-in mi300a_problem_size_discovery_plan plus active-run artifact/log snapshot,Tier 2,qtc,benchmark-results-qtc,completed,failure,,,,,,,1227,qtc,16384,"No per-row failure/timeout/crash conclusion is available because the run is still active and GitHub logs are unavailable; this row is unknown, not failed."
unknown_no_matching_downloaded_csv_row_and_logs_unavailable,checked-in mi300a_problem_size_discovery_plan plus active-run artifact/log snapshot,Tier 2,gelu,benchmark-results-gelu,completed,failure,,,,,,,1228,gelu,n16777216_bs256_ept1_gelu,"No per-row failure/timeout/crash conclusion is available because the run is still active and GitHub logs are unavailable; this row is unknown, not failed."
unknown_no_matching_downloaded_csv_row_and_logs_unavailable,checked-in mi300a_problem_size_discovery_plan plus active-run artifact/log snapshot,Tier 2,softmax,benchmark-results-softmax,completed,failure,,,,,,,1234,softmax,rows2048_cols1024_bs256,"No per-row failure/timeout/crash conclusion is available because the run is still active and GitHub logs are unavailable; this row is unknown, not failed."
unknown_no_matching_downloaded_csv_row_and_logs_unavailable,checked-in mi300a_problem_size_discovery_plan plus active-run artifact/log snapshot,Tier 2,softmax,benchmark-results-softmax,completed,failure,,,,,,,1235,softmax,rows4096_cols1024_bs256,"No per-row failure/timeout/crash conclusion is available because the run is still active and GitHub logs are unavailable; this row is unknown, not failed."
unknown_no_matching_downloaded_csv_row_and_logs_unavailable,checked-in mi300a_problem_size_discovery_plan plus active-run artifact/log snapshot,Tier 2,softmax,benchmark-results-softmax,completed,failure,,,,,,,1236,softmax,rows8192_cols1024_bs256,"No per-row failure/timeout/crash conclusion is available because the run is still active and GitHub logs are unavailable; this row is unknown, not failed."
unknown_no_matching_downloaded_csv_row_and_logs_unavailable,checked-in mi300a_problem_size_discovery_plan plus active-run artifact/log snapshot,Tier 2,softmax,benchmark-results-softmax,completed,failure,,,,,,,1237,softmax,rows12288_cols1024_bs256,"No per-row failure/timeout/crash conclusion is available because the run is still active and GitHub logs are unavailable; this row is unknown, not failed."
unknown_no_matching_downloaded_csv_row_and_logs_unavailable,checked-in mi300a_problem_size_discovery_plan plus active-run artifact/log snapshot,Tier 2,softmax,benchmark-results-softmax,completed,failure,,,,,,,1238,softmax,rows16384_cols1024_bs256,"No per-row failure/timeout/crash conclusion is available because the run is still active and GitHub logs are unavailable; this row is unknown, not failed."
unknown_no_matching_downloaded_csv_row_and_logs_unavailable,checked-in mi300a_problem_size_discovery_plan plus active-run artifact/log snapshot,Tier 2,softmax,benchmark-results-softmax,completed,failure,,,,,,,1239,softmax,rows24576_cols1024_bs256,"No per-row failure/timeout/crash conclusion is available because the run is still active and GitHub logs are unavailable; this row is unknown, not failed."
unknown_no_matching_downloaded_csv_row_and_logs_unavailable,checked-in mi300a_problem_size_discovery_plan plus active-run artifact/log snapshot,Tier 2,softmax,benchmark-results-softmax,completed,failure,,,,,,,1240,softmax,rows32768_cols1024_bs256,"No per-row failure/timeout/crash conclusion is available because the run is still active and GitHub logs are unavailable; this row is unknown, not failed."
unknown_no_matching_downloaded_csv_row_and_logs_unavailable,checked-in mi300a_problem_size_discovery_plan plus active-run artifact/log snapshot,Tier 2,softmax,benchmark-results-softmax,completed,failure,,,,,,,1241,softmax,rows49152_cols1024_bs256,"No per-row failure/timeout/crash conclusion is available because the run is still active and GitHub logs are unavailable; this row is unknown, not failed."
unknown_no_matching_downloaded_csv_row_and_logs_unavailable,checked-in mi300a_problem_size_discovery_plan plus active-run artifact/log snapshot,Tier 2,softmax,benchmark-results-softmax,completed,failure,,,,,,,1242,softmax,rows65536_cols1024_bs256,"No per-row failure/timeout/crash conclusion is available because the run is still active and GitHub logs are unavailable; this row is unknown, not failed."
unknown_no_matching_downloaded_csv_row_and_logs_unavailable,checked-in mi300a_problem_size_discovery_plan plus active-run artifact/log snapshot,Tier 2,softmax,benchmark-results-softmax,completed,failure,,,,,,,1243,softmax,rows98304_cols1024_bs256,"No per-row failure/timeout/crash conclusion is available because the run is still active and GitHub logs are unavailable; this row is unknown, not failed."
unknown_no_matching_downloaded_csv_row_and_logs_unavailable,checked-in mi300a_problem_size_discovery_plan plus active-run artifact/log snapshot,Tier 2,softmax,benchmark-results-softmax,completed,failure,,,,,,,1244,softmax,rows131072_cols1024_bs256,"No per-row failure/timeout/crash conclusion is available because the run is still active and GitHub logs are unavailable; this row is unknown, not failed."
unknown_no_matching_downloaded_csv_row_and_logs_unavailable,checked-in mi300a_problem_size_discovery_plan plus active-run artifact/log snapshot,Tier 2,softmax,benchmark-results-softmax,completed,failure,,,,,,,1245,softmax,rows196608_cols1024_bs256,"No per-row failure/timeout/crash conclusion is available because the run is still active and GitHub logs are unavailable; this row is unknown, not failed."
unknown_no_matching_downloaded_csv_row_and_logs_unavailable,checked-in mi300a_problem_size_discovery_plan plus active-run artifact/log snapshot,Tier 2,softmax,benchmark-results-softmax,completed,failure,,,,,,,1246,softmax,rows262144_cols1024_bs256,"No per-row failure/timeout/crash conclusion is available because the run is still active and GitHub logs are unavailable; this row is unknown, not failed."
unknown_no_matching_downloaded_csv_row_and_logs_unavailable,checked-in mi300a_problem_size_discovery_plan plus active-run artifact/log snapshot,Tier 2,layernorm,benchmark-results-layernorm,completed,failure,,,,,,,1251,layernorm,rows1024_hid4096_bs256_layernorm,"No per-row failure/timeout/crash conclusion is available because the run is still active and GitHub logs are unavailable; this row is unknown, not failed."
unknown_no_matching_downloaded_csv_row_and_logs_unavailable,checked-in mi300a_problem_size_discovery_plan plus active-run artifact/log snapshot,Tier 2,layernorm,benchmark-results-layernorm,completed,failure,,,,,,,1252,layernorm,rows2048_hid4096_bs256_layernorm,"No per-row failure/timeout/crash conclusion is available because the run is still active and GitHub logs are unavailable; this row is unknown, not failed."
unknown_no_matching_downloaded_csv_row_and_logs_unavailable,checked-in mi300a_problem_size_discovery_plan plus active-run artifact/log snapshot,Tier 2,layernorm,benchmark-results-layernorm,completed,failure,,,,,,,1253,layernorm,rows4096_hid4096_bs256_layernorm,"No per-row failure/timeout/crash conclusion is available because the run is still active and GitHub logs are unavailable; this row is unknown, not failed."
unknown_no_matching_downloaded_csv_row_and_logs_unavailable,checked-in mi300a_problem_size_discovery_plan plus active-run artifact/log snapshot,Tier 2,layernorm,benchmark-results-layernorm,completed,failure,,,,,,,1254,layernorm,rows6144_hid4096_bs256_layernorm,"No per-row failure/timeout/crash conclusion is available because the run is still active and GitHub logs are unavailable; this row is unknown, not failed."
unknown_no_matching_downloaded_csv_row_and_logs_unavailable,checked-in mi300a_problem_size_discovery_plan plus active-run artifact/log snapshot,Tier 2,layernorm,benchmark-results-layernorm,completed,failure,,,,,,,1255,layernorm,rows8192_hid4096_bs256_layernorm,"No per-row failure/timeout/crash conclusion is available because the run is still active and GitHub logs are unavailable; this row is unknown, not failed."
unknown_no_matching_downloaded_csv_row_and_logs_unavailable,checked-in mi300a_problem_size_discovery_plan plus active-run artifact/log snapshot,Tier 2,layernorm,benchmark-results-layernorm,completed,failure,,,,,,,1256,layernorm,rows10240_hid4096_bs256_layernorm,"No per-row failure/timeout/crash conclusion is available because the run is still active and GitHub logs are unavailable; this row is unknown, not failed."
unknown_no_matching_downloaded_csv_row_and_logs_unavailable,checked-in mi300a_problem_size_discovery_plan plus active-run artifact/log snapshot,Tier 2,layernorm,benchmark-results-layernorm,completed,failure,,,,,,,1257,layernorm,rows12288_hid4096_bs256_layernorm,"No per-row failure/timeout/crash conclusion is available because the run is still active and GitHub logs are unavailable; this row is unknown, not failed."
unknown_no_matching_downloaded_csv_row_and_logs_unavailable,checked-in mi300a_problem_size_discovery_plan plus active-run artifact/log snapshot,Tier 2,layernorm,benchmark-results-layernorm,completed,failure,,,,,,,1258,layernorm,rows16384_hid4096_bs256_layernorm,"No per-row failure/timeout/crash conclusion is available because the run is still active and GitHub logs are unavailable; this row is unknown, not failed."
unknown_no_matching_downloaded_csv_row_and_logs_unavailable,checked-in mi300a_problem_size_discovery_plan plus active-run artifact/log snapshot,Tier 2,layernorm,benchmark-results-layernorm,completed,failure,,,,,,,1259,layernorm,rows20480_hid4096_bs256_layernorm,"No per-row failure/timeout/crash conclusion is available because the run is still active and GitHub logs are unavailable; this row is unknown, not failed."
unknown_no_matching_downloaded_csv_row_and_logs_unavailable,checked-in mi300a_problem_size_discovery_plan plus active-run artifact/log snapshot,Tier 2,layernorm,benchmark-results-layernorm,completed,failure,,,,,,,1260,layernorm,rows24576_hid4096_bs256_layernorm,"No per-row failure/timeout/crash conclusion is available because the run is still active and GitHub logs are unavailable; this row is unknown, not failed."
unknown_no_matching_downloaded_csv_row_and_logs_unavailable,checked-in mi300a_problem_size_discovery_plan plus active-run artifact/log snapshot,Tier 2,layernorm,benchmark-results-layernorm,completed,failure,,,,,,,1261,layernorm,rows32768_hid4096_bs256_layernorm,"No per-row failure/timeout/crash conclusion is available because the run is still active and GitHub logs are unavailable; this row is unknown, not failed."
unknown_no_matching_downloaded_csv_row_and_logs_unavailable,checked-in mi300a_problem_size_discovery_plan plus active-run artifact/log snapshot,Tier 2,layernorm,benchmark-results-layernorm,completed,failure,,,,,,,1262,layernorm,rows49152_hid4096_bs256_layernorm,"No per-row failure/timeout/crash conclusion is available because the run is still active and GitHub logs are unavailable; this row is unknown, not failed."
unknown_no_matching_downloaded_csv_row_and_logs_unavailable,checked-in mi300a_problem_size_discovery_plan plus active-run artifact/log snapshot,Tier 2,layernorm,benchmark-results-layernorm,completed,failure,,,,,,,1263,layernorm,rows65536_hid4096_bs256_layernorm,"No per-row failure/timeout/crash conclusion is available because the run is still active and GitHub logs are unavailable; this row is unknown, not failed."
unknown_no_matching_downloaded_csv_row_and_logs_unavailable,checked-in mi300a_problem_size_discovery_plan plus active-run artifact/log snapshot,Tier 2,layernorm,benchmark-results-layernorm,completed,failure,,,,,,,1264,layernorm,rows131072_hid4096_bs256_layernorm,"No per-row failure/timeout/crash conclusion is available because the run is still active and GitHub logs are unavailable; this row is unknown, not failed."
unknown_no_matching_downloaded_csv_row_and_logs_unavailable,checked-in mi300a_problem_size_discovery_plan plus active-run artifact/log snapshot,Tier 2,fused_swiglu,benchmark-results-fused-swiglu,in_progress,,,,,,,,1265,fused_swiglu,n49152_bs256_ept1_p1,"No per-row failure/timeout/crash conclusion is available because the run is still active and GitHub logs are unavailable; this row is unknown, not failed."
unknown_no_matching_downloaded_csv_row_and_logs_unavailable,checked-in mi300a_problem_size_discovery_plan plus active-run artifact/log snapshot,Tier 2,fused_swiglu,benchmark-results-fused-swiglu,in_progress,,,,,,,,1266,fused_swiglu,n98304_bs256_ept1_p1,"No per-row failure/timeout/crash conclusion is available because the run is still active and GitHub logs are unavailable; this row is unknown, not failed."
unknown_no_matching_downloaded_csv_row_and_logs_unavailable,checked-in mi300a_problem_size_discovery_plan plus active-run artifact/log snapshot,Tier 2,fused_swiglu,benchmark-results-fused-swiglu,in_progress,,,,,,,,1267,fused_swiglu,n196608_bs256_ept1_p1,"No per-row failure/timeout/crash conclusion is available because the run is still active and GitHub logs are unavailable; this row is unknown, not failed."
unknown_no_matching_downloaded_csv_row_and_logs_unavailable,checked-in mi300a_problem_size_discovery_plan plus active-run artifact/log snapshot,Tier 2,fused_swiglu,benchmark-results-fused-swiglu,in_progress,,,,,,,,1268,fused_swiglu,n393216_bs256_ept1_p1,"No per-row failure/timeout/crash conclusion is available because the run is still active and GitHub logs are unavailable; this row is unknown, not failed."
unknown_no_matching_downloaded_csv_row_and_logs_unavailable,checked-in mi300a_problem_size_discovery_plan plus active-run artifact/log snapshot,Tier 2,fused_swiglu,benchmark-results-fused-swiglu,in_progress,,,,,,,,1269,fused_swiglu,n786432_bs256_ept1_p1,"No per-row failure/timeout/crash conclusion is available because the run is still active and GitHub logs are unavailable; this row is unknown, not failed."
unknown_no_matching_downloaded_csv_row_and_logs_unavailable,checked-in mi300a_problem_size_discovery_plan plus active-run artifact/log snapshot,Tier 2,fused_swiglu,benchmark-results-fused-swiglu,in_progress,,,,,,,,1270,fused_swiglu,n1572864_bs256_ept1_p1,"No per-row failure/timeout/crash conclusion is available because the run is still active and GitHub logs are unavailable; this row is unknown, not failed."
unknown_no_matching_downloaded_csv_row_and_logs_unavailable,checked-in mi300a_problem_size_discovery_plan plus active-run artifact/log snapshot,Tier 2,fused_swiglu,benchmark-results-fused-swiglu,in_progress,,,,,,,,1271,fused_swiglu,n3145728_bs256_ept1_p1,"No per-row failure/timeout/crash conclusion is available because the run is still active and GitHub logs are unavailable; this row is unknown, not failed."
unknown_no_matching_downloaded_csv_row_and_logs_unavailable,checked-in mi300a_problem_size_discovery_plan plus active-run artifact/log snapshot,Tier 2,fused_swiglu,benchmark-results-fused-swiglu,in_progress,,,,,,,,1272,fused_swiglu,n4194304_bs256_ept1_p1,"No per-row failure/timeout/crash conclusion is available because the run is still active and GitHub logs are unavailable; this row is unknown, not failed."
unknown_no_matching_downloaded_csv_row_and_logs_unavailable,checked-in mi300a_problem_size_discovery_plan plus active-run artifact/log snapshot,Tier 2,fused_swiglu,benchmark-results-fused-swiglu,in_progress,,,,,,,,1273,fused_swiglu,n6291456_bs256_ept1_p1,"No per-row failure/timeout/crash conclusion is available because the run is still active and GitHub logs are unavailable; this row is unknown, not failed."
unknown_no_matching_downloaded_csv_row_and_logs_unavailable,checked-in mi300a_problem_size_discovery_plan plus active-run artifact/log snapshot,Tier 2,fused_swiglu,benchmark-results-fused-swiglu,in_progress,,,,,,,,1274,fused_swiglu,n8388608_bs256_ept1_p1,"No per-row failure/timeout/crash conclusion is available because the run is still active and GitHub logs are unavailable; this row is unknown, not failed."
unknown_no_matching_downloaded_csv_row_and_logs_unavailable,checked-in mi300a_problem_size_discovery_plan plus active-run artifact/log snapshot,Tier 2,fused_swiglu,benchmark-results-fused-swiglu,in_progress,,,,,,,,1275,fused_swiglu,n11010048_bs256_ept1_p1,"No per-row failure/timeout/crash conclusion is available because the run is still active and GitHub logs are unavailable; this row is unknown, not failed."
unknown_no_matching_downloaded_csv_row_and_logs_unavailable,checked-in mi300a_problem_size_discovery_plan plus active-run artifact/log snapshot,Tier 2,fused_swiglu,benchmark-results-fused-swiglu,in_progress,,,,,,,,1276,fused_swiglu,n16777216_bs256_ept1_p1,"No per-row failure/timeout/crash conclusion is available because the run is still active and GitHub logs are unavailable; this row is unknown, not failed."
unknown_no_matching_downloaded_csv_row_and_logs_unavailable,checked-in mi300a_problem_size_discovery_plan plus active-run artifact/log snapshot,Tier 2,fused_swiglu,benchmark-results-fused-swiglu,in_progress,,,,,,,,1277,fused_swiglu,n22020096_bs256_ept1_p1,"No per-row failure/timeout/crash conclusion is available because the run is still active and GitHub logs are unavailable; this row is unknown, not failed."
unknown_no_matching_downloaded_csv_row_and_logs_unavailable,checked-in mi300a_problem_size_discovery_plan plus active-run artifact/log snapshot,Tier 2,fused_swiglu,benchmark-results-fused-swiglu,in_progress,,,,,,,,1278,fused_swiglu,n33554432_bs256_ept1_p1,"No per-row failure/timeout/crash conclusion is available because the run is still active and GitHub logs are unavailable; this row is unknown, not failed."
unknown_no_matching_downloaded_csv_row_and_logs_unavailable,checked-in mi300a_problem_size_discovery_plan plus active-run artifact/log snapshot,Tier 2,fused_swiglu,benchmark-results-fused-swiglu,in_progress,,,,,,,,1279,fused_swiglu,n45088768_bs256_ept1_p1,"No per-row failure/timeout/crash conclusion is available because the run is still active and GitHub logs are unavailable; this row is unknown, not failed."
unknown_no_matching_downloaded_csv_row_and_logs_unavailable,checked-in mi300a_problem_size_discovery_plan plus active-run artifact/log snapshot,Tier 2,fused_swiglu,benchmark-results-fused-swiglu,in_progress,,,,,,,,1280,fused_swiglu,n67108864_bs256_ept1_p1,"No per-row failure/timeout/crash conclusion is available because the run is still active and GitHub logs are unavailable; this row is unknown, not failed."
unknown_no_matching_downloaded_csv_row_and_logs_unavailable,checked-in mi300a_problem_size_discovery_plan plus active-run artifact/log snapshot,Tier 2,fused_swiglu,benchmark-results-fused-swiglu,in_progress,,,,,,,,1281,fused_swiglu,n90177536_bs256_ept1_p1,"No per-row failure/timeout/crash conclusion is available because the run is still active and GitHub logs are unavailable; this row is unknown, not failed."
unknown_no_matching_downloaded_csv_row_and_logs_unavailable,checked-in mi300a_problem_size_discovery_plan plus active-run artifact/log snapshot,Tier 2,fused_swiglu,benchmark-results-fused-swiglu,in_progress,,,,,,,,1282,fused_swiglu,n134217728_bs256_ept1_p1,"No per-row failure/timeout/crash conclusion is available because the run is still active and GitHub logs are unavailable; this row is unknown, not failed."
unknown_no_matching_downloaded_csv_row_and_logs_unavailable,checked-in mi300a_problem_size_discovery_plan plus active-run artifact/log snapshot,Tier 2,md_lj,benchmark-results-md-lj,completed,failure,,,,,,,1286,md,1024,"No per-row failure/timeout/crash conclusion is available because the run is still active and GitHub logs are unavailable; this row is unknown, not failed."
unknown_no_matching_downloaded_csv_row_and_logs_unavailable,checked-in mi300a_problem_size_discovery_plan plus active-run artifact/log snapshot,Tier 2,md_lj,benchmark-results-md-lj,completed,failure,,,,,,,1287,md,2048,"No per-row failure/timeout/crash conclusion is available because the run is still active and GitHub logs are unavailable; this row is unknown, not failed."
unknown_no_matching_downloaded_csv_row_and_logs_unavailable,checked-in mi300a_problem_size_discovery_plan plus active-run artifact/log snapshot,Tier 2,md_lj,benchmark-results-md-lj,completed,failure,,,,,,,1288,md,4096,"No per-row failure/timeout/crash conclusion is available because the run is still active and GitHub logs are unavailable; this row is unknown, not failed."
unknown_no_matching_downloaded_csv_row_and_logs_unavailable,checked-in mi300a_problem_size_discovery_plan plus active-run artifact/log snapshot,Tier 2,md_lj,benchmark-results-md-lj,completed,failure,,,,,,,1289,md,6144,"No per-row failure/timeout/crash conclusion is available because the run is still active and GitHub logs are unavailable; this row is unknown, not failed."
unknown_no_matching_downloaded_csv_row_and_logs_unavailable,checked-in mi300a_problem_size_discovery_plan plus active-run artifact/log snapshot,Tier 2,md_lj,benchmark-results-md-lj,completed,failure,,,,,,,1290,md,8192,"No per-row failure/timeout/crash conclusion is available because the run is still active and GitHub logs are unavailable; this row is unknown, not failed."
unknown_no_matching_downloaded_csv_row_and_logs_unavailable,checked-in mi300a_problem_size_discovery_plan plus active-run artifact/log snapshot,Tier 2,md_lj,benchmark-results-md-lj,completed,failure,,,,,,,1291,md,12288,"No per-row failure/timeout/crash conclusion is available because the run is still active and GitHub logs are unavailable; this row is unknown, not failed."
unknown_no_matching_downloaded_csv_row_and_logs_unavailable,checked-in mi300a_problem_size_discovery_plan plus active-run artifact/log snapshot,Tier 2,md_lj,benchmark-results-md-lj,completed,failure,,,,,,,1292,md,16384,"No per-row failure/timeout/crash conclusion is available because the run is still active and GitHub logs are unavailable; this row is unknown, not failed."
unknown_no_matching_downloaded_csv_row_and_logs_unavailable,checked-in mi300a_problem_size_discovery_plan plus active-run artifact/log snapshot,Tier 2,md_lj,benchmark-results-md-lj,completed,failure,,,,,,,1293,md,24576,"No per-row failure/timeout/crash conclusion is available because the run is still active and GitHub logs are unavailable; this row is unknown, not failed."
unknown_no_matching_downloaded_csv_row_and_logs_unavailable,checked-in mi300a_problem_size_discovery_plan plus active-run artifact/log snapshot,Tier 2,md_lj,benchmark-results-md-lj,completed,failure,,,,,,,1294,md,32768,"No per-row failure/timeout/crash conclusion is available because the run is still active and GitHub logs are unavailable; this row is unknown, not failed."
unknown_no_matching_downloaded_csv_row_and_logs_unavailable,checked-in mi300a_problem_size_discovery_plan plus active-run artifact/log snapshot,Tier 2,md_lj,benchmark-results-md-lj,completed,failure,,,,,,,1295,md,49152,"No per-row failure/timeout/crash conclusion is available because the run is still active and GitHub logs are unavailable; this row is unknown, not failed."
unknown_no_matching_downloaded_csv_row_and_logs_unavailable,checked-in mi300a_problem_size_discovery_plan plus active-run artifact/log snapshot,Tier 2,md_lj,benchmark-results-md-lj,completed,failure,,,,,,,1296,md,65536,"No per-row failure/timeout/crash conclusion is available because the run is still active and GitHub logs are unavailable; this row is unknown, not failed."
unknown_no_matching_downloaded_csv_row_and_logs_unavailable,checked-in mi300a_problem_size_discovery_plan plus active-run artifact/log snapshot,Tier 2,md_lj,benchmark-results-md-lj,completed,failure,,,,,,,1297,md,98304,"No per-row failure/timeout/crash conclusion is available because the run is still active and GitHub logs are unavailable; this row is unknown, not failed."
unknown_no_matching_downloaded_csv_row_and_logs_unavailable,checked-in mi300a_problem_size_discovery_plan plus active-run artifact/log snapshot,Tier 2,md_lj,benchmark-results-md-lj,completed,failure,,,,,,,1298,md,131072,"No per-row failure/timeout/crash conclusion is available because the run is still active and GitHub logs are unavailable; this row is unknown, not failed."
unknown_no_matching_downloaded_csv_row_and_logs_unavailable,checked-in mi300a_problem_size_discovery_plan plus active-run artifact/log snapshot,Tier 2,s3d,benchmark-results-s3d,completed,failure,,,,,,,1306,s3d,65536,"No per-row failure/timeout/crash conclusion is available because the run is still active and GitHub logs are unavailable; this row is unknown, not failed."
unknown_no_matching_downloaded_csv_row_and_logs_unavailable,checked-in mi300a_problem_size_discovery_plan plus active-run artifact/log snapshot,Tier 2,s3d,benchmark-results-s3d,completed,failure,,,,,,,1307,s3d,131072,"No per-row failure/timeout/crash conclusion is available because the run is still active and GitHub logs are unavailable; this row is unknown, not failed."
unknown_no_matching_downloaded_csv_row_and_logs_unavailable,checked-in mi300a_problem_size_discovery_plan plus active-run artifact/log snapshot,Tier 2,s3d,benchmark-results-s3d,completed,failure,,,,,,,1308,s3d,262144,"No per-row failure/timeout/crash conclusion is available because the run is still active and GitHub logs are unavailable; this row is unknown, not failed."
unknown_no_matching_downloaded_csv_row_and_logs_unavailable,checked-in mi300a_problem_size_discovery_plan plus active-run artifact/log snapshot,Tier 2,s3d,benchmark-results-s3d,completed,failure,,,,,,,1309,s3d,524288,"No per-row failure/timeout/crash conclusion is available because the run is still active and GitHub logs are unavailable; this row is unknown, not failed."
unknown_no_matching_downloaded_csv_row_and_logs_unavailable,checked-in mi300a_problem_size_discovery_plan plus active-run artifact/log snapshot,Tier 2,s3d,benchmark-results-s3d,completed,failure,,,,,,,1310,s3d,1048576,"No per-row failure/timeout/crash conclusion is available because the run is still active and GitHub logs are unavailable; this row is unknown, not failed."
unknown_no_matching_downloaded_csv_row_and_logs_unavailable,checked-in mi300a_problem_size_discovery_plan plus active-run artifact/log snapshot,Tier 2,s3d,benchmark-results-s3d,completed,failure,,,,,,,1311,s3d,2097152,"No per-row failure/timeout/crash conclusion is available because the run is still active and GitHub logs are unavailable; this row is unknown, not failed."
unknown_no_matching_downloaded_csv_row_and_logs_unavailable,checked-in mi300a_problem_size_discovery_plan plus active-run artifact/log snapshot,Tier 2,s3d,benchmark-results-s3d,completed,failure,,,,,,,1312,s3d,4194304,"No per-row failure/timeout/crash conclusion is available because the run is still active and GitHub logs are unavailable; this row is unknown, not failed."
unknown_no_matching_downloaded_csv_row_and_logs_unavailable,checked-in mi300a_problem_size_discovery_plan plus active-run artifact/log snapshot,Tier 2,s3d,benchmark-results-s3d,completed,failure,,,,,,,1313,s3d,8388608,"No per-row failure/timeout/crash conclusion is available because the run is still active and GitHub logs are unavailable; this row is unknown, not failed."
unknown_no_matching_downloaded_csv_row_and_logs_unavailable,checked-in mi300a_problem_size_discovery_plan plus active-run artifact/log snapshot,Tier 2,s3d,benchmark-results-s3d,completed,failure,,,,,,,1314,s3d,16777216,"No per-row failure/timeout/crash conclusion is available because the run is still active and GitHub logs are unavailable; this row is unknown, not failed."
unknown_no_matching_downloaded_csv_row_and_logs_unavailable,checked-in mi300a_problem_size_discovery_plan plus active-run artifact/log snapshot,Tier 2,rope,benchmark-results-rope,in_progress,,,,,,,,1315,rope,B4_S64_H32_D128_blk256,"No per-row failure/timeout/crash conclusion is available because the run is still active and GitHub logs are unavailable; this row is unknown, not failed."
unknown_no_matching_downloaded_csv_row_and_logs_unavailable,checked-in mi300a_problem_size_discovery_plan plus active-run artifact/log snapshot,Tier 2,rope,benchmark-results-rope,in_progress,,,,,,,,1316,rope,B4_S128_H32_D128_blk256,"No per-row failure/timeout/crash conclusion is available because the run is still active and GitHub logs are unavailable; this row is unknown, not failed."
unknown_no_matching_downloaded_csv_row_and_logs_unavailable,checked-in mi300a_problem_size_discovery_plan plus active-run artifact/log snapshot,Tier 2,rope,benchmark-results-rope,in_progress,,,,,,,,1317,rope,B4_S256_H32_D128_blk256,"No per-row failure/timeout/crash conclusion is available because the run is still active and GitHub logs are unavailable; this row is unknown, not failed."
unknown_no_matching_downloaded_csv_row_and_logs_unavailable,checked-in mi300a_problem_size_discovery_plan plus active-run artifact/log snapshot,Tier 2,rope,benchmark-results-rope,in_progress,,,,,,,,1318,rope,B4_S384_H32_D128_blk256,"No per-row failure/timeout/crash conclusion is available because the run is still active and GitHub logs are unavailable; this row is unknown, not failed."
unknown_no_matching_downloaded_csv_row_and_logs_unavailable,checked-in mi300a_problem_size_discovery_plan plus active-run artifact/log snapshot,Tier 2,rope,benchmark-results-rope,in_progress,,,,,,,,1319,rope,B4_S512_H32_D128_blk256,"No per-row failure/timeout/crash conclusion is available because the run is still active and GitHub logs are unavailable; this row is unknown, not failed."
unknown_no_matching_downloaded_csv_row_and_logs_unavailable,checked-in mi300a_problem_size_discovery_plan plus active-run artifact/log snapshot,Tier 2,rope,benchmark-results-rope,in_progress,,,,,,,,1320,rope,B4_S768_H32_D128_blk256,"No per-row failure/timeout/crash conclusion is available because the run is still active and GitHub logs are unavailable; this row is unknown, not failed."
unknown_no_matching_downloaded_csv_row_and_logs_unavailable,checked-in mi300a_problem_size_discovery_plan plus active-run artifact/log snapshot,Tier 2,rope,benchmark-results-rope,in_progress,,,,,,,,1321,rope,B4_S1024_H32_D128_blk256,"No per-row failure/timeout/crash conclusion is available because the run is still active and GitHub logs are unavailable; this row is unknown, not failed."
unknown_no_matching_downloaded_csv_row_and_logs_unavailable,checked-in mi300a_problem_size_discovery_plan plus active-run artifact/log snapshot,Tier 2,rope,benchmark-results-rope,in_progress,,,,,,,,1322,rope,B4_S1536_H32_D128_blk256,"No per-row failure/timeout/crash conclusion is available because the run is still active and GitHub logs are unavailable; this row is unknown, not failed."
unknown_no_matching_downloaded_csv_row_and_logs_unavailable,checked-in mi300a_problem_size_discovery_plan plus active-run artifact/log snapshot,Tier 2,rope,benchmark-results-rope,in_progress,,,,,,,,1323,rope,B4_S2048_H32_D128_blk256,"No per-row failure/timeout/crash conclusion is available because the run is still active and GitHub logs are unavailable; this row is unknown, not failed."
unknown_no_matching_downloaded_csv_row_and_logs_unavailable,checked-in mi300a_problem_size_discovery_plan plus active-run artifact/log snapshot,Tier 2,rope,benchmark-results-rope,in_progress,,,,,,,,1324,rope,B4_S3072_H32_D128_blk256,"No per-row failure/timeout/crash conclusion is available because the run is still active and GitHub logs are unavailable; this row is unknown, not failed."
unknown_no_matching_downloaded_csv_row_and_logs_unavailable,checked-in mi300a_problem_size_discovery_plan plus active-run artifact/log snapshot,Tier 2,rope,benchmark-results-rope,in_progress,,,,,,,,1325,rope,B4_S4096_H32_D128_blk256,"No per-row failure/timeout/crash conclusion is available because the run is still active and GitHub logs are unavailable; this row is unknown, not failed."
unknown_no_matching_downloaded_csv_row_and_logs_unavailable,checked-in mi300a_problem_size_discovery_plan plus active-run artifact/log snapshot,Tier 2,rope,benchmark-results-rope,in_progress,,,,,,,,1326,rope,B4_S6144_H32_D128_blk256,"No per-row failure/timeout/crash conclusion is available because the run is still active and GitHub logs are unavailable; this row is unknown, not failed."
unknown_no_matching_downloaded_csv_row_and_logs_unavailable,checked-in mi300a_problem_size_discovery_plan plus active-run artifact/log snapshot,Tier 2,rope,benchmark-results-rope,in_progress,,,,,,,,1327,rope,B4_S8192_H32_D128_blk256,"No per-row failure/timeout/crash conclusion is available because the run is still active and GitHub logs are unavailable; this row is unknown, not failed."
unknown_no_matching_downloaded_csv_row_and_logs_unavailable,checked-in mi300a_problem_size_discovery_plan plus active-run artifact/log snapshot,Tier 2,rope,benchmark-results-rope,in_progress,,,,,,,,1328,rope,B4_S12288_H32_D128_blk256,"No per-row failure/timeout/crash conclusion is available because the run is still active and GitHub logs are unavailable; this row is unknown, not failed."
unknown_no_matching_downloaded_csv_row_and_logs_unavailable,checked-in mi300a_problem_size_discovery_plan plus active-run artifact/log snapshot,Tier 2,rope,benchmark-results-rope,in_progress,,,,,,,,1329,rope,B4_S16384_H32_D128_blk256,"No per-row failure/timeout/crash conclusion is available because the run is still active and GitHub logs are unavailable; this row is unknown, not failed."
unknown_no_matching_downloaded_csv_row_and_logs_unavailable,checked-in mi300a_problem_size_discovery_plan plus active-run artifact/log snapshot,Tier 2,rope,benchmark-results-rope,in_progress,,,,,,,,1330,rope,B4_S32768_H32_D128_blk256,"No per-row failure/timeout/crash conclusion is available because the run is still active and GitHub logs are unavailable; this row is unknown, not failed."
unknown_no_matching_downloaded_csv_row_and_logs_unavailable,checked-in mi300a_problem_size_discovery_plan plus active-run artifact/log snapshot,Tier 2,naive_attention,benchmark-results-naive-attention,in_progress,,,,,,,,1331,naive_attention,B4_S32_H12_D64_blk256,"No per-row failure/timeout/crash conclusion is available because the run is still active and GitHub logs are unavailable; this row is unknown, not failed."
unknown_no_matching_downloaded_csv_row_and_logs_unavailable,checked-in mi300a_problem_size_discovery_plan plus active-run artifact/log snapshot,Tier 2,naive_attention,benchmark-results-naive-attention,in_progress,,,,,,,,1332,naive_attention,B4_S64_H12_D64_blk256,"No per-row failure/timeout/crash conclusion is available because the run is still active and GitHub logs are unavailable; this row is unknown, not failed."
unknown_no_matching_downloaded_csv_row_and_logs_unavailable,checked-in mi300a_problem_size_discovery_plan plus active-run artifact/log snapshot,Tier 2,naive_attention,benchmark-results-naive-attention,in_progress,,,,,,,,1333,naive_attention,B4_S96_H12_D64_blk256,"No per-row failure/timeout/crash conclusion is available because the run is still active and GitHub logs are unavailable; this row is unknown, not failed."
unknown_no_matching_downloaded_csv_row_and_logs_unavailable,checked-in mi300a_problem_size_discovery_plan plus active-run artifact/log snapshot,Tier 2,naive_attention,benchmark-results-naive-attention,in_progress,,,,,,,,1334,naive_attention,B4_S128_H12_D64_blk256,"No per-row failure/timeout/crash conclusion is available because the run is still active and GitHub logs are unavailable; this row is unknown, not failed."
unknown_no_matching_downloaded_csv_row_and_logs_unavailable,checked-in mi300a_problem_size_discovery_plan plus active-run artifact/log snapshot,Tier 2,naive_attention,benchmark-results-naive-attention,in_progress,,,,,,,,1335,naive_attention,B4_S192_H12_D64_blk256,"No per-row failure/timeout/crash conclusion is available because the run is still active and GitHub logs are unavailable; this row is unknown, not failed."
unknown_no_matching_downloaded_csv_row_and_logs_unavailable,checked-in mi300a_problem_size_discovery_plan plus active-run artifact/log snapshot,Tier 2,naive_attention,benchmark-results-naive-attention,in_progress,,,,,,,,1336,naive_attention,B4_S256_H12_D64_blk256,"No per-row failure/timeout/crash conclusion is available because the run is still active and GitHub logs are unavailable; this row is unknown, not failed."
unknown_no_matching_downloaded_csv_row_and_logs_unavailable,checked-in mi300a_problem_size_discovery_plan plus active-run artifact/log snapshot,Tier 2,naive_attention,benchmark-results-naive-attention,in_progress,,,,,,,,1337,naive_attention,B4_S384_H12_D64_blk256,"No per-row failure/timeout/crash conclusion is available because the run is still active and GitHub logs are unavailable; this row is unknown, not failed."
unknown_no_matching_downloaded_csv_row_and_logs_unavailable,checked-in mi300a_problem_size_discovery_plan plus active-run artifact/log snapshot,Tier 2,naive_attention,benchmark-results-naive-attention,in_progress,,,,,,,,1338,naive_attention,B4_S512_H12_D64_blk256,"No per-row failure/timeout/crash conclusion is available because the run is still active and GitHub logs are unavailable; this row is unknown, not failed."
unknown_no_matching_downloaded_csv_row_and_logs_unavailable,checked-in mi300a_problem_size_discovery_plan plus active-run artifact/log snapshot,Tier 2,naive_attention,benchmark-results-naive-attention,in_progress,,,,,,,,1339,naive_attention,B4_S640_H12_D64_blk256,"No per-row failure/timeout/crash conclusion is available because the run is still active and GitHub logs are unavailable; this row is unknown, not failed."
unknown_no_matching_downloaded_csv_row_and_logs_unavailable,checked-in mi300a_problem_size_discovery_plan plus active-run artifact/log snapshot,Tier 2,naive_attention,benchmark-results-naive-attention,in_progress,,,,,,,,1340,naive_attention,B4_S768_H12_D64_blk256,"No per-row failure/timeout/crash conclusion is available because the run is still active and GitHub logs are unavailable; this row is unknown, not failed."
unknown_no_matching_downloaded_csv_row_and_logs_unavailable,checked-in mi300a_problem_size_discovery_plan plus active-run artifact/log snapshot,Tier 2,naive_attention,benchmark-results-naive-attention,in_progress,,,,,,,,1341,naive_attention,B4_S1024_H12_D64_blk256,"No per-row failure/timeout/crash conclusion is available because the run is still active and GitHub logs are unavailable; this row is unknown, not failed."
unknown_no_matching_downloaded_csv_row_and_logs_unavailable,checked-in mi300a_problem_size_discovery_plan plus active-run artifact/log snapshot,Tier 2,naive_attention,benchmark-results-naive-attention,in_progress,,,,,,,,1342,naive_attention,B4_S1280_H12_D64_blk256,"No per-row failure/timeout/crash conclusion is available because the run is still active and GitHub logs are unavailable; this row is unknown, not failed."
unknown_no_matching_downloaded_csv_row_and_logs_unavailable,checked-in mi300a_problem_size_discovery_plan plus active-run artifact/log snapshot,Tier 2,naive_attention,benchmark-results-naive-attention,in_progress,,,,,,,,1343,naive_attention,B4_S1536_H12_D64_blk256,"No per-row failure/timeout/crash conclusion is available because the run is still active and GitHub logs are unavailable; this row is unknown, not failed."
unknown_no_matching_downloaded_csv_row_and_logs_unavailable,checked-in mi300a_problem_size_discovery_plan plus active-run artifact/log snapshot,Tier 2,naive_attention,benchmark-results-naive-attention,in_progress,,,,,,,,1344,naive_attention,B4_S2048_H12_D64_blk256,"No per-row failure/timeout/crash conclusion is available because the run is still active and GitHub logs are unavailable; this row is unknown, not failed."
unknown_no_matching_downloaded_csv_row_and_logs_unavailable,checked-in mi300a_problem_size_discovery_plan plus active-run artifact/log snapshot,Tier 2,naive_attention,benchmark-results-naive-attention,in_progress,,,,,,,,1345,naive_attention,B4_S2560_H12_D64_blk256,"No per-row failure/timeout/crash conclusion is available because the run is still active and GitHub logs are unavailable; this row is unknown, not failed."
unknown_no_matching_downloaded_csv_row_and_logs_unavailable,checked-in mi300a_problem_size_discovery_plan plus active-run artifact/log snapshot,Tier 2,naive_attention,benchmark-results-naive-attention,in_progress,,,,,,,,1346,naive_attention,B4_S3072_H12_D64_blk256,"No per-row failure/timeout/crash conclusion is available because the run is still active and GitHub logs are unavailable; this row is unknown, not failed."
unknown_no_matching_downloaded_csv_row_and_logs_unavailable,checked-in mi300a_problem_size_discovery_plan plus active-run artifact/log snapshot,Tier 2,naive_attention,benchmark-results-naive-attention,in_progress,,,,,,,,1347,naive_attention,B4_S4096_H12_D64_blk256,"No per-row failure/timeout/crash conclusion is available because the run is still active and GitHub logs are unavailable; this row is unknown, not failed."
unknown_no_matching_downloaded_csv_row_and_logs_unavailable,checked-in mi300a_problem_size_discovery_plan plus active-run artifact/log snapshot,Tier 2,tiled_gemm_16,benchmark-results-tiled-gemm-16,in_progress,,,,,,,,1348,tiled_gemm_16,M1_N768_K768_tile16,"No per-row failure/timeout/crash conclusion is available because the run is still active and GitHub logs are unavailable; this row is unknown, not failed."
unknown_no_matching_downloaded_csv_row_and_logs_unavailable,checked-in mi300a_problem_size_discovery_plan plus active-run artifact/log snapshot,Tier 2,tiled_gemm_16,benchmark-results-tiled-gemm-16,in_progress,,,,,,,,1349,tiled_gemm_16,M8_N768_K768_tile16,"No per-row failure/timeout/crash conclusion is available because the run is still active and GitHub logs are unavailable; this row is unknown, not failed."
unknown_no_matching_downloaded_csv_row_and_logs_unavailable,checked-in mi300a_problem_size_discovery_plan plus active-run artifact/log snapshot,Tier 2,tiled_gemm_16,benchmark-results-tiled-gemm-16,in_progress,,,,,,,,1350,tiled_gemm_16,M32_N768_K768_tile16,"No per-row failure/timeout/crash conclusion is available because the run is still active and GitHub logs are unavailable; this row is unknown, not failed."
unknown_no_matching_downloaded_csv_row_and_logs_unavailable,checked-in mi300a_problem_size_discovery_plan plus active-run artifact/log snapshot,Tier 2,tiled_gemm_16,benchmark-results-tiled-gemm-16,in_progress,,,,,,,,1351,tiled_gemm_16,M64_N768_K768_tile16,"No per-row failure/timeout/crash conclusion is available because the run is still active and GitHub logs are unavailable; this row is unknown, not failed."
unknown_no_matching_downloaded_csv_row_and_logs_unavailable,checked-in mi300a_problem_size_discovery_plan plus active-run artifact/log snapshot,Tier 2,tiled_gemm_16,benchmark-results-tiled-gemm-16,in_progress,,,,,,,,1352,tiled_gemm_16,M128_N768_K768_tile16,"No per-row failure/timeout/crash conclusion is available because the run is still active and GitHub logs are unavailable; this row is unknown, not failed."
unknown_no_matching_downloaded_csv_row_and_logs_unavailable,checked-in mi300a_problem_size_discovery_plan plus active-run artifact/log snapshot,Tier 2,tiled_gemm_16,benchmark-results-tiled-gemm-16,in_progress,,,,,,,,1353,tiled_gemm_16,M256_N768_K768_tile16,"No per-row failure/timeout/crash conclusion is available because the run is still active and GitHub logs are unavailable; this row is unknown, not failed."
unknown_no_matching_downloaded_csv_row_and_logs_unavailable,checked-in mi300a_problem_size_discovery_plan plus active-run artifact/log snapshot,Tier 2,tiled_gemm_16,benchmark-results-tiled-gemm-16,in_progress,,,,,,,,1354,tiled_gemm_16,M512_N768_K768_tile16,"No per-row failure/timeout/crash conclusion is available because the run is still active and GitHub logs are unavailable; this row is unknown, not failed."
unknown_no_matching_downloaded_csv_row_and_logs_unavailable,checked-in mi300a_problem_size_discovery_plan plus active-run artifact/log snapshot,Tier 2,tiled_gemm_16,benchmark-results-tiled-gemm-16,in_progress,,,,,,,,1355,tiled_gemm_16,M1024_N768_K768_tile16,"No per-row failure/timeout/crash conclusion is available because the run is still active and GitHub logs are unavailable; this row is unknown, not failed."
unknown_no_matching_downloaded_csv_row_and_logs_unavailable,checked-in mi300a_problem_size_discovery_plan plus active-run artifact/log snapshot,Tier 2,tiled_gemm_16,benchmark-results-tiled-gemm-16,in_progress,,,,,,,,1356,tiled_gemm_16,M2048_N768_K768_tile16,"No per-row failure/timeout/crash conclusion is available because the run is still active and GitHub logs are unavailable; this row is unknown, not failed."
unknown_no_matching_downloaded_csv_row_and_logs_unavailable,checked-in mi300a_problem_size_discovery_plan plus active-run artifact/log snapshot,Tier 2,tiled_gemm_16,benchmark-results-tiled-gemm-16,in_progress,,,,,,,,1357,tiled_gemm_16,M4096_N768_K768_tile16,"No per-row failure/timeout/crash conclusion is available because the run is still active and GitHub logs are unavailable; this row is unknown, not failed."
unknown_no_matching_downloaded_csv_row_and_logs_unavailable,checked-in mi300a_problem_size_discovery_plan plus active-run artifact/log snapshot,Tier 2,tiled_gemm_16,benchmark-results-tiled-gemm-16,in_progress,,,,,,,,1358,tiled_gemm_16,M6144_N768_K768_tile16,"No per-row failure/timeout/crash conclusion is available because the run is still active and GitHub logs are unavailable; this row is unknown, not failed."
unknown_no_matching_downloaded_csv_row_and_logs_unavailable,checked-in mi300a_problem_size_discovery_plan plus active-run artifact/log snapshot,Tier 2,tiled_gemm_16,benchmark-results-tiled-gemm-16,in_progress,,,,,,,,1359,tiled_gemm_16,M8192_N768_K768_tile16,"No per-row failure/timeout/crash conclusion is available because the run is still active and GitHub logs are unavailable; this row is unknown, not failed."
unknown_no_matching_downloaded_csv_row_and_logs_unavailable,checked-in mi300a_problem_size_discovery_plan plus active-run artifact/log snapshot,Tier 2,tiled_gemm_16,benchmark-results-tiled-gemm-16,in_progress,,,,,,,,1360,tiled_gemm_16,M10240_N768_K768_tile16,"No per-row failure/timeout/crash conclusion is available because the run is still active and GitHub logs are unavailable; this row is unknown, not failed."
unknown_no_matching_downloaded_csv_row_and_logs_unavailable,checked-in mi300a_problem_size_discovery_plan plus active-run artifact/log snapshot,Tier 2,tiled_gemm_16,benchmark-results-tiled-gemm-16,in_progress,,,,,,,,1361,tiled_gemm_16,M12288_N768_K768_tile16,"No per-row failure/timeout/crash conclusion is available because the run is still active and GitHub logs are unavailable; this row is unknown, not failed."
unknown_no_matching_downloaded_csv_row_and_logs_unavailable,checked-in mi300a_problem_size_discovery_plan plus active-run artifact/log snapshot,Tier 2,tiled_gemm_16,benchmark-results-tiled-gemm-16,in_progress,,,,,,,,1362,tiled_gemm_16,M16384_N768_K768_tile16,"No per-row failure/timeout/crash conclusion is available because the run is still active and GitHub logs are unavailable; this row is unknown, not failed."
unknown_no_matching_downloaded_csv_row_and_logs_unavailable,checked-in mi300a_problem_size_discovery_plan plus active-run artifact/log snapshot,Tier 2,tiled_gemm_16,benchmark-results-tiled-gemm-16,in_progress,,,,,,,,1363,tiled_gemm_16,M20480_N768_K768_tile16,"No per-row failure/timeout/crash conclusion is available because the run is still active and GitHub logs are unavailable; this row is unknown, not failed."
unknown_no_matching_downloaded_csv_row_and_logs_unavailable,checked-in mi300a_problem_size_discovery_plan plus active-run artifact/log snapshot,Tier 2,tiled_gemm_16,benchmark-results-tiled-gemm-16,in_progress,,,,,,,,1364,tiled_gemm_16,M24576_N768_K768_tile16,"No per-row failure/timeout/crash conclusion is available because the run is still active and GitHub logs are unavailable; this row is unknown, not failed."
unknown_no_matching_downloaded_csv_row_and_logs_unavailable,checked-in mi300a_problem_size_discovery_plan plus active-run artifact/log snapshot,Tier 2,tiled_gemm_16,benchmark-results-tiled-gemm-16,in_progress,,,,,,,,1365,tiled_gemm_16,M32768_N768_K768_tile16,"No per-row failure/timeout/crash conclusion is available because the run is still active and GitHub logs are unavailable; this row is unknown, not failed."
unknown_no_matching_downloaded_csv_row_and_logs_unavailable,checked-in mi300a_problem_size_discovery_plan plus active-run artifact/log snapshot,Tier 2,sssp,benchmark-results-sssp,completed,success,,,,,,,1366,sssp,1024,"No per-row failure/timeout/crash conclusion is available because the run is still active and GitHub logs are unavailable; this row is unknown, not failed."
unknown_no_matching_downloaded_csv_row_and_logs_unavailable,checked-in mi300a_problem_size_discovery_plan plus active-run artifact/log snapshot,Tier 2,sssp,benchmark-results-sssp,completed,success,,,,,,,1367,sssp,2048,"No per-row failure/timeout/crash conclusion is available because the run is still active and GitHub logs are unavailable; this row is unknown, not failed."
unknown_no_matching_downloaded_csv_row_and_logs_unavailable,checked-in mi300a_problem_size_discovery_plan plus active-run artifact/log snapshot,Tier 2,sssp,benchmark-results-sssp,completed,success,,,,,,,1368,sssp,4096,"No per-row failure/timeout/crash conclusion is available because the run is still active and GitHub logs are unavailable; this row is unknown, not failed."
unknown_no_matching_downloaded_csv_row_and_logs_unavailable,checked-in mi300a_problem_size_discovery_plan plus active-run artifact/log snapshot,Tier 2,sssp,benchmark-results-sssp,completed,success,,,,,,,1369,sssp,8192,"No per-row failure/timeout/crash conclusion is available because the run is still active and GitHub logs are unavailable; this row is unknown, not failed."
unknown_no_matching_downloaded_csv_row_and_logs_unavailable,checked-in mi300a_problem_size_discovery_plan plus active-run artifact/log snapshot,Tier 2,sssp,benchmark-results-sssp,completed,success,,,,,,,1370,sssp,16384,"No per-row failure/timeout/crash conclusion is available because the run is still active and GitHub logs are unavailable; this row is unknown, not failed."
unknown_no_matching_downloaded_csv_row_and_logs_unavailable,checked-in mi300a_problem_size_discovery_plan plus active-run artifact/log snapshot,Tier 2,sssp,benchmark-results-sssp,completed,success,,,,,,,1371,sssp,32768,"No per-row failure/timeout/crash conclusion is available because the run is still active and GitHub logs are unavailable; this row is unknown, not failed."
unknown_no_matching_downloaded_csv_row_and_logs_unavailable,checked-in mi300a_problem_size_discovery_plan plus active-run artifact/log snapshot,Tier 2,sssp,benchmark-results-sssp,completed,success,,,,,,,1372,sssp,65536,"No per-row failure/timeout/crash conclusion is available because the run is still active and GitHub logs are unavailable; this row is unknown, not failed."
unknown_no_matching_downloaded_csv_row_and_logs_unavailable,checked-in mi300a_problem_size_discovery_plan plus active-run artifact/log snapshot,Tier 2,sssp,benchmark-results-sssp,completed,success,,,,,,,1373,sssp,131072,"No per-row failure/timeout/crash conclusion is available because the run is still active and GitHub logs are unavailable; this row is unknown, not failed."
unknown_no_matching_downloaded_csv_row_and_logs_unavailable,checked-in mi300a_problem_size_discovery_plan plus active-run artifact/log snapshot,Tier 2,sssp,benchmark-results-sssp,completed,success,,,,,,,1374,sssp,196608,"No per-row failure/timeout/crash conclusion is available because the run is still active and GitHub logs are unavailable; this row is unknown, not failed."
unknown_no_matching_downloaded_csv_row_and_logs_unavailable,checked-in mi300a_problem_size_discovery_plan plus active-run artifact/log snapshot,Tier 2,sssp,benchmark-results-sssp,completed,success,,,,,,,1375,sssp,262144,"No per-row failure/timeout/crash conclusion is available because the run is still active and GitHub logs are unavailable; this row is unknown, not failed."
unknown_no_matching_downloaded_csv_row_and_logs_unavailable,checked-in mi300a_problem_size_discovery_plan plus active-run artifact/log snapshot,Tier 2,sssp,benchmark-results-sssp,completed,success,,,,,,,1376,sssp,524288,"No per-row failure/timeout/crash conclusion is available because the run is still active and GitHub logs are unavailable; this row is unknown, not failed."
unknown_no_matching_downloaded_csv_row_and_logs_unavailable,checked-in mi300a_problem_size_discovery_plan plus active-run artifact/log snapshot,Tier 2,sssp,benchmark-results-sssp,completed,success,,,,,,,1377,sssp,786432,"No per-row failure/timeout/crash conclusion is available because the run is still active and GitHub logs are unavailable; this row is unknown, not failed."
unknown_no_matching_downloaded_csv_row_and_logs_unavailable,checked-in mi300a_problem_size_discovery_plan plus active-run artifact/log snapshot,Tier 2,sssp,benchmark-results-sssp,completed,success,,,,,,,1378,sssp,1048576,"No per-row failure/timeout/crash conclusion is available because the run is still active and GitHub logs are unavailable; this row is unknown, not failed."
unknown_no_matching_downloaded_csv_row_and_logs_unavailable,checked-in mi300a_problem_size_discovery_plan plus active-run artifact/log snapshot,Tier 2,sssp,benchmark-results-sssp,completed,success,,,,,,,1379,sssp,1572864,"No per-row failure/timeout/crash conclusion is available because the run is still active and GitHub logs are unavailable; this row is unknown, not failed."
unknown_no_matching_downloaded_csv_row_and_logs_unavailable,checked-in mi300a_problem_size_discovery_plan plus active-run artifact/log snapshot,Tier 2,sssp,benchmark-results-sssp,completed,success,,,,,,,1380,sssp,2097152,"No per-row failure/timeout/crash conclusion is available because the run is still active and GitHub logs are unavailable; this row is unknown, not failed."
unknown_no_matching_downloaded_csv_row_and_logs_unavailable,checked-in mi300a_problem_size_discovery_plan plus active-run artifact/log snapshot,Tier 2,sssp,benchmark-results-sssp,completed,success,,,,,,,1381,sssp,2621440,"No per-row failure/timeout/crash conclusion is available because the run is still active and GitHub logs are unavailable; this row is unknown, not failed."
unknown_no_matching_downloaded_csv_row_and_logs_unavailable,checked-in mi300a_problem_size_discovery_plan plus active-run artifact/log snapshot,Tier 2,sssp,benchmark-results-sssp,completed,success,,,,,,,1382,sssp,3145728,"No per-row failure/timeout/crash conclusion is available because the run is still active and GitHub logs are unavailable; this row is unknown, not failed."
unknown_no_matching_downloaded_csv_row_and_logs_unavailable,checked-in mi300a_problem_size_discovery_plan plus active-run artifact/log snapshot,Tier 2,sssp,benchmark-results-sssp,completed,success,,,,,,,1383,sssp,4194304,"No per-row failure/timeout/crash conclusion is available because the run is still active and GitHub logs are unavailable; this row is unknown, not failed."
unknown_no_matching_downloaded_csv_row_and_logs_unavailable,checked-in mi300a_problem_size_discovery_plan plus active-run artifact/log snapshot,Tier 2,bh,benchmark-results-bh,in_progress,,,,,,,,1384,bh,256,"No per-row failure/timeout/crash conclusion is available because the run is still active and GitHub logs are unavailable; this row is unknown, not failed."
unknown_no_matching_downloaded_csv_row_and_logs_unavailable,checked-in mi300a_problem_size_discovery_plan plus active-run artifact/log snapshot,Tier 2,bh,benchmark-results-bh,in_progress,,,,,,,,1385,bh,512,"No per-row failure/timeout/crash conclusion is available because the run is still active and GitHub logs are unavailable; this row is unknown, not failed."
unknown_no_matching_downloaded_csv_row_and_logs_unavailable,checked-in mi300a_problem_size_discovery_plan plus active-run artifact/log snapshot,Tier 2,bh,benchmark-results-bh,in_progress,,,,,,,,1386,bh,1024,"No per-row failure/timeout/crash conclusion is available because the run is still active and GitHub logs are unavailable; this row is unknown, not failed."
unknown_no_matching_downloaded_csv_row_and_logs_unavailable,checked-in mi300a_problem_size_discovery_plan plus active-run artifact/log snapshot,Tier 2,bh,benchmark-results-bh,in_progress,,,,,,,,1387,bh,2048,"No per-row failure/timeout/crash conclusion is available because the run is still active and GitHub logs are unavailable; this row is unknown, not failed."
unknown_no_matching_downloaded_csv_row_and_logs_unavailable,checked-in mi300a_problem_size_discovery_plan plus active-run artifact/log snapshot,Tier 2,bh,benchmark-results-bh,in_progress,,,,,,,,1388,bh,4096,"No per-row failure/timeout/crash conclusion is available because the run is still active and GitHub logs are unavailable; this row is unknown, not failed."
unknown_no_matching_downloaded_csv_row_and_logs_unavailable,checked-in mi300a_problem_size_discovery_plan plus active-run artifact/log snapshot,Tier 2,bh,benchmark-results-bh,in_progress,,,,,,,,1389,bh,8192,"No per-row failure/timeout/crash conclusion is available because the run is still active and GitHub logs are unavailable; this row is unknown, not failed."
unknown_no_matching_downloaded_csv_row_and_logs_unavailable,checked-in mi300a_problem_size_discovery_plan plus active-run artifact/log snapshot,Tier 2,bh,benchmark-results-bh,in_progress,,,,,,,,1390,bh,16384,"No per-row failure/timeout/crash conclusion is available because the run is still active and GitHub logs are unavailable; this row is unknown, not failed."
unknown_no_matching_downloaded_csv_row_and_logs_unavailable,checked-in mi300a_problem_size_discovery_plan plus active-run artifact/log snapshot,Tier 2,bh,benchmark-results-bh,in_progress,,,,,,,,1391,bh,32768,"No per-row failure/timeout/crash conclusion is available because the run is still active and GitHub logs are unavailable; this row is unknown, not failed."
unknown_no_matching_downloaded_csv_row_and_logs_unavailable,checked-in mi300a_problem_size_discovery_plan plus active-run artifact/log snapshot,Tier 2,bh,benchmark-results-bh,in_progress,,,,,,,,1392,bh,65536,"No per-row failure/timeout/crash conclusion is available because the run is still active and GitHub logs are unavailable; this row is unknown, not failed."
unknown_no_matching_downloaded_csv_row_and_logs_unavailable,checked-in mi300a_problem_size_discovery_plan plus active-run artifact/log snapshot,Tier 2,bh,benchmark-results-bh,in_progress,,,,,,,,1393,bh,131072,"No per-row failure/timeout/crash conclusion is available because the run is still active and GitHub logs are unavailable; this row is unknown, not failed."
unknown_no_matching_downloaded_csv_row_and_logs_unavailable,checked-in mi300a_problem_size_discovery_plan plus active-run artifact/log snapshot,Tier 2,bh,benchmark-results-bh,in_progress,,,,,,,,1394,bh,196608,"No per-row failure/timeout/crash conclusion is available because the run is still active and GitHub logs are unavailable; this row is unknown, not failed."
unknown_no_matching_downloaded_csv_row_and_logs_unavailable,checked-in mi300a_problem_size_discovery_plan plus active-run artifact/log snapshot,Tier 2,bh,benchmark-results-bh,in_progress,,,,,,,,1395,bh,262144,"No per-row failure/timeout/crash conclusion is available because the run is still active and GitHub logs are unavailable; this row is unknown, not failed."
unknown_no_matching_downloaded_csv_row_and_logs_unavailable,checked-in mi300a_problem_size_discovery_plan plus active-run artifact/log snapshot,Tier 2,bh,benchmark-results-bh,in_progress,,,,,,,,1396,bh,393216,"No per-row failure/timeout/crash conclusion is available because the run is still active and GitHub logs are unavailable; this row is unknown, not failed."
unknown_no_matching_downloaded_csv_row_and_logs_unavailable,checked-in mi300a_problem_size_discovery_plan plus active-run artifact/log snapshot,Tier 2,bh,benchmark-results-bh,in_progress,,,,,,,,1397,bh,524288,"No per-row failure/timeout/crash conclusion is available because the run is still active and GitHub logs are unavailable; this row is unknown, not failed."
unknown_no_matching_downloaded_csv_row_and_logs_unavailable,checked-in mi300a_problem_size_discovery_plan plus active-run artifact/log snapshot,Tier 2,bh,benchmark-results-bh,in_progress,,,,,,,,1398,bh,786432,"No per-row failure/timeout/crash conclusion is available because the run is still active and GitHub logs are unavailable; this row is unknown, not failed."
unknown_no_matching_downloaded_csv_row_and_logs_unavailable,checked-in mi300a_problem_size_discovery_plan plus active-run artifact/log snapshot,Tier 2,bh,benchmark-results-bh,in_progress,,,,,,,,1399,bh,1048576,"No per-row failure/timeout/crash conclusion is available because the run is still active and GitHub logs are unavailable; this row is unknown, not failed."
unknown_no_matching_downloaded_csv_row_and_logs_unavailable,checked-in mi300a_problem_size_discovery_plan plus active-run artifact/log snapshot,Tier 2,bh,benchmark-results-bh,in_progress,,,,,,,,1400,bh,1572864,"No per-row failure/timeout/crash conclusion is available because the run is still active and GitHub logs are unavailable; this row is unknown, not failed."
unknown_no_matching_downloaded_csv_row_and_logs_unavailable,checked-in mi300a_problem_size_discovery_plan plus active-run artifact/log snapshot,Tier 2,bh,benchmark-results-bh,in_progress,,,,,,,,1401,bh,2097152,"No per-row failure/timeout/crash conclusion is available because the run is still active and GitHub logs are unavailable; this row is unknown, not failed."
unknown_no_matching_downloaded_csv_row_and_logs_unavailable,checked-in mi300a_problem_size_discovery_plan plus active-run artifact/log snapshot,Tier 2,dmr,benchmark-results-dmr,completed,failure,,,,,,,1402,dmr,256,"No per-row failure/timeout/crash conclusion is available because the run is still active and GitHub logs are unavailable; this row is unknown, not failed."
unknown_no_matching_downloaded_csv_row_and_logs_unavailable,checked-in mi300a_problem_size_discovery_plan plus active-run artifact/log snapshot,Tier 2,dmr,benchmark-results-dmr,completed,failure,,,,,,,1403,dmr,512,"No per-row failure/timeout/crash conclusion is available because the run is still active and GitHub logs are unavailable; this row is unknown, not failed."
unknown_no_matching_downloaded_csv_row_and_logs_unavailable,checked-in mi300a_problem_size_discovery_plan plus active-run artifact/log snapshot,Tier 2,dmr,benchmark-results-dmr,completed,failure,,,,,,,1404,dmr,1024,"No per-row failure/timeout/crash conclusion is available because the run is still active and GitHub logs are unavailable; this row is unknown, not failed."
unknown_no_matching_downloaded_csv_row_and_logs_unavailable,checked-in mi300a_problem_size_discovery_plan plus active-run artifact/log snapshot,Tier 2,dmr,benchmark-results-dmr,completed,failure,,,,,,,1405,dmr,2048,"No per-row failure/timeout/crash conclusion is available because the run is still active and GitHub logs are unavailable; this row is unknown, not failed."
unknown_no_matching_downloaded_csv_row_and_logs_unavailable,checked-in mi300a_problem_size_discovery_plan plus active-run artifact/log snapshot,Tier 2,dmr,benchmark-results-dmr,completed,failure,,,,,,,1406,dmr,4096,"No per-row failure/timeout/crash conclusion is available because the run is still active and GitHub logs are unavailable; this row is unknown, not failed."
unknown_no_matching_downloaded_csv_row_and_logs_unavailable,checked-in mi300a_problem_size_discovery_plan plus active-run artifact/log snapshot,Tier 2,dmr,benchmark-results-dmr,completed,failure,,,,,,,1407,dmr,8192,"No per-row failure/timeout/crash conclusion is available because the run is still active and GitHub logs are unavailable; this row is unknown, not failed."
unknown_no_matching_downloaded_csv_row_and_logs_unavailable,checked-in mi300a_problem_size_discovery_plan plus active-run artifact/log snapshot,Tier 2,dmr,benchmark-results-dmr,completed,failure,,,,,,,1408,dmr,16384,"No per-row failure/timeout/crash conclusion is available because the run is still active and GitHub logs are unavailable; this row is unknown, not failed."
unknown_no_matching_downloaded_csv_row_and_logs_unavailable,checked-in mi300a_problem_size_discovery_plan plus active-run artifact/log snapshot,Tier 2,dmr,benchmark-results-dmr,completed,failure,,,,,,,1409,dmr,32768,"No per-row failure/timeout/crash conclusion is available because the run is still active and GitHub logs are unavailable; this row is unknown, not failed."
unknown_no_matching_downloaded_csv_row_and_logs_unavailable,checked-in mi300a_problem_size_discovery_plan plus active-run artifact/log snapshot,Tier 2,dmr,benchmark-results-dmr,completed,failure,,,,,,,1410,dmr,65536,"No per-row failure/timeout/crash conclusion is available because the run is still active and GitHub logs are unavailable; this row is unknown, not failed."
unknown_no_matching_downloaded_csv_row_and_logs_unavailable,checked-in mi300a_problem_size_discovery_plan plus active-run artifact/log snapshot,Tier 2,dmr,benchmark-results-dmr,completed,failure,,,,,,,1411,dmr,131072,"No per-row failure/timeout/crash conclusion is available because the run is still active and GitHub logs are unavailable; this row is unknown, not failed."
unknown_no_matching_downloaded_csv_row_and_logs_unavailable,checked-in mi300a_problem_size_discovery_plan plus active-run artifact/log snapshot,Tier 2,dmr,benchmark-results-dmr,completed,failure,,,,,,,1412,dmr,196608,"No per-row failure/timeout/crash conclusion is available because the run is still active and GitHub logs are unavailable; this row is unknown, not failed."
unknown_no_matching_downloaded_csv_row_and_logs_unavailable,checked-in mi300a_problem_size_discovery_plan plus active-run artifact/log snapshot,Tier 2,dmr,benchmark-results-dmr,completed,failure,,,,,,,1413,dmr,262144,"No per-row failure/timeout/crash conclusion is available because the run is still active and GitHub logs are unavailable; this row is unknown, not failed."
unknown_no_matching_downloaded_csv_row_and_logs_unavailable,checked-in mi300a_problem_size_discovery_plan plus active-run artifact/log snapshot,Tier 2,dmr,benchmark-results-dmr,completed,failure,,,,,,,1414,dmr,393216,"No per-row failure/timeout/crash conclusion is available because the run is still active and GitHub logs are unavailable; this row is unknown, not failed."
unknown_no_matching_downloaded_csv_row_and_logs_unavailable,checked-in mi300a_problem_size_discovery_plan plus active-run artifact/log snapshot,Tier 2,dmr,benchmark-results-dmr,completed,failure,,,,,,,1415,dmr,524288,"No per-row failure/timeout/crash conclusion is available because the run is still active and GitHub logs are unavailable; this row is unknown, not failed."
unknown_no_matching_downloaded_csv_row_and_logs_unavailable,checked-in mi300a_problem_size_discovery_plan plus active-run artifact/log snapshot,Tier 2,dmr,benchmark-results-dmr,completed,failure,,,,,,,1416,dmr,786432,"No per-row failure/timeout/crash conclusion is available because the run is still active and GitHub logs are unavailable; this row is unknown, not failed."
