row_observation,evidence_source,tier,workflow_benchmark,regular_artifact_name,job_id,job_status,job_conclusion,workflow_size_label,plan_index,plan_hardware_kernel_name,plan_hardware_problem_size,emitted_csv_kernel_name,emitted_csv_problem_size,emitted_iterations,emitted_avg_ms,emitted_min_ms,emitted_max_ms,log_timestamp,log_event_type,log_source_line,log_message,note
known_finished_from_downloaded_benchmark_results_csv_and_run_log_ok,downloaded artifact benchmark-results-mem-latency-chase/results_mem_latency_chase.csv line 2 plus run log line 10258,Tier 1,mem_latency_chase,benchmark-results-mem-latency-chase,74081853074,completed,failure,256,1,mem_latency_chase,256,mem_latency_chase,256,1,0.005242,0.005242,0.005242,2026-05-03T01:18:41.0602613Z,finished,10258,[OK] mem_latency_chase 256 -> 0.005242 ms,Workflow-size invocation finished within the 3600s timeout and emitted a CSV row; matching method=artifact_csv_exact_kernel_size.
known_finished_from_downloaded_benchmark_results_csv_and_run_log_ok,downloaded artifact benchmark-results-mem-latency-chase/results_mem_latency_chase.csv line 3 plus run log line 10262,Tier 1,mem_latency_chase,benchmark-results-mem-latency-chase,74081853074,completed,failure,512,2,mem_latency_chase,512,mem_latency_chase,512,1,0.005330,0.005330,0.005330,2026-05-03T01:18:43.6297434Z,finished,10262,[OK] mem_latency_chase 512 -> 0.005330 ms,Workflow-size invocation finished within the 3600s timeout and emitted a CSV row; matching method=artifact_csv_exact_kernel_size.
known_finished_from_downloaded_benchmark_results_csv_and_run_log_ok,downloaded artifact benchmark-results-mem-latency-chase/results_mem_latency_chase.csv line 4 plus run log line 10266,Tier 1,mem_latency_chase,benchmark-results-mem-latency-chase,74081853074,completed,failure,1024,3,mem_latency_chase,1024,mem_latency_chase,1024,1,0.005320,0.005320,0.005320,2026-05-03T01:18:49.8159495Z,finished,10266,[OK] mem_latency_chase 1024 -> 0.005320 ms,Workflow-size invocation finished within the 3600s timeout and emitted a CSV row; matching method=artifact_csv_exact_kernel_size.
known_finished_from_downloaded_benchmark_results_csv_and_run_log_ok,downloaded artifact benchmark-results-mem-latency-chase/results_mem_latency_chase.csv line 5 plus run log line 10270,Tier 1,mem_latency_chase,benchmark-results-mem-latency-chase,74081853074,completed,failure,2048,4,mem_latency_chase,2048,mem_latency_chase,2048,1,0.005311,0.005311,0.005311,2026-05-03T01:19:01.1356035Z,finished,10270,[OK] mem_latency_chase 2048 -> 0.005311 ms,Workflow-size invocation finished within the 3600s timeout and emitted a CSV row; matching method=artifact_csv_exact_kernel_size.
known_finished_from_downloaded_benchmark_results_csv_and_run_log_ok,downloaded artifact benchmark-results-mem-latency-chase/results_mem_latency_chase.csv line 6 plus run log line 10274,Tier 1,mem_latency_chase,benchmark-results-mem-latency-chase,74081853074,completed,failure,4096,5,mem_latency_chase,4096,mem_latency_chase,4096,1,0.005327,0.005327,0.005327,2026-05-03T01:19:27.4153610Z,finished,10274,[OK] mem_latency_chase 4096 -> 0.005327 ms,Workflow-size invocation finished within the 3600s timeout and emitted a CSV row; matching method=artifact_csv_exact_kernel_size.
known_finished_from_downloaded_benchmark_results_csv_and_run_log_ok,downloaded artifact benchmark-results-mem-latency-chase/results_mem_latency_chase.csv line 7 plus run log line 10278,Tier 1,mem_latency_chase,benchmark-results-mem-latency-chase,74081853074,completed,failure,8192,6,mem_latency_chase,8192,mem_latency_chase,8192,1,0.005331,0.005331,0.005331,2026-05-03T01:20:23.7760483Z,finished,10278,[OK] mem_latency_chase 8192 -> 0.005331 ms,Workflow-size invocation finished within the 3600s timeout and emitted a CSV row; matching method=artifact_csv_exact_kernel_size.
known_finished_from_downloaded_benchmark_results_csv_and_run_log_ok,downloaded artifact benchmark-results-mem-latency-chase/results_mem_latency_chase.csv line 8 plus run log line 10282,Tier 1,mem_latency_chase,benchmark-results-mem-latency-chase,74081853074,completed,failure,16384,7,mem_latency_chase,16384,mem_latency_chase,16384,1,0.005399,0.005399,0.005399,2026-05-03T01:22:19.8137633Z,finished,10282,[OK] mem_latency_chase 16384 -> 0.005399 ms,Workflow-size invocation finished within the 3600s timeout and emitted a CSV row; matching method=artifact_csv_exact_kernel_size.
known_finished_from_downloaded_benchmark_results_csv_and_run_log_ok,downloaded artifact benchmark-results-mem-latency-chase/results_mem_latency_chase.csv line 9 plus run log line 10286,Tier 1,mem_latency_chase,benchmark-results-mem-latency-chase,74081853074,completed,failure,32768,8,mem_latency_chase,32768,mem_latency_chase,32768,1,0.005466,0.005466,0.005466,2026-05-03T01:26:13.7969605Z,finished,10286,[OK] mem_latency_chase 32768 -> 0.005466 ms,Workflow-size invocation finished within the 3600s timeout and emitted a CSV row; matching method=artifact_csv_exact_kernel_size.
known_finished_from_downloaded_benchmark_results_csv_and_run_log_ok,downloaded artifact benchmark-results-mem-latency-chase/results_mem_latency_chase.csv line 10 plus run log line 10290,Tier 1,mem_latency_chase,benchmark-results-mem-latency-chase,74081853074,completed,failure,65536,9,mem_latency_chase,65536,mem_latency_chase,65536,1,0.005723,0.005723,0.005723,2026-05-03T01:36:39.4783033Z,finished,10290,[OK] mem_latency_chase 65536 -> 0.005723 ms,Workflow-size invocation finished within the 3600s timeout and emitted a CSV row; matching method=artifact_csv_exact_kernel_size.
known_finished_from_downloaded_benchmark_results_csv_and_run_log_ok,downloaded artifact benchmark-results-mem-latency-chase/results_mem_latency_chase.csv line 11 plus run log line 10294,Tier 1,mem_latency_chase,benchmark-results-mem-latency-chase,74081853074,completed,failure,131072,10,mem_latency_chase,131072,mem_latency_chase,131072,1,0.007932,0.007932,0.007932,2026-05-03T02:35:34.3288949Z,finished,10294,[OK] mem_latency_chase 131072 -> 0.007932 ms,Workflow-size invocation finished within the 3600s timeout and emitted a CSV row; matching method=artifact_csv_exact_kernel_size.
known_timed_out_3600s_from_run_log,run log line 10298,Tier 1,mem_latency_chase,benchmark-results-mem-latency-chase,74081853074,completed,failure,262144,11,mem_latency_chase,262144,,,,,,,2026-05-03T03:35:34.3884806Z,timed_out_3600s,10298,##[warning]TIMEOUT: mem_latency_chase 262144 (>3600s),Workflow-size invocation failed before a usable CSV row for this plan entry; later entries in this benchmark job stop after first timeout/crash because the workflow loop breaks.
unknown_not_attempted_after_prior_failure_or_no_matching_artifact_log_evidence,downloaded artifacts plus complete run log had no matching CSV/OK/TIMEOUT/CRASH event for this plan entry,Tier 1,mem_latency_chase,benchmark-results-mem-latency-chase,74081853074,completed,failure,524288,12,mem_latency_chase,524288,,,,,,,,unknown,,,No row-level terminal evidence for this plan entry in current run artifacts/logs; for failed jobs this generally means the workflow loop did not attempt later sizes after the first failure.
unknown_not_attempted_after_prior_failure_or_no_matching_artifact_log_evidence,downloaded artifacts plus complete run log had no matching CSV/OK/TIMEOUT/CRASH event for this plan entry,Tier 1,mem_latency_chase,benchmark-results-mem-latency-chase,74081853074,completed,failure,1048576,13,mem_latency_chase,1048576,,,,,,,,unknown,,,No row-level terminal evidence for this plan entry in current run artifacts/logs; for failed jobs this generally means the workflow loop did not attempt later sizes after the first failure.
unknown_not_attempted_after_prior_failure_or_no_matching_artifact_log_evidence,downloaded artifacts plus complete run log had no matching CSV/OK/TIMEOUT/CRASH event for this plan entry,Tier 1,mem_latency_chase,benchmark-results-mem-latency-chase,74081853074,completed,failure,2097152,14,mem_latency_chase,2097152,,,,,,,,unknown,,,No row-level terminal evidence for this plan entry in current run artifacts/logs; for failed jobs this generally means the workflow loop did not attempt later sizes after the first failure.
unknown_not_attempted_after_prior_failure_or_no_matching_artifact_log_evidence,downloaded artifacts plus complete run log had no matching CSV/OK/TIMEOUT/CRASH event for this plan entry,Tier 1,mem_latency_chase,benchmark-results-mem-latency-chase,74081853074,completed,failure,4194304,15,mem_latency_chase,4194304,,,,,,,,unknown,,,No row-level terminal evidence for this plan entry in current run artifacts/logs; for failed jobs this generally means the workflow loop did not attempt later sizes after the first failure.
unknown_not_attempted_after_prior_failure_or_no_matching_artifact_log_evidence,downloaded artifacts plus complete run log had no matching CSV/OK/TIMEOUT/CRASH event for this plan entry,Tier 1,mem_latency_chase,benchmark-results-mem-latency-chase,74081853074,completed,failure,8388608,16,mem_latency_chase,8388608,,,,,,,,unknown,,,No row-level terminal evidence for this plan entry in current run artifacts/logs; for failed jobs this generally means the workflow loop did not attempt later sizes after the first failure.
known_finished_from_downloaded_benchmark_results_csv_and_run_log_ok,downloaded artifact benchmark-results-l1-cache-bw/results_l1_cache_bw.csv line 2 plus run log line 5370,Tier 1,l1_cache_bw,benchmark-results-l1-cache-bw,74081853065,completed,success,1024,17,l1_cache_bw,1024,l1_cache_bw,1024,1,0.008117,0.008117,0.008117,2026-05-03T01:18:45.1812522Z,finished,5370,[OK] l1_cache_bw 1024 -> 0.008117 ms,Workflow-size invocation finished within the 3600s timeout and emitted a CSV row; matching method=artifact_csv_exact_kernel_size.
known_finished_from_downloaded_benchmark_results_csv_and_run_log_ok,downloaded artifact benchmark-results-l1-cache-bw/results_l1_cache_bw.csv line 3 plus run log line 5374,Tier 1,l1_cache_bw,benchmark-results-l1-cache-bw,74081853065,completed,success,2048,18,l1_cache_bw,2048,l1_cache_bw,2048,1,0.008116,0.008116,0.008116,2026-05-03T01:18:56.3326560Z,finished,5374,[OK] l1_cache_bw 2048 -> 0.008116 ms,Workflow-size invocation finished within the 3600s timeout and emitted a CSV row; matching method=artifact_csv_exact_kernel_size.
known_finished_from_downloaded_benchmark_results_csv_and_run_log_ok,downloaded artifact benchmark-results-l1-cache-bw/results_l1_cache_bw.csv line 4 plus run log line 5378,Tier 1,l1_cache_bw,benchmark-results-l1-cache-bw,74081853065,completed,success,3072,19,l1_cache_bw,3072,l1_cache_bw,3072,1,0.008120,0.008120,0.008120,2026-05-03T01:19:13.4981769Z,finished,5378,[OK] l1_cache_bw 3072 -> 0.008120 ms,Workflow-size invocation finished within the 3600s timeout and emitted a CSV row; matching method=artifact_csv_exact_kernel_size.
known_finished_from_downloaded_benchmark_results_csv_and_run_log_ok,downloaded artifact benchmark-results-l1-cache-bw/results_l1_cache_bw.csv line 5 plus run log line 5382,Tier 1,l1_cache_bw,benchmark-results-l1-cache-bw,74081853065,completed,success,4096,20,l1_cache_bw,4096,l1_cache_bw,4096,1,0.008119,0.008119,0.008119,2026-05-03T01:19:37.2319274Z,finished,5382,[OK] l1_cache_bw 4096 -> 0.008119 ms,Workflow-size invocation finished within the 3600s timeout and emitted a CSV row; matching method=artifact_csv_exact_kernel_size.
known_finished_from_downloaded_benchmark_results_csv_and_run_log_ok,downloaded artifact benchmark-results-l1-cache-bw/results_l1_cache_bw.csv line 6 plus run log line 5386,Tier 1,l1_cache_bw,benchmark-results-l1-cache-bw,74081853065,completed,success,6144,21,l1_cache_bw,6144,l1_cache_bw,6144,1,0.008121,0.008121,0.008121,2026-05-03T01:20:15.1026568Z,finished,5386,[OK] l1_cache_bw 6144 -> 0.008121 ms,Workflow-size invocation finished within the 3600s timeout and emitted a CSV row; matching method=artifact_csv_exact_kernel_size.
known_finished_from_downloaded_benchmark_results_csv_and_run_log_ok,downloaded artifact benchmark-results-l1-cache-bw/results_l1_cache_bw.csv line 7 plus run log line 5390,Tier 1,l1_cache_bw,benchmark-results-l1-cache-bw,74081853065,completed,success,8192,22,l1_cache_bw,8192,l1_cache_bw,8192,1,0.008123,0.008123,0.008123,2026-05-03T01:21:09.9303287Z,finished,5390,[OK] l1_cache_bw 8192 -> 0.008123 ms,Workflow-size invocation finished within the 3600s timeout and emitted a CSV row; matching method=artifact_csv_exact_kernel_size.
known_finished_from_downloaded_benchmark_results_csv_and_run_log_ok,downloaded artifact benchmark-results-l1-cache-bw/results_l1_cache_bw.csv line 8 plus run log line 5394,Tier 1,l1_cache_bw,benchmark-results-l1-cache-bw,74081853065,completed,success,10240,23,l1_cache_bw,10240,l1_cache_bw,10240,1,0.008127,0.008127,0.008127,2026-05-03T01:22:20.6618776Z,finished,5394,[OK] l1_cache_bw 10240 -> 0.008127 ms,Workflow-size invocation finished within the 3600s timeout and emitted a CSV row; matching method=artifact_csv_exact_kernel_size.
known_finished_from_downloaded_benchmark_results_csv_and_run_log_ok,downloaded artifact benchmark-results-l1-cache-bw/results_l1_cache_bw.csv line 9 plus run log line 5398,Tier 1,l1_cache_bw,benchmark-results-l1-cache-bw,74081853065,completed,success,12288,24,l1_cache_bw,12288,l1_cache_bw,12288,1,0.008128,0.008128,0.008128,2026-05-03T01:23:44.2078509Z,finished,5398,[OK] l1_cache_bw 12288 -> 0.008128 ms,Workflow-size invocation finished within the 3600s timeout and emitted a CSV row; matching method=artifact_csv_exact_kernel_size.
known_finished_from_downloaded_benchmark_results_csv_and_run_log_ok,downloaded artifact benchmark-results-l1-cache-bw/results_l1_cache_bw.csv line 10 plus run log line 5402,Tier 1,l1_cache_bw,benchmark-results-l1-cache-bw,74081853065,completed,success,14336,25,l1_cache_bw,14336,l1_cache_bw,14336,1,0.008129,0.008129,0.008129,2026-05-03T01:25:24.0662570Z,finished,5402,[OK] l1_cache_bw 14336 -> 0.008129 ms,Workflow-size invocation finished within the 3600s timeout and emitted a CSV row; matching method=artifact_csv_exact_kernel_size.
known_finished_from_downloaded_benchmark_results_csv_and_run_log_ok,downloaded artifact benchmark-results-l1-cache-bw/results_l1_cache_bw.csv line 11 plus run log line 5406,Tier 1,l1_cache_bw,benchmark-results-l1-cache-bw,74081853065,completed,success,16384,26,l1_cache_bw,16384,l1_cache_bw,16384,1,0.008132,0.008132,0.008132,2026-05-03T01:27:20.8908666Z,finished,5406,[OK] l1_cache_bw 16384 -> 0.008132 ms,Workflow-size invocation finished within the 3600s timeout and emitted a CSV row; matching method=artifact_csv_exact_kernel_size.
known_finished_from_downloaded_benchmark_results_csv_and_run_log_ok,downloaded artifact benchmark-results-l1-cache-bw/results_l1_cache_bw.csv line 12 plus run log line 5410,Tier 1,l1_cache_bw,benchmark-results-l1-cache-bw,74081853065,completed,success,20480,27,l1_cache_bw,20480,l1_cache_bw,20480,1,0.008220,0.008220,0.008220,2026-05-03T01:29:48.6491753Z,finished,5410,[OK] l1_cache_bw 20480 -> 0.008220 ms,Workflow-size invocation finished within the 3600s timeout and emitted a CSV row; matching method=artifact_csv_exact_kernel_size.
known_finished_from_downloaded_benchmark_results_csv_and_run_log_ok,downloaded artifact benchmark-results-l1-cache-bw/results_l1_cache_bw.csv line 13 plus run log line 5414,Tier 1,l1_cache_bw,benchmark-results-l1-cache-bw,74081853065,completed,success,24576,28,l1_cache_bw,24576,l1_cache_bw,24576,1,0.008225,0.008225,0.008225,2026-05-03T01:32:49.2533615Z,finished,5414,[OK] l1_cache_bw 24576 -> 0.008225 ms,Workflow-size invocation finished within the 3600s timeout and emitted a CSV row; matching method=artifact_csv_exact_kernel_size.
known_finished_from_downloaded_benchmark_results_csv_and_run_log_ok,downloaded artifact benchmark-results-l1-cache-bw/results_l1_cache_bw.csv line 14 plus run log line 5418,Tier 1,l1_cache_bw,benchmark-results-l1-cache-bw,74081853065,completed,success,28672,29,l1_cache_bw,28672,l1_cache_bw,28672,1,0.008229,0.008229,0.008229,2026-05-03T01:36:20.5057233Z,finished,5418,[OK] l1_cache_bw 28672 -> 0.008229 ms,Workflow-size invocation finished within the 3600s timeout and emitted a CSV row; matching method=artifact_csv_exact_kernel_size.
known_finished_from_downloaded_benchmark_results_csv_and_run_log_ok,downloaded artifact benchmark-results-l1-cache-bw/results_l1_cache_bw.csv line 15 plus run log line 5422,Tier 1,l1_cache_bw,benchmark-results-l1-cache-bw,74081853065,completed,success,32768,30,l1_cache_bw,32768,l1_cache_bw,32768,1,0.008233,0.008233,0.008233,2026-05-03T01:40:22.5939323Z,finished,5422,[OK] l1_cache_bw 32768 -> 0.008233 ms,Workflow-size invocation finished within the 3600s timeout and emitted a CSV row; matching method=artifact_csv_exact_kernel_size.
known_finished_from_downloaded_benchmark_results_csv_and_run_log_ok,downloaded artifact benchmark-results-l1-cache-bw/results_l1_cache_bw.csv line 16 plus run log line 5426,Tier 1,l1_cache_bw,benchmark-results-l1-cache-bw,74081853065,completed,success,49152,31,l1_cache_bw,49152,l1_cache_bw,49152,1,0.008335,0.008335,0.008335,2026-05-03T01:46:40.3868278Z,finished,5426,[OK] l1_cache_bw 49152 -> 0.008335 ms,Workflow-size invocation finished within the 3600s timeout and emitted a CSV row; matching method=artifact_csv_exact_kernel_size.
known_finished_from_downloaded_benchmark_results_csv_and_run_log_ok,downloaded artifact benchmark-results-l1-cache-bw/results_l1_cache_bw.csv line 17 plus run log line 5430,Tier 1,l1_cache_bw,benchmark-results-l1-cache-bw,74081853065,completed,success,65536,32,l1_cache_bw,65536,l1_cache_bw,65536,1,0.008558,0.008558,0.008558,2026-05-03T01:56:42.2488584Z,finished,5430,[OK] l1_cache_bw 65536 -> 0.008558 ms,Workflow-size invocation finished within the 3600s timeout and emitted a CSV row; matching method=artifact_csv_exact_kernel_size.
known_finished_from_downloaded_benchmark_results_csv_and_run_log_ok,downloaded artifact benchmark-results-l2-cache-bw/results_l2_cache_bw.csv line 2 plus run log line 11954,Tier 1,l2_cache_bw,benchmark-results-l2-cache-bw,74081853077,completed,failure,32768,33,l2_cache_bw,32768,l2_cache_bw,32768,1,0.011168,0.011168,0.011168,2026-05-03T01:20:04.8889092Z,finished,11954,[OK] l2_cache_bw 32768 -> 0.011168 ms,Workflow-size invocation finished within the 3600s timeout and emitted a CSV row; matching method=artifact_csv_exact_kernel_size.
known_finished_from_downloaded_benchmark_results_csv_and_run_log_ok,downloaded artifact benchmark-results-l2-cache-bw/results_l2_cache_bw.csv line 3 plus run log line 11958,Tier 1,l2_cache_bw,benchmark-results-l2-cache-bw,74081853077,completed,failure,65536,34,l2_cache_bw,65536,l2_cache_bw,65536,1,0.010574,0.010574,0.010574,2026-05-03T01:23:22.0290083Z,finished,11958,[OK] l2_cache_bw 65536 -> 0.010574 ms,Workflow-size invocation finished within the 3600s timeout and emitted a CSV row; matching method=artifact_csv_exact_kernel_size.
known_finished_from_downloaded_benchmark_results_csv_and_run_log_ok,downloaded artifact benchmark-results-l2-cache-bw/results_l2_cache_bw.csv line 4 plus run log line 11962,Tier 1,l2_cache_bw,benchmark-results-l2-cache-bw,74081853077,completed,failure,131072,35,l2_cache_bw,131072,l2_cache_bw,131072,1,0.010551,0.010551,0.010551,2026-05-03T01:31:45.1054806Z,finished,11962,[OK] l2_cache_bw 131072 -> 0.010551 ms,Workflow-size invocation finished within the 3600s timeout and emitted a CSV row; matching method=artifact_csv_exact_kernel_size.
known_finished_from_downloaded_benchmark_results_csv_and_run_log_ok,downloaded artifact benchmark-results-l2-cache-bw/results_l2_cache_bw.csv line 5 plus run log line 11966,Tier 1,l2_cache_bw,benchmark-results-l2-cache-bw,74081853077,completed,failure,196608,36,l2_cache_bw,196608,l2_cache_bw,196608,1,0.010377,0.010377,0.010377,2026-05-03T02:00:29.0731419Z,finished,11966,[OK] l2_cache_bw 196608 -> 0.010377 ms,Workflow-size invocation finished within the 3600s timeout and emitted a CSV row; matching method=artifact_csv_exact_kernel_size.
known_timed_out_3600s_from_run_log,run log line 11970,Tier 1,l2_cache_bw,benchmark-results-l2-cache-bw,74081853077,completed,failure,262144,37,l2_cache_bw,262144,,,,,,,2026-05-03T03:00:29.1414063Z,timed_out_3600s,11970,##[warning]TIMEOUT: l2_cache_bw 262144 (>3600s),Workflow-size invocation failed before a usable CSV row for this plan entry; later entries in this benchmark job stop after first timeout/crash because the workflow loop breaks.
unknown_not_attempted_after_prior_failure_or_no_matching_artifact_log_evidence,downloaded artifacts plus complete run log had no matching CSV/OK/TIMEOUT/CRASH event for this plan entry,Tier 1,l2_cache_bw,benchmark-results-l2-cache-bw,74081853077,completed,failure,393216,38,l2_cache_bw,393216,,,,,,,,unknown,,,No row-level terminal evidence for this plan entry in current run artifacts/logs; for failed jobs this generally means the workflow loop did not attempt later sizes after the first failure.
unknown_not_attempted_after_prior_failure_or_no_matching_artifact_log_evidence,downloaded artifacts plus complete run log had no matching CSV/OK/TIMEOUT/CRASH event for this plan entry,Tier 1,l2_cache_bw,benchmark-results-l2-cache-bw,74081853077,completed,failure,524288,39,l2_cache_bw,524288,,,,,,,,unknown,,,No row-level terminal evidence for this plan entry in current run artifacts/logs; for failed jobs this generally means the workflow loop did not attempt later sizes after the first failure.
unknown_not_attempted_after_prior_failure_or_no_matching_artifact_log_evidence,downloaded artifacts plus complete run log had no matching CSV/OK/TIMEOUT/CRASH event for this plan entry,Tier 1,l2_cache_bw,benchmark-results-l2-cache-bw,74081853077,completed,failure,786432,40,l2_cache_bw,786432,,,,,,,,unknown,,,No row-level terminal evidence for this plan entry in current run artifacts/logs; for failed jobs this generally means the workflow loop did not attempt later sizes after the first failure.
unknown_not_attempted_after_prior_failure_or_no_matching_artifact_log_evidence,downloaded artifacts plus complete run log had no matching CSV/OK/TIMEOUT/CRASH event for this plan entry,Tier 1,l2_cache_bw,benchmark-results-l2-cache-bw,74081853077,completed,failure,1048576,41,l2_cache_bw,1048576,,,,,,,,unknown,,,No row-level terminal evidence for this plan entry in current run artifacts/logs; for failed jobs this generally means the workflow loop did not attempt later sizes after the first failure.
unknown_not_attempted_after_prior_failure_or_no_matching_artifact_log_evidence,downloaded artifacts plus complete run log had no matching CSV/OK/TIMEOUT/CRASH event for this plan entry,Tier 1,l2_cache_bw,benchmark-results-l2-cache-bw,74081853077,completed,failure,1310720,42,l2_cache_bw,1310720,,,,,,,,unknown,,,No row-level terminal evidence for this plan entry in current run artifacts/logs; for failed jobs this generally means the workflow loop did not attempt later sizes after the first failure.
unknown_not_attempted_after_prior_failure_or_no_matching_artifact_log_evidence,downloaded artifacts plus complete run log had no matching CSV/OK/TIMEOUT/CRASH event for this plan entry,Tier 1,l2_cache_bw,benchmark-results-l2-cache-bw,74081853077,completed,failure,1572864,43,l2_cache_bw,1572864,,,,,,,,unknown,,,No row-level terminal evidence for this plan entry in current run artifacts/logs; for failed jobs this generally means the workflow loop did not attempt later sizes after the first failure.
unknown_not_attempted_after_prior_failure_or_no_matching_artifact_log_evidence,downloaded artifacts plus complete run log had no matching CSV/OK/TIMEOUT/CRASH event for this plan entry,Tier 1,l2_cache_bw,benchmark-results-l2-cache-bw,74081853077,completed,failure,2097152,44,l2_cache_bw,2097152,,,,,,,,unknown,,,No row-level terminal evidence for this plan entry in current run artifacts/logs; for failed jobs this generally means the workflow loop did not attempt later sizes after the first failure.
unknown_not_attempted_after_prior_failure_or_no_matching_artifact_log_evidence,downloaded artifacts plus complete run log had no matching CSV/OK/TIMEOUT/CRASH event for this plan entry,Tier 1,l2_cache_bw,benchmark-results-l2-cache-bw,74081853077,completed,failure,2621440,45,l2_cache_bw,2621440,,,,,,,,unknown,,,No row-level terminal evidence for this plan entry in current run artifacts/logs; for failed jobs this generally means the workflow loop did not attempt later sizes after the first failure.
unknown_not_attempted_after_prior_failure_or_no_matching_artifact_log_evidence,downloaded artifacts plus complete run log had no matching CSV/OK/TIMEOUT/CRASH event for this plan entry,Tier 1,l2_cache_bw,benchmark-results-l2-cache-bw,74081853077,completed,failure,3145728,46,l2_cache_bw,3145728,,,,,,,,unknown,,,No row-level terminal evidence for this plan entry in current run artifacts/logs; for failed jobs this generally means the workflow loop did not attempt later sizes after the first failure.
unknown_not_attempted_after_prior_failure_or_no_matching_artifact_log_evidence,downloaded artifacts plus complete run log had no matching CSV/OK/TIMEOUT/CRASH event for this plan entry,Tier 1,l2_cache_bw,benchmark-results-l2-cache-bw,74081853077,completed,failure,3670016,47,l2_cache_bw,3670016,,,,,,,,unknown,,,No row-level terminal evidence for this plan entry in current run artifacts/logs; for failed jobs this generally means the workflow loop did not attempt later sizes after the first failure.
unknown_not_attempted_after_prior_failure_or_no_matching_artifact_log_evidence,downloaded artifacts plus complete run log had no matching CSV/OK/TIMEOUT/CRASH event for this plan entry,Tier 1,l2_cache_bw,benchmark-results-l2-cache-bw,74081853077,completed,failure,4194304,48,l2_cache_bw,4194304,,,,,,,,unknown,,,No row-level terminal evidence for this plan entry in current run artifacts/logs; for failed jobs this generally means the workflow loop did not attempt later sizes after the first failure.
known_finished_from_downloaded_benchmark_results_csv_and_run_log_ok,downloaded artifact benchmark-results-shared-bw/results_shared_bw.csv line 2 plus run log line 7743,Tier 1,shared_bw,benchmark-results-shared-bw,74081853070,completed,failure,1048576,49,shared_bw,1048576,shared_bw,1048576,1,0.013602,0.013602,0.013602,2026-05-03T01:22:34.6384107Z,finished,7743,[OK] shared_bw 1048576 -> 0.013602 ms,Workflow-size invocation finished within the 3600s timeout and emitted a CSV row; matching method=artifact_csv_exact_kernel_size.
known_finished_from_downloaded_benchmark_results_csv_and_run_log_ok,downloaded artifact benchmark-results-shared-bw/results_shared_bw.csv line 3 plus run log line 7747,Tier 1,shared_bw,benchmark-results-shared-bw,74081853070,completed,failure,2097152,50,shared_bw,2097152,shared_bw,2097152,1,0.026312,0.026312,0.026312,2026-05-03T01:32:58.8223830Z,finished,7747,[OK] shared_bw 2097152 -> 0.026312 ms,Workflow-size invocation finished within the 3600s timeout and emitted a CSV row; matching method=artifact_csv_exact_kernel_size.
known_timed_out_3600s_from_run_log,run log line 7751,Tier 1,shared_bw,benchmark-results-shared-bw,74081853070,completed,failure,4194304,51,shared_bw,4194304,,,,,,,2026-05-03T02:32:58.9852959Z,timed_out_3600s,7751,##[warning]TIMEOUT: shared_bw 4194304 (>3600s),Workflow-size invocation failed before a usable CSV row for this plan entry; later entries in this benchmark job stop after first timeout/crash because the workflow loop breaks.
unknown_not_attempted_after_prior_failure_or_no_matching_artifact_log_evidence,downloaded artifacts plus complete run log had no matching CSV/OK/TIMEOUT/CRASH event for this plan entry,Tier 1,shared_bw,benchmark-results-shared-bw,74081853070,completed,failure,8388608,52,shared_bw,8388608,,,,,,,,unknown,,,No row-level terminal evidence for this plan entry in current run artifacts/logs; for failed jobs this generally means the workflow loop did not attempt later sizes after the first failure.
unknown_not_attempted_after_prior_failure_or_no_matching_artifact_log_evidence,downloaded artifacts plus complete run log had no matching CSV/OK/TIMEOUT/CRASH event for this plan entry,Tier 1,shared_bw,benchmark-results-shared-bw,74081853070,completed,failure,12582912,53,shared_bw,12582912,,,,,,,,unknown,,,No row-level terminal evidence for this plan entry in current run artifacts/logs; for failed jobs this generally means the workflow loop did not attempt later sizes after the first failure.
unknown_not_attempted_after_prior_failure_or_no_matching_artifact_log_evidence,downloaded artifacts plus complete run log had no matching CSV/OK/TIMEOUT/CRASH event for this plan entry,Tier 1,shared_bw,benchmark-results-shared-bw,74081853070,completed,failure,16777216,54,shared_bw,16777216,,,,,,,,unknown,,,No row-level terminal evidence for this plan entry in current run artifacts/logs; for failed jobs this generally means the workflow loop did not attempt later sizes after the first failure.
unknown_not_attempted_after_prior_failure_or_no_matching_artifact_log_evidence,downloaded artifacts plus complete run log had no matching CSV/OK/TIMEOUT/CRASH event for this plan entry,Tier 1,shared_bw,benchmark-results-shared-bw,74081853070,completed,failure,25165824,55,shared_bw,25165824,,,,,,,,unknown,,,No row-level terminal evidence for this plan entry in current run artifacts/logs; for failed jobs this generally means the workflow loop did not attempt later sizes after the first failure.
unknown_not_attempted_after_prior_failure_or_no_matching_artifact_log_evidence,downloaded artifacts plus complete run log had no matching CSV/OK/TIMEOUT/CRASH event for this plan entry,Tier 1,shared_bw,benchmark-results-shared-bw,74081853070,completed,failure,33554432,56,shared_bw,33554432,,,,,,,,unknown,,,No row-level terminal evidence for this plan entry in current run artifacts/logs; for failed jobs this generally means the workflow loop did not attempt later sizes after the first failure.
unknown_not_attempted_after_prior_failure_or_no_matching_artifact_log_evidence,downloaded artifacts plus complete run log had no matching CSV/OK/TIMEOUT/CRASH event for this plan entry,Tier 1,shared_bw,benchmark-results-shared-bw,74081853070,completed,failure,50331648,57,shared_bw,50331648,,,,,,,,unknown,,,No row-level terminal evidence for this plan entry in current run artifacts/logs; for failed jobs this generally means the workflow loop did not attempt later sizes after the first failure.
unknown_not_attempted_after_prior_failure_or_no_matching_artifact_log_evidence,downloaded artifacts plus complete run log had no matching CSV/OK/TIMEOUT/CRASH event for this plan entry,Tier 1,shared_bw,benchmark-results-shared-bw,74081853070,completed,failure,67108864,58,shared_bw,67108864,,,,,,,,unknown,,,No row-level terminal evidence for this plan entry in current run artifacts/logs; for failed jobs this generally means the workflow loop did not attempt later sizes after the first failure.
unknown_not_attempted_after_prior_failure_or_no_matching_artifact_log_evidence,downloaded artifacts plus complete run log had no matching CSV/OK/TIMEOUT/CRASH event for this plan entry,Tier 1,shared_bw,benchmark-results-shared-bw,74081853070,completed,failure,100663296,59,shared_bw,100663296,,,,,,,,unknown,,,No row-level terminal evidence for this plan entry in current run artifacts/logs; for failed jobs this generally means the workflow loop did not attempt later sizes after the first failure.
unknown_not_attempted_after_prior_failure_or_no_matching_artifact_log_evidence,downloaded artifacts plus complete run log had no matching CSV/OK/TIMEOUT/CRASH event for this plan entry,Tier 1,shared_bw,benchmark-results-shared-bw,74081853070,completed,failure,134217728,60,shared_bw,134217728,,,,,,,,unknown,,,No row-level terminal evidence for this plan entry in current run artifacts/logs; for failed jobs this generally means the workflow loop did not attempt later sizes after the first failure.
unknown_not_attempted_after_prior_failure_or_no_matching_artifact_log_evidence,downloaded artifacts plus complete run log had no matching CSV/OK/TIMEOUT/CRASH event for this plan entry,Tier 1,shared_bw,benchmark-results-shared-bw,74081853070,completed,failure,201326592,61,shared_bw,201326592,,,,,,,,unknown,,,No row-level terminal evidence for this plan entry in current run artifacts/logs; for failed jobs this generally means the workflow loop did not attempt later sizes after the first failure.
unknown_not_attempted_after_prior_failure_or_no_matching_artifact_log_evidence,downloaded artifacts plus complete run log had no matching CSV/OK/TIMEOUT/CRASH event for this plan entry,Tier 1,shared_bw,benchmark-results-shared-bw,74081853070,completed,failure,268435456,62,shared_bw,268435456,,,,,,,,unknown,,,No row-level terminal evidence for this plan entry in current run artifacts/logs; for failed jobs this generally means the workflow loop did not attempt later sizes after the first failure.
unknown_not_attempted_after_prior_failure_or_no_matching_artifact_log_evidence,downloaded artifacts plus complete run log had no matching CSV/OK/TIMEOUT/CRASH event for this plan entry,Tier 1,shared_bw,benchmark-results-shared-bw,74081853070,completed,failure,402653184,63,shared_bw,402653184,,,,,,,,unknown,,,No row-level terminal evidence for this plan entry in current run artifacts/logs; for failed jobs this generally means the workflow loop did not attempt later sizes after the first failure.
unknown_not_attempted_after_prior_failure_or_no_matching_artifact_log_evidence,downloaded artifacts plus complete run log had no matching CSV/OK/TIMEOUT/CRASH event for this plan entry,Tier 1,shared_bw,benchmark-results-shared-bw,74081853070,completed,failure,536870912,64,shared_bw,536870912,,,,,,,,unknown,,,No row-level terminal evidence for this plan entry in current run artifacts/logs; for failed jobs this generally means the workflow loop did not attempt later sizes after the first failure.
known_finished_from_downloaded_benchmark_results_csv_and_run_log_ok,downloaded artifact benchmark-results-global-bw-copy/results_global_bw_copy.csv line 2 plus run log line 15345,Tier 1,global_bw_copy,benchmark-results-global-bw-copy,74081853087,completed,failure,1048576,65,global_bw_copy,1048576,global_bw_copy,1048576,1,0.003569,0.003569,0.003569,2026-05-03T01:18:43.0548367Z,finished,15345,[OK] global_bw_copy 1048576 -> 0.003569 ms,Workflow-size invocation finished within the 3600s timeout and emitted a CSV row; matching method=artifact_csv_exact_kernel_size.
known_finished_from_downloaded_benchmark_results_csv_and_run_log_ok,downloaded artifact benchmark-results-global-bw-copy/results_global_bw_copy.csv line 3 plus run log line 15349,Tier 1,global_bw_copy,benchmark-results-global-bw-copy,74081853087,completed,failure,2097152,66,global_bw_copy,2097152,global_bw_copy,2097152,1,0.006839,0.006839,0.006839,2026-05-03T01:18:53.0480454Z,finished,15349,[OK] global_bw_copy 2097152 -> 0.006839 ms,Workflow-size invocation finished within the 3600s timeout and emitted a CSV row; matching method=artifact_csv_exact_kernel_size.
known_finished_from_downloaded_benchmark_results_csv_and_run_log_ok,downloaded artifact benchmark-results-global-bw-copy/results_global_bw_copy.csv line 4 plus run log line 15353,Tier 1,global_bw_copy,benchmark-results-global-bw-copy,74081853087,completed,failure,4194304,67,global_bw_copy,4194304,global_bw_copy,4194304,1,0.013345,0.013345,0.013345,2026-05-03T01:19:24.0924483Z,finished,15353,[OK] global_bw_copy 4194304 -> 0.013345 ms,Workflow-size invocation finished within the 3600s timeout and emitted a CSV row; matching method=artifact_csv_exact_kernel_size.
known_finished_from_downloaded_benchmark_results_csv_and_run_log_ok,downloaded artifact benchmark-results-global-bw-copy/results_global_bw_copy.csv line 5 plus run log line 15357,Tier 1,global_bw_copy,benchmark-results-global-bw-copy,74081853087,completed,failure,8388608,68,global_bw_copy,8388608,global_bw_copy,8388608,1,0.026275,0.026275,0.026275,2026-05-03T01:20:33.0396340Z,finished,15357,[OK] global_bw_copy 8388608 -> 0.026275 ms,Workflow-size invocation finished within the 3600s timeout and emitted a CSV row; matching method=artifact_csv_exact_kernel_size.
known_finished_from_downloaded_benchmark_results_csv_and_run_log_ok,downloaded artifact benchmark-results-global-bw-copy/results_global_bw_copy.csv line 6 plus run log line 15361,Tier 1,global_bw_copy,benchmark-results-global-bw-copy,74081853087,completed,failure,12582912,69,global_bw_copy,12582912,global_bw_copy,12582912,1,0.039204,0.039204,0.039204,2026-05-03T01:22:38.8238200Z,finished,15361,[OK] global_bw_copy 12582912 -> 0.039204 ms,Workflow-size invocation finished within the 3600s timeout and emitted a CSV row; matching method=artifact_csv_exact_kernel_size.
known_finished_from_downloaded_benchmark_results_csv_and_run_log_ok,downloaded artifact benchmark-results-global-bw-copy/results_global_bw_copy.csv line 7 plus run log line 15365,Tier 1,global_bw_copy,benchmark-results-global-bw-copy,74081853087,completed,failure,16777216,70,global_bw_copy,16777216,global_bw_copy,16777216,1,0.052132,0.052132,0.052132,2026-05-03T01:25:59.6928500Z,finished,15365,[OK] global_bw_copy 16777216 -> 0.052132 ms,Workflow-size invocation finished within the 3600s timeout and emitted a CSV row; matching method=artifact_csv_exact_kernel_size.
known_finished_from_downloaded_benchmark_results_csv_and_run_log_ok,downloaded artifact benchmark-results-global-bw-copy/results_global_bw_copy.csv line 8 plus run log line 15369,Tier 1,global_bw_copy,benchmark-results-global-bw-copy,74081853087,completed,failure,25165824,71,global_bw_copy,25165824,global_bw_copy,25165824,1,0.077983,0.077983,0.077983,2026-05-03T01:36:29.4569087Z,finished,15369,[OK] global_bw_copy 25165824 -> 0.077983 ms,Workflow-size invocation finished within the 3600s timeout and emitted a CSV row; matching method=artifact_csv_exact_kernel_size.
known_finished_from_downloaded_benchmark_results_csv_and_run_log_ok,downloaded artifact benchmark-results-global-bw-copy/results_global_bw_copy.csv line 9 plus run log line 15373,Tier 1,global_bw_copy,benchmark-results-global-bw-copy,74081853087,completed,failure,33554432,72,global_bw_copy,33554432,global_bw_copy,33554432,1,0.103839,0.103839,0.103839,2026-05-03T02:08:57.5348601Z,finished,15373,[OK] global_bw_copy 33554432 -> 0.103839 ms,Workflow-size invocation finished within the 3600s timeout and emitted a CSV row; matching method=artifact_csv_exact_kernel_size.
known_timed_out_3600s_from_run_log,run log line 15377,Tier 1,global_bw_copy,benchmark-results-global-bw-copy,74081853087,completed,failure,50331648,73,global_bw_copy,50331648,,,,,,,2026-05-03T03:08:57.6765960Z,timed_out_3600s,15377,##[warning]TIMEOUT: global_bw_copy 50331648 (>3600s),Workflow-size invocation failed before a usable CSV row for this plan entry; later entries in this benchmark job stop after first timeout/crash because the workflow loop breaks.
unknown_not_attempted_after_prior_failure_or_no_matching_artifact_log_evidence,downloaded artifacts plus complete run log had no matching CSV/OK/TIMEOUT/CRASH event for this plan entry,Tier 1,global_bw_copy,benchmark-results-global-bw-copy,74081853087,completed,failure,67108864,74,global_bw_copy,67108864,,,,,,,,unknown,,,No row-level terminal evidence for this plan entry in current run artifacts/logs; for failed jobs this generally means the workflow loop did not attempt later sizes after the first failure.
unknown_not_attempted_after_prior_failure_or_no_matching_artifact_log_evidence,downloaded artifacts plus complete run log had no matching CSV/OK/TIMEOUT/CRASH event for this plan entry,Tier 1,global_bw_copy,benchmark-results-global-bw-copy,74081853087,completed,failure,100663296,75,global_bw_copy,100663296,,,,,,,,unknown,,,No row-level terminal evidence for this plan entry in current run artifacts/logs; for failed jobs this generally means the workflow loop did not attempt later sizes after the first failure.
unknown_not_attempted_after_prior_failure_or_no_matching_artifact_log_evidence,downloaded artifacts plus complete run log had no matching CSV/OK/TIMEOUT/CRASH event for this plan entry,Tier 1,global_bw_copy,benchmark-results-global-bw-copy,74081853087,completed,failure,134217728,76,global_bw_copy,134217728,,,,,,,,unknown,,,No row-level terminal evidence for this plan entry in current run artifacts/logs; for failed jobs this generally means the workflow loop did not attempt later sizes after the first failure.
unknown_not_attempted_after_prior_failure_or_no_matching_artifact_log_evidence,downloaded artifacts plus complete run log had no matching CSV/OK/TIMEOUT/CRASH event for this plan entry,Tier 1,global_bw_copy,benchmark-results-global-bw-copy,74081853087,completed,failure,201326592,77,global_bw_copy,201326592,,,,,,,,unknown,,,No row-level terminal evidence for this plan entry in current run artifacts/logs; for failed jobs this generally means the workflow loop did not attempt later sizes after the first failure.
unknown_not_attempted_after_prior_failure_or_no_matching_artifact_log_evidence,downloaded artifacts plus complete run log had no matching CSV/OK/TIMEOUT/CRASH event for this plan entry,Tier 1,global_bw_copy,benchmark-results-global-bw-copy,74081853087,completed,failure,268435456,78,global_bw_copy,268435456,,,,,,,,unknown,,,No row-level terminal evidence for this plan entry in current run artifacts/logs; for failed jobs this generally means the workflow loop did not attempt later sizes after the first failure.
unknown_not_attempted_after_prior_failure_or_no_matching_artifact_log_evidence,downloaded artifacts plus complete run log had no matching CSV/OK/TIMEOUT/CRASH event for this plan entry,Tier 1,global_bw_copy,benchmark-results-global-bw-copy,74081853087,completed,failure,402653184,79,global_bw_copy,402653184,,,,,,,,unknown,,,No row-level terminal evidence for this plan entry in current run artifacts/logs; for failed jobs this generally means the workflow loop did not attempt later sizes after the first failure.
unknown_not_attempted_after_prior_failure_or_no_matching_artifact_log_evidence,downloaded artifacts plus complete run log had no matching CSV/OK/TIMEOUT/CRASH event for this plan entry,Tier 1,global_bw_copy,benchmark-results-global-bw-copy,74081853087,completed,failure,536870912,80,global_bw_copy,536870912,,,,,,,,unknown,,,No row-level terminal evidence for this plan entry in current run artifacts/logs; for failed jobs this generally means the workflow loop did not attempt later sizes after the first failure.
known_finished_from_downloaded_benchmark_results_csv_and_run_log_ok,downloaded artifact benchmark-results-device-memory-read/results_device_memory_read.csv line 2 plus run log line 4434,Tier 1,device_memory_read,benchmark-results-device-memory-read,74081853063,completed,failure,1MB,81,devicememory_read,1MB,DeviceMemory_Read,1MB,1,0.003791,0.003791,0.003791,2026-05-03T01:20:15.9831496Z,finished,4434,[OK] device_memory_read 1MB -> 0.003791 ms,Workflow-size invocation finished within the 3600s timeout and emitted a CSV row; matching method=artifact_csv_exact_kernel_size.
known_timed_out_3600s_from_run_log,run log line 4438,Tier 1,device_memory_read,benchmark-results-device-memory-read,74081853063,completed,failure,2MB,82,devicememory_read,2MB,,,,,,,2026-05-03T02:20:16.0288520Z,timed_out_3600s,4438,##[warning]TIMEOUT: device_memory_read 2MB (>3600s),Workflow-size invocation failed before a usable CSV row for this plan entry; later entries in this benchmark job stop after first timeout/crash because the workflow loop breaks.
unknown_not_attempted_after_prior_failure_or_no_matching_artifact_log_evidence,downloaded artifacts plus complete run log had no matching CSV/OK/TIMEOUT/CRASH event for this plan entry,Tier 1,device_memory_read,benchmark-results-device-memory-read,74081853063,completed,failure,4MB,83,devicememory_read,4MB,,,,,,,,unknown,,,No row-level terminal evidence for this plan entry in current run artifacts/logs; for failed jobs this generally means the workflow loop did not attempt later sizes after the first failure.
unknown_not_attempted_after_prior_failure_or_no_matching_artifact_log_evidence,downloaded artifacts plus complete run log had no matching CSV/OK/TIMEOUT/CRASH event for this plan entry,Tier 1,device_memory_read,benchmark-results-device-memory-read,74081853063,completed,failure,8MB,84,devicememory_read,8MB,,,,,,,,unknown,,,No row-level terminal evidence for this plan entry in current run artifacts/logs; for failed jobs this generally means the workflow loop did not attempt later sizes after the first failure.
unknown_not_attempted_after_prior_failure_or_no_matching_artifact_log_evidence,downloaded artifacts plus complete run log had no matching CSV/OK/TIMEOUT/CRASH event for this plan entry,Tier 1,device_memory_read,benchmark-results-device-memory-read,74081853063,completed,failure,12MB,85,devicememory_read,12MB,,,,,,,,unknown,,,No row-level terminal evidence for this plan entry in current run artifacts/logs; for failed jobs this generally means the workflow loop did not attempt later sizes after the first failure.
unknown_not_attempted_after_prior_failure_or_no_matching_artifact_log_evidence,downloaded artifacts plus complete run log had no matching CSV/OK/TIMEOUT/CRASH event for this plan entry,Tier 1,device_memory_read,benchmark-results-device-memory-read,74081853063,completed,failure,16MB,86,devicememory_read,16MB,,,,,,,,unknown,,,No row-level terminal evidence for this plan entry in current run artifacts/logs; for failed jobs this generally means the workflow loop did not attempt later sizes after the first failure.
unknown_not_attempted_after_prior_failure_or_no_matching_artifact_log_evidence,downloaded artifacts plus complete run log had no matching CSV/OK/TIMEOUT/CRASH event for this plan entry,Tier 1,device_memory_read,benchmark-results-device-memory-read,74081853063,completed,failure,24MB,87,devicememory_read,24MB,,,,,,,,unknown,,,No row-level terminal evidence for this plan entry in current run artifacts/logs; for failed jobs this generally means the workflow loop did not attempt later sizes after the first failure.
unknown_not_attempted_after_prior_failure_or_no_matching_artifact_log_evidence,downloaded artifacts plus complete run log had no matching CSV/OK/TIMEOUT/CRASH event for this plan entry,Tier 1,device_memory_read,benchmark-results-device-memory-read,74081853063,completed,failure,32MB,88,devicememory_read,32MB,,,,,,,,unknown,,,No row-level terminal evidence for this plan entry in current run artifacts/logs; for failed jobs this generally means the workflow loop did not attempt later sizes after the first failure.
unknown_not_attempted_after_prior_failure_or_no_matching_artifact_log_evidence,downloaded artifacts plus complete run log had no matching CSV/OK/TIMEOUT/CRASH event for this plan entry,Tier 1,device_memory_read,benchmark-results-device-memory-read,74081853063,completed,failure,48MB,89,devicememory_read,48MB,,,,,,,,unknown,,,No row-level terminal evidence for this plan entry in current run artifacts/logs; for failed jobs this generally means the workflow loop did not attempt later sizes after the first failure.
unknown_not_attempted_after_prior_failure_or_no_matching_artifact_log_evidence,downloaded artifacts plus complete run log had no matching CSV/OK/TIMEOUT/CRASH event for this plan entry,Tier 1,device_memory_read,benchmark-results-device-memory-read,74081853063,completed,failure,64MB,90,devicememory_read,64MB,,,,,,,,unknown,,,No row-level terminal evidence for this plan entry in current run artifacts/logs; for failed jobs this generally means the workflow loop did not attempt later sizes after the first failure.
unknown_not_attempted_after_prior_failure_or_no_matching_artifact_log_evidence,downloaded artifacts plus complete run log had no matching CSV/OK/TIMEOUT/CRASH event for this plan entry,Tier 1,device_memory_read,benchmark-results-device-memory-read,74081853063,completed,failure,96MB,91,devicememory_read,96MB,,,,,,,,unknown,,,No row-level terminal evidence for this plan entry in current run artifacts/logs; for failed jobs this generally means the workflow loop did not attempt later sizes after the first failure.
unknown_not_attempted_after_prior_failure_or_no_matching_artifact_log_evidence,downloaded artifacts plus complete run log had no matching CSV/OK/TIMEOUT/CRASH event for this plan entry,Tier 1,device_memory_read,benchmark-results-device-memory-read,74081853063,completed,failure,128MB,92,devicememory_read,128MB,,,,,,,,unknown,,,No row-level terminal evidence for this plan entry in current run artifacts/logs; for failed jobs this generally means the workflow loop did not attempt later sizes after the first failure.
unknown_not_attempted_after_prior_failure_or_no_matching_artifact_log_evidence,downloaded artifacts plus complete run log had no matching CSV/OK/TIMEOUT/CRASH event for this plan entry,Tier 1,device_memory_read,benchmark-results-device-memory-read,74081853063,completed,failure,192MB,93,devicememory_read,192MB,,,,,,,,unknown,,,No row-level terminal evidence for this plan entry in current run artifacts/logs; for failed jobs this generally means the workflow loop did not attempt later sizes after the first failure.
unknown_not_attempted_after_prior_failure_or_no_matching_artifact_log_evidence,downloaded artifacts plus complete run log had no matching CSV/OK/TIMEOUT/CRASH event for this plan entry,Tier 1,device_memory_read,benchmark-results-device-memory-read,74081853063,completed,failure,256MB,94,devicememory_read,256MB,,,,,,,,unknown,,,No row-level terminal evidence for this plan entry in current run artifacts/logs; for failed jobs this generally means the workflow loop did not attempt later sizes after the first failure.
unknown_not_attempted_after_prior_failure_or_no_matching_artifact_log_evidence,downloaded artifacts plus complete run log had no matching CSV/OK/TIMEOUT/CRASH event for this plan entry,Tier 1,device_memory_read,benchmark-results-device-memory-read,74081853063,completed,failure,384MB,95,devicememory_read,384MB,,,,,,,,unknown,,,No row-level terminal evidence for this plan entry in current run artifacts/logs; for failed jobs this generally means the workflow loop did not attempt later sizes after the first failure.
unknown_not_attempted_after_prior_failure_or_no_matching_artifact_log_evidence,downloaded artifacts plus complete run log had no matching CSV/OK/TIMEOUT/CRASH event for this plan entry,Tier 1,device_memory_read,benchmark-results-device-memory-read,74081853063,completed,failure,512MB,96,devicememory_read,512MB,,,,,,,,unknown,,,No row-level terminal evidence for this plan entry in current run artifacts/logs; for failed jobs this generally means the workflow loop did not attempt later sizes after the first failure.
known_finished_from_downloaded_benchmark_results_csv_and_run_log_ok,downloaded artifact benchmark-results-device-memory-write/results_device_memory_write.csv line 2 plus run log line 6787,Tier 1,device_memory_write,benchmark-results-device-memory-write,74081853068,completed,failure,1MB,97,devicememory_write,1MB,DeviceMemory_Write,1MB,1,0.001951,0.001951,0.001951,2026-05-03T01:18:42.2609616Z,finished,6787,[OK] device_memory_write 1MB -> 0.001951 ms,Workflow-size invocation finished within the 3600s timeout and emitted a CSV row; matching method=artifact_csv_exact_kernel_size.
known_finished_from_downloaded_benchmark_results_csv_and_run_log_ok,downloaded artifact benchmark-results-device-memory-write/results_device_memory_write.csv line 3 plus run log line 6791,Tier 1,device_memory_write,benchmark-results-device-memory-write,74081853068,completed,failure,2MB,98,devicememory_write,2MB,DeviceMemory_Write,2MB,1,0.003607,0.003607,0.003607,2026-05-03T01:18:49.3227376Z,finished,6791,[OK] device_memory_write 2MB -> 0.003607 ms,Workflow-size invocation finished within the 3600s timeout and emitted a CSV row; matching method=artifact_csv_exact_kernel_size.
known_finished_from_downloaded_benchmark_results_csv_and_run_log_ok,downloaded artifact benchmark-results-device-memory-write/results_device_memory_write.csv line 4 plus run log line 6795,Tier 1,device_memory_write,benchmark-results-device-memory-write,74081853068,completed,failure,4MB,99,devicememory_write,4MB,DeviceMemory_Write,4MB,1,0.006879,0.006879,0.006879,2026-05-03T01:19:13.9133950Z,finished,6795,[OK] device_memory_write 4MB -> 0.006879 ms,Workflow-size invocation finished within the 3600s timeout and emitted a CSV row; matching method=artifact_csv_exact_kernel_size.
known_finished_from_downloaded_benchmark_results_csv_and_run_log_ok,downloaded artifact benchmark-results-device-memory-write/results_device_memory_write.csv line 5 plus run log line 6799,Tier 1,device_memory_write,benchmark-results-device-memory-write,74081853068,completed,failure,8MB,100,devicememory_write,8MB,DeviceMemory_Write,8MB,1,0.013345,0.013345,0.013345,2026-05-03T01:20:07.6187880Z,finished,6799,[OK] device_memory_write 8MB -> 0.013345 ms,Workflow-size invocation finished within the 3600s timeout and emitted a CSV row; matching method=artifact_csv_exact_kernel_size.
known_finished_from_downloaded_benchmark_results_csv_and_run_log_ok,downloaded artifact benchmark-results-device-memory-write/results_device_memory_write.csv line 6 plus run log line 6803,Tier 1,device_memory_write,benchmark-results-device-memory-write,74081853068,completed,failure,12MB,101,devicememory_write,12MB,DeviceMemory_Write,12MB,1,0.019811,0.019811,0.019811,2026-05-03T01:21:41.6093965Z,finished,6803,[OK] device_memory_write 12MB -> 0.019811 ms,Workflow-size invocation finished within the 3600s timeout and emitted a CSV row; matching method=artifact_csv_exact_kernel_size.
known_finished_from_downloaded_benchmark_results_csv_and_run_log_ok,downloaded artifact benchmark-results-device-memory-write/results_device_memory_write.csv line 7 plus run log line 6807,Tier 1,device_memory_write,benchmark-results-device-memory-write,74081853068,completed,failure,16MB,102,devicememory_write,16MB,DeviceMemory_Write,16MB,1,0.026275,0.026275,0.026275,2026-05-03T01:24:09.1268111Z,finished,6807,[OK] device_memory_write 16MB -> 0.026275 ms,Workflow-size invocation finished within the 3600s timeout and emitted a CSV row; matching method=artifact_csv_exact_kernel_size.
known_finished_from_downloaded_benchmark_results_csv_and_run_log_ok,downloaded artifact benchmark-results-device-memory-write/results_device_memory_write.csv line 8 plus run log line 6811,Tier 1,device_memory_write,benchmark-results-device-memory-write,74081853068,completed,failure,24MB,103,devicememory_write,24MB,DeviceMemory_Write,24MB,1,0.039202,0.039202,0.039202,2026-05-03T01:29:00.6138899Z,finished,6811,[OK] device_memory_write 24MB -> 0.039202 ms,Workflow-size invocation finished within the 3600s timeout and emitted a CSV row; matching method=artifact_csv_exact_kernel_size.
known_finished_from_downloaded_benchmark_results_csv_and_run_log_ok,downloaded artifact benchmark-results-device-memory-write/results_device_memory_write.csv line 9 plus run log line 6815,Tier 1,device_memory_write,benchmark-results-device-memory-write,74081853068,completed,failure,32MB,104,devicememory_write,32MB,DeviceMemory_Write,32MB,1,0.052129,0.052129,0.052129,2026-05-03T01:37:58.4811294Z,finished,6815,[OK] device_memory_write 32MB -> 0.052129 ms,Workflow-size invocation finished within the 3600s timeout and emitted a CSV row; matching method=artifact_csv_exact_kernel_size.
known_finished_from_downloaded_benchmark_results_csv_and_run_log_ok,downloaded artifact benchmark-results-device-memory-write/results_device_memory_write.csv line 10 plus run log line 6819,Tier 1,device_memory_write,benchmark-results-device-memory-write,74081853068,completed,failure,48MB,105,devicememory_write,48MB,DeviceMemory_Write,48MB,1,0.077987,0.077987,0.077987,2026-05-03T02:26:11.3771852Z,finished,6819,[OK] device_memory_write 48MB -> 0.077987 ms,Workflow-size invocation finished within the 3600s timeout and emitted a CSV row; matching method=artifact_csv_exact_kernel_size.
known_timed_out_3600s_from_run_log,run log line 6823,Tier 1,device_memory_write,benchmark-results-device-memory-write,74081853068,completed,failure,64MB,106,devicememory_write,64MB,,,,,,,2026-05-03T03:26:11.4497628Z,timed_out_3600s,6823,##[warning]TIMEOUT: device_memory_write 64MB (>3600s),Workflow-size invocation failed before a usable CSV row for this plan entry; later entries in this benchmark job stop after first timeout/crash because the workflow loop breaks.
unknown_not_attempted_after_prior_failure_or_no_matching_artifact_log_evidence,downloaded artifacts plus complete run log had no matching CSV/OK/TIMEOUT/CRASH event for this plan entry,Tier 1,device_memory_write,benchmark-results-device-memory-write,74081853068,completed,failure,96MB,107,devicememory_write,96MB,,,,,,,,unknown,,,No row-level terminal evidence for this plan entry in current run artifacts/logs; for failed jobs this generally means the workflow loop did not attempt later sizes after the first failure.
unknown_not_attempted_after_prior_failure_or_no_matching_artifact_log_evidence,downloaded artifacts plus complete run log had no matching CSV/OK/TIMEOUT/CRASH event for this plan entry,Tier 1,device_memory_write,benchmark-results-device-memory-write,74081853068,completed,failure,128MB,108,devicememory_write,128MB,,,,,,,,unknown,,,No row-level terminal evidence for this plan entry in current run artifacts/logs; for failed jobs this generally means the workflow loop did not attempt later sizes after the first failure.
unknown_not_attempted_after_prior_failure_or_no_matching_artifact_log_evidence,downloaded artifacts plus complete run log had no matching CSV/OK/TIMEOUT/CRASH event for this plan entry,Tier 1,device_memory_write,benchmark-results-device-memory-write,74081853068,completed,failure,192MB,109,devicememory_write,192MB,,,,,,,,unknown,,,No row-level terminal evidence for this plan entry in current run artifacts/logs; for failed jobs this generally means the workflow loop did not attempt later sizes after the first failure.
unknown_not_attempted_after_prior_failure_or_no_matching_artifact_log_evidence,downloaded artifacts plus complete run log had no matching CSV/OK/TIMEOUT/CRASH event for this plan entry,Tier 1,device_memory_write,benchmark-results-device-memory-write,74081853068,completed,failure,256MB,110,devicememory_write,256MB,,,,,,,,unknown,,,No row-level terminal evidence for this plan entry in current run artifacts/logs; for failed jobs this generally means the workflow loop did not attempt later sizes after the first failure.
unknown_not_attempted_after_prior_failure_or_no_matching_artifact_log_evidence,downloaded artifacts plus complete run log had no matching CSV/OK/TIMEOUT/CRASH event for this plan entry,Tier 1,device_memory_write,benchmark-results-device-memory-write,74081853068,completed,failure,384MB,111,devicememory_write,384MB,,,,,,,,unknown,,,No row-level terminal evidence for this plan entry in current run artifacts/logs; for failed jobs this generally means the workflow loop did not attempt later sizes after the first failure.
unknown_not_attempted_after_prior_failure_or_no_matching_artifact_log_evidence,downloaded artifacts plus complete run log had no matching CSV/OK/TIMEOUT/CRASH event for this plan entry,Tier 1,device_memory_write,benchmark-results-device-memory-write,74081853068,completed,failure,512MB,112,devicememory_write,512MB,,,,,,,,unknown,,,No row-level terminal evidence for this plan entry in current run artifacts/logs; for failed jobs this generally means the workflow loop did not attempt later sizes after the first failure.
known_finished_from_downloaded_benchmark_results_csv_and_run_log_ok,downloaded artifact benchmark-results-bus-speed-download/results_bus_speed_download.csv line 2 plus run log line 17725,Tier 1,bus_speed_download,benchmark-results-bus-speed-download,74081853094,completed,failure,1KB,113,busspeeddownload,1KB,BusSpeedDownload,1KB,1,551000000.000000,551000000.000000,551000000.000000,2026-05-03T01:18:39.8251343Z,finished,17725,[OK] bus_speed_download 1KB -> 551000000.000000 ms,Workflow-size invocation finished within the 3600s timeout and emitted a CSV row; matching method=artifact_csv_exact_kernel_size.
known_finished_from_downloaded_benchmark_results_csv_and_run_log_ok,downloaded artifact benchmark-results-bus-speed-download/results_bus_speed_download.csv line 3 plus run log line 17729,Tier 1,bus_speed_download,benchmark-results-bus-speed-download,74081853094,completed,failure,2KB,114,busspeeddownload,2KB,BusSpeedDownload,2KB,1,549000000.000000,549000000.000000,549000000.000000,2026-05-03T01:18:40.0090674Z,finished,17729,[OK] bus_speed_download 2KB -> 549000000.000000 ms,Workflow-size invocation finished within the 3600s timeout and emitted a CSV row; matching method=artifact_csv_exact_kernel_size.
known_finished_from_downloaded_benchmark_results_csv_and_run_log_ok,downloaded artifact benchmark-results-bus-speed-download/results_bus_speed_download.csv line 4 plus run log line 17733,Tier 1,bus_speed_download,benchmark-results-bus-speed-download,74081853094,completed,failure,4KB,115,busspeeddownload,4KB,BusSpeedDownload,4KB,1,551000000.000000,551000000.000000,551000000.000000,2026-05-03T01:18:40.2103307Z,finished,17733,[OK] bus_speed_download 4KB -> 551000000.000000 ms,Workflow-size invocation finished within the 3600s timeout and emitted a CSV row; matching method=artifact_csv_exact_kernel_size.
known_finished_from_downloaded_benchmark_results_csv_and_run_log_ok,downloaded artifact benchmark-results-bus-speed-download/results_bus_speed_download.csv line 5 plus run log line 17737,Tier 1,bus_speed_download,benchmark-results-bus-speed-download,74081853094,completed,failure,8KB,116,busspeeddownload,8KB,BusSpeedDownload,8KB,1,552000000.000000,552000000.000000,552000000.000000,2026-05-03T01:18:40.4325509Z,finished,17737,[OK] bus_speed_download 8KB -> 552000000.000000 ms,Workflow-size invocation finished within the 3600s timeout and emitted a CSV row; matching method=artifact_csv_exact_kernel_size.
known_finished_from_downloaded_benchmark_results_csv_and_run_log_ok,downloaded artifact benchmark-results-bus-speed-download/results_bus_speed_download.csv line 6 plus run log line 17741,Tier 1,bus_speed_download,benchmark-results-bus-speed-download,74081853094,completed,failure,16KB,117,busspeeddownload,16KB,BusSpeedDownload,16KB,1,554000000.000000,554000000.000000,554000000.000000,2026-05-03T01:18:40.6502274Z,finished,17741,[OK] bus_speed_download 16KB -> 554000000.000000 ms,Workflow-size invocation finished within the 3600s timeout and emitted a CSV row; matching method=artifact_csv_exact_kernel_size.
known_finished_from_downloaded_benchmark_results_csv_and_run_log_ok,downloaded artifact benchmark-results-bus-speed-download/results_bus_speed_download.csv line 7 plus run log line 17745,Tier 1,bus_speed_download,benchmark-results-bus-speed-download,74081853094,completed,failure,32KB,118,busspeeddownload,32KB,BusSpeedDownload,32KB,1,558000000.000000,558000000.000000,558000000.000000,2026-05-03T01:18:40.9132568Z,finished,17745,[OK] bus_speed_download 32KB -> 558000000.000000 ms,Workflow-size invocation finished within the 3600s timeout and emitted a CSV row; matching method=artifact_csv_exact_kernel_size.
known_finished_from_downloaded_benchmark_results_csv_and_run_log_ok,downloaded artifact benchmark-results-bus-speed-download/results_bus_speed_download.csv line 8 plus run log line 17749,Tier 1,bus_speed_download,benchmark-results-bus-speed-download,74081853094,completed,failure,64KB,119,busspeeddownload,64KB,BusSpeedDownload,64KB,1,566000000.000000,566000000.000000,566000000.000000,2026-05-03T01:18:41.2702397Z,finished,17749,[OK] bus_speed_download 64KB -> 566000000.000000 ms,Workflow-size invocation finished within the 3600s timeout and emitted a CSV row; matching method=artifact_csv_exact_kernel_size.
known_finished_from_downloaded_benchmark_results_csv_and_run_log_ok,downloaded artifact benchmark-results-bus-speed-download/results_bus_speed_download.csv line 9 plus run log line 17753,Tier 1,bus_speed_download,benchmark-results-bus-speed-download,74081853094,completed,failure,128KB,120,busspeeddownload,128KB,BusSpeedDownload,128KB,1,738000000.000000,738000000.000000,738000000.000000,2026-05-03T01:18:41.7512256Z,finished,17753,[OK] bus_speed_download 128KB -> 738000000.000000 ms,Workflow-size invocation finished within the 3600s timeout and emitted a CSV row; matching method=artifact_csv_exact_kernel_size.
known_finished_from_downloaded_benchmark_results_csv_and_run_log_ok,downloaded artifact benchmark-results-bus-speed-download/results_bus_speed_download.csv line 10 plus run log line 17757,Tier 1,bus_speed_download,benchmark-results-bus-speed-download,74081853094,completed,failure,256KB,121,busspeeddownload,256KB,BusSpeedDownload,256KB,1,0.001144,0.001144,0.001144,2026-05-03T01:18:42.7187859Z,finished,17757,[OK] bus_speed_download 256KB -> 0.001144 ms,Workflow-size invocation finished within the 3600s timeout and emitted a CSV row; matching method=artifact_csv_exact_kernel_size.
known_finished_from_downloaded_benchmark_results_csv_and_run_log_ok,downloaded artifact benchmark-results-bus-speed-download/results_bus_speed_download.csv line 11 plus run log line 17761,Tier 1,bus_speed_download,benchmark-results-bus-speed-download,74081853094,completed,failure,512KB,122,busspeeddownload,512KB,BusSpeedDownload,512KB,1,0.001947,0.001947,0.001947,2026-05-03T01:18:44.5472559Z,finished,17761,[OK] bus_speed_download 512KB -> 0.001947 ms,Workflow-size invocation finished within the 3600s timeout and emitted a CSV row; matching method=artifact_csv_exact_kernel_size.
known_finished_from_downloaded_benchmark_results_csv_and_run_log_ok,downloaded artifact benchmark-results-bus-speed-download/results_bus_speed_download.csv line 12 plus run log line 17765,Tier 1,bus_speed_download,benchmark-results-bus-speed-download,74081853094,completed,failure,1024KB,123,busspeeddownload,1024KB,BusSpeedDownload,1024KB,1,0.003569,0.003569,0.003569,2026-05-03T01:18:48.4640904Z,finished,17765,[OK] bus_speed_download 1024KB -> 0.003569 ms,Workflow-size invocation finished within the 3600s timeout and emitted a CSV row; matching method=artifact_csv_exact_kernel_size.
known_finished_from_downloaded_benchmark_results_csv_and_run_log_ok,downloaded artifact benchmark-results-bus-speed-download/results_bus_speed_download.csv line 13 plus run log line 17769,Tier 1,bus_speed_download,benchmark-results-bus-speed-download,74081853094,completed,failure,2048KB,124,busspeeddownload,2048KB,BusSpeedDownload,2048KB,1,0.006839,0.006839,0.006839,2026-05-03T01:18:58.2204579Z,finished,17769,[OK] bus_speed_download 2048KB -> 0.006839 ms,Workflow-size invocation finished within the 3600s timeout and emitted a CSV row; matching method=artifact_csv_exact_kernel_size.
known_finished_from_downloaded_benchmark_results_csv_and_run_log_ok,downloaded artifact benchmark-results-bus-speed-download/results_bus_speed_download.csv line 14 plus run log line 17773,Tier 1,bus_speed_download,benchmark-results-bus-speed-download,74081853094,completed,failure,4096KB,125,busspeeddownload,4096KB,BusSpeedDownload,4096KB,1,0.013344,0.013344,0.013344,2026-05-03T01:19:28.2071601Z,finished,17773,[OK] bus_speed_download 4096KB -> 0.013344 ms,Workflow-size invocation finished within the 3600s timeout and emitted a CSV row; matching method=artifact_csv_exact_kernel_size.
known_finished_from_downloaded_benchmark_results_csv_and_run_log_ok,downloaded artifact benchmark-results-bus-speed-download/results_bus_speed_download.csv line 15 plus run log line 17777,Tier 1,bus_speed_download,benchmark-results-bus-speed-download,74081853094,completed,failure,8192KB,126,busspeeddownload,8192KB,BusSpeedDownload,8192KB,1,0.026275,0.026275,0.026275,2026-05-03T01:20:34.5834154Z,finished,17777,[OK] bus_speed_download 8192KB -> 0.026275 ms,Workflow-size invocation finished within the 3600s timeout and emitted a CSV row; matching method=artifact_csv_exact_kernel_size.
known_finished_from_downloaded_benchmark_results_csv_and_run_log_ok,downloaded artifact benchmark-results-bus-speed-download/results_bus_speed_download.csv line 16 plus run log line 17781,Tier 1,bus_speed_download,benchmark-results-bus-speed-download,74081853094,completed,failure,16384KB,127,busspeeddownload,16384KB,BusSpeedDownload,16384KB,1,0.052127,0.052127,0.052127,2026-05-03T01:23:40.3854347Z,finished,17781,[OK] bus_speed_download 16384KB -> 0.052127 ms,Workflow-size invocation finished within the 3600s timeout and emitted a CSV row; matching method=artifact_csv_exact_kernel_size.
known_finished_from_downloaded_benchmark_results_csv_and_run_log_ok,downloaded artifact benchmark-results-bus-speed-download/results_bus_speed_download.csv line 17 plus run log line 17785,Tier 1,bus_speed_download,benchmark-results-bus-speed-download,74081853094,completed,failure,32768KB,128,busspeeddownload,32768KB,BusSpeedDownload,32768KB,1,0.103843,0.103843,0.103843,2026-05-03T01:46:52.6327237Z,finished,17785,[OK] bus_speed_download 32768KB -> 0.103843 ms,Workflow-size invocation finished within the 3600s timeout and emitted a CSV row; matching method=artifact_csv_exact_kernel_size.
known_timed_out_3600s_from_run_log,run log line 17789,Tier 1,bus_speed_download,benchmark-results-bus-speed-download,74081853094,completed,failure,65536KB,129,busspeeddownload,65536KB,,,,,,,2026-05-03T02:46:52.7521108Z,timed_out_3600s,17789,##[warning]TIMEOUT: bus_speed_download 65536KB (>3600s),Workflow-size invocation failed before a usable CSV row for this plan entry; later entries in this benchmark job stop after first timeout/crash because the workflow loop breaks.
unknown_not_attempted_after_prior_failure_or_no_matching_artifact_log_evidence,downloaded artifacts plus complete run log had no matching CSV/OK/TIMEOUT/CRASH event for this plan entry,Tier 1,bus_speed_download,benchmark-results-bus-speed-download,74081853094,completed,failure,131072KB,130,busspeeddownload,131072KB,,,,,,,,unknown,,,No row-level terminal evidence for this plan entry in current run artifacts/logs; for failed jobs this generally means the workflow loop did not attempt later sizes after the first failure.
unknown_not_attempted_after_prior_failure_or_no_matching_artifact_log_evidence,downloaded artifacts plus complete run log had no matching CSV/OK/TIMEOUT/CRASH event for this plan entry,Tier 1,bus_speed_download,benchmark-results-bus-speed-download,74081853094,completed,failure,262144KB,131,busspeeddownload,262144KB,,,,,,,,unknown,,,No row-level terminal evidence for this plan entry in current run artifacts/logs; for failed jobs this generally means the workflow loop did not attempt later sizes after the first failure.
known_finished_from_downloaded_benchmark_results_csv_and_run_log_ok,downloaded artifact benchmark-results-bus-speed-readback/results_bus_speed_readback.csv line 2 plus run log line 6020,Tier 1,bus_speed_readback,benchmark-results-bus-speed-readback,74081853067,completed,failure,1KB,132,busspeedreadback,1KB,BusSpeedReadback,1KB,1,551000000.000000,551000000.000000,551000000.000000,2026-05-03T01:18:39.9215932Z,finished,6020,[OK] bus_speed_readback 1KB -> 551000000.000000 ms,Workflow-size invocation finished within the 3600s timeout and emitted a CSV row; matching method=artifact_csv_exact_kernel_size.
known_finished_from_downloaded_benchmark_results_csv_and_run_log_ok,downloaded artifact benchmark-results-bus-speed-readback/results_bus_speed_readback.csv line 3 plus run log line 6024,Tier 1,bus_speed_readback,benchmark-results-bus-speed-readback,74081853067,completed,failure,2KB,133,busspeedreadback,2KB,BusSpeedReadback,2KB,1,549000000.000000,549000000.000000,549000000.000000,2026-05-03T01:18:40.1244637Z,finished,6024,[OK] bus_speed_readback 2KB -> 549000000.000000 ms,Workflow-size invocation finished within the 3600s timeout and emitted a CSV row; matching method=artifact_csv_exact_kernel_size.
known_finished_from_downloaded_benchmark_results_csv_and_run_log_ok,downloaded artifact benchmark-results-bus-speed-readback/results_bus_speed_readback.csv line 4 plus run log line 6028,Tier 1,bus_speed_readback,benchmark-results-bus-speed-readback,74081853067,completed,failure,4KB,134,busspeedreadback,4KB,BusSpeedReadback,4KB,1,551000000.000000,551000000.000000,551000000.000000,2026-05-03T01:18:40.3501401Z,finished,6028,[OK] bus_speed_readback 4KB -> 551000000.000000 ms,Workflow-size invocation finished within the 3600s timeout and emitted a CSV row; matching method=artifact_csv_exact_kernel_size.
known_finished_from_downloaded_benchmark_results_csv_and_run_log_ok,downloaded artifact benchmark-results-bus-speed-readback/results_bus_speed_readback.csv line 5 plus run log line 6032,Tier 1,bus_speed_readback,benchmark-results-bus-speed-readback,74081853067,completed,failure,8KB,135,busspeedreadback,8KB,BusSpeedReadback,8KB,1,552000000.000000,552000000.000000,552000000.000000,2026-05-03T01:18:40.5884177Z,finished,6032,[OK] bus_speed_readback 8KB -> 552000000.000000 ms,Workflow-size invocation finished within the 3600s timeout and emitted a CSV row; matching method=artifact_csv_exact_kernel_size.
known_finished_from_downloaded_benchmark_results_csv_and_run_log_ok,downloaded artifact benchmark-results-bus-speed-readback/results_bus_speed_readback.csv line 6 plus run log line 6036,Tier 1,bus_speed_readback,benchmark-results-bus-speed-readback,74081853067,completed,failure,16KB,136,busspeedreadback,16KB,BusSpeedReadback,16KB,1,554000000.000000,554000000.000000,554000000.000000,2026-05-03T01:18:40.8237424Z,finished,6036,[OK] bus_speed_readback 16KB -> 554000000.000000 ms,Workflow-size invocation finished within the 3600s timeout and emitted a CSV row; matching method=artifact_csv_exact_kernel_size.
known_finished_from_downloaded_benchmark_results_csv_and_run_log_ok,downloaded artifact benchmark-results-bus-speed-readback/results_bus_speed_readback.csv line 7 plus run log line 6040,Tier 1,bus_speed_readback,benchmark-results-bus-speed-readback,74081853067,completed,failure,32KB,137,busspeedreadback,32KB,BusSpeedReadback,32KB,1,558000000.000000,558000000.000000,558000000.000000,2026-05-03T01:18:41.0979245Z,finished,6040,[OK] bus_speed_readback 32KB -> 558000000.000000 ms,Workflow-size invocation finished within the 3600s timeout and emitted a CSV row; matching method=artifact_csv_exact_kernel_size.
known_finished_from_downloaded_benchmark_results_csv_and_run_log_ok,downloaded artifact benchmark-results-bus-speed-readback/results_bus_speed_readback.csv line 8 plus run log line 6044,Tier 1,bus_speed_readback,benchmark-results-bus-speed-readback,74081853067,completed,failure,64KB,138,busspeedreadback,64KB,BusSpeedReadback,64KB,1,566000000.000000,566000000.000000,566000000.000000,2026-05-03T01:18:41.5027734Z,finished,6044,[OK] bus_speed_readback 64KB -> 566000000.000000 ms,Workflow-size invocation finished within the 3600s timeout and emitted a CSV row; matching method=artifact_csv_exact_kernel_size.
known_finished_from_downloaded_benchmark_results_csv_and_run_log_ok,downloaded artifact benchmark-results-bus-speed-readback/results_bus_speed_readback.csv line 9 plus run log line 6048,Tier 1,bus_speed_readback,benchmark-results-bus-speed-readback,74081853067,completed,failure,128KB,139,busspeedreadback,128KB,BusSpeedReadback,128KB,1,738000000.000000,738000000.000000,738000000.000000,2026-05-03T01:18:42.1118627Z,finished,6048,[OK] bus_speed_readback 128KB -> 738000000.000000 ms,Workflow-size invocation finished within the 3600s timeout and emitted a CSV row; matching method=artifact_csv_exact_kernel_size.
known_finished_from_downloaded_benchmark_results_csv_and_run_log_ok,downloaded artifact benchmark-results-bus-speed-readback/results_bus_speed_readback.csv line 10 plus run log line 6052,Tier 1,bus_speed_readback,benchmark-results-bus-speed-readback,74081853067,completed,failure,256KB,140,busspeedreadback,256KB,BusSpeedReadback,256KB,1,0.001144,0.001144,0.001144,2026-05-03T01:18:43.2067929Z,finished,6052,[OK] bus_speed_readback 256KB -> 0.001144 ms,Workflow-size invocation finished within the 3600s timeout and emitted a CSV row; matching method=artifact_csv_exact_kernel_size.
known_finished_from_downloaded_benchmark_results_csv_and_run_log_ok,downloaded artifact benchmark-results-bus-speed-readback/results_bus_speed_readback.csv line 11 plus run log line 6056,Tier 1,bus_speed_readback,benchmark-results-bus-speed-readback,74081853067,completed,failure,512KB,141,busspeedreadback,512KB,BusSpeedReadback,512KB,1,0.001947,0.001947,0.001947,2026-05-03T01:18:45.2313826Z,finished,6056,[OK] bus_speed_readback 512KB -> 0.001947 ms,Workflow-size invocation finished within the 3600s timeout and emitted a CSV row; matching method=artifact_csv_exact_kernel_size.
known_finished_from_downloaded_benchmark_results_csv_and_run_log_ok,downloaded artifact benchmark-results-bus-speed-readback/results_bus_speed_readback.csv line 12 plus run log line 6060,Tier 1,bus_speed_readback,benchmark-results-bus-speed-readback,74081853067,completed,failure,1024KB,142,busspeedreadback,1024KB,BusSpeedReadback,1024KB,1,0.003569,0.003569,0.003569,2026-05-03T01:18:49.7783781Z,finished,6060,[OK] bus_speed_readback 1024KB -> 0.003569 ms,Workflow-size invocation finished within the 3600s timeout and emitted a CSV row; matching method=artifact_csv_exact_kernel_size.
known_finished_from_downloaded_benchmark_results_csv_and_run_log_ok,downloaded artifact benchmark-results-bus-speed-readback/results_bus_speed_readback.csv line 13 plus run log line 6064,Tier 1,bus_speed_readback,benchmark-results-bus-speed-readback,74081853067,completed,failure,2048KB,143,busspeedreadback,2048KB,BusSpeedReadback,2048KB,1,0.006839,0.006839,0.006839,2026-05-03T01:19:01.1030234Z,finished,6064,[OK] bus_speed_readback 2048KB -> 0.006839 ms,Workflow-size invocation finished within the 3600s timeout and emitted a CSV row; matching method=artifact_csv_exact_kernel_size.
known_finished_from_downloaded_benchmark_results_csv_and_run_log_ok,downloaded artifact benchmark-results-bus-speed-readback/results_bus_speed_readback.csv line 14 plus run log line 6068,Tier 1,bus_speed_readback,benchmark-results-bus-speed-readback,74081853067,completed,failure,4096KB,144,busspeedreadback,4096KB,BusSpeedReadback,4096KB,1,0.013344,0.013344,0.013344,2026-05-03T01:19:35.7508641Z,finished,6068,[OK] bus_speed_readback 4096KB -> 0.013344 ms,Workflow-size invocation finished within the 3600s timeout and emitted a CSV row; matching method=artifact_csv_exact_kernel_size.
known_finished_from_downloaded_benchmark_results_csv_and_run_log_ok,downloaded artifact benchmark-results-bus-speed-readback/results_bus_speed_readback.csv line 15 plus run log line 6072,Tier 1,bus_speed_readback,benchmark-results-bus-speed-readback,74081853067,completed,failure,8192KB,145,busspeedreadback,8192KB,BusSpeedReadback,8192KB,1,0.026275,0.026275,0.026275,2026-05-03T01:20:52.3875905Z,finished,6072,[OK] bus_speed_readback 8192KB -> 0.026275 ms,Workflow-size invocation finished within the 3600s timeout and emitted a CSV row; matching method=artifact_csv_exact_kernel_size.
known_finished_from_downloaded_benchmark_results_csv_and_run_log_ok,downloaded artifact benchmark-results-bus-speed-readback/results_bus_speed_readback.csv line 16 plus run log line 6076,Tier 1,bus_speed_readback,benchmark-results-bus-speed-readback,74081853067,completed,failure,16384KB,146,busspeedreadback,16384KB,BusSpeedReadback,16384KB,1,0.052127,0.052127,0.052127,2026-05-03T01:24:14.4738663Z,finished,6076,[OK] bus_speed_readback 16384KB -> 0.052127 ms,Workflow-size invocation finished within the 3600s timeout and emitted a CSV row; matching method=artifact_csv_exact_kernel_size.
known_finished_from_downloaded_benchmark_results_csv_and_run_log_ok,downloaded artifact benchmark-results-bus-speed-readback/results_bus_speed_readback.csv line 17 plus run log line 6080,Tier 1,bus_speed_readback,benchmark-results-bus-speed-readback,74081853067,completed,failure,32768KB,147,busspeedreadback,32768KB,BusSpeedReadback,32768KB,1,0.103843,0.103843,0.103843,2026-05-03T01:47:31.2782464Z,finished,6080,[OK] bus_speed_readback 32768KB -> 0.103843 ms,Workflow-size invocation finished within the 3600s timeout and emitted a CSV row; matching method=artifact_csv_exact_kernel_size.
known_timed_out_3600s_from_run_log,run log line 6084,Tier 1,bus_speed_readback,benchmark-results-bus-speed-readback,74081853067,completed,failure,65536KB,148,busspeedreadback,65536KB,,,,,,,2026-05-03T02:47:31.3788975Z,timed_out_3600s,6084,##[warning]TIMEOUT: bus_speed_readback 65536KB (>3600s),Workflow-size invocation failed before a usable CSV row for this plan entry; later entries in this benchmark job stop after first timeout/crash because the workflow loop breaks.
unknown_not_attempted_after_prior_failure_or_no_matching_artifact_log_evidence,downloaded artifacts plus complete run log had no matching CSV/OK/TIMEOUT/CRASH event for this plan entry,Tier 1,bus_speed_readback,benchmark-results-bus-speed-readback,74081853067,completed,failure,131072KB,149,busspeedreadback,131072KB,,,,,,,,unknown,,,No row-level terminal evidence for this plan entry in current run artifacts/logs; for failed jobs this generally means the workflow loop did not attempt later sizes after the first failure.
unknown_not_attempted_after_prior_failure_or_no_matching_artifact_log_evidence,downloaded artifacts plus complete run log had no matching CSV/OK/TIMEOUT/CRASH event for this plan entry,Tier 1,bus_speed_readback,benchmark-results-bus-speed-readback,74081853067,completed,failure,262144KB,150,busspeedreadback,262144KB,,,,,,,,unknown,,,No row-level terminal evidence for this plan entry in current run artifacts/logs; for failed jobs this generally means the workflow loop did not attempt later sizes after the first failure.
known_finished_from_downloaded_benchmark_results_csv_and_run_log_ok,downloaded artifact benchmark-results-max-flops/results_max_flops.csv line 2 plus run log line 10961,Tier 1,max_flops,benchmark-results-max-flops,74081853075,completed,failure,512,151,maxflops,512,MaxFlops,512,1,0.006158,0.006158,0.006158,2026-05-03T01:18:39.3745903Z,finished,10961,[OK] max_flops 512 -> 0.006158 ms,Workflow-size invocation finished within the 3600s timeout and emitted a CSV row; matching method=artifact_csv_exact_kernel_size.
known_finished_from_downloaded_benchmark_results_csv_and_run_log_ok,downloaded artifact benchmark-results-max-flops/results_max_flops.csv line 3 plus run log line 10965,Tier 1,max_flops,benchmark-results-max-flops,74081853075,completed,failure,1024,152,maxflops,1024,MaxFlops,1024,1,0.006158,0.006158,0.006158,2026-05-03T01:18:39.9243576Z,finished,10965,[OK] max_flops 1024 -> 0.006158 ms,Workflow-size invocation finished within the 3600s timeout and emitted a CSV row; matching method=artifact_csv_exact_kernel_size.
known_finished_from_downloaded_benchmark_results_csv_and_run_log_ok,downloaded artifact benchmark-results-max-flops/results_max_flops.csv line 4 plus run log line 10969,Tier 1,max_flops,benchmark-results-max-flops,74081853075,completed,failure,2048,153,maxflops,2048,MaxFlops,2048,1,0.006112,0.006112,0.006112,2026-05-03T01:18:40.8259626Z,finished,10969,[OK] max_flops 2048 -> 0.006112 ms,Workflow-size invocation finished within the 3600s timeout and emitted a CSV row; matching method=artifact_csv_exact_kernel_size.
known_finished_from_downloaded_benchmark_results_csv_and_run_log_ok,downloaded artifact benchmark-results-max-flops/results_max_flops.csv line 5 plus run log line 10973,Tier 1,max_flops,benchmark-results-max-flops,74081853075,completed,failure,4096,154,maxflops,4096,MaxFlops,4096,1,0.006161,0.006161,0.006161,2026-05-03T01:18:42.3968734Z,finished,10973,[OK] max_flops 4096 -> 0.006161 ms,Workflow-size invocation finished within the 3600s timeout and emitted a CSV row; matching method=artifact_csv_exact_kernel_size.
known_finished_from_downloaded_benchmark_results_csv_and_run_log_ok,downloaded artifact benchmark-results-max-flops/results_max_flops.csv line 6 plus run log line 10977,Tier 1,max_flops,benchmark-results-max-flops,74081853075,completed,failure,8192,155,maxflops,8192,MaxFlops,8192,1,0.006164,0.006164,0.006164,2026-05-03T01:18:46.0626877Z,finished,10977,[OK] max_flops 8192 -> 0.006164 ms,Workflow-size invocation finished within the 3600s timeout and emitted a CSV row; matching method=artifact_csv_exact_kernel_size.
known_finished_from_downloaded_benchmark_results_csv_and_run_log_ok,downloaded artifact benchmark-results-max-flops/results_max_flops.csv line 7 plus run log line 10981,Tier 1,max_flops,benchmark-results-max-flops,74081853075,completed,failure,16384,156,maxflops,16384,MaxFlops,16384,1,0.006172,0.006172,0.006172,2026-05-03T01:18:56.1012555Z,finished,10981,[OK] max_flops 16384 -> 0.006172 ms,Workflow-size invocation finished within the 3600s timeout and emitted a CSV row; matching method=artifact_csv_exact_kernel_size.
known_finished_from_downloaded_benchmark_results_csv_and_run_log_ok,downloaded artifact benchmark-results-max-flops/results_max_flops.csv line 8 plus run log line 10985,Tier 1,max_flops,benchmark-results-max-flops,74081853075,completed,failure,32768,157,maxflops,32768,MaxFlops,32768,1,0.006274,0.006274,0.006274,2026-05-03T01:19:20.7811163Z,finished,10985,[OK] max_flops 32768 -> 0.006274 ms,Workflow-size invocation finished within the 3600s timeout and emitted a CSV row; matching method=artifact_csv_exact_kernel_size.
known_finished_from_downloaded_benchmark_results_csv_and_run_log_ok,downloaded artifact benchmark-results-max-flops/results_max_flops.csv line 9 plus run log line 10989,Tier 1,max_flops,benchmark-results-max-flops,74081853075,completed,failure,65536,158,maxflops,65536,MaxFlops,65536,1,0.006470,0.006470,0.006470,2026-05-03T01:20:22.5660098Z,finished,10989,[OK] max_flops 65536 -> 0.006470 ms,Workflow-size invocation finished within the 3600s timeout and emitted a CSV row; matching method=artifact_csv_exact_kernel_size.
known_finished_from_downloaded_benchmark_results_csv_and_run_log_ok,downloaded artifact benchmark-results-max-flops/results_max_flops.csv line 10 plus run log line 10993,Tier 1,max_flops,benchmark-results-max-flops,74081853075,completed,failure,131072,159,maxflops,131072,MaxFlops,131072,1,0.006838,0.006838,0.006838,2026-05-03T01:22:51.3635434Z,finished,10993,[OK] max_flops 131072 -> 0.006838 ms,Workflow-size invocation finished within the 3600s timeout and emitted a CSV row; matching method=artifact_csv_exact_kernel_size.
known_finished_from_downloaded_benchmark_results_csv_and_run_log_ok,downloaded artifact benchmark-results-max-flops/results_max_flops.csv line 11 plus run log line 10997,Tier 1,max_flops,benchmark-results-max-flops,74081853075,completed,failure,262144,160,maxflops,262144,MaxFlops,262144,1,0.008691,0.008691,0.008691,2026-05-03T01:30:35.2312198Z,finished,10997,[OK] max_flops 262144 -> 0.008691 ms,Workflow-size invocation finished within the 3600s timeout and emitted a CSV row; matching method=artifact_csv_exact_kernel_size.
known_finished_from_downloaded_benchmark_results_csv_and_run_log_ok,downloaded artifact benchmark-results-max-flops/results_max_flops.csv line 12 plus run log line 11001,Tier 1,max_flops,benchmark-results-max-flops,74081853075,completed,failure,524288,161,maxflops,524288,MaxFlops,524288,1,0.018244,0.018244,0.018244,2026-05-03T02:12:00.8265219Z,finished,11001,[OK] max_flops 524288 -> 0.018244 ms,Workflow-size invocation finished within the 3600s timeout and emitted a CSV row; matching method=artifact_csv_exact_kernel_size.
known_timed_out_3600s_from_run_log,run log line 11005,Tier 1,max_flops,benchmark-results-max-flops,74081853075,completed,failure,1048576,162,maxflops,1048576,,,,,,,2026-05-03T03:12:01.0069234Z,timed_out_3600s,11005,##[warning]TIMEOUT: max_flops 1048576 (>3600s),Workflow-size invocation failed before a usable CSV row for this plan entry; later entries in this benchmark job stop after first timeout/crash because the workflow loop breaks.
unknown_not_attempted_after_prior_failure_or_no_matching_artifact_log_evidence,downloaded artifacts plus complete run log had no matching CSV/OK/TIMEOUT/CRASH event for this plan entry,Tier 1,max_flops,benchmark-results-max-flops,74081853075,completed,failure,2097152,163,maxflops,2097152,,,,,,,,unknown,,,No row-level terminal evidence for this plan entry in current run artifacts/logs; for failed jobs this generally means the workflow loop did not attempt later sizes after the first failure.
unknown_not_attempted_after_prior_failure_or_no_matching_artifact_log_evidence,downloaded artifacts plus complete run log had no matching CSV/OK/TIMEOUT/CRASH event for this plan entry,Tier 1,max_flops,benchmark-results-max-flops,74081853075,completed,failure,4194304,164,maxflops,4194304,,,,,,,,unknown,,,No row-level terminal evidence for this plan entry in current run artifacts/logs; for failed jobs this generally means the workflow loop did not attempt later sizes after the first failure.
unknown_not_attempted_after_prior_failure_or_no_matching_artifact_log_evidence,downloaded artifacts plus complete run log had no matching CSV/OK/TIMEOUT/CRASH event for this plan entry,Tier 1,max_flops,benchmark-results-max-flops,74081853075,completed,failure,8388608,165,maxflops,8388608,,,,,,,,unknown,,,No row-level terminal evidence for this plan entry in current run artifacts/logs; for failed jobs this generally means the workflow loop did not attempt later sizes after the first failure.
unknown_not_attempted_after_prior_failure_or_no_matching_artifact_log_evidence,downloaded artifacts plus complete run log had no matching CSV/OK/TIMEOUT/CRASH event for this plan entry,Tier 1,max_flops,benchmark-results-max-flops,74081853075,completed,failure,16777216,166,maxflops,16777216,,,,,,,,unknown,,,No row-level terminal evidence for this plan entry in current run artifacts/logs; for failed jobs this generally means the workflow loop did not attempt later sizes after the first failure.
known_timed_out_3600s_from_run_log,run log line 16095,Tier 1,fp32_fma,benchmark-results-fp32-fma,74081853089,completed,failure,1024,167,fp32_fma,1024,,,,,,,2026-05-03T02:18:40.7605784Z,timed_out_3600s,16095,##[warning]TIMEOUT: fp32_fma 1024 (>3600s),Workflow-size invocation failed before a usable CSV row for this plan entry; later entries in this benchmark job stop after first timeout/crash because the workflow loop breaks.
unknown_not_attempted_after_prior_failure_or_no_matching_artifact_log_evidence,downloaded artifacts plus complete run log had no matching CSV/OK/TIMEOUT/CRASH event for this plan entry,Tier 1,fp32_fma,benchmark-results-fp32-fma,74081853089,completed,failure,2048,168,fp32_fma,2048,,,,,,,,unknown,,,No row-level terminal evidence for this plan entry in current run artifacts/logs; for failed jobs this generally means the workflow loop did not attempt later sizes after the first failure.
unknown_not_attempted_after_prior_failure_or_no_matching_artifact_log_evidence,downloaded artifacts plus complete run log had no matching CSV/OK/TIMEOUT/CRASH event for this plan entry,Tier 1,fp32_fma,benchmark-results-fp32-fma,74081853089,completed,failure,4096,169,fp32_fma,4096,,,,,,,,unknown,,,No row-level terminal evidence for this plan entry in current run artifacts/logs; for failed jobs this generally means the workflow loop did not attempt later sizes after the first failure.
unknown_not_attempted_after_prior_failure_or_no_matching_artifact_log_evidence,downloaded artifacts plus complete run log had no matching CSV/OK/TIMEOUT/CRASH event for this plan entry,Tier 1,fp32_fma,benchmark-results-fp32-fma,74081853089,completed,failure,8192,170,fp32_fma,8192,,,,,,,,unknown,,,No row-level terminal evidence for this plan entry in current run artifacts/logs; for failed jobs this generally means the workflow loop did not attempt later sizes after the first failure.
unknown_not_attempted_after_prior_failure_or_no_matching_artifact_log_evidence,downloaded artifacts plus complete run log had no matching CSV/OK/TIMEOUT/CRASH event for this plan entry,Tier 1,fp32_fma,benchmark-results-fp32-fma,74081853089,completed,failure,16384,171,fp32_fma,16384,,,,,,,,unknown,,,No row-level terminal evidence for this plan entry in current run artifacts/logs; for failed jobs this generally means the workflow loop did not attempt later sizes after the first failure.
unknown_not_attempted_after_prior_failure_or_no_matching_artifact_log_evidence,downloaded artifacts plus complete run log had no matching CSV/OK/TIMEOUT/CRASH event for this plan entry,Tier 1,fp32_fma,benchmark-results-fp32-fma,74081853089,completed,failure,32768,172,fp32_fma,32768,,,,,,,,unknown,,,No row-level terminal evidence for this plan entry in current run artifacts/logs; for failed jobs this generally means the workflow loop did not attempt later sizes after the first failure.
unknown_not_attempted_after_prior_failure_or_no_matching_artifact_log_evidence,downloaded artifacts plus complete run log had no matching CSV/OK/TIMEOUT/CRASH event for this plan entry,Tier 1,fp32_fma,benchmark-results-fp32-fma,74081853089,completed,failure,65536,173,fp32_fma,65536,,,,,,,,unknown,,,No row-level terminal evidence for this plan entry in current run artifacts/logs; for failed jobs this generally means the workflow loop did not attempt later sizes after the first failure.
unknown_not_attempted_after_prior_failure_or_no_matching_artifact_log_evidence,downloaded artifacts plus complete run log had no matching CSV/OK/TIMEOUT/CRASH event for this plan entry,Tier 1,fp32_fma,benchmark-results-fp32-fma,74081853089,completed,failure,131072,174,fp32_fma,131072,,,,,,,,unknown,,,No row-level terminal evidence for this plan entry in current run artifacts/logs; for failed jobs this generally means the workflow loop did not attempt later sizes after the first failure.
unknown_not_attempted_after_prior_failure_or_no_matching_artifact_log_evidence,downloaded artifacts plus complete run log had no matching CSV/OK/TIMEOUT/CRASH event for this plan entry,Tier 1,fp32_fma,benchmark-results-fp32-fma,74081853089,completed,failure,262144,175,fp32_fma,262144,,,,,,,,unknown,,,No row-level terminal evidence for this plan entry in current run artifacts/logs; for failed jobs this generally means the workflow loop did not attempt later sizes after the first failure.
unknown_not_attempted_after_prior_failure_or_no_matching_artifact_log_evidence,downloaded artifacts plus complete run log had no matching CSV/OK/TIMEOUT/CRASH event for this plan entry,Tier 1,fp32_fma,benchmark-results-fp32-fma,74081853089,completed,failure,524288,176,fp32_fma,524288,,,,,,,,unknown,,,No row-level terminal evidence for this plan entry in current run artifacts/logs; for failed jobs this generally means the workflow loop did not attempt later sizes after the first failure.
unknown_not_attempted_after_prior_failure_or_no_matching_artifact_log_evidence,downloaded artifacts plus complete run log had no matching CSV/OK/TIMEOUT/CRASH event for this plan entry,Tier 1,fp32_fma,benchmark-results-fp32-fma,74081853089,completed,failure,1048576,177,fp32_fma,1048576,,,,,,,,unknown,,,No row-level terminal evidence for this plan entry in current run artifacts/logs; for failed jobs this generally means the workflow loop did not attempt later sizes after the first failure.
unknown_not_attempted_after_prior_failure_or_no_matching_artifact_log_evidence,downloaded artifacts plus complete run log had no matching CSV/OK/TIMEOUT/CRASH event for this plan entry,Tier 1,fp32_fma,benchmark-results-fp32-fma,74081853089,completed,failure,2097152,178,fp32_fma,2097152,,,,,,,,unknown,,,No row-level terminal evidence for this plan entry in current run artifacts/logs; for failed jobs this generally means the workflow loop did not attempt later sizes after the first failure.
unknown_not_attempted_after_prior_failure_or_no_matching_artifact_log_evidence,downloaded artifacts plus complete run log had no matching CSV/OK/TIMEOUT/CRASH event for this plan entry,Tier 1,fp32_fma,benchmark-results-fp32-fma,74081853089,completed,failure,4194304,179,fp32_fma,4194304,,,,,,,,unknown,,,No row-level terminal evidence for this plan entry in current run artifacts/logs; for failed jobs this generally means the workflow loop did not attempt later sizes after the first failure.
unknown_not_attempted_after_prior_failure_or_no_matching_artifact_log_evidence,downloaded artifacts plus complete run log had no matching CSV/OK/TIMEOUT/CRASH event for this plan entry,Tier 1,fp32_fma,benchmark-results-fp32-fma,74081853089,completed,failure,8388608,180,fp32_fma,8388608,,,,,,,,unknown,,,No row-level terminal evidence for this plan entry in current run artifacts/logs; for failed jobs this generally means the workflow loop did not attempt later sizes after the first failure.
unknown_not_attempted_after_prior_failure_or_no_matching_artifact_log_evidence,downloaded artifacts plus complete run log had no matching CSV/OK/TIMEOUT/CRASH event for this plan entry,Tier 1,fp32_fma,benchmark-results-fp32-fma,74081853089,completed,failure,16777216,181,fp32_fma,16777216,,,,,,,,unknown,,,No row-level terminal evidence for this plan entry in current run artifacts/logs; for failed jobs this generally means the workflow loop did not attempt later sizes after the first failure.
unknown_not_attempted_after_prior_failure_or_no_matching_artifact_log_evidence,downloaded artifacts plus complete run log had no matching CSV/OK/TIMEOUT/CRASH event for this plan entry,Tier 1,fp32_fma,benchmark-results-fp32-fma,74081853089,completed,failure,33554432,182,fp32_fma,33554432,,,,,,,,unknown,,,No row-level terminal evidence for this plan entry in current run artifacts/logs; for failed jobs this generally means the workflow loop did not attempt later sizes after the first failure.
known_timed_out_3600s_from_run_log,run log line 8673,Tier 1,fp64_fma,benchmark-results-fp64-fma,74081853071,completed,failure,1024,183,fp64_fma,1024,,,,,,,2026-05-03T02:18:40.1204369Z,timed_out_3600s,8673,##[warning]TIMEOUT: fp64_fma 1024 (>3600s),Workflow-size invocation failed before a usable CSV row for this plan entry; later entries in this benchmark job stop after first timeout/crash because the workflow loop breaks.
unknown_not_attempted_after_prior_failure_or_no_matching_artifact_log_evidence,downloaded artifacts plus complete run log had no matching CSV/OK/TIMEOUT/CRASH event for this plan entry,Tier 1,fp64_fma,benchmark-results-fp64-fma,74081853071,completed,failure,2048,184,fp64_fma,2048,,,,,,,,unknown,,,No row-level terminal evidence for this plan entry in current run artifacts/logs; for failed jobs this generally means the workflow loop did not attempt later sizes after the first failure.
unknown_not_attempted_after_prior_failure_or_no_matching_artifact_log_evidence,downloaded artifacts plus complete run log had no matching CSV/OK/TIMEOUT/CRASH event for this plan entry,Tier 1,fp64_fma,benchmark-results-fp64-fma,74081853071,completed,failure,4096,185,fp64_fma,4096,,,,,,,,unknown,,,No row-level terminal evidence for this plan entry in current run artifacts/logs; for failed jobs this generally means the workflow loop did not attempt later sizes after the first failure.
unknown_not_attempted_after_prior_failure_or_no_matching_artifact_log_evidence,downloaded artifacts plus complete run log had no matching CSV/OK/TIMEOUT/CRASH event for this plan entry,Tier 1,fp64_fma,benchmark-results-fp64-fma,74081853071,completed,failure,8192,186,fp64_fma,8192,,,,,,,,unknown,,,No row-level terminal evidence for this plan entry in current run artifacts/logs; for failed jobs this generally means the workflow loop did not attempt later sizes after the first failure.
unknown_not_attempted_after_prior_failure_or_no_matching_artifact_log_evidence,downloaded artifacts plus complete run log had no matching CSV/OK/TIMEOUT/CRASH event for this plan entry,Tier 1,fp64_fma,benchmark-results-fp64-fma,74081853071,completed,failure,16384,187,fp64_fma,16384,,,,,,,,unknown,,,No row-level terminal evidence for this plan entry in current run artifacts/logs; for failed jobs this generally means the workflow loop did not attempt later sizes after the first failure.
unknown_not_attempted_after_prior_failure_or_no_matching_artifact_log_evidence,downloaded artifacts plus complete run log had no matching CSV/OK/TIMEOUT/CRASH event for this plan entry,Tier 1,fp64_fma,benchmark-results-fp64-fma,74081853071,completed,failure,32768,188,fp64_fma,32768,,,,,,,,unknown,,,No row-level terminal evidence for this plan entry in current run artifacts/logs; for failed jobs this generally means the workflow loop did not attempt later sizes after the first failure.
unknown_not_attempted_after_prior_failure_or_no_matching_artifact_log_evidence,downloaded artifacts plus complete run log had no matching CSV/OK/TIMEOUT/CRASH event for this plan entry,Tier 1,fp64_fma,benchmark-results-fp64-fma,74081853071,completed,failure,65536,189,fp64_fma,65536,,,,,,,,unknown,,,No row-level terminal evidence for this plan entry in current run artifacts/logs; for failed jobs this generally means the workflow loop did not attempt later sizes after the first failure.
unknown_not_attempted_after_prior_failure_or_no_matching_artifact_log_evidence,downloaded artifacts plus complete run log had no matching CSV/OK/TIMEOUT/CRASH event for this plan entry,Tier 1,fp64_fma,benchmark-results-fp64-fma,74081853071,completed,failure,131072,190,fp64_fma,131072,,,,,,,,unknown,,,No row-level terminal evidence for this plan entry in current run artifacts/logs; for failed jobs this generally means the workflow loop did not attempt later sizes after the first failure.
unknown_not_attempted_after_prior_failure_or_no_matching_artifact_log_evidence,downloaded artifacts plus complete run log had no matching CSV/OK/TIMEOUT/CRASH event for this plan entry,Tier 1,fp64_fma,benchmark-results-fp64-fma,74081853071,completed,failure,262144,191,fp64_fma,262144,,,,,,,,unknown,,,No row-level terminal evidence for this plan entry in current run artifacts/logs; for failed jobs this generally means the workflow loop did not attempt later sizes after the first failure.
unknown_not_attempted_after_prior_failure_or_no_matching_artifact_log_evidence,downloaded artifacts plus complete run log had no matching CSV/OK/TIMEOUT/CRASH event for this plan entry,Tier 1,fp64_fma,benchmark-results-fp64-fma,74081853071,completed,failure,524288,192,fp64_fma,524288,,,,,,,,unknown,,,No row-level terminal evidence for this plan entry in current run artifacts/logs; for failed jobs this generally means the workflow loop did not attempt later sizes after the first failure.
unknown_not_attempted_after_prior_failure_or_no_matching_artifact_log_evidence,downloaded artifacts plus complete run log had no matching CSV/OK/TIMEOUT/CRASH event for this plan entry,Tier 1,fp64_fma,benchmark-results-fp64-fma,74081853071,completed,failure,1048576,193,fp64_fma,1048576,,,,,,,,unknown,,,No row-level terminal evidence for this plan entry in current run artifacts/logs; for failed jobs this generally means the workflow loop did not attempt later sizes after the first failure.
unknown_not_attempted_after_prior_failure_or_no_matching_artifact_log_evidence,downloaded artifacts plus complete run log had no matching CSV/OK/TIMEOUT/CRASH event for this plan entry,Tier 1,fp64_fma,benchmark-results-fp64-fma,74081853071,completed,failure,2097152,194,fp64_fma,2097152,,,,,,,,unknown,,,No row-level terminal evidence for this plan entry in current run artifacts/logs; for failed jobs this generally means the workflow loop did not attempt later sizes after the first failure.
unknown_not_attempted_after_prior_failure_or_no_matching_artifact_log_evidence,downloaded artifacts plus complete run log had no matching CSV/OK/TIMEOUT/CRASH event for this plan entry,Tier 1,fp64_fma,benchmark-results-fp64-fma,74081853071,completed,failure,4194304,195,fp64_fma,4194304,,,,,,,,unknown,,,No row-level terminal evidence for this plan entry in current run artifacts/logs; for failed jobs this generally means the workflow loop did not attempt later sizes after the first failure.
unknown_not_attempted_after_prior_failure_or_no_matching_artifact_log_evidence,downloaded artifacts plus complete run log had no matching CSV/OK/TIMEOUT/CRASH event for this plan entry,Tier 1,fp64_fma,benchmark-results-fp64-fma,74081853071,completed,failure,8388608,196,fp64_fma,8388608,,,,,,,,unknown,,,No row-level terminal evidence for this plan entry in current run artifacts/logs; for failed jobs this generally means the workflow loop did not attempt later sizes after the first failure.
unknown_not_attempted_after_prior_failure_or_no_matching_artifact_log_evidence,downloaded artifacts plus complete run log had no matching CSV/OK/TIMEOUT/CRASH event for this plan entry,Tier 1,fp64_fma,benchmark-results-fp64-fma,74081853071,completed,failure,16777216,197,fp64_fma,16777216,,,,,,,,unknown,,,No row-level terminal evidence for this plan entry in current run artifacts/logs; for failed jobs this generally means the workflow loop did not attempt later sizes after the first failure.
unknown_not_attempted_after_prior_failure_or_no_matching_artifact_log_evidence,downloaded artifacts plus complete run log had no matching CSV/OK/TIMEOUT/CRASH event for this plan entry,Tier 1,fp64_fma,benchmark-results-fp64-fma,74081853071,completed,failure,33554432,198,fp64_fma,33554432,,,,,,,,unknown,,,No row-level terminal evidence for this plan entry in current run artifacts/logs; for failed jobs this generally means the workflow loop did not attempt later sizes after the first failure.
known_timed_out_3600s_from_run_log,run log line 12653,Tier 1,int_mad,benchmark-results-int-mad,74081853080,completed,failure,1024,199,int_mad,1024,,,,,,,2026-05-03T02:18:39.5750592Z,timed_out_3600s,12653,##[warning]TIMEOUT: int_mad 1024 (>3600s),Workflow-size invocation failed before a usable CSV row for this plan entry; later entries in this benchmark job stop after first timeout/crash because the workflow loop breaks.
unknown_not_attempted_after_prior_failure_or_no_matching_artifact_log_evidence,downloaded artifacts plus complete run log had no matching CSV/OK/TIMEOUT/CRASH event for this plan entry,Tier 1,int_mad,benchmark-results-int-mad,74081853080,completed,failure,2048,200,int_mad,2048,,,,,,,,unknown,,,No row-level terminal evidence for this plan entry in current run artifacts/logs; for failed jobs this generally means the workflow loop did not attempt later sizes after the first failure.
unknown_not_attempted_after_prior_failure_or_no_matching_artifact_log_evidence,downloaded artifacts plus complete run log had no matching CSV/OK/TIMEOUT/CRASH event for this plan entry,Tier 1,int_mad,benchmark-results-int-mad,74081853080,completed,failure,4096,201,int_mad,4096,,,,,,,,unknown,,,No row-level terminal evidence for this plan entry in current run artifacts/logs; for failed jobs this generally means the workflow loop did not attempt later sizes after the first failure.
unknown_not_attempted_after_prior_failure_or_no_matching_artifact_log_evidence,downloaded artifacts plus complete run log had no matching CSV/OK/TIMEOUT/CRASH event for this plan entry,Tier 1,int_mad,benchmark-results-int-mad,74081853080,completed,failure,8192,202,int_mad,8192,,,,,,,,unknown,,,No row-level terminal evidence for this plan entry in current run artifacts/logs; for failed jobs this generally means the workflow loop did not attempt later sizes after the first failure.
unknown_not_attempted_after_prior_failure_or_no_matching_artifact_log_evidence,downloaded artifacts plus complete run log had no matching CSV/OK/TIMEOUT/CRASH event for this plan entry,Tier 1,int_mad,benchmark-results-int-mad,74081853080,completed,failure,16384,203,int_mad,16384,,,,,,,,unknown,,,No row-level terminal evidence for this plan entry in current run artifacts/logs; for failed jobs this generally means the workflow loop did not attempt later sizes after the first failure.
unknown_not_attempted_after_prior_failure_or_no_matching_artifact_log_evidence,downloaded artifacts plus complete run log had no matching CSV/OK/TIMEOUT/CRASH event for this plan entry,Tier 1,int_mad,benchmark-results-int-mad,74081853080,completed,failure,32768,204,int_mad,32768,,,,,,,,unknown,,,No row-level terminal evidence for this plan entry in current run artifacts/logs; for failed jobs this generally means the workflow loop did not attempt later sizes after the first failure.
unknown_not_attempted_after_prior_failure_or_no_matching_artifact_log_evidence,downloaded artifacts plus complete run log had no matching CSV/OK/TIMEOUT/CRASH event for this plan entry,Tier 1,int_mad,benchmark-results-int-mad,74081853080,completed,failure,65536,205,int_mad,65536,,,,,,,,unknown,,,No row-level terminal evidence for this plan entry in current run artifacts/logs; for failed jobs this generally means the workflow loop did not attempt later sizes after the first failure.
unknown_not_attempted_after_prior_failure_or_no_matching_artifact_log_evidence,downloaded artifacts plus complete run log had no matching CSV/OK/TIMEOUT/CRASH event for this plan entry,Tier 1,int_mad,benchmark-results-int-mad,74081853080,completed,failure,131072,206,int_mad,131072,,,,,,,,unknown,,,No row-level terminal evidence for this plan entry in current run artifacts/logs; for failed jobs this generally means the workflow loop did not attempt later sizes after the first failure.
unknown_not_attempted_after_prior_failure_or_no_matching_artifact_log_evidence,downloaded artifacts plus complete run log had no matching CSV/OK/TIMEOUT/CRASH event for this plan entry,Tier 1,int_mad,benchmark-results-int-mad,74081853080,completed,failure,262144,207,int_mad,262144,,,,,,,,unknown,,,No row-level terminal evidence for this plan entry in current run artifacts/logs; for failed jobs this generally means the workflow loop did not attempt later sizes after the first failure.
unknown_not_attempted_after_prior_failure_or_no_matching_artifact_log_evidence,downloaded artifacts plus complete run log had no matching CSV/OK/TIMEOUT/CRASH event for this plan entry,Tier 1,int_mad,benchmark-results-int-mad,74081853080,completed,failure,524288,208,int_mad,524288,,,,,,,,unknown,,,No row-level terminal evidence for this plan entry in current run artifacts/logs; for failed jobs this generally means the workflow loop did not attempt later sizes after the first failure.
unknown_not_attempted_after_prior_failure_or_no_matching_artifact_log_evidence,downloaded artifacts plus complete run log had no matching CSV/OK/TIMEOUT/CRASH event for this plan entry,Tier 1,int_mad,benchmark-results-int-mad,74081853080,completed,failure,1048576,209,int_mad,1048576,,,,,,,,unknown,,,No row-level terminal evidence for this plan entry in current run artifacts/logs; for failed jobs this generally means the workflow loop did not attempt later sizes after the first failure.
unknown_not_attempted_after_prior_failure_or_no_matching_artifact_log_evidence,downloaded artifacts plus complete run log had no matching CSV/OK/TIMEOUT/CRASH event for this plan entry,Tier 1,int_mad,benchmark-results-int-mad,74081853080,completed,failure,2097152,210,int_mad,2097152,,,,,,,,unknown,,,No row-level terminal evidence for this plan entry in current run artifacts/logs; for failed jobs this generally means the workflow loop did not attempt later sizes after the first failure.
unknown_not_attempted_after_prior_failure_or_no_matching_artifact_log_evidence,downloaded artifacts plus complete run log had no matching CSV/OK/TIMEOUT/CRASH event for this plan entry,Tier 1,int_mad,benchmark-results-int-mad,74081853080,completed,failure,4194304,211,int_mad,4194304,,,,,,,,unknown,,,No row-level terminal evidence for this plan entry in current run artifacts/logs; for failed jobs this generally means the workflow loop did not attempt later sizes after the first failure.
unknown_not_attempted_after_prior_failure_or_no_matching_artifact_log_evidence,downloaded artifacts plus complete run log had no matching CSV/OK/TIMEOUT/CRASH event for this plan entry,Tier 1,int_mad,benchmark-results-int-mad,74081853080,completed,failure,8388608,212,int_mad,8388608,,,,,,,,unknown,,,No row-level terminal evidence for this plan entry in current run artifacts/logs; for failed jobs this generally means the workflow loop did not attempt later sizes after the first failure.
unknown_not_attempted_after_prior_failure_or_no_matching_artifact_log_evidence,downloaded artifacts plus complete run log had no matching CSV/OK/TIMEOUT/CRASH event for this plan entry,Tier 1,int_mad,benchmark-results-int-mad,74081853080,completed,failure,16777216,213,int_mad,16777216,,,,,,,,unknown,,,No row-level terminal evidence for this plan entry in current run artifacts/logs; for failed jobs this generally means the workflow loop did not attempt later sizes after the first failure.
unknown_not_attempted_after_prior_failure_or_no_matching_artifact_log_evidence,downloaded artifacts plus complete run log had no matching CSV/OK/TIMEOUT/CRASH event for this plan entry,Tier 1,int_mad,benchmark-results-int-mad,74081853080,completed,failure,33554432,214,int_mad,33554432,,,,,,,,unknown,,,No row-level terminal evidence for this plan entry in current run artifacts/logs; for failed jobs this generally means the workflow loop did not attempt later sizes after the first failure.
known_timed_out_3600s_from_run_log,run log line 14661,Tier 1,sfun_sin,benchmark-results-sfun-sin,74081853084,completed,failure,1024,215,sfun_sin,1024,,,,,,,2026-05-03T02:18:41.1666272Z,timed_out_3600s,14661,##[warning]TIMEOUT: sfun_sin 1024 (>3600s),Workflow-size invocation failed before a usable CSV row for this plan entry; later entries in this benchmark job stop after first timeout/crash because the workflow loop breaks.
unknown_not_attempted_after_prior_failure_or_no_matching_artifact_log_evidence,downloaded artifacts plus complete run log had no matching CSV/OK/TIMEOUT/CRASH event for this plan entry,Tier 1,sfun_sin,benchmark-results-sfun-sin,74081853084,completed,failure,2048,216,sfun_sin,2048,,,,,,,,unknown,,,No row-level terminal evidence for this plan entry in current run artifacts/logs; for failed jobs this generally means the workflow loop did not attempt later sizes after the first failure.
unknown_not_attempted_after_prior_failure_or_no_matching_artifact_log_evidence,downloaded artifacts plus complete run log had no matching CSV/OK/TIMEOUT/CRASH event for this plan entry,Tier 1,sfun_sin,benchmark-results-sfun-sin,74081853084,completed,failure,4096,217,sfun_sin,4096,,,,,,,,unknown,,,No row-level terminal evidence for this plan entry in current run artifacts/logs; for failed jobs this generally means the workflow loop did not attempt later sizes after the first failure.
unknown_not_attempted_after_prior_failure_or_no_matching_artifact_log_evidence,downloaded artifacts plus complete run log had no matching CSV/OK/TIMEOUT/CRASH event for this plan entry,Tier 1,sfun_sin,benchmark-results-sfun-sin,74081853084,completed,failure,8192,218,sfun_sin,8192,,,,,,,,unknown,,,No row-level terminal evidence for this plan entry in current run artifacts/logs; for failed jobs this generally means the workflow loop did not attempt later sizes after the first failure.
unknown_not_attempted_after_prior_failure_or_no_matching_artifact_log_evidence,downloaded artifacts plus complete run log had no matching CSV/OK/TIMEOUT/CRASH event for this plan entry,Tier 1,sfun_sin,benchmark-results-sfun-sin,74081853084,completed,failure,16384,219,sfun_sin,16384,,,,,,,,unknown,,,No row-level terminal evidence for this plan entry in current run artifacts/logs; for failed jobs this generally means the workflow loop did not attempt later sizes after the first failure.
unknown_not_attempted_after_prior_failure_or_no_matching_artifact_log_evidence,downloaded artifacts plus complete run log had no matching CSV/OK/TIMEOUT/CRASH event for this plan entry,Tier 1,sfun_sin,benchmark-results-sfun-sin,74081853084,completed,failure,32768,220,sfun_sin,32768,,,,,,,,unknown,,,No row-level terminal evidence for this plan entry in current run artifacts/logs; for failed jobs this generally means the workflow loop did not attempt later sizes after the first failure.
unknown_not_attempted_after_prior_failure_or_no_matching_artifact_log_evidence,downloaded artifacts plus complete run log had no matching CSV/OK/TIMEOUT/CRASH event for this plan entry,Tier 1,sfun_sin,benchmark-results-sfun-sin,74081853084,completed,failure,65536,221,sfun_sin,65536,,,,,,,,unknown,,,No row-level terminal evidence for this plan entry in current run artifacts/logs; for failed jobs this generally means the workflow loop did not attempt later sizes after the first failure.
unknown_not_attempted_after_prior_failure_or_no_matching_artifact_log_evidence,downloaded artifacts plus complete run log had no matching CSV/OK/TIMEOUT/CRASH event for this plan entry,Tier 1,sfun_sin,benchmark-results-sfun-sin,74081853084,completed,failure,131072,222,sfun_sin,131072,,,,,,,,unknown,,,No row-level terminal evidence for this plan entry in current run artifacts/logs; for failed jobs this generally means the workflow loop did not attempt later sizes after the first failure.
unknown_not_attempted_after_prior_failure_or_no_matching_artifact_log_evidence,downloaded artifacts plus complete run log had no matching CSV/OK/TIMEOUT/CRASH event for this plan entry,Tier 1,sfun_sin,benchmark-results-sfun-sin,74081853084,completed,failure,262144,223,sfun_sin,262144,,,,,,,,unknown,,,No row-level terminal evidence for this plan entry in current run artifacts/logs; for failed jobs this generally means the workflow loop did not attempt later sizes after the first failure.
unknown_not_attempted_after_prior_failure_or_no_matching_artifact_log_evidence,downloaded artifacts plus complete run log had no matching CSV/OK/TIMEOUT/CRASH event for this plan entry,Tier 1,sfun_sin,benchmark-results-sfun-sin,74081853084,completed,failure,524288,224,sfun_sin,524288,,,,,,,,unknown,,,No row-level terminal evidence for this plan entry in current run artifacts/logs; for failed jobs this generally means the workflow loop did not attempt later sizes after the first failure.
unknown_not_attempted_after_prior_failure_or_no_matching_artifact_log_evidence,downloaded artifacts plus complete run log had no matching CSV/OK/TIMEOUT/CRASH event for this plan entry,Tier 1,sfun_sin,benchmark-results-sfun-sin,74081853084,completed,failure,1048576,225,sfun_sin,1048576,,,,,,,,unknown,,,No row-level terminal evidence for this plan entry in current run artifacts/logs; for failed jobs this generally means the workflow loop did not attempt later sizes after the first failure.
unknown_not_attempted_after_prior_failure_or_no_matching_artifact_log_evidence,downloaded artifacts plus complete run log had no matching CSV/OK/TIMEOUT/CRASH event for this plan entry,Tier 1,sfun_sin,benchmark-results-sfun-sin,74081853084,completed,failure,2097152,226,sfun_sin,2097152,,,,,,,,unknown,,,No row-level terminal evidence for this plan entry in current run artifacts/logs; for failed jobs this generally means the workflow loop did not attempt later sizes after the first failure.
unknown_not_attempted_after_prior_failure_or_no_matching_artifact_log_evidence,downloaded artifacts plus complete run log had no matching CSV/OK/TIMEOUT/CRASH event for this plan entry,Tier 1,sfun_sin,benchmark-results-sfun-sin,74081853084,completed,failure,4194304,227,sfun_sin,4194304,,,,,,,,unknown,,,No row-level terminal evidence for this plan entry in current run artifacts/logs; for failed jobs this generally means the workflow loop did not attempt later sizes after the first failure.
unknown_not_attempted_after_prior_failure_or_no_matching_artifact_log_evidence,downloaded artifacts plus complete run log had no matching CSV/OK/TIMEOUT/CRASH event for this plan entry,Tier 1,sfun_sin,benchmark-results-sfun-sin,74081853084,completed,failure,8388608,228,sfun_sin,8388608,,,,,,,,unknown,,,No row-level terminal evidence for this plan entry in current run artifacts/logs; for failed jobs this generally means the workflow loop did not attempt later sizes after the first failure.
unknown_not_attempted_after_prior_failure_or_no_matching_artifact_log_evidence,downloaded artifacts plus complete run log had no matching CSV/OK/TIMEOUT/CRASH event for this plan entry,Tier 1,sfun_sin,benchmark-results-sfun-sin,74081853084,completed,failure,16777216,229,sfun_sin,16777216,,,,,,,,unknown,,,No row-level terminal evidence for this plan entry in current run artifacts/logs; for failed jobs this generally means the workflow loop did not attempt later sizes after the first failure.
known_finished_from_downloaded_benchmark_results_csv_and_run_log_ok,downloaded artifact benchmark-results-occupancy-fma/results_occupancy_fma.csv line 2 plus run log line 9518,Tier 1,occupancy_fma,benchmark-results-occupancy-fma,74081853073,completed,failure,1024,230,occupancy_fma,1024,occupancy_fma,1024,1,0.012537,0.012537,0.012537,2026-05-03T01:56:50.3220859Z,finished,9518,[OK] occupancy_fma 1024 -> 0.012537 ms,Workflow-size invocation finished within the 3600s timeout and emitted a CSV row; matching method=artifact_csv_exact_kernel_size.
known_finished_from_downloaded_benchmark_results_csv_and_run_log_ok,downloaded artifact benchmark-results-occupancy-fma/results_occupancy_fma.csv line 3 plus run log line 9522,Tier 1,occupancy_fma,benchmark-results-occupancy-fma,74081853073,completed,failure,2048,231,occupancy_fma,2048,occupancy_fma,2048,1,0.012472,0.012472,0.012472,2026-05-03T01:56:52.1325493Z,finished,9522,[OK] occupancy_fma 2048 -> 0.012472 ms,Workflow-size invocation finished within the 3600s timeout and emitted a CSV row; matching method=artifact_csv_exact_kernel_size.
known_finished_from_downloaded_benchmark_results_csv_and_run_log_ok,downloaded artifact benchmark-results-occupancy-fma/results_occupancy_fma.csv line 4 plus run log line 9526,Tier 1,occupancy_fma,benchmark-results-occupancy-fma,74081853073,completed,failure,4096,232,occupancy_fma,4096,occupancy_fma,4096,1,0.012540,0.012540,0.012540,2026-05-03T01:56:55.3535597Z,finished,9526,[OK] occupancy_fma 4096 -> 0.012540 ms,Workflow-size invocation finished within the 3600s timeout and emitted a CSV row; matching method=artifact_csv_exact_kernel_size.
known_finished_from_downloaded_benchmark_results_csv_and_run_log_ok,downloaded artifact benchmark-results-occupancy-fma/results_occupancy_fma.csv line 5 plus run log line 9530,Tier 1,occupancy_fma,benchmark-results-occupancy-fma,74081853073,completed,failure,8192,233,occupancy_fma,8192,occupancy_fma,8192,1,0.012542,0.012542,0.012542,2026-05-03T01:57:04.0845823Z,finished,9530,[OK] occupancy_fma 8192 -> 0.012542 ms,Workflow-size invocation finished within the 3600s timeout and emitted a CSV row; matching method=artifact_csv_exact_kernel_size.
known_finished_from_downloaded_benchmark_results_csv_and_run_log_ok,downloaded artifact benchmark-results-occupancy-fma/results_occupancy_fma.csv line 6 plus run log line 9534,Tier 1,occupancy_fma,benchmark-results-occupancy-fma,74081853073,completed,failure,16384,234,occupancy_fma,16384,occupancy_fma,16384,1,0.012551,0.012551,0.012551,2026-05-03T01:57:27.4496719Z,finished,9534,[OK] occupancy_fma 16384 -> 0.012551 ms,Workflow-size invocation finished within the 3600s timeout and emitted a CSV row; matching method=artifact_csv_exact_kernel_size.
known_finished_from_downloaded_benchmark_results_csv_and_run_log_ok,downloaded artifact benchmark-results-occupancy-fma/results_occupancy_fma.csv line 7 plus run log line 9538,Tier 1,occupancy_fma,benchmark-results-occupancy-fma,74081853073,completed,failure,32768,235,occupancy_fma,32768,occupancy_fma,32768,1,0.012649,0.012649,0.012649,2026-05-03T01:58:30.2636988Z,finished,9538,[OK] occupancy_fma 32768 -> 0.012649 ms,Workflow-size invocation finished within the 3600s timeout and emitted a CSV row; matching method=artifact_csv_exact_kernel_size.
known_finished_from_downloaded_benchmark_results_csv_and_run_log_ok,downloaded artifact benchmark-results-occupancy-fma/results_occupancy_fma.csv line 8 plus run log line 9542,Tier 1,occupancy_fma,benchmark-results-occupancy-fma,74081853073,completed,failure,65536,236,occupancy_fma,65536,occupancy_fma,65536,1,0.012837,0.012837,0.012837,2026-05-03T02:01:07.6884648Z,finished,9542,[OK] occupancy_fma 65536 -> 0.012837 ms,Workflow-size invocation finished within the 3600s timeout and emitted a CSV row; matching method=artifact_csv_exact_kernel_size.
known_finished_from_downloaded_benchmark_results_csv_and_run_log_ok,downloaded artifact benchmark-results-occupancy-fma/results_occupancy_fma.csv line 9 plus run log line 9546,Tier 1,occupancy_fma,benchmark-results-occupancy-fma,74081853073,completed,failure,131072,237,occupancy_fma,131072,occupancy_fma,131072,1,0.012559,0.012559,0.012559,2026-05-03T02:08:46.4416811Z,finished,9546,[OK] occupancy_fma 131072 -> 0.012559 ms,Workflow-size invocation finished within the 3600s timeout and emitted a CSV row; matching method=artifact_csv_exact_kernel_size.
known_finished_from_downloaded_benchmark_results_csv_and_run_log_ok,downloaded artifact benchmark-results-occupancy-fma/results_occupancy_fma.csv line 10 plus run log line 9550,Tier 1,occupancy_fma,benchmark-results-occupancy-fma,74081853073,completed,failure,262144,238,occupancy_fma,262144,occupancy_fma,262144,1,0.015023,0.015023,0.015023,2026-05-03T02:32:46.8185060Z,finished,9550,[OK] occupancy_fma 262144 -> 0.015023 ms,Workflow-size invocation finished within the 3600s timeout and emitted a CSV row; matching method=artifact_csv_exact_kernel_size.
known_timed_out_3600s_from_run_log,run log line 9554,Tier 1,occupancy_fma,benchmark-results-occupancy-fma,74081853073,completed,failure,524288,239,occupancy_fma,524288,,,,,,,2026-05-03T03:32:47.0490808Z,timed_out_3600s,9554,##[warning]TIMEOUT: occupancy_fma 524288 (>3600s),Workflow-size invocation failed before a usable CSV row for this plan entry; later entries in this benchmark job stop after first timeout/crash because the workflow loop breaks.
unknown_not_attempted_after_prior_failure_or_no_matching_artifact_log_evidence,downloaded artifacts plus complete run log had no matching CSV/OK/TIMEOUT/CRASH event for this plan entry,Tier 1,occupancy_fma,benchmark-results-occupancy-fma,74081853073,completed,failure,1048576,240,occupancy_fma,1048576,,,,,,,,unknown,,,No row-level terminal evidence for this plan entry in current run artifacts/logs; for failed jobs this generally means the workflow loop did not attempt later sizes after the first failure.
unknown_not_attempted_after_prior_failure_or_no_matching_artifact_log_evidence,downloaded artifacts plus complete run log had no matching CSV/OK/TIMEOUT/CRASH event for this plan entry,Tier 1,occupancy_fma,benchmark-results-occupancy-fma,74081853073,completed,failure,2097152,241,occupancy_fma,2097152,,,,,,,,unknown,,,No row-level terminal evidence for this plan entry in current run artifacts/logs; for failed jobs this generally means the workflow loop did not attempt later sizes after the first failure.
unknown_not_attempted_after_prior_failure_or_no_matching_artifact_log_evidence,downloaded artifacts plus complete run log had no matching CSV/OK/TIMEOUT/CRASH event for this plan entry,Tier 1,occupancy_fma,benchmark-results-occupancy-fma,74081853073,completed,failure,4194304,242,occupancy_fma,4194304,,,,,,,,unknown,,,No row-level terminal evidence for this plan entry in current run artifacts/logs; for failed jobs this generally means the workflow loop did not attempt later sizes after the first failure.
unknown_not_attempted_after_prior_failure_or_no_matching_artifact_log_evidence,downloaded artifacts plus complete run log had no matching CSV/OK/TIMEOUT/CRASH event for this plan entry,Tier 1,occupancy_fma,benchmark-results-occupancy-fma,74081853073,completed,failure,8388608,243,occupancy_fma,8388608,,,,,,,,unknown,,,No row-level terminal evidence for this plan entry in current run artifacts/logs; for failed jobs this generally means the workflow loop did not attempt later sizes after the first failure.
unknown_not_attempted_after_prior_failure_or_no_matching_artifact_log_evidence,downloaded artifacts plus complete run log had no matching CSV/OK/TIMEOUT/CRASH event for this plan entry,Tier 1,occupancy_fma,benchmark-results-occupancy-fma,74081853073,completed,failure,16777216,244,occupancy_fma,16777216,,,,,,,,unknown,,,No row-level terminal evidence for this plan entry in current run artifacts/logs; for failed jobs this generally means the workflow loop did not attempt later sizes after the first failure.
unknown_not_attempted_after_prior_failure_or_no_matching_artifact_log_evidence,downloaded artifacts plus complete run log had no matching CSV/OK/TIMEOUT/CRASH event for this plan entry,Tier 1,occupancy_fma,benchmark-results-occupancy-fma,74081853073,completed,failure,33554432,245,occupancy_fma,33554432,,,,,,,,unknown,,,No row-level terminal evidence for this plan entry in current run artifacts/logs; for failed jobs this generally means the workflow loop did not attempt later sizes after the first failure.
known_timed_out_3600s_from_run_log,run log line 13287,Tier 1,atomic_throughput,benchmark-results-atomic-throughput,74081853082,completed,failure,1024,246,atomic_throughput,1024,,,,,,,2026-05-03T03:18:47.7803894Z,timed_out_3600s,13287,##[warning]TIMEOUT: atomic_throughput 1024 (>3600s),Workflow-size invocation failed before a usable CSV row for this plan entry; later entries in this benchmark job stop after first timeout/crash because the workflow loop breaks.
unknown_not_attempted_after_prior_failure_or_no_matching_artifact_log_evidence,downloaded artifacts plus complete run log had no matching CSV/OK/TIMEOUT/CRASH event for this plan entry,Tier 1,atomic_throughput,benchmark-results-atomic-throughput,74081853082,completed,failure,2048,247,atomic_throughput,2048,,,,,,,,unknown,,,No row-level terminal evidence for this plan entry in current run artifacts/logs; for failed jobs this generally means the workflow loop did not attempt later sizes after the first failure.
unknown_not_attempted_after_prior_failure_or_no_matching_artifact_log_evidence,downloaded artifacts plus complete run log had no matching CSV/OK/TIMEOUT/CRASH event for this plan entry,Tier 1,atomic_throughput,benchmark-results-atomic-throughput,74081853082,completed,failure,4096,248,atomic_throughput,4096,,,,,,,,unknown,,,No row-level terminal evidence for this plan entry in current run artifacts/logs; for failed jobs this generally means the workflow loop did not attempt later sizes after the first failure.
unknown_not_attempted_after_prior_failure_or_no_matching_artifact_log_evidence,downloaded artifacts plus complete run log had no matching CSV/OK/TIMEOUT/CRASH event for this plan entry,Tier 1,atomic_throughput,benchmark-results-atomic-throughput,74081853082,completed,failure,8192,249,atomic_throughput,8192,,,,,,,,unknown,,,No row-level terminal evidence for this plan entry in current run artifacts/logs; for failed jobs this generally means the workflow loop did not attempt later sizes after the first failure.
unknown_not_attempted_after_prior_failure_or_no_matching_artifact_log_evidence,downloaded artifacts plus complete run log had no matching CSV/OK/TIMEOUT/CRASH event for this plan entry,Tier 1,atomic_throughput,benchmark-results-atomic-throughput,74081853082,completed,failure,16384,250,atomic_throughput,16384,,,,,,,,unknown,,,No row-level terminal evidence for this plan entry in current run artifacts/logs; for failed jobs this generally means the workflow loop did not attempt later sizes after the first failure.
unknown_not_attempted_after_prior_failure_or_no_matching_artifact_log_evidence,downloaded artifacts plus complete run log had no matching CSV/OK/TIMEOUT/CRASH event for this plan entry,Tier 1,atomic_throughput,benchmark-results-atomic-throughput,74081853082,completed,failure,32768,251,atomic_throughput,32768,,,,,,,,unknown,,,No row-level terminal evidence for this plan entry in current run artifacts/logs; for failed jobs this generally means the workflow loop did not attempt later sizes after the first failure.
unknown_not_attempted_after_prior_failure_or_no_matching_artifact_log_evidence,downloaded artifacts plus complete run log had no matching CSV/OK/TIMEOUT/CRASH event for this plan entry,Tier 1,atomic_throughput,benchmark-results-atomic-throughput,74081853082,completed,failure,65536,252,atomic_throughput,65536,,,,,,,,unknown,,,No row-level terminal evidence for this plan entry in current run artifacts/logs; for failed jobs this generally means the workflow loop did not attempt later sizes after the first failure.
unknown_not_attempted_after_prior_failure_or_no_matching_artifact_log_evidence,downloaded artifacts plus complete run log had no matching CSV/OK/TIMEOUT/CRASH event for this plan entry,Tier 1,atomic_throughput,benchmark-results-atomic-throughput,74081853082,completed,failure,131072,253,atomic_throughput,131072,,,,,,,,unknown,,,No row-level terminal evidence for this plan entry in current run artifacts/logs; for failed jobs this generally means the workflow loop did not attempt later sizes after the first failure.
unknown_not_attempted_after_prior_failure_or_no_matching_artifact_log_evidence,downloaded artifacts plus complete run log had no matching CSV/OK/TIMEOUT/CRASH event for this plan entry,Tier 1,atomic_throughput,benchmark-results-atomic-throughput,74081853082,completed,failure,262144,254,atomic_throughput,262144,,,,,,,,unknown,,,No row-level terminal evidence for this plan entry in current run artifacts/logs; for failed jobs this generally means the workflow loop did not attempt later sizes after the first failure.
unknown_not_attempted_after_prior_failure_or_no_matching_artifact_log_evidence,downloaded artifacts plus complete run log had no matching CSV/OK/TIMEOUT/CRASH event for this plan entry,Tier 1,atomic_throughput,benchmark-results-atomic-throughput,74081853082,completed,failure,524288,255,atomic_throughput,524288,,,,,,,,unknown,,,No row-level terminal evidence for this plan entry in current run artifacts/logs; for failed jobs this generally means the workflow loop did not attempt later sizes after the first failure.
unknown_not_attempted_after_prior_failure_or_no_matching_artifact_log_evidence,downloaded artifacts plus complete run log had no matching CSV/OK/TIMEOUT/CRASH event for this plan entry,Tier 1,atomic_throughput,benchmark-results-atomic-throughput,74081853082,completed,failure,1048576,256,atomic_throughput,1048576,,,,,,,,unknown,,,No row-level terminal evidence for this plan entry in current run artifacts/logs; for failed jobs this generally means the workflow loop did not attempt later sizes after the first failure.
known_finished_from_downloaded_benchmark_results_csv_and_run_log_ok,downloaded artifact benchmark-results-branch-div-50pct/results_branch_div_50pct.csv line 2 plus run log line 16944,Tier 1,branch_div_50pct,benchmark-results-branch-div-50pct,74081853090,completed,failure,1024,257,branch_div_50pct,1024,branch_div_50pct,1024,1,0.003396,0.003396,0.003396,2026-05-03T02:18:47.8787820Z,finished,16944,[OK] branch_div_50pct 1024 -> 0.003396 ms,Workflow-size invocation finished within the 3600s timeout and emitted a CSV row; matching method=artifact_csv_exact_kernel_size.
known_finished_from_downloaded_benchmark_results_csv_and_run_log_ok,downloaded artifact benchmark-results-branch-div-50pct/results_branch_div_50pct.csv line 3 plus run log line 16948,Tier 1,branch_div_50pct,benchmark-results-branch-div-50pct,74081853090,completed,failure,2048,258,branch_div_50pct,2048,branch_div_50pct,2048,1,0.003368,0.003368,0.003368,2026-05-03T02:18:48.4273468Z,finished,16948,[OK] branch_div_50pct 2048 -> 0.003368 ms,Workflow-size invocation finished within the 3600s timeout and emitted a CSV row; matching method=artifact_csv_exact_kernel_size.
known_finished_from_downloaded_benchmark_results_csv_and_run_log_ok,downloaded artifact benchmark-results-branch-div-50pct/results_branch_div_50pct.csv line 4 plus run log line 16952,Tier 1,branch_div_50pct,benchmark-results-branch-div-50pct,74081853090,completed,failure,4096,259,branch_div_50pct,4096,branch_div_50pct,4096,1,0.003395,0.003395,0.003395,2026-05-03T02:18:49.2394583Z,finished,16952,[OK] branch_div_50pct 4096 -> 0.003395 ms,Workflow-size invocation finished within the 3600s timeout and emitted a CSV row; matching method=artifact_csv_exact_kernel_size.
known_finished_from_downloaded_benchmark_results_csv_and_run_log_ok,downloaded artifact benchmark-results-branch-div-50pct/results_branch_div_50pct.csv line 5 plus run log line 16956,Tier 1,branch_div_50pct,benchmark-results-branch-div-50pct,74081853090,completed,failure,8192,260,branch_div_50pct,8192,branch_div_50pct,8192,1,0.003402,0.003402,0.003402,2026-05-03T02:18:50.8035401Z,finished,16956,[OK] branch_div_50pct 8192 -> 0.003402 ms,Workflow-size invocation finished within the 3600s timeout and emitted a CSV row; matching method=artifact_csv_exact_kernel_size.
known_finished_from_downloaded_benchmark_results_csv_and_run_log_ok,downloaded artifact benchmark-results-branch-div-50pct/results_branch_div_50pct.csv line 6 plus run log line 16960,Tier 1,branch_div_50pct,benchmark-results-branch-div-50pct,74081853090,completed,failure,16384,261,branch_div_50pct,16384,branch_div_50pct,16384,1,0.003402,0.003402,0.003402,2026-05-03T02:18:54.0663524Z,finished,16960,[OK] branch_div_50pct 16384 -> 0.003402 ms,Workflow-size invocation finished within the 3600s timeout and emitted a CSV row; matching method=artifact_csv_exact_kernel_size.
known_finished_from_downloaded_benchmark_results_csv_and_run_log_ok,downloaded artifact benchmark-results-branch-div-50pct/results_branch_div_50pct.csv line 7 plus run log line 16964,Tier 1,branch_div_50pct,benchmark-results-branch-div-50pct,74081853090,completed,failure,32768,262,branch_div_50pct,32768,branch_div_50pct,32768,1,0.003500,0.003500,0.003500,2026-05-03T02:19:02.2770720Z,finished,16964,[OK] branch_div_50pct 32768 -> 0.003500 ms,Workflow-size invocation finished within the 3600s timeout and emitted a CSV row; matching method=artifact_csv_exact_kernel_size.
known_finished_from_downloaded_benchmark_results_csv_and_run_log_ok,downloaded artifact benchmark-results-branch-div-50pct/results_branch_div_50pct.csv line 8 plus run log line 16968,Tier 1,branch_div_50pct,benchmark-results-branch-div-50pct,74081853090,completed,failure,65536,263,branch_div_50pct,65536,branch_div_50pct,65536,1,0.003698,0.003698,0.003698,2026-05-03T02:19:23.1134316Z,finished,16968,[OK] branch_div_50pct 65536 -> 0.003698 ms,Workflow-size invocation finished within the 3600s timeout and emitted a CSV row; matching method=artifact_csv_exact_kernel_size.
known_finished_from_downloaded_benchmark_results_csv_and_run_log_ok,downloaded artifact benchmark-results-branch-div-50pct/results_branch_div_50pct.csv line 9 plus run log line 16972,Tier 1,branch_div_50pct,benchmark-results-branch-div-50pct,74081853090,completed,failure,131072,264,branch_div_50pct,131072,branch_div_50pct,131072,1,0.004030,0.004030,0.004030,2026-05-03T02:20:14.7256057Z,finished,16972,[OK] branch_div_50pct 131072 -> 0.004030 ms,Workflow-size invocation finished within the 3600s timeout and emitted a CSV row; matching method=artifact_csv_exact_kernel_size.
known_finished_from_downloaded_benchmark_results_csv_and_run_log_ok,downloaded artifact benchmark-results-branch-div-50pct/results_branch_div_50pct.csv line 10 plus run log line 16976,Tier 1,branch_div_50pct,benchmark-results-branch-div-50pct,74081853090,completed,failure,262144,265,branch_div_50pct,262144,branch_div_50pct,262144,1,0.005623,0.005623,0.005623,2026-05-03T02:23:16.6103760Z,finished,16976,[OK] branch_div_50pct 262144 -> 0.005623 ms,Workflow-size invocation finished within the 3600s timeout and emitted a CSV row; matching method=artifact_csv_exact_kernel_size.
known_finished_from_downloaded_benchmark_results_csv_and_run_log_ok,downloaded artifact benchmark-results-branch-div-50pct/results_branch_div_50pct.csv line 11 plus run log line 16980,Tier 1,branch_div_50pct,benchmark-results-branch-div-50pct,74081853090,completed,failure,524288,266,branch_div_50pct,524288,branch_div_50pct,524288,1,0.010352,0.010352,0.010352,2026-05-03T02:33:55.9603282Z,finished,16980,[OK] branch_div_50pct 524288 -> 0.010352 ms,Workflow-size invocation finished within the 3600s timeout and emitted a CSV row; matching method=artifact_csv_exact_kernel_size.
known_timed_out_3600s_from_run_log,run log line 16984,Tier 1,branch_div_50pct,benchmark-results-branch-div-50pct,74081853090,completed,failure,1048576,267,branch_div_50pct,1048576,,,,,,,2026-05-03T03:33:55.9990689Z,timed_out_3600s,16984,##[warning]TIMEOUT: branch_div_50pct 1048576 (>3600s),Workflow-size invocation failed before a usable CSV row for this plan entry; later entries in this benchmark job stop after first timeout/crash because the workflow loop breaks.
unknown_not_attempted_after_prior_failure_or_no_matching_artifact_log_evidence,downloaded artifacts plus complete run log had no matching CSV/OK/TIMEOUT/CRASH event for this plan entry,Tier 1,branch_div_50pct,benchmark-results-branch-div-50pct,74081853090,completed,failure,2097152,268,branch_div_50pct,2097152,,,,,,,,unknown,,,No row-level terminal evidence for this plan entry in current run artifacts/logs; for failed jobs this generally means the workflow loop did not attempt later sizes after the first failure.
unknown_not_attempted_after_prior_failure_or_no_matching_artifact_log_evidence,downloaded artifacts plus complete run log had no matching CSV/OK/TIMEOUT/CRASH event for this plan entry,Tier 1,branch_div_50pct,benchmark-results-branch-div-50pct,74081853090,completed,failure,4194304,269,branch_div_50pct,4194304,,,,,,,,unknown,,,No row-level terminal evidence for this plan entry in current run artifacts/logs; for failed jobs this generally means the workflow loop did not attempt later sizes after the first failure.
unknown_not_attempted_after_prior_failure_or_no_matching_artifact_log_evidence,downloaded artifacts plus complete run log had no matching CSV/OK/TIMEOUT/CRASH event for this plan entry,Tier 1,branch_div_50pct,benchmark-results-branch-div-50pct,74081853090,completed,failure,8388608,270,branch_div_50pct,8388608,,,,,,,,unknown,,,No row-level terminal evidence for this plan entry in current run artifacts/logs; for failed jobs this generally means the workflow loop did not attempt later sizes after the first failure.
unknown_not_attempted_after_prior_failure_or_no_matching_artifact_log_evidence,downloaded artifacts plus complete run log had no matching CSV/OK/TIMEOUT/CRASH event for this plan entry,Tier 1,branch_div_50pct,benchmark-results-branch-div-50pct,74081853090,completed,failure,16777216,271,branch_div_50pct,16777216,,,,,,,,unknown,,,No row-level terminal evidence for this plan entry in current run artifacts/logs; for failed jobs this generally means the workflow loop did not attempt later sizes after the first failure.
unknown_not_attempted_after_prior_failure_or_no_matching_artifact_log_evidence,downloaded artifacts plus complete run log had no matching CSV/OK/TIMEOUT/CRASH event for this plan entry,Tier 1,branch_div_50pct,benchmark-results-branch-div-50pct,74081853090,completed,failure,33554432,272,branch_div_50pct,33554432,,,,,,,,unknown,,,No row-level terminal evidence for this plan entry in current run artifacts/logs; for failed jobs this generally means the workflow loop did not attempt later sizes after the first failure.
known_finished_from_downloaded_benchmark_results_csv_and_run_log_ok,downloaded artifact benchmark-results-triad/results_triad.csv line 2 plus run log line 13931,Tier 1,triad,benchmark-results-triad,74081853083,completed,failure,1024,273,triad,1024,triad,1024,1,559000000.000000,559000000.000000,559000000.000000,2026-05-03T02:18:48.7742542Z,finished,13931,[OK] triad 1024 -> 559000000.000000 ms,Workflow-size invocation finished within the 3600s timeout and emitted a CSV row; matching method=artifact_csv_exact_kernel_size.
known_finished_from_downloaded_benchmark_results_csv_and_run_log_ok,downloaded artifact benchmark-results-triad/results_triad.csv line 3 plus run log line 13935,Tier 1,triad,benchmark-results-triad,74081853083,completed,failure,2048,274,triad,2048,triad,2048,1,560000000.000000,560000000.000000,560000000.000000,2026-05-03T02:18:49.0026284Z,finished,13935,[OK] triad 2048 -> 560000000.000000 ms,Workflow-size invocation finished within the 3600s timeout and emitted a CSV row; matching method=artifact_csv_exact_kernel_size.
known_finished_from_downloaded_benchmark_results_csv_and_run_log_ok,downloaded artifact benchmark-results-triad/results_triad.csv line 4 plus run log line 13939,Tier 1,triad,benchmark-results-triad,74081853083,completed,failure,4096,275,triad,4096,triad,4096,1,565000000.000000,565000000.000000,565000000.000000,2026-05-03T02:18:49.4233227Z,finished,13939,[OK] triad 4096 -> 565000000.000000 ms,Workflow-size invocation finished within the 3600s timeout and emitted a CSV row; matching method=artifact_csv_exact_kernel_size.
known_finished_from_downloaded_benchmark_results_csv_and_run_log_ok,downloaded artifact benchmark-results-triad/results_triad.csv line 5 plus run log line 13943,Tier 1,triad,benchmark-results-triad,74081853083,completed,failure,8192,276,triad,8192,triad,8192,1,571000000.000000,571000000.000000,571000000.000000,2026-05-03T02:18:49.8304366Z,finished,13943,[OK] triad 8192 -> 571000000.000000 ms,Workflow-size invocation finished within the 3600s timeout and emitted a CSV row; matching method=artifact_csv_exact_kernel_size.
known_finished_from_downloaded_benchmark_results_csv_and_run_log_ok,downloaded artifact benchmark-results-triad/results_triad.csv line 6 plus run log line 13947,Tier 1,triad,benchmark-results-triad,74081853083,completed,failure,16384,277,triad,16384,triad,16384,1,672000000.000000,672000000.000000,672000000.000000,2026-05-03T02:18:50.3311694Z,finished,13947,[OK] triad 16384 -> 672000000.000000 ms,Workflow-size invocation finished within the 3600s timeout and emitted a CSV row; matching method=artifact_csv_exact_kernel_size.
known_finished_from_downloaded_benchmark_results_csv_and_run_log_ok,downloaded artifact benchmark-results-triad/results_triad.csv line 7 plus run log line 13951,Tier 1,triad,benchmark-results-triad,74081853083,completed,failure,32768,278,triad,32768,triad,32768,1,946000000.000000,946000000.000000,946000000.000000,2026-05-03T02:18:51.0492130Z,finished,13951,[OK] triad 32768 -> 946000000.000000 ms,Workflow-size invocation finished within the 3600s timeout and emitted a CSV row; matching method=artifact_csv_exact_kernel_size.
known_finished_from_downloaded_benchmark_results_csv_and_run_log_ok,downloaded artifact benchmark-results-triad/results_triad.csv line 8 plus run log line 13955,Tier 1,triad,benchmark-results-triad,74081853083,completed,failure,65536,279,triad,65536,triad,65536,1,0.001544,0.001544,0.001544,2026-05-03T02:18:53.2749764Z,finished,13955,[OK] triad 65536 -> 0.001544 ms,Workflow-size invocation finished within the 3600s timeout and emitted a CSV row; matching method=artifact_csv_exact_kernel_size.
known_finished_from_downloaded_benchmark_results_csv_and_run_log_ok,downloaded artifact benchmark-results-triad/results_triad.csv line 9 plus run log line 13959,Tier 1,triad,benchmark-results-triad,74081853083,completed,failure,131072,280,triad,131072,triad,131072,1,0.002755,0.002755,0.002755,2026-05-03T02:18:57.1755180Z,finished,13959,[OK] triad 131072 -> 0.002755 ms,Workflow-size invocation finished within the 3600s timeout and emitted a CSV row; matching method=artifact_csv_exact_kernel_size.
known_finished_from_downloaded_benchmark_results_csv_and_run_log_ok,downloaded artifact benchmark-results-triad/results_triad.csv line 10 plus run log line 13963,Tier 1,triad,benchmark-results-triad,74081853083,completed,failure,262144,281,triad,262144,triad,262144,1,0.005181,0.005181,0.005181,2026-05-03T02:19:04.4592908Z,finished,13963,[OK] triad 262144 -> 0.005181 ms,Workflow-size invocation finished within the 3600s timeout and emitted a CSV row; matching method=artifact_csv_exact_kernel_size.
known_finished_from_downloaded_benchmark_results_csv_and_run_log_ok,downloaded artifact benchmark-results-triad/results_triad.csv line 11 plus run log line 13967,Tier 1,triad,benchmark-results-triad,74081853083,completed,failure,524288,282,triad,524288,triad,524288,1,0.010071,0.010071,0.010071,2026-05-03T02:19:25.1605352Z,finished,13967,[OK] triad 524288 -> 0.010071 ms,Workflow-size invocation finished within the 3600s timeout and emitted a CSV row; matching method=artifact_csv_exact_kernel_size.
known_finished_from_downloaded_benchmark_results_csv_and_run_log_ok,downloaded artifact benchmark-results-triad/results_triad.csv line 12 plus run log line 13971,Tier 1,triad,benchmark-results-triad,74081853083,completed,failure,1048576,283,triad,1048576,triad,1048576,1,0.019816,0.019816,0.019816,2026-05-03T02:20:28.0927739Z,finished,13971,[OK] triad 1048576 -> 0.019816 ms,Workflow-size invocation finished within the 3600s timeout and emitted a CSV row; matching method=artifact_csv_exact_kernel_size.
known_finished_from_downloaded_benchmark_results_csv_and_run_log_ok,downloaded artifact benchmark-results-triad/results_triad.csv line 13 plus run log line 13975,Tier 1,triad,benchmark-results-triad,74081853083,completed,failure,2097152,284,triad,2097152,triad,2097152,1,0.039202,0.039202,0.039202,2026-05-03T02:22:40.5952532Z,finished,13975,[OK] triad 2097152 -> 0.039202 ms,Workflow-size invocation finished within the 3600s timeout and emitted a CSV row; matching method=artifact_csv_exact_kernel_size.
known_finished_from_downloaded_benchmark_results_csv_and_run_log_ok,downloaded artifact benchmark-results-triad/results_triad.csv line 14 plus run log line 13979,Tier 1,triad,benchmark-results-triad,74081853083,completed,failure,4194304,285,triad,4194304,triad,4194304,1,0.077992,0.077992,0.077992,2026-05-03T02:33:28.9184401Z,finished,13979,[OK] triad 4194304 -> 0.077992 ms,Workflow-size invocation finished within the 3600s timeout and emitted a CSV row; matching method=artifact_csv_exact_kernel_size.
known_timed_out_3600s_from_run_log,run log line 13983,Tier 1,triad,benchmark-results-triad,74081853083,completed,failure,8388608,286,triad,8388608,,,,,,,2026-05-03T03:33:29.0575361Z,timed_out_3600s,13983,##[warning]TIMEOUT: triad 8388608 (>3600s),Workflow-size invocation failed before a usable CSV row for this plan entry; later entries in this benchmark job stop after first timeout/crash because the workflow loop breaks.
unknown_not_attempted_after_prior_failure_or_no_matching_artifact_log_evidence,downloaded artifacts plus complete run log had no matching CSV/OK/TIMEOUT/CRASH event for this plan entry,Tier 1,triad,benchmark-results-triad,74081853083,completed,failure,16777216,287,triad,16777216,,,,,,,,unknown,,,No row-level terminal evidence for this plan entry in current run artifacts/logs; for failed jobs this generally means the workflow loop did not attempt later sizes after the first failure.
unknown_not_attempted_after_prior_failure_or_no_matching_artifact_log_evidence,downloaded artifacts plus complete run log had no matching CSV/OK/TIMEOUT/CRASH event for this plan entry,Tier 1,triad,benchmark-results-triad,74081853083,completed,failure,33554432,288,triad,33554432,,,,,,,,unknown,,,No row-level terminal evidence for this plan entry in current run artifacts/logs; for failed jobs this generally means the workflow loop did not attempt later sizes after the first failure.
unknown_not_attempted_after_prior_failure_or_no_matching_artifact_log_evidence,downloaded artifacts plus complete run log had no matching CSV/OK/TIMEOUT/CRASH event for this plan entry,Tier 1,triad,benchmark-results-triad,74081853083,completed,failure,67108864,289,triad,67108864,,,,,,,,unknown,,,No row-level terminal evidence for this plan entry in current run artifacts/logs; for failed jobs this generally means the workflow loop did not attempt later sizes after the first failure.
unknown_not_attempted_after_prior_failure_or_no_matching_artifact_log_evidence,downloaded artifacts plus complete run log had no matching CSV/OK/TIMEOUT/CRASH event for this plan entry,Tier 1,triad,benchmark-results-triad,74081853083,completed,failure,134217728,290,triad,134217728,,,,,,,,unknown,,,No row-level terminal evidence for this plan entry in current run artifacts/logs; for failed jobs this generally means the workflow loop did not attempt later sizes after the first failure.
known_finished_from_downloaded_benchmark_results_csv_and_run_log_ok,downloaded artifact benchmark-results-reduction/results_reduction.csv line 2 plus run log line 18429,Tier 1,reduction,benchmark-results-reduction,74081853099,completed,failure,512,291,reduction,512,reduction,512,1,0.001045,0.001045,0.001045,2026-05-03T02:18:49.3992167Z,finished,18429,[OK] reduction 512 -> 0.001045 ms,Workflow-size invocation finished within the 3600s timeout and emitted a CSV row; matching method=artifact_csv_exact_kernel_size.
known_finished_from_downloaded_benchmark_results_csv_and_run_log_ok,downloaded artifact benchmark-results-reduction/results_reduction.csv line 3 plus run log line 18433,Tier 1,reduction,benchmark-results-reduction,74081853099,completed,failure,1024,292,reduction,1024,reduction,1024,1,0.001863,0.001863,0.001863,2026-05-03T02:18:49.6797820Z,finished,18433,[OK] reduction 1024 -> 0.001863 ms,Workflow-size invocation finished within the 3600s timeout and emitted a CSV row; matching method=artifact_csv_exact_kernel_size.
known_finished_from_downloaded_benchmark_results_csv_and_run_log_ok,downloaded artifact benchmark-results-reduction/results_reduction.csv line 4 plus run log line 18437,Tier 1,reduction,benchmark-results-reduction,74081853099,completed,failure,2048,293,reduction,2048,reduction,2048,1,0.001867,0.001867,0.001867,2026-05-03T02:18:49.9589985Z,finished,18437,[OK] reduction 2048 -> 0.001867 ms,Workflow-size invocation finished within the 3600s timeout and emitted a CSV row; matching method=artifact_csv_exact_kernel_size.
known_finished_from_downloaded_benchmark_results_csv_and_run_log_ok,downloaded artifact benchmark-results-reduction/results_reduction.csv line 5 plus run log line 18441,Tier 1,reduction,benchmark-results-reduction,74081853099,completed,failure,4096,294,reduction,4096,reduction,4096,1,0.001863,0.001863,0.001863,2026-05-03T02:18:50.3131728Z,finished,18441,[OK] reduction 4096 -> 0.001863 ms,Workflow-size invocation finished within the 3600s timeout and emitted a CSV row; matching method=artifact_csv_exact_kernel_size.
known_finished_from_downloaded_benchmark_results_csv_and_run_log_ok,downloaded artifact benchmark-results-reduction/results_reduction.csv line 6 plus run log line 18445,Tier 1,reduction,benchmark-results-reduction,74081853099,completed,failure,8192,295,reduction,8192,reduction,8192,1,0.001864,0.001864,0.001864,2026-05-03T02:18:50.6566800Z,finished,18445,[OK] reduction 8192 -> 0.001864 ms,Workflow-size invocation finished within the 3600s timeout and emitted a CSV row; matching method=artifact_csv_exact_kernel_size.
known_finished_from_downloaded_benchmark_results_csv_and_run_log_ok,downloaded artifact benchmark-results-reduction/results_reduction.csv line 7 plus run log line 18449,Tier 1,reduction,benchmark-results-reduction,74081853099,completed,failure,16384,296,reduction,16384,reduction,16384,1,0.001865,0.001865,0.001865,2026-05-03T02:18:51.3616022Z,finished,18449,[OK] reduction 16384 -> 0.001865 ms,Workflow-size invocation finished within the 3600s timeout and emitted a CSV row; matching method=artifact_csv_exact_kernel_size.
known_finished_from_downloaded_benchmark_results_csv_and_run_log_ok,downloaded artifact benchmark-results-reduction/results_reduction.csv line 8 plus run log line 18453,Tier 1,reduction,benchmark-results-reduction,74081853099,completed,failure,32768,297,reduction,32768,reduction,32768,1,0.001890,0.001890,0.001890,2026-05-03T02:18:52.0927397Z,finished,18453,[OK] reduction 32768 -> 0.001890 ms,Workflow-size invocation finished within the 3600s timeout and emitted a CSV row; matching method=artifact_csv_exact_kernel_size.
known_finished_from_downloaded_benchmark_results_csv_and_run_log_ok,downloaded artifact benchmark-results-reduction/results_reduction.csv line 9 plus run log line 18457,Tier 1,reduction,benchmark-results-reduction,74081853099,completed,failure,65536,298,reduction,65536,reduction,65536,1,0.002086,0.002086,0.002086,2026-05-03T02:18:53.9838779Z,finished,18457,[OK] reduction 65536 -> 0.002086 ms,Workflow-size invocation finished within the 3600s timeout and emitted a CSV row; matching method=artifact_csv_exact_kernel_size.
known_finished_from_downloaded_benchmark_results_csv_and_run_log_ok,downloaded artifact benchmark-results-reduction/results_reduction.csv line 10 plus run log line 18461,Tier 1,reduction,benchmark-results-reduction,74081853099,completed,failure,131072,299,reduction,131072,reduction,131072,1,0.002518,0.002518,0.002518,2026-05-03T02:18:57.7563230Z,finished,18461,[OK] reduction 131072 -> 0.002518 ms,Workflow-size invocation finished within the 3600s timeout and emitted a CSV row; matching method=artifact_csv_exact_kernel_size.
known_finished_from_downloaded_benchmark_results_csv_and_run_log_ok,downloaded artifact benchmark-results-reduction/results_reduction.csv line 11 plus run log line 18465,Tier 1,reduction,benchmark-results-reduction,74081853099,completed,failure,262144,300,reduction,262144,reduction,262144,1,0.003398,0.003398,0.003398,2026-05-03T02:19:07.4806127Z,finished,18465,[OK] reduction 262144 -> 0.003398 ms,Workflow-size invocation finished within the 3600s timeout and emitted a CSV row; matching method=artifact_csv_exact_kernel_size.
known_finished_from_downloaded_benchmark_results_csv_and_run_log_ok,downloaded artifact benchmark-results-reduction/results_reduction.csv line 12 plus run log line 18469,Tier 1,reduction,benchmark-results-reduction,74081853099,completed,failure,524288,301,reduction,524288,reduction,524288,1,0.006026,0.006026,0.006026,2026-05-03T02:19:29.4105341Z,finished,18469,[OK] reduction 524288 -> 0.006026 ms,Workflow-size invocation finished within the 3600s timeout and emitted a CSV row; matching method=artifact_csv_exact_kernel_size.
known_finished_from_downloaded_benchmark_results_csv_and_run_log_ok,downloaded artifact benchmark-results-reduction/results_reduction.csv line 13 plus run log line 18473,Tier 1,reduction,benchmark-results-reduction,74081853099,completed,failure,1048576,302,reduction,1048576,reduction,1048576,1,0.009598,0.009598,0.009598,2026-05-03T02:20:40.8920123Z,finished,18473,[OK] reduction 1048576 -> 0.009598 ms,Workflow-size invocation finished within the 3600s timeout and emitted a CSV row; matching method=artifact_csv_exact_kernel_size.
known_finished_from_downloaded_benchmark_results_csv_and_run_log_ok,downloaded artifact benchmark-results-reduction/results_reduction.csv line 14 plus run log line 18477,Tier 1,reduction,benchmark-results-reduction,74081853099,completed,failure,2097152,303,reduction,2097152,reduction,2097152,1,0.016297,0.016297,0.016297,2026-05-03T02:26:11.8950908Z,finished,18477,[OK] reduction 2097152 -> 0.016297 ms,Workflow-size invocation finished within the 3600s timeout and emitted a CSV row; matching method=artifact_csv_exact_kernel_size.
known_finished_from_downloaded_benchmark_results_csv_and_run_log_ok,downloaded artifact benchmark-results-reduction/results_reduction.csv line 15 plus run log line 18481,Tier 1,reduction,benchmark-results-reduction,74081853099,completed,failure,4194304,304,reduction,4194304,reduction,4194304,1,0.029554,0.029554,0.029554,2026-05-03T02:43:46.3371049Z,finished,18481,[OK] reduction 4194304 -> 0.029554 ms,Workflow-size invocation finished within the 3600s timeout and emitted a CSV row; matching method=artifact_csv_exact_kernel_size.
known_timed_out_3600s_from_run_log,run log line 18485,Tier 1,reduction,benchmark-results-reduction,74081853099,completed,failure,8388608,305,reduction,8388608,,,,,,,2026-05-03T03:43:46.4630553Z,timed_out_3600s,18485,##[warning]TIMEOUT: reduction 8388608 (>3600s),Workflow-size invocation failed before a usable CSV row for this plan entry; later entries in this benchmark job stop after first timeout/crash because the workflow loop breaks.
unknown_not_attempted_after_prior_failure_or_no_matching_artifact_log_evidence,downloaded artifacts plus complete run log had no matching CSV/OK/TIMEOUT/CRASH event for this plan entry,Tier 1,reduction,benchmark-results-reduction,74081853099,completed,failure,16777216,306,reduction,16777216,,,,,,,,unknown,,,No row-level terminal evidence for this plan entry in current run artifacts/logs; for failed jobs this generally means the workflow loop did not attempt later sizes after the first failure.
unknown_not_attempted_after_prior_failure_or_no_matching_artifact_log_evidence,downloaded artifacts plus complete run log had no matching CSV/OK/TIMEOUT/CRASH event for this plan entry,Tier 1,reduction,benchmark-results-reduction,74081853099,completed,failure,33554432,307,reduction,33554432,,,,,,,,unknown,,,No row-level terminal evidence for this plan entry in current run artifacts/logs; for failed jobs this generally means the workflow loop did not attempt later sizes after the first failure.
unknown_not_attempted_after_prior_failure_or_no_matching_artifact_log_evidence,downloaded artifacts plus complete run log had no matching CSV/OK/TIMEOUT/CRASH event for this plan entry,Tier 1,reduction,benchmark-results-reduction,74081853099,completed,failure,67108864,308,reduction,67108864,,,,,,,,unknown,,,No row-level terminal evidence for this plan entry in current run artifacts/logs; for failed jobs this generally means the workflow loop did not attempt later sizes after the first failure.
known_finished_from_downloaded_benchmark_results_csv_and_run_log_ok,downloaded artifact benchmark-results-3dconvolution/results_3dconvolution.csv line 2 plus run log line 20014,Tier 2,3dconvolution,benchmark-results-3dconvolution,74088342654,completed,failure,32x32x32,309,3dconvolution,32x32x32,3DConvolution,32x32x32,1,976000000.000000,976000000.000000,976000000.000000,2026-05-03T03:44:06.5855571Z,finished,20014,[OK] 3dconvolution 32x32x32 -> 976000000.000000 ms,Workflow-size invocation finished within the 3600s timeout and emitted a CSV row; matching method=artifact_csv_exact_kernel_size.
known_finished_from_downloaded_benchmark_results_csv_and_run_log_ok,downloaded artifact benchmark-results-3dconvolution/results_3dconvolution.csv line 3 plus run log line 20018,Tier 2,3dconvolution,benchmark-results-3dconvolution,74088342654,completed,failure,48x48x48,310,3dconvolution,48x48x48,3DConvolution,48x48x48,1,0.001796,0.001796,0.001796,2026-05-03T03:44:28.4956820Z,finished,20018,[OK] 3dconvolution 48x48x48 -> 0.001796 ms,Workflow-size invocation finished within the 3600s timeout and emitted a CSV row; matching method=artifact_csv_exact_kernel_size.
known_finished_from_downloaded_benchmark_results_csv_and_run_log_ok,downloaded artifact benchmark-results-3dconvolution/results_3dconvolution.csv line 4 plus run log line 20022,Tier 2,3dconvolution,benchmark-results-3dconvolution,74088342654,completed,failure,64x64x64,311,3dconvolution,64x64x64,3DConvolution,64x64x64,1,0.003661,0.003661,0.003661,2026-05-03T03:45:48.8726962Z,finished,20022,[OK] 3dconvolution 64x64x64 -> 0.003661 ms,Workflow-size invocation finished within the 3600s timeout and emitted a CSV row; matching method=artifact_csv_exact_kernel_size.
known_timed_out_3600s_from_run_log,run log line 20026,Tier 2,3dconvolution,benchmark-results-3dconvolution,74088342654,completed,failure,80x80x80,312,3dconvolution,80x80x80,,,,,,,2026-05-03T04:45:48.9634650Z,timed_out_3600s,20026,##[warning]TIMEOUT: 3dconvolution 80x80x80 (>3600s),Workflow-size invocation failed before a usable CSV row for this plan entry; later entries in this benchmark job stop after first timeout/crash because the workflow loop breaks.
unknown_not_attempted_after_prior_failure_or_no_matching_artifact_log_evidence,downloaded artifacts plus complete run log had no matching CSV/OK/TIMEOUT/CRASH event for this plan entry,Tier 2,3dconvolution,benchmark-results-3dconvolution,74088342654,completed,failure,96x96x96,313,3dconvolution,96x96x96,,,,,,,,unknown,,,No row-level terminal evidence for this plan entry in current run artifacts/logs; for failed jobs this generally means the workflow loop did not attempt later sizes after the first failure.
unknown_not_attempted_after_prior_failure_or_no_matching_artifact_log_evidence,downloaded artifacts plus complete run log had no matching CSV/OK/TIMEOUT/CRASH event for this plan entry,Tier 2,3dconvolution,benchmark-results-3dconvolution,74088342654,completed,failure,112x112x112,314,3dconvolution,112x112x112,,,,,,,,unknown,,,No row-level terminal evidence for this plan entry in current run artifacts/logs; for failed jobs this generally means the workflow loop did not attempt later sizes after the first failure.
unknown_not_attempted_after_prior_failure_or_no_matching_artifact_log_evidence,downloaded artifacts plus complete run log had no matching CSV/OK/TIMEOUT/CRASH event for this plan entry,Tier 2,3dconvolution,benchmark-results-3dconvolution,74088342654,completed,failure,128x128x128,315,3dconvolution,128x128x128,,,,,,,,unknown,,,No row-level terminal evidence for this plan entry in current run artifacts/logs; for failed jobs this generally means the workflow loop did not attempt later sizes after the first failure.
unknown_not_attempted_after_prior_failure_or_no_matching_artifact_log_evidence,downloaded artifacts plus complete run log had no matching CSV/OK/TIMEOUT/CRASH event for this plan entry,Tier 2,3dconvolution,benchmark-results-3dconvolution,74088342654,completed,failure,160x160x160,316,3dconvolution,160x160x160,,,,,,,,unknown,,,No row-level terminal evidence for this plan entry in current run artifacts/logs; for failed jobs this generally means the workflow loop did not attempt later sizes after the first failure.
unknown_not_attempted_after_prior_failure_or_no_matching_artifact_log_evidence,downloaded artifacts plus complete run log had no matching CSV/OK/TIMEOUT/CRASH event for this plan entry,Tier 2,3dconvolution,benchmark-results-3dconvolution,74088342654,completed,failure,192x192x192,317,3dconvolution,192x192x192,,,,,,,,unknown,,,No row-level terminal evidence for this plan entry in current run artifacts/logs; for failed jobs this generally means the workflow loop did not attempt later sizes after the first failure.
unknown_not_attempted_after_prior_failure_or_no_matching_artifact_log_evidence,downloaded artifacts plus complete run log had no matching CSV/OK/TIMEOUT/CRASH event for this plan entry,Tier 2,3dconvolution,benchmark-results-3dconvolution,74088342654,completed,failure,224x224x224,318,3dconvolution,224x224x224,,,,,,,,unknown,,,No row-level terminal evidence for this plan entry in current run artifacts/logs; for failed jobs this generally means the workflow loop did not attempt later sizes after the first failure.
unknown_not_attempted_after_prior_failure_or_no_matching_artifact_log_evidence,downloaded artifacts plus complete run log had no matching CSV/OK/TIMEOUT/CRASH event for this plan entry,Tier 2,3dconvolution,benchmark-results-3dconvolution,74088342654,completed,failure,256x256x256,319,3dconvolution,256x256x256,,,,,,,,unknown,,,No row-level terminal evidence for this plan entry in current run artifacts/logs; for failed jobs this generally means the workflow loop did not attempt later sizes after the first failure.
unknown_not_attempted_after_prior_failure_or_no_matching_artifact_log_evidence,downloaded artifacts plus complete run log had no matching CSV/OK/TIMEOUT/CRASH event for this plan entry,Tier 2,3dconvolution,benchmark-results-3dconvolution,74088342654,completed,failure,320x320x320,320,3dconvolution,320x320x320,,,,,,,,unknown,,,No row-level terminal evidence for this plan entry in current run artifacts/logs; for failed jobs this generally means the workflow loop did not attempt later sizes after the first failure.
unknown_not_attempted_after_prior_failure_or_no_matching_artifact_log_evidence,downloaded artifacts plus complete run log had no matching CSV/OK/TIMEOUT/CRASH event for this plan entry,Tier 2,3dconvolution,benchmark-results-3dconvolution,74088342654,completed,failure,384x384x384,321,3dconvolution,384x384x384,,,,,,,,unknown,,,No row-level terminal evidence for this plan entry in current run artifacts/logs; for failed jobs this generally means the workflow loop did not attempt later sizes after the first failure.
unknown_not_attempted_after_prior_failure_or_no_matching_artifact_log_evidence,downloaded artifacts plus complete run log had no matching CSV/OK/TIMEOUT/CRASH event for this plan entry,Tier 2,3dconvolution,benchmark-results-3dconvolution,74088342654,completed,failure,448x448x448,322,3dconvolution,448x448x448,,,,,,,,unknown,,,No row-level terminal evidence for this plan entry in current run artifacts/logs; for failed jobs this generally means the workflow loop did not attempt later sizes after the first failure.
unknown_not_attempted_after_prior_failure_or_no_matching_artifact_log_evidence,downloaded artifacts plus complete run log had no matching CSV/OK/TIMEOUT/CRASH event for this plan entry,Tier 2,3dconvolution,benchmark-results-3dconvolution,74088342654,completed,failure,512x512x512,323,3dconvolution,512x512x512,,,,,,,,unknown,,,No row-level terminal evidence for this plan entry in current run artifacts/logs; for failed jobs this generally means the workflow loop did not attempt later sizes after the first failure.
known_finished_from_downloaded_benchmark_results_csv_and_run_log_ok,downloaded artifact benchmark-results-2dconvolution/results_2dconvolution.csv line 2 plus run log line 22263,Tier 2,2dconvolution,benchmark-results-2dconvolution,74088342658,completed,failure,64x64,324,2dconvolution,64x64,2DConvolution,64x64,1,684000000.000000,684000000.000000,684000000.000000,2026-05-03T03:44:02.9666366Z,finished,22263,[OK] 2dconvolution 64x64 -> 684000000.000000 ms,Workflow-size invocation finished within the 3600s timeout and emitted a CSV row; matching method=artifact_csv_exact_kernel_size.
known_finished_from_downloaded_benchmark_results_csv_and_run_log_ok,downloaded artifact benchmark-results-2dconvolution/results_2dconvolution.csv line 3 plus run log line 22267,Tier 2,2dconvolution,benchmark-results-2dconvolution,74088342658,completed,failure,128x128,325,2dconvolution,128x128,2DConvolution,128x128,1,697000000.000000,697000000.000000,697000000.000000,2026-05-03T03:44:04.6858569Z,finished,22267,[OK] 2dconvolution 128x128 -> 697000000.000000 ms,Workflow-size invocation finished within the 3600s timeout and emitted a CSV row; matching method=artifact_csv_exact_kernel_size.
known_finished_from_downloaded_benchmark_results_csv_and_run_log_ok,downloaded artifact benchmark-results-2dconvolution/results_2dconvolution.csv line 4 plus run log line 22271,Tier 2,2dconvolution,benchmark-results-2dconvolution,74088342658,completed,failure,192x192,326,2dconvolution,192x192,2DConvolution,192x192,1,958000000.000000,958000000.000000,958000000.000000,2026-05-03T03:44:07.6591058Z,finished,22271,[OK] 2dconvolution 192x192 -> 958000000.000000 ms,Workflow-size invocation finished within the 3600s timeout and emitted a CSV row; matching method=artifact_csv_exact_kernel_size.
known_finished_from_downloaded_benchmark_results_csv_and_run_log_ok,downloaded artifact benchmark-results-2dconvolution/results_2dconvolution.csv line 5 plus run log line 22275,Tier 2,2dconvolution,benchmark-results-2dconvolution,74088342658,completed,failure,256x256,327,2dconvolution,256x256,2DConvolution,256x256,1,0.001172,0.001172,0.001172,2026-05-03T03:44:13.1504601Z,finished,22275,[OK] 2dconvolution 256x256 -> 0.001172 ms,Workflow-size invocation finished within the 3600s timeout and emitted a CSV row; matching method=artifact_csv_exact_kernel_size.
known_finished_from_downloaded_benchmark_results_csv_and_run_log_ok,downloaded artifact benchmark-results-2dconvolution/results_2dconvolution.csv line 6 plus run log line 22279,Tier 2,2dconvolution,benchmark-results-2dconvolution,74088342658,completed,failure,384x384,328,2dconvolution,384x384,2DConvolution,384x384,1,0.002180,0.002180,0.002180,2026-05-03T03:44:30.7177584Z,finished,22279,[OK] 2dconvolution 384x384 -> 0.002180 ms,Workflow-size invocation finished within the 3600s timeout and emitted a CSV row; matching method=artifact_csv_exact_kernel_size.
known_finished_from_downloaded_benchmark_results_csv_and_run_log_ok,downloaded artifact benchmark-results-2dconvolution/results_2dconvolution.csv line 7 plus run log line 22283,Tier 2,2dconvolution,benchmark-results-2dconvolution,74088342658,completed,failure,512x512,329,2dconvolution,512x512,2DConvolution,512x512,1,0.003592,0.003592,0.003592,2026-05-03T03:45:06.9121753Z,finished,22283,[OK] 2dconvolution 512x512 -> 0.003592 ms,Workflow-size invocation finished within the 3600s timeout and emitted a CSV row; matching method=artifact_csv_exact_kernel_size.
known_finished_from_downloaded_benchmark_results_csv_and_run_log_ok,downloaded artifact benchmark-results-2dconvolution/results_2dconvolution.csv line 8 plus run log line 22287,Tier 2,2dconvolution,benchmark-results-2dconvolution,74088342658,completed,failure,640x640,330,2dconvolution,640x640,2DConvolution,640x640,1,0.005413,0.005413,0.005413,2026-05-03T03:46:07.8658181Z,finished,22287,[OK] 2dconvolution 640x640 -> 0.005413 ms,Workflow-size invocation finished within the 3600s timeout and emitted a CSV row; matching method=artifact_csv_exact_kernel_size.
known_finished_from_downloaded_benchmark_results_csv_and_run_log_ok,downloaded artifact benchmark-results-2dconvolution/results_2dconvolution.csv line 9 plus run log line 22291,Tier 2,2dconvolution,benchmark-results-2dconvolution,74088342658,completed,failure,768x768,331,2dconvolution,768x768,2DConvolution,768x768,1,0.007660,0.007660,0.007660,2026-05-03T03:47:53.0395375Z,finished,22291,[OK] 2dconvolution 768x768 -> 0.007660 ms,Workflow-size invocation finished within the 3600s timeout and emitted a CSV row; matching method=artifact_csv_exact_kernel_size.
known_timed_out_3600s_from_run_log,run log line 22295,Tier 2,2dconvolution,benchmark-results-2dconvolution,74088342658,completed,failure,896x896,332,2dconvolution,896x896,,,,,,,2026-05-03T04:47:53.1735788Z,timed_out_3600s,22295,##[warning]TIMEOUT: 2dconvolution 896x896 (>3600s),Workflow-size invocation failed before a usable CSV row for this plan entry; later entries in this benchmark job stop after first timeout/crash because the workflow loop breaks.
unknown_not_attempted_after_prior_failure_or_no_matching_artifact_log_evidence,downloaded artifacts plus complete run log had no matching CSV/OK/TIMEOUT/CRASH event for this plan entry,Tier 2,2dconvolution,benchmark-results-2dconvolution,74088342658,completed,failure,1024x1024,333,2dconvolution,1024x1024,,,,,,,,unknown,,,No row-level terminal evidence for this plan entry in current run artifacts/logs; for failed jobs this generally means the workflow loop did not attempt later sizes after the first failure.
unknown_not_attempted_after_prior_failure_or_no_matching_artifact_log_evidence,downloaded artifacts plus complete run log had no matching CSV/OK/TIMEOUT/CRASH event for this plan entry,Tier 2,2dconvolution,benchmark-results-2dconvolution,74088342658,completed,failure,1280x1280,334,2dconvolution,1280x1280,,,,,,,,unknown,,,No row-level terminal evidence for this plan entry in current run artifacts/logs; for failed jobs this generally means the workflow loop did not attempt later sizes after the first failure.
unknown_not_attempted_after_prior_failure_or_no_matching_artifact_log_evidence,downloaded artifacts plus complete run log had no matching CSV/OK/TIMEOUT/CRASH event for this plan entry,Tier 2,2dconvolution,benchmark-results-2dconvolution,74088342658,completed,failure,1536x1536,335,2dconvolution,1536x1536,,,,,,,,unknown,,,No row-level terminal evidence for this plan entry in current run artifacts/logs; for failed jobs this generally means the workflow loop did not attempt later sizes after the first failure.
unknown_not_attempted_after_prior_failure_or_no_matching_artifact_log_evidence,downloaded artifacts plus complete run log had no matching CSV/OK/TIMEOUT/CRASH event for this plan entry,Tier 2,2dconvolution,benchmark-results-2dconvolution,74088342658,completed,failure,1792x1792,336,2dconvolution,1792x1792,,,,,,,,unknown,,,No row-level terminal evidence for this plan entry in current run artifacts/logs; for failed jobs this generally means the workflow loop did not attempt later sizes after the first failure.
unknown_not_attempted_after_prior_failure_or_no_matching_artifact_log_evidence,downloaded artifacts plus complete run log had no matching CSV/OK/TIMEOUT/CRASH event for this plan entry,Tier 2,2dconvolution,benchmark-results-2dconvolution,74088342658,completed,failure,2048x2048,337,2dconvolution,2048x2048,,,,,,,,unknown,,,No row-level terminal evidence for this plan entry in current run artifacts/logs; for failed jobs this generally means the workflow loop did not attempt later sizes after the first failure.
unknown_not_attempted_after_prior_failure_or_no_matching_artifact_log_evidence,downloaded artifacts plus complete run log had no matching CSV/OK/TIMEOUT/CRASH event for this plan entry,Tier 2,2dconvolution,benchmark-results-2dconvolution,74088342658,completed,failure,2560x2560,338,2dconvolution,2560x2560,,,,,,,,unknown,,,No row-level terminal evidence for this plan entry in current run artifacts/logs; for failed jobs this generally means the workflow loop did not attempt later sizes after the first failure.
unknown_not_attempted_after_prior_failure_or_no_matching_artifact_log_evidence,downloaded artifacts plus complete run log had no matching CSV/OK/TIMEOUT/CRASH event for this plan entry,Tier 2,2dconvolution,benchmark-results-2dconvolution,74088342658,completed,failure,3072x3072,339,2dconvolution,3072x3072,,,,,,,,unknown,,,No row-level terminal evidence for this plan entry in current run artifacts/logs; for failed jobs this generally means the workflow loop did not attempt later sizes after the first failure.
unknown_not_attempted_after_prior_failure_or_no_matching_artifact_log_evidence,downloaded artifacts plus complete run log had no matching CSV/OK/TIMEOUT/CRASH event for this plan entry,Tier 2,2dconvolution,benchmark-results-2dconvolution,74088342658,completed,failure,3584x3584,340,2dconvolution,3584x3584,,,,,,,,unknown,,,No row-level terminal evidence for this plan entry in current run artifacts/logs; for failed jobs this generally means the workflow loop did not attempt later sizes after the first failure.
unknown_not_attempted_after_prior_failure_or_no_matching_artifact_log_evidence,downloaded artifacts plus complete run log had no matching CSV/OK/TIMEOUT/CRASH event for this plan entry,Tier 2,2dconvolution,benchmark-results-2dconvolution,74088342658,completed,failure,4096x4096,341,2dconvolution,4096x4096,,,,,,,,unknown,,,No row-level terminal evidence for this plan entry in current run artifacts/logs; for failed jobs this generally means the workflow loop did not attempt later sizes after the first failure.
known_finished_from_downloaded_benchmark_results_csv_and_run_log_ok,downloaded artifact benchmark-results-parboil-spmv/results_parboil_spmv.csv line 2 plus run log line 20647,Tier 2,parboil_spmv,benchmark-results-parboil-spmv,74088342656,completed,failure,1024,342,spmv_csr,1024,spmv_csr,1024,1,0.001108,0.001108,0.001108,2026-05-03T03:44:01.0737266Z,finished,20647,[OK] parboil_spmv 1024 -> 0.001108 ms,Workflow-size invocation finished within the 3600s timeout and emitted a CSV row; matching method=artifact_csv_exact_kernel_size.
known_finished_from_downloaded_benchmark_results_csv_and_run_log_ok,downloaded artifact benchmark-results-parboil-spmv/results_parboil_spmv.csv line 3 plus run log line 20651,Tier 2,parboil_spmv,benchmark-results-parboil-spmv,74088342656,completed,failure,2048,343,spmv_csr,2048,spmv_csr,2048,1,0.001109,0.001109,0.001109,2026-05-03T03:44:01.5357232Z,finished,20651,[OK] parboil_spmv 2048 -> 0.001109 ms,Workflow-size invocation finished within the 3600s timeout and emitted a CSV row; matching method=artifact_csv_exact_kernel_size.
known_finished_from_downloaded_benchmark_results_csv_and_run_log_ok,downloaded artifact benchmark-results-parboil-spmv/results_parboil_spmv.csv line 4 plus run log line 20655,Tier 2,parboil_spmv,benchmark-results-parboil-spmv,74088342656,completed,failure,4096,344,spmv_csr,4096,spmv_csr,4096,1,0.001115,0.001115,0.001115,2026-05-03T03:44:02.1579642Z,finished,20655,[OK] parboil_spmv 4096 -> 0.001115 ms,Workflow-size invocation finished within the 3600s timeout and emitted a CSV row; matching method=artifact_csv_exact_kernel_size.
known_finished_from_downloaded_benchmark_results_csv_and_run_log_ok,downloaded artifact benchmark-results-parboil-spmv/results_parboil_spmv.csv line 5 plus run log line 20659,Tier 2,parboil_spmv,benchmark-results-parboil-spmv,74088342656,completed,failure,8192,345,spmv_csr,8192,spmv_csr,8192,1,0.001282,0.001282,0.001282,2026-05-03T03:44:03.3991433Z,finished,20659,[OK] parboil_spmv 8192 -> 0.001282 ms,Workflow-size invocation finished within the 3600s timeout and emitted a CSV row; matching method=artifact_csv_exact_kernel_size.
known_finished_from_downloaded_benchmark_results_csv_and_run_log_ok,downloaded artifact benchmark-results-parboil-spmv/results_parboil_spmv.csv line 6 plus run log line 20663,Tier 2,parboil_spmv,benchmark-results-parboil-spmv,74088342656,completed,failure,16384,346,spmv_csr,16384,spmv_csr,16384,1,0.001621,0.001621,0.001621,2026-05-03T03:44:05.6428645Z,finished,20663,[OK] parboil_spmv 16384 -> 0.001621 ms,Workflow-size invocation finished within the 3600s timeout and emitted a CSV row; matching method=artifact_csv_exact_kernel_size.
known_finished_from_downloaded_benchmark_results_csv_and_run_log_ok,downloaded artifact benchmark-results-parboil-spmv/results_parboil_spmv.csv line 7 plus run log line 20667,Tier 2,parboil_spmv,benchmark-results-parboil-spmv,74088342656,completed,failure,32768,347,spmv_csr,32768,spmv_csr,32768,1,0.002429,0.002429,0.002429,2026-05-03T03:44:10.0346704Z,finished,20667,[OK] parboil_spmv 32768 -> 0.002429 ms,Workflow-size invocation finished within the 3600s timeout and emitted a CSV row; matching method=artifact_csv_exact_kernel_size.
known_finished_from_downloaded_benchmark_results_csv_and_run_log_ok,downloaded artifact benchmark-results-parboil-spmv/results_parboil_spmv.csv line 8 plus run log line 20671,Tier 2,parboil_spmv,benchmark-results-parboil-spmv,74088342656,completed,failure,65536,348,spmv_csr,65536,spmv_csr,65536,1,0.004191,0.004191,0.004191,2026-05-03T03:44:19.7512292Z,finished,20671,[OK] parboil_spmv 65536 -> 0.004191 ms,Workflow-size invocation finished within the 3600s timeout and emitted a CSV row; matching method=artifact_csv_exact_kernel_size.
known_finished_from_downloaded_benchmark_results_csv_and_run_log_ok,downloaded artifact benchmark-results-parboil-spmv/results_parboil_spmv.csv line 9 plus run log line 20675,Tier 2,parboil_spmv,benchmark-results-parboil-spmv,74088342656,completed,failure,131072,349,spmv_csr,131072,spmv_csr,131072,1,0.007692,0.007692,0.007692,2026-05-03T03:44:44.2485913Z,finished,20675,[OK] parboil_spmv 131072 -> 0.007692 ms,Workflow-size invocation finished within the 3600s timeout and emitted a CSV row; matching method=artifact_csv_exact_kernel_size.
known_finished_from_downloaded_benchmark_results_csv_and_run_log_ok,downloaded artifact benchmark-results-parboil-spmv/results_parboil_spmv.csv line 10 plus run log line 20679,Tier 2,parboil_spmv,benchmark-results-parboil-spmv,74088342656,completed,failure,262144,350,spmv_csr,262144,spmv_csr,262144,1,0.014966,0.014966,0.014966,2026-05-03T03:45:55.7328598Z,finished,20679,[OK] parboil_spmv 262144 -> 0.014966 ms,Workflow-size invocation finished within the 3600s timeout and emitted a CSV row; matching method=artifact_csv_exact_kernel_size.
known_finished_from_downloaded_benchmark_results_csv_and_run_log_ok,downloaded artifact benchmark-results-parboil-spmv/results_parboil_spmv.csv line 11 plus run log line 20683,Tier 2,parboil_spmv,benchmark-results-parboil-spmv,74088342656,completed,failure,524288,351,spmv_csr,524288,spmv_csr,524288,1,0.029550,0.029550,0.029550,2026-05-03T03:50:11.1870514Z,finished,20683,[OK] parboil_spmv 524288 -> 0.029550 ms,Workflow-size invocation finished within the 3600s timeout and emitted a CSV row; matching method=artifact_csv_exact_kernel_size.
known_timed_out_3600s_from_run_log,run log line 20687,Tier 2,parboil_spmv,benchmark-results-parboil-spmv,74088342656,completed,failure,1048576,352,spmv_csr,1048576,,,,,,,2026-05-03T04:50:11.2784939Z,timed_out_3600s,20687,##[warning]TIMEOUT: parboil_spmv 1048576 (>3600s),Workflow-size invocation failed before a usable CSV row for this plan entry; later entries in this benchmark job stop after first timeout/crash because the workflow loop breaks.
unknown_not_attempted_after_prior_failure_or_no_matching_artifact_log_evidence,downloaded artifacts plus complete run log had no matching CSV/OK/TIMEOUT/CRASH event for this plan entry,Tier 2,parboil_spmv,benchmark-results-parboil-spmv,74088342656,completed,failure,1572864,353,spmv_csr,1572864,,,,,,,,unknown,,,No row-level terminal evidence for this plan entry in current run artifacts/logs; for failed jobs this generally means the workflow loop did not attempt later sizes after the first failure.
unknown_not_attempted_after_prior_failure_or_no_matching_artifact_log_evidence,downloaded artifacts plus complete run log had no matching CSV/OK/TIMEOUT/CRASH event for this plan entry,Tier 2,parboil_spmv,benchmark-results-parboil-spmv,74088342656,completed,failure,2097152,354,spmv_csr,2097152,,,,,,,,unknown,,,No row-level terminal evidence for this plan entry in current run artifacts/logs; for failed jobs this generally means the workflow loop did not attempt later sizes after the first failure.
unknown_not_attempted_after_prior_failure_or_no_matching_artifact_log_evidence,downloaded artifacts plus complete run log had no matching CSV/OK/TIMEOUT/CRASH event for this plan entry,Tier 2,parboil_spmv,benchmark-results-parboil-spmv,74088342656,completed,failure,2621440,355,spmv_csr,2621440,,,,,,,,unknown,,,No row-level terminal evidence for this plan entry in current run artifacts/logs; for failed jobs this generally means the workflow loop did not attempt later sizes after the first failure.
unknown_not_attempted_after_prior_failure_or_no_matching_artifact_log_evidence,downloaded artifacts plus complete run log had no matching CSV/OK/TIMEOUT/CRASH event for this plan entry,Tier 2,parboil_spmv,benchmark-results-parboil-spmv,74088342656,completed,failure,3145728,356,spmv_csr,3145728,,,,,,,,unknown,,,No row-level terminal evidence for this plan entry in current run artifacts/logs; for failed jobs this generally means the workflow loop did not attempt later sizes after the first failure.
unknown_not_attempted_after_prior_failure_or_no_matching_artifact_log_evidence,downloaded artifacts plus complete run log had no matching CSV/OK/TIMEOUT/CRASH event for this plan entry,Tier 2,parboil_spmv,benchmark-results-parboil-spmv,74088342656,completed,failure,4194304,357,spmv_csr,4194304,,,,,,,,unknown,,,No row-level terminal evidence for this plan entry in current run artifacts/logs; for failed jobs this generally means the workflow loop did not attempt later sizes after the first failure.
known_finished_from_downloaded_benchmark_results_csv_and_run_log_ok,downloaded artifact benchmark-results-bs/results_bs.csv line 2 plus run log line 25462,Tier 2,bs,benchmark-results-bs,74088342663,completed,failure,512,358,bs,512,bs,512,1,0.001101,0.001101,0.001101,2026-05-03T03:44:01.6800749Z,finished,25462,[OK] bs 512 -> 0.001101 ms,Workflow-size invocation finished within the 3600s timeout and emitted a CSV row; matching method=artifact_csv_exact_kernel_size.
known_finished_from_downloaded_benchmark_results_csv_and_run_log_ok,downloaded artifact benchmark-results-bs/results_bs.csv line 3 plus run log line 25466,Tier 2,bs,benchmark-results-bs,74088342663,completed,failure,1024,359,bs,1024,bs,1024,1,0.001114,0.001114,0.001114,2026-05-03T03:44:02.1178904Z,finished,25466,[OK] bs 1024 -> 0.001114 ms,Workflow-size invocation finished within the 3600s timeout and emitted a CSV row; matching method=artifact_csv_exact_kernel_size.
known_finished_from_downloaded_benchmark_results_csv_and_run_log_ok,downloaded artifact benchmark-results-bs/results_bs.csv line 4 plus run log line 25470,Tier 2,bs,benchmark-results-bs,74088342663,completed,failure,2048,360,bs,2048,bs,2048,1,0.001102,0.001102,0.001102,2026-05-03T03:44:02.5300319Z,finished,25470,[OK] bs 2048 -> 0.001102 ms,Workflow-size invocation finished within the 3600s timeout and emitted a CSV row; matching method=artifact_csv_exact_kernel_size.
known_finished_from_downloaded_benchmark_results_csv_and_run_log_ok,downloaded artifact benchmark-results-bs/results_bs.csv line 5 plus run log line 25474,Tier 2,bs,benchmark-results-bs,74088342663,completed,failure,4096,361,bs,4096,bs,4096,1,0.001112,0.001112,0.001112,2026-05-03T03:44:02.9473475Z,finished,25474,[OK] bs 4096 -> 0.001112 ms,Workflow-size invocation finished within the 3600s timeout and emitted a CSV row; matching method=artifact_csv_exact_kernel_size.
known_finished_from_downloaded_benchmark_results_csv_and_run_log_ok,downloaded artifact benchmark-results-bs/results_bs.csv line 6 plus run log line 25478,Tier 2,bs,benchmark-results-bs,74088342663,completed,failure,8192,362,bs,8192,bs,8192,1,0.001205,0.001205,0.001205,2026-05-03T03:44:03.6261963Z,finished,25478,[OK] bs 8192 -> 0.001205 ms,Workflow-size invocation finished within the 3600s timeout and emitted a CSV row; matching method=artifact_csv_exact_kernel_size.
known_finished_from_downloaded_benchmark_results_csv_and_run_log_ok,downloaded artifact benchmark-results-bs/results_bs.csv line 7 plus run log line 25482,Tier 2,bs,benchmark-results-bs,74088342663,completed,failure,16384,363,bs,16384,bs,16384,1,0.001319,0.001319,0.001319,2026-05-03T03:44:04.9291295Z,finished,25482,[OK] bs 16384 -> 0.001319 ms,Workflow-size invocation finished within the 3600s timeout and emitted a CSV row; matching method=artifact_csv_exact_kernel_size.
known_finished_from_downloaded_benchmark_results_csv_and_run_log_ok,downloaded artifact benchmark-results-bs/results_bs.csv line 8 plus run log line 25486,Tier 2,bs,benchmark-results-bs,74088342663,completed,failure,32768,364,bs,32768,bs,32768,1,0.001673,0.001673,0.001673,2026-05-03T03:44:07.4919005Z,finished,25486,[OK] bs 32768 -> 0.001673 ms,Workflow-size invocation finished within the 3600s timeout and emitted a CSV row; matching method=artifact_csv_exact_kernel_size.
known_finished_from_downloaded_benchmark_results_csv_and_run_log_ok,downloaded artifact benchmark-results-bs/results_bs.csv line 9 plus run log line 25490,Tier 2,bs,benchmark-results-bs,74088342663,completed,failure,65536,365,bs,65536,bs,65536,1,0.002392,0.002392,0.002392,2026-05-03T03:44:13.1928461Z,finished,25490,[OK] bs 65536 -> 0.002392 ms,Workflow-size invocation finished within the 3600s timeout and emitted a CSV row; matching method=artifact_csv_exact_kernel_size.
known_finished_from_downloaded_benchmark_results_csv_and_run_log_ok,downloaded artifact benchmark-results-bs/results_bs.csv line 10 plus run log line 25494,Tier 2,bs,benchmark-results-bs,74088342663,completed,failure,131072,366,bs,131072,bs,131072,1,0.004369,0.004369,0.004369,2026-05-03T03:44:25.6331521Z,finished,25494,[OK] bs 131072 -> 0.004369 ms,Workflow-size invocation finished within the 3600s timeout and emitted a CSV row; matching method=artifact_csv_exact_kernel_size.
known_finished_from_downloaded_benchmark_results_csv_and_run_log_ok,downloaded artifact benchmark-results-bs/results_bs.csv line 11 plus run log line 25498,Tier 2,bs,benchmark-results-bs,74088342663,completed,failure,262144,367,bs,262144,bs,262144,1,0.008413,0.008413,0.008413,2026-05-03T03:44:59.2731733Z,finished,25498,[OK] bs 262144 -> 0.008413 ms,Workflow-size invocation finished within the 3600s timeout and emitted a CSV row; matching method=artifact_csv_exact_kernel_size.
known_finished_from_downloaded_benchmark_results_csv_and_run_log_ok,downloaded artifact benchmark-results-bs/results_bs.csv line 12 plus run log line 25502,Tier 2,bs,benchmark-results-bs,74088342663,completed,failure,524288,368,bs,524288,bs,524288,1,0.252052,0.252052,0.252052,2026-05-03T03:47:20.1610888Z,finished,25502,[OK] bs 524288 -> 0.252052 ms,Workflow-size invocation finished within the 3600s timeout and emitted a CSV row; matching method=artifact_csv_exact_kernel_size.
known_timed_out_3600s_from_run_log,run log line 25506,Tier 2,bs,benchmark-results-bs,74088342663,completed,failure,1048576,369,bs,1048576,,,,,,,2026-05-03T04:47:20.3341031Z,timed_out_3600s,25506,##[warning]TIMEOUT: bs 1048576 (>3600s),Workflow-size invocation failed before a usable CSV row for this plan entry; later entries in this benchmark job stop after first timeout/crash because the workflow loop breaks.
unknown_not_attempted_after_prior_failure_or_no_matching_artifact_log_evidence,downloaded artifacts plus complete run log had no matching CSV/OK/TIMEOUT/CRASH event for this plan entry,Tier 2,bs,benchmark-results-bs,74088342663,completed,failure,2097152,370,bs,2097152,,,,,,,,unknown,,,No row-level terminal evidence for this plan entry in current run artifacts/logs; for failed jobs this generally means the workflow loop did not attempt later sizes after the first failure.
unknown_not_attempted_after_prior_failure_or_no_matching_artifact_log_evidence,downloaded artifacts plus complete run log had no matching CSV/OK/TIMEOUT/CRASH event for this plan entry,Tier 2,bs,benchmark-results-bs,74088342663,completed,failure,4194304,371,bs,4194304,,,,,,,,unknown,,,No row-level terminal evidence for this plan entry in current run artifacts/logs; for failed jobs this generally means the workflow loop did not attempt later sizes after the first failure.
unknown_not_attempted_after_prior_failure_or_no_matching_artifact_log_evidence,downloaded artifacts plus complete run log had no matching CSV/OK/TIMEOUT/CRASH event for this plan entry,Tier 2,bs,benchmark-results-bs,74088342663,completed,failure,8388608,372,bs,8388608,,,,,,,,unknown,,,No row-level terminal evidence for this plan entry in current run artifacts/logs; for failed jobs this generally means the workflow loop did not attempt later sizes after the first failure.
unknown_not_attempted_after_prior_failure_or_no_matching_artifact_log_evidence,downloaded artifacts plus complete run log had no matching CSV/OK/TIMEOUT/CRASH event for this plan entry,Tier 2,bs,benchmark-results-bs,74088342663,completed,failure,16777216,373,bs,16777216,,,,,,,,unknown,,,No row-level terminal evidence for this plan entry in current run artifacts/logs; for failed jobs this generally means the workflow loop did not attempt later sizes after the first failure.
known_finished_from_downloaded_benchmark_results_csv_and_run_log_ok,downloaded artifact benchmark-results-nn/results_nn.csv line 2 plus run log line 21547,Tier 2,nn,benchmark-results-nn,74088342657,completed,failure,1024,374,nn,1024,nn,1024,1,619000000.000000,619000000.000000,619000000.000000,2026-05-03T03:44:01.9565174Z,finished,21547,[OK] nn 1024 -> 619000000.000000 ms,Workflow-size invocation finished within the 3600s timeout and emitted a CSV row; matching method=artifact_csv_exact_kernel_size.
known_finished_from_downloaded_benchmark_results_csv_and_run_log_ok,downloaded artifact benchmark-results-nn/results_nn.csv line 3 plus run log line 21551,Tier 2,nn,benchmark-results-nn,74088342657,completed,failure,2048,375,nn,2048,nn,2048,1,619000000.000000,619000000.000000,619000000.000000,2026-05-03T03:44:02.3517148Z,finished,21551,[OK] nn 2048 -> 619000000.000000 ms,Workflow-size invocation finished within the 3600s timeout and emitted a CSV row; matching method=artifact_csv_exact_kernel_size.
known_finished_from_downloaded_benchmark_results_csv_and_run_log_ok,downloaded artifact benchmark-results-nn/results_nn.csv line 4 plus run log line 21555,Tier 2,nn,benchmark-results-nn,74088342657,completed,failure,4096,376,nn,4096,nn,4096,1,621000000.000000,621000000.000000,621000000.000000,2026-05-03T03:44:02.7123942Z,finished,21555,[OK] nn 4096 -> 621000000.000000 ms,Workflow-size invocation finished within the 3600s timeout and emitted a CSV row; matching method=artifact_csv_exact_kernel_size.
known_finished_from_downloaded_benchmark_results_csv_and_run_log_ok,downloaded artifact benchmark-results-nn/results_nn.csv line 5 plus run log line 21559,Tier 2,nn,benchmark-results-nn,74088342657,completed,failure,8192,377,nn,8192,nn,8192,1,630000000.000000,630000000.000000,630000000.000000,2026-05-03T03:44:03.1193342Z,finished,21559,[OK] nn 8192 -> 630000000.000000 ms,Workflow-size invocation finished within the 3600s timeout and emitted a CSV row; matching method=artifact_csv_exact_kernel_size.
known_finished_from_downloaded_benchmark_results_csv_and_run_log_ok,downloaded artifact benchmark-results-nn/results_nn.csv line 6 plus run log line 21563,Tier 2,nn,benchmark-results-nn,74088342657,completed,failure,16384,378,nn,16384,nn,16384,1,728000000.000000,728000000.000000,728000000.000000,2026-05-03T03:44:03.7770961Z,finished,21563,[OK] nn 16384 -> 728000000.000000 ms,Workflow-size invocation finished within the 3600s timeout and emitted a CSV row; matching method=artifact_csv_exact_kernel_size.
known_finished_from_downloaded_benchmark_results_csv_and_run_log_ok,downloaded artifact benchmark-results-nn/results_nn.csv line 7 plus run log line 21567,Tier 2,nn,benchmark-results-nn,74088342657,completed,failure,32768,379,nn,32768,nn,32768,1,944000000.000000,944000000.000000,944000000.000000,2026-05-03T03:44:04.6153505Z,finished,21567,[OK] nn 32768 -> 944000000.000000 ms,Workflow-size invocation finished within the 3600s timeout and emitted a CSV row; matching method=artifact_csv_exact_kernel_size.
known_finished_from_downloaded_benchmark_results_csv_and_run_log_ok,downloaded artifact benchmark-results-nn/results_nn.csv line 8 plus run log line 21571,Tier 2,nn,benchmark-results-nn,74088342657,completed,failure,65536,380,nn,65536,nn,65536,1,0.001543,0.001543,0.001543,2026-05-03T03:44:06.2164264Z,finished,21571,[OK] nn 65536 -> 0.001543 ms,Workflow-size invocation finished within the 3600s timeout and emitted a CSV row; matching method=artifact_csv_exact_kernel_size.
known_finished_from_downloaded_benchmark_results_csv_and_run_log_ok,downloaded artifact benchmark-results-nn/results_nn.csv line 9 plus run log line 21575,Tier 2,nn,benchmark-results-nn,74088342657,completed,failure,131072,381,nn,131072,nn,131072,1,0.002753,0.002753,0.002753,2026-05-03T03:44:10.0375831Z,finished,21575,[OK] nn 131072 -> 0.002753 ms,Workflow-size invocation finished within the 3600s timeout and emitted a CSV row; matching method=artifact_csv_exact_kernel_size.
known_finished_from_downloaded_benchmark_results_csv_and_run_log_ok,downloaded artifact benchmark-results-nn/results_nn.csv line 10 plus run log line 21579,Tier 2,nn,benchmark-results-nn,74088342657,completed,failure,262144,382,nn,262144,nn,262144,1,0.005179,0.005179,0.005179,2026-05-03T03:44:21.1434347Z,finished,21579,[OK] nn 262144 -> 0.005179 ms,Workflow-size invocation finished within the 3600s timeout and emitted a CSV row; matching method=artifact_csv_exact_kernel_size.
known_finished_from_downloaded_benchmark_results_csv_and_run_log_ok,downloaded artifact benchmark-results-nn/results_nn.csv line 11 plus run log line 21583,Tier 2,nn,benchmark-results-nn,74088342657,completed,failure,524288,383,nn,524288,nn,524288,1,0.010070,0.010070,0.010070,2026-05-03T03:44:49.4064857Z,finished,21583,[OK] nn 524288 -> 0.010070 ms,Workflow-size invocation finished within the 3600s timeout and emitted a CSV row; matching method=artifact_csv_exact_kernel_size.
known_finished_from_downloaded_benchmark_results_csv_and_run_log_ok,downloaded artifact benchmark-results-nn/results_nn.csv line 12 plus run log line 21587,Tier 2,nn,benchmark-results-nn,74088342657,completed,failure,1048576,384,nn,1048576,nn,1048576,1,0.019817,0.019817,0.019817,2026-05-03T03:46:10.8279113Z,finished,21587,[OK] nn 1048576 -> 0.019817 ms,Workflow-size invocation finished within the 3600s timeout and emitted a CSV row; matching method=artifact_csv_exact_kernel_size.
known_finished_from_downloaded_benchmark_results_csv_and_run_log_ok,downloaded artifact benchmark-results-nn/results_nn.csv line 13 plus run log line 21591,Tier 2,nn,benchmark-results-nn,74088342657,completed,failure,2097152,385,nn,2097152,nn,2097152,1,0.039209,0.039209,0.039209,2026-05-03T03:48:50.1684651Z,finished,21591,[OK] nn 2097152 -> 0.039209 ms,Workflow-size invocation finished within the 3600s timeout and emitted a CSV row; matching method=artifact_csv_exact_kernel_size.
known_finished_from_downloaded_benchmark_results_csv_and_run_log_ok,downloaded artifact benchmark-results-nn/results_nn.csv line 14 plus run log line 21595,Tier 2,nn,benchmark-results-nn,74088342657,completed,failure,3145728,386,nn,3145728,nn,3145728,1,0.058600,0.058600,0.058600,2026-05-03T03:53:48.7111622Z,finished,21595,[OK] nn 3145728 -> 0.058600 ms,Workflow-size invocation finished within the 3600s timeout and emitted a CSV row; matching method=artifact_csv_exact_kernel_size.
known_finished_from_downloaded_benchmark_results_csv_and_run_log_ok,downloaded artifact benchmark-results-nn/results_nn.csv line 15 plus run log line 21599,Tier 2,nn,benchmark-results-nn,74088342657,completed,failure,4194304,387,nn,4194304,nn,4194304,1,0.077990,0.077990,0.077990,2026-05-03T04:08:31.5263767Z,finished,21599,[OK] nn 4194304 -> 0.077990 ms,Workflow-size invocation finished within the 3600s timeout and emitted a CSV row; matching method=artifact_csv_exact_kernel_size.
known_finished_from_downloaded_benchmark_results_csv_and_run_log_ok,downloaded artifact benchmark-results-nn/results_nn.csv line 16 plus run log line 21603,Tier 2,nn,benchmark-results-nn,74088342657,completed,failure,6291456,388,nn,6291456,nn,6291456,1,0.116773,0.116773,0.116773,2026-05-03T04:46:54.4790228Z,finished,21603,[OK] nn 6291456 -> 0.116773 ms,Workflow-size invocation finished within the 3600s timeout and emitted a CSV row; matching method=artifact_csv_exact_kernel_size.
known_timed_out_3600s_from_run_log,run log line 21607,Tier 2,nn,benchmark-results-nn,74088342657,completed,failure,8388608,389,nn,8388608,,,,,,,2026-05-03T05:46:54.5979271Z,timed_out_3600s,21607,##[warning]TIMEOUT: nn 8388608 (>3600s),Workflow-size invocation failed before a usable CSV row for this plan entry; later entries in this benchmark job stop after first timeout/crash because the workflow loop breaks.
known_finished_from_downloaded_benchmark_results_csv_and_run_log_ok,downloaded artifact benchmark-results-gemm/results_gemm.csv line 2 plus run log line 19345,Tier 2,gemm,benchmark-results-gemm,74088342652,completed,failure,32,390,gemm,32,gemm,32,1,0.001868,0.001868,0.001868,2026-05-03T03:44:01.3309123Z,finished,19345,[OK] gemm 32 -> 0.001868 ms,Workflow-size invocation finished within the 3600s timeout and emitted a CSV row; matching method=artifact_csv_exact_kernel_size.
known_finished_from_downloaded_benchmark_results_csv_and_run_log_ok,downloaded artifact benchmark-results-gemm/results_gemm.csv line 3 plus run log line 19349,Tier 2,gemm,benchmark-results-gemm,74088342652,completed,failure,48,391,gemm,48,gemm,48,1,0.002660,0.002660,0.002660,2026-05-03T03:44:02.2426617Z,finished,19349,[OK] gemm 48 -> 0.002660 ms,Workflow-size invocation finished within the 3600s timeout and emitted a CSV row; matching method=artifact_csv_exact_kernel_size.
known_finished_from_downloaded_benchmark_results_csv_and_run_log_ok,downloaded artifact benchmark-results-gemm/results_gemm.csv line 4 plus run log line 19353,Tier 2,gemm,benchmark-results-gemm,74088342652,completed,failure,64,392,gemm,64,gemm,64,1,0.003426,0.003426,0.003426,2026-05-03T03:44:04.4393362Z,finished,19353,[OK] gemm 64 -> 0.003426 ms,Workflow-size invocation finished within the 3600s timeout and emitted a CSV row; matching method=artifact_csv_exact_kernel_size.
known_finished_from_downloaded_benchmark_results_csv_and_run_log_ok,downloaded artifact benchmark-results-gemm/results_gemm.csv line 5 plus run log line 19357,Tier 2,gemm,benchmark-results-gemm,74088342652,completed,failure,96,393,gemm,96,gemm,96,1,0.004963,0.004963,0.004963,2026-05-03T03:44:14.9375998Z,finished,19357,[OK] gemm 96 -> 0.004963 ms,Workflow-size invocation finished within the 3600s timeout and emitted a CSV row; matching method=artifact_csv_exact_kernel_size.
known_finished_from_downloaded_benchmark_results_csv_and_run_log_ok,downloaded artifact benchmark-results-gemm/results_gemm.csv line 6 plus run log line 19361,Tier 2,gemm,benchmark-results-gemm,74088342652,completed,failure,128,394,gemm,128,gemm,128,1,0.007177,0.007177,0.007177,2026-05-03T03:44:48.6208024Z,finished,19361,[OK] gemm 128 -> 0.007177 ms,Workflow-size invocation finished within the 3600s timeout and emitted a CSV row; matching method=artifact_csv_exact_kernel_size.
known_finished_from_downloaded_benchmark_results_csv_and_run_log_ok,downloaded artifact benchmark-results-gemm/results_gemm.csv line 7 plus run log line 19365,Tier 2,gemm,benchmark-results-gemm,74088342652,completed,failure,192,395,gemm,192,gemm,192,1,0.011564,0.011564,0.011564,2026-05-03T03:47:43.2911280Z,finished,19365,[OK] gemm 192 -> 0.011564 ms,Workflow-size invocation finished within the 3600s timeout and emitted a CSV row; matching method=artifact_csv_exact_kernel_size.
known_finished_from_downloaded_benchmark_results_csv_and_run_log_ok,downloaded artifact benchmark-results-gemm/results_gemm.csv line 8 plus run log line 19369,Tier 2,gemm,benchmark-results-gemm,74088342652,completed,failure,256,396,gemm,256,gemm,256,1,0.016335,0.016335,0.016335,2026-05-03T03:59:23.2856598Z,finished,19369,[OK] gemm 256 -> 0.016335 ms,Workflow-size invocation finished within the 3600s timeout and emitted a CSV row; matching method=artifact_csv_exact_kernel_size.
known_timed_out_3600s_from_run_log,run log line 19373,Tier 2,gemm,benchmark-results-gemm,74088342652,completed,failure,384,397,gemm,384,,,,,,,2026-05-03T04:59:23.3515740Z,timed_out_3600s,19373,##[warning]TIMEOUT: gemm 384 (>3600s),Workflow-size invocation failed before a usable CSV row for this plan entry; later entries in this benchmark job stop after first timeout/crash because the workflow loop breaks.
unknown_not_attempted_after_prior_failure_or_no_matching_artifact_log_evidence,downloaded artifacts plus complete run log had no matching CSV/OK/TIMEOUT/CRASH event for this plan entry,Tier 2,gemm,benchmark-results-gemm,74088342652,completed,failure,512,398,gemm,512,,,,,,,,unknown,,,No row-level terminal evidence for this plan entry in current run artifacts/logs; for failed jobs this generally means the workflow loop did not attempt later sizes after the first failure.
unknown_not_attempted_after_prior_failure_or_no_matching_artifact_log_evidence,downloaded artifacts plus complete run log had no matching CSV/OK/TIMEOUT/CRASH event for this plan entry,Tier 2,gemm,benchmark-results-gemm,74088342652,completed,failure,640,399,gemm,640,,,,,,,,unknown,,,No row-level terminal evidence for this plan entry in current run artifacts/logs; for failed jobs this generally means the workflow loop did not attempt later sizes after the first failure.
unknown_not_attempted_after_prior_failure_or_no_matching_artifact_log_evidence,downloaded artifacts plus complete run log had no matching CSV/OK/TIMEOUT/CRASH event for this plan entry,Tier 2,gemm,benchmark-results-gemm,74088342652,completed,failure,768,400,gemm,768,,,,,,,,unknown,,,No row-level terminal evidence for this plan entry in current run artifacts/logs; for failed jobs this generally means the workflow loop did not attempt later sizes after the first failure.
unknown_not_attempted_after_prior_failure_or_no_matching_artifact_log_evidence,downloaded artifacts plus complete run log had no matching CSV/OK/TIMEOUT/CRASH event for this plan entry,Tier 2,gemm,benchmark-results-gemm,74088342652,completed,failure,896,401,gemm,896,,,,,,,,unknown,,,No row-level terminal evidence for this plan entry in current run artifacts/logs; for failed jobs this generally means the workflow loop did not attempt later sizes after the first failure.
unknown_not_attempted_after_prior_failure_or_no_matching_artifact_log_evidence,downloaded artifacts plus complete run log had no matching CSV/OK/TIMEOUT/CRASH event for this plan entry,Tier 2,gemm,benchmark-results-gemm,74088342652,completed,failure,1024,402,gemm,1024,,,,,,,,unknown,,,No row-level terminal evidence for this plan entry in current run artifacts/logs; for failed jobs this generally means the workflow loop did not attempt later sizes after the first failure.
unknown_not_attempted_after_prior_failure_or_no_matching_artifact_log_evidence,downloaded artifacts plus complete run log had no matching CSV/OK/TIMEOUT/CRASH event for this plan entry,Tier 2,gemm,benchmark-results-gemm,74088342652,completed,failure,1280,403,gemm,1280,,,,,,,,unknown,,,No row-level terminal evidence for this plan entry in current run artifacts/logs; for failed jobs this generally means the workflow loop did not attempt later sizes after the first failure.
unknown_not_attempted_after_prior_failure_or_no_matching_artifact_log_evidence,downloaded artifacts plus complete run log had no matching CSV/OK/TIMEOUT/CRASH event for this plan entry,Tier 2,gemm,benchmark-results-gemm,74088342652,completed,failure,1536,404,gemm,1536,,,,,,,,unknown,,,No row-level terminal evidence for this plan entry in current run artifacts/logs; for failed jobs this generally means the workflow loop did not attempt later sizes after the first failure.
unknown_not_attempted_after_prior_failure_or_no_matching_artifact_log_evidence,downloaded artifacts plus complete run log had no matching CSV/OK/TIMEOUT/CRASH event for this plan entry,Tier 2,gemm,benchmark-results-gemm,74088342652,completed,failure,1792,405,gemm,1792,,,,,,,,unknown,,,No row-level terminal evidence for this plan entry in current run artifacts/logs; for failed jobs this generally means the workflow loop did not attempt later sizes after the first failure.
unknown_not_attempted_after_prior_failure_or_no_matching_artifact_log_evidence,downloaded artifacts plus complete run log had no matching CSV/OK/TIMEOUT/CRASH event for this plan entry,Tier 2,gemm,benchmark-results-gemm,74088342652,completed,failure,2048,406,gemm,2048,,,,,,,,unknown,,,No row-level terminal evidence for this plan entry in current run artifacts/logs; for failed jobs this generally means the workflow loop did not attempt later sizes after the first failure.
unknown_not_attempted_after_prior_failure_or_no_matching_artifact_log_evidence,downloaded artifacts plus complete run log had no matching CSV/OK/TIMEOUT/CRASH event for this plan entry,Tier 2,gemm,benchmark-results-gemm,74088342652,completed,failure,2560,407,gemm,2560,,,,,,,,unknown,,,No row-level terminal evidence for this plan entry in current run artifacts/logs; for failed jobs this generally means the workflow loop did not attempt later sizes after the first failure.
unknown_not_attempted_after_prior_failure_or_no_matching_artifact_log_evidence,downloaded artifacts plus complete run log had no matching CSV/OK/TIMEOUT/CRASH event for this plan entry,Tier 2,gemm,benchmark-results-gemm,74088342652,completed,failure,3072,408,gemm,3072,,,,,,,,unknown,,,No row-level terminal evidence for this plan entry in current run artifacts/logs; for failed jobs this generally means the workflow loop did not attempt later sizes after the first failure.
unknown_not_attempted_after_prior_failure_or_no_matching_artifact_log_evidence,downloaded artifacts plus complete run log had no matching CSV/OK/TIMEOUT/CRASH event for this plan entry,Tier 2,gemm,benchmark-results-gemm,74088342652,completed,failure,3584,409,gemm,3584,,,,,,,,unknown,,,No row-level terminal evidence for this plan entry in current run artifacts/logs; for failed jobs this generally means the workflow loop did not attempt later sizes after the first failure.
unknown_not_attempted_after_prior_failure_or_no_matching_artifact_log_evidence,downloaded artifacts plus complete run log had no matching CSV/OK/TIMEOUT/CRASH event for this plan entry,Tier 2,gemm,benchmark-results-gemm,74088342652,completed,failure,4096,410,gemm,4096,,,,,,,,unknown,,,No row-level terminal evidence for this plan entry in current run artifacts/logs; for failed jobs this generally means the workflow loop did not attempt later sizes after the first failure.
unknown_not_attempted_after_prior_failure_or_no_matching_artifact_log_evidence,downloaded artifacts plus complete run log had no matching CSV/OK/TIMEOUT/CRASH event for this plan entry,Tier 2,gemm,benchmark-results-gemm,74088342652,completed,failure,6144,411,gemm,6144,,,,,,,,unknown,,,No row-level terminal evidence for this plan entry in current run artifacts/logs; for failed jobs this generally means the workflow loop did not attempt later sizes after the first failure.
known_finished_from_downloaded_benchmark_results_csv_and_run_log_ok,downloaded artifact benchmark-results-scan/results_scan.csv line 2 plus run log line 22934,Tier 2,scan,benchmark-results-scan,74088342659,completed,failure,1024,412,scan,1024,scan,1024,1,0.004434,0.004434,0.004434,2026-05-03T03:44:00.8736109Z,finished,22934,[OK] scan 1024 -> 0.004434 ms,Workflow-size invocation finished within the 3600s timeout and emitted a CSV row; matching method=artifact_csv_exact_kernel_size.
known_finished_from_downloaded_benchmark_results_csv_and_run_log_ok,downloaded artifact benchmark-results-scan/results_scan.csv line 3 plus run log line 22938,Tier 2,scan,benchmark-results-scan,74088342659,completed,failure,2048,413,scan,2048,scan,2048,1,0.004399,0.004399,0.004399,2026-05-03T03:44:01.2263205Z,finished,22938,[OK] scan 2048 -> 0.004399 ms,Workflow-size invocation finished within the 3600s timeout and emitted a CSV row; matching method=artifact_csv_exact_kernel_size.
known_finished_from_downloaded_benchmark_results_csv_and_run_log_ok,downloaded artifact benchmark-results-scan/results_scan.csv line 4 plus run log line 22942,Tier 2,scan,benchmark-results-scan,74088342659,completed,failure,4096,414,scan,4096,scan,4096,1,0.004404,0.004404,0.004404,2026-05-03T03:44:01.6205395Z,finished,22942,[OK] scan 4096 -> 0.004404 ms,Workflow-size invocation finished within the 3600s timeout and emitted a CSV row; matching method=artifact_csv_exact_kernel_size.
known_finished_from_downloaded_benchmark_results_csv_and_run_log_ok,downloaded artifact benchmark-results-scan/results_scan.csv line 5 plus run log line 22946,Tier 2,scan,benchmark-results-scan,74088342659,completed,failure,8192,415,scan,8192,scan,8192,1,0.004401,0.004401,0.004401,2026-05-03T03:44:02.3082630Z,finished,22946,[OK] scan 8192 -> 0.004401 ms,Workflow-size invocation finished within the 3600s timeout and emitted a CSV row; matching method=artifact_csv_exact_kernel_size.
known_finished_from_downloaded_benchmark_results_csv_and_run_log_ok,downloaded artifact benchmark-results-scan/results_scan.csv line 6 plus run log line 22950,Tier 2,scan,benchmark-results-scan,74088342659,completed,failure,16384,416,scan,16384,scan,16384,1,0.004419,0.004419,0.004419,2026-05-03T03:44:03.3396294Z,finished,22950,[OK] scan 16384 -> 0.004419 ms,Workflow-size invocation finished within the 3600s timeout and emitted a CSV row; matching method=artifact_csv_exact_kernel_size.
known_finished_from_downloaded_benchmark_results_csv_and_run_log_ok,downloaded artifact benchmark-results-scan/results_scan.csv line 7 plus run log line 22954,Tier 2,scan,benchmark-results-scan,74088342659,completed,failure,32768,417,scan,32768,scan,32768,1,0.004518,0.004518,0.004518,2026-05-03T03:44:05.5264648Z,finished,22954,[OK] scan 32768 -> 0.004518 ms,Workflow-size invocation finished within the 3600s timeout and emitted a CSV row; matching method=artifact_csv_exact_kernel_size.
known_finished_from_downloaded_benchmark_results_csv_and_run_log_ok,downloaded artifact benchmark-results-scan/results_scan.csv line 8 plus run log line 22958,Tier 2,scan,benchmark-results-scan,74088342659,completed,failure,65536,418,scan,65536,scan,65536,1,0.004723,0.004723,0.004723,2026-05-03T03:44:10.5269586Z,finished,22958,[OK] scan 65536 -> 0.004723 ms,Workflow-size invocation finished within the 3600s timeout and emitted a CSV row; matching method=artifact_csv_exact_kernel_size.
known_finished_from_downloaded_benchmark_results_csv_and_run_log_ok,downloaded artifact benchmark-results-scan/results_scan.csv line 9 plus run log line 22962,Tier 2,scan,benchmark-results-scan,74088342659,completed,failure,131072,419,scan,131072,scan,131072,1,0.005299,0.005299,0.005299,2026-05-03T03:44:23.0185887Z,finished,22962,[OK] scan 131072 -> 0.005299 ms,Workflow-size invocation finished within the 3600s timeout and emitted a CSV row; matching method=artifact_csv_exact_kernel_size.
known_finished_from_downloaded_benchmark_results_csv_and_run_log_ok,downloaded artifact benchmark-results-scan/results_scan.csv line 10 plus run log line 22966,Tier 2,scan,benchmark-results-scan,74088342659,completed,failure,262144,420,scan,262144,scan,262144,1,0.006706,0.006706,0.006706,2026-05-03T03:44:54.5672724Z,finished,22966,[OK] scan 262144 -> 0.006706 ms,Workflow-size invocation finished within the 3600s timeout and emitted a CSV row; matching method=artifact_csv_exact_kernel_size.
known_finished_from_downloaded_benchmark_results_csv_and_run_log_ok,downloaded artifact benchmark-results-scan/results_scan.csv line 11 plus run log line 22970,Tier 2,scan,benchmark-results-scan,74088342659,completed,failure,524288,421,scan,524288,scan,524288,1,0.012172,0.012172,0.012172,2026-05-03T03:46:13.3314306Z,finished,22970,[OK] scan 524288 -> 0.012172 ms,Workflow-size invocation finished within the 3600s timeout and emitted a CSV row; matching method=artifact_csv_exact_kernel_size.
known_finished_from_downloaded_benchmark_results_csv_and_run_log_ok,downloaded artifact benchmark-results-scan/results_scan.csv line 12 plus run log line 22974,Tier 2,scan,benchmark-results-scan,74088342659,completed,failure,1048576,422,scan,1048576,scan,1048576,1,0.018877,0.018877,0.018877,2026-05-03T03:50:52.1982843Z,finished,22974,[OK] scan 1048576 -> 0.018877 ms,Workflow-size invocation finished within the 3600s timeout and emitted a CSV row; matching method=artifact_csv_exact_kernel_size.
known_finished_from_downloaded_benchmark_results_csv_and_run_log_ok,downloaded artifact benchmark-results-scan/results_scan.csv line 13 plus run log line 22978,Tier 2,scan,benchmark-results-scan,74088342659,completed,failure,2097152,423,scan,2097152,scan,2097152,1,0.033817,0.033817,0.033817,2026-05-03T04:28:55.7926819Z,finished,22978,[OK] scan 2097152 -> 0.033817 ms,Workflow-size invocation finished within the 3600s timeout and emitted a CSV row; matching method=artifact_csv_exact_kernel_size.
known_crashed_from_run_log,run log line 22982,Tier 2,scan,benchmark-results-scan,74088342659,completed,failure,4194304,424,scan,4194304,,,,,,,2026-05-03T04:43:47.6398871Z,crashed,22982,##[error]CRASH: scan 4194304 (exit 2),Workflow-size invocation failed before a usable CSV row for this plan entry; later entries in this benchmark job stop after first timeout/crash because the workflow loop breaks.
known_finished_from_downloaded_benchmark_results_csv_and_run_log_ok,downloaded artifact benchmark-results-parboil-mri-q/results_parboil_mri_q.csv line 2 plus run log line 24578,Tier 2,parboil_mri_q,benchmark-results-parboil-mri-q,74088342661,completed,failure,256,425,computeq,256,ComputeQ,256,1,0.024802,0.024802,0.024802,2026-05-03T03:44:02.3761773Z,finished,24578,[OK] parboil_mri_q 256 -> 0.024802 ms,Workflow-size invocation finished within the 3600s timeout and emitted a CSV row; matching method=artifact_csv_exact_kernel_size.
known_finished_from_downloaded_benchmark_results_csv_and_run_log_ok,downloaded artifact benchmark-results-parboil-mri-q/results_parboil_mri_q.csv line 3 plus run log line 24582,Tier 2,parboil_mri_q,benchmark-results-parboil-mri-q,74088342661,completed,failure,512,426,computeq,512,ComputeQ,512,1,0.025143,0.025143,0.025143,2026-05-03T03:44:04.7770822Z,finished,24582,[OK] parboil_mri_q 512 -> 0.025143 ms,Workflow-size invocation finished within the 3600s timeout and emitted a CSV row; matching method=artifact_csv_exact_kernel_size.
known_finished_from_downloaded_benchmark_results_csv_and_run_log_ok,downloaded artifact benchmark-results-parboil-mri-q/results_parboil_mri_q.csv line 4 plus run log line 24586,Tier 2,parboil_mri_q,benchmark-results-parboil-mri-q,74088342661,completed,failure,1024,427,computeq,1024,ComputeQ,1024,1,0.030580,0.030580,0.030580,2026-05-03T03:44:11.3491968Z,finished,24586,[OK] parboil_mri_q 1024 -> 0.030580 ms,Workflow-size invocation finished within the 3600s timeout and emitted a CSV row; matching method=artifact_csv_exact_kernel_size.
known_finished_from_downloaded_benchmark_results_csv_and_run_log_ok,downloaded artifact benchmark-results-parboil-mri-q/results_parboil_mri_q.csv line 5 plus run log line 24590,Tier 2,parboil_mri_q,benchmark-results-parboil-mri-q,74088342661,completed,failure,2048,428,computeq,2048,ComputeQ,2048,1,0.026394,0.026394,0.026394,2026-05-03T03:44:38.8410931Z,finished,24590,[OK] parboil_mri_q 2048 -> 0.026394 ms,Workflow-size invocation finished within the 3600s timeout and emitted a CSV row; matching method=artifact_csv_exact_kernel_size.
known_finished_from_downloaded_benchmark_results_csv_and_run_log_ok,downloaded artifact benchmark-results-parboil-mri-q/results_parboil_mri_q.csv line 6 plus run log line 24594,Tier 2,parboil_mri_q,benchmark-results-parboil-mri-q,74088342661,completed,failure,4096,429,computeq,4096,ComputeQ,4096,1,0.030554,0.030554,0.030554,2026-05-03T03:45:43.3638640Z,finished,24594,[OK] parboil_mri_q 4096 -> 0.030554 ms,Workflow-size invocation finished within the 3600s timeout and emitted a CSV row; matching method=artifact_csv_exact_kernel_size.
known_finished_from_downloaded_benchmark_results_csv_and_run_log_ok,downloaded artifact benchmark-results-parboil-mri-q/results_parboil_mri_q.csv line 7 plus run log line 24598,Tier 2,parboil_mri_q,benchmark-results-parboil-mri-q,74088342661,completed,failure,8192,430,computeq,8192,ComputeQ,8192,1,0.026496,0.026496,0.026496,2026-05-03T03:48:28.6913993Z,finished,24598,[OK] parboil_mri_q 8192 -> 0.026496 ms,Workflow-size invocation finished within the 3600s timeout and emitted a CSV row; matching method=artifact_csv_exact_kernel_size.
known_finished_from_downloaded_benchmark_results_csv_and_run_log_ok,downloaded artifact benchmark-results-parboil-mri-q/results_parboil_mri_q.csv line 8 plus run log line 24602,Tier 2,parboil_mri_q,benchmark-results-parboil-mri-q,74088342661,completed,failure,16384,431,computeq,16384,ComputeQ,16384,1,0.030806,0.030806,0.030806,2026-05-03T03:54:24.6380613Z,finished,24602,[OK] parboil_mri_q 16384 -> 0.030806 ms,Workflow-size invocation finished within the 3600s timeout and emitted a CSV row; matching method=artifact_csv_exact_kernel_size.
known_finished_from_downloaded_benchmark_results_csv_and_run_log_ok,downloaded artifact benchmark-results-parboil-mri-q/results_parboil_mri_q.csv line 9 plus run log line 24606,Tier 2,parboil_mri_q,benchmark-results-parboil-mri-q,74088342661,completed,failure,32768,432,computeq,32768,ComputeQ,32768,1,0.025503,0.025503,0.025503,2026-05-03T04:07:11.4218441Z,finished,24606,[OK] parboil_mri_q 32768 -> 0.025503 ms,Workflow-size invocation finished within the 3600s timeout and emitted a CSV row; matching method=artifact_csv_exact_kernel_size.
known_timed_out_3600s_from_run_log,run log line 24610,Tier 2,parboil_mri_q,benchmark-results-parboil-mri-q,74088342661,completed,failure,65536,433,computeq,65536,,,,,,,2026-05-03T05:07:11.4716245Z,timed_out_3600s,24610,##[warning]TIMEOUT: parboil_mri_q 65536 (>3600s),Workflow-size invocation failed before a usable CSV row for this plan entry; later entries in this benchmark job stop after first timeout/crash because the workflow loop breaks.
unknown_not_attempted_after_prior_failure_or_no_matching_artifact_log_evidence,downloaded artifacts plus complete run log had no matching CSV/OK/TIMEOUT/CRASH event for this plan entry,Tier 2,parboil_mri_q,benchmark-results-parboil-mri-q,74088342661,completed,failure,131072,434,computeq,131072,,,,,,,,unknown,,,No row-level terminal evidence for this plan entry in current run artifacts/logs; for failed jobs this generally means the workflow loop did not attempt later sizes after the first failure.
unknown_not_attempted_after_prior_failure_or_no_matching_artifact_log_evidence,downloaded artifacts plus complete run log had no matching CSV/OK/TIMEOUT/CRASH event for this plan entry,Tier 2,parboil_mri_q,benchmark-results-parboil-mri-q,74088342661,completed,failure,262144,435,computeq,262144,,,,,,,,unknown,,,No row-level terminal evidence for this plan entry in current run artifacts/logs; for failed jobs this generally means the workflow loop did not attempt later sizes after the first failure.
unknown_not_attempted_after_prior_failure_or_no_matching_artifact_log_evidence,downloaded artifacts plus complete run log had no matching CSV/OK/TIMEOUT/CRASH event for this plan entry,Tier 2,parboil_mri_q,benchmark-results-parboil-mri-q,74088342661,completed,failure,524288,436,computeq,524288,,,,,,,,unknown,,,No row-level terminal evidence for this plan entry in current run artifacts/logs; for failed jobs this generally means the workflow loop did not attempt later sizes after the first failure.
unknown_not_attempted_after_prior_failure_or_no_matching_artifact_log_evidence,downloaded artifacts plus complete run log had no matching CSV/OK/TIMEOUT/CRASH event for this plan entry,Tier 2,parboil_mri_q,benchmark-results-parboil-mri-q,74088342661,completed,failure,1048576,437,computeq,1048576,,,,,,,,unknown,,,No row-level terminal evidence for this plan entry in current run artifacts/logs; for failed jobs this generally means the workflow loop did not attempt later sizes after the first failure.
unknown_not_attempted_after_prior_failure_or_no_matching_artifact_log_evidence,downloaded artifacts plus complete run log had no matching CSV/OK/TIMEOUT/CRASH event for this plan entry,Tier 2,parboil_mri_q,benchmark-results-parboil-mri-q,74088342661,completed,failure,1572864,438,computeq,1572864,,,,,,,,unknown,,,No row-level terminal evidence for this plan entry in current run artifacts/logs; for failed jobs this generally means the workflow loop did not attempt later sizes after the first failure.
unknown_not_attempted_after_prior_failure_or_no_matching_artifact_log_evidence,downloaded artifacts plus complete run log had no matching CSV/OK/TIMEOUT/CRASH event for this plan entry,Tier 2,parboil_mri_q,benchmark-results-parboil-mri-q,74088342661,completed,failure,2097152,439,computeq,2097152,,,,,,,,unknown,,,No row-level terminal evidence for this plan entry in current run artifacts/logs; for failed jobs this generally means the workflow loop did not attempt later sizes after the first failure.
unknown_not_attempted_after_prior_failure_or_no_matching_artifact_log_evidence,downloaded artifacts plus complete run log had no matching CSV/OK/TIMEOUT/CRASH event for this plan entry,Tier 2,parboil_mri_q,benchmark-results-parboil-mri-q,74088342661,completed,failure,2621440,440,computeq,2621440,,,,,,,,unknown,,,No row-level terminal evidence for this plan entry in current run artifacts/logs; for failed jobs this generally means the workflow loop did not attempt later sizes after the first failure.
unknown_not_attempted_after_prior_failure_or_no_matching_artifact_log_evidence,downloaded artifacts plus complete run log had no matching CSV/OK/TIMEOUT/CRASH event for this plan entry,Tier 2,parboil_mri_q,benchmark-results-parboil-mri-q,74088342661,completed,failure,3145728,441,computeq,3145728,,,,,,,,unknown,,,No row-level terminal evidence for this plan entry in current run artifacts/logs; for failed jobs this generally means the workflow loop did not attempt later sizes after the first failure.
known_finished_from_downloaded_benchmark_results_csv_and_run_log_ok,downloaded artifact benchmark-results-ep/results_ep.csv line 2 plus run log line 30551,Tier 2,ep,benchmark-results-ep,74088342677,completed,failure,512,442,ep,512,ep,512,1,0.002128,0.002128,0.002128,2026-05-03T03:44:01.2141796Z,finished,30551,[OK] ep 512 -> 0.002128 ms,Workflow-size invocation finished within the 3600s timeout and emitted a CSV row; matching method=artifact_csv_exact_kernel_size.
known_finished_from_downloaded_benchmark_results_csv_and_run_log_ok,downloaded artifact benchmark-results-ep/results_ep.csv line 3 plus run log line 30555,Tier 2,ep,benchmark-results-ep,74088342677,completed,failure,1024,443,ep,1024,ep,1024,1,0.004420,0.004420,0.004420,2026-05-03T03:44:01.4902665Z,finished,30555,[OK] ep 1024 -> 0.004420 ms,Workflow-size invocation finished within the 3600s timeout and emitted a CSV row; matching method=artifact_csv_exact_kernel_size.
known_finished_from_downloaded_benchmark_results_csv_and_run_log_ok,downloaded artifact benchmark-results-ep/results_ep.csv line 4 plus run log line 30559,Tier 2,ep,benchmark-results-ep,74088342677,completed,failure,2048,444,ep,2048,ep,2048,1,0.004422,0.004422,0.004422,2026-05-03T03:44:01.8128261Z,finished,30559,[OK] ep 2048 -> 0.004422 ms,Workflow-size invocation finished within the 3600s timeout and emitted a CSV row; matching method=artifact_csv_exact_kernel_size.
known_finished_from_downloaded_benchmark_results_csv_and_run_log_ok,downloaded artifact benchmark-results-ep/results_ep.csv line 5 plus run log line 30563,Tier 2,ep,benchmark-results-ep,74088342677,completed,failure,4096,445,ep,4096,ep,4096,1,0.004413,0.004413,0.004413,2026-05-03T03:44:02.2223994Z,finished,30563,[OK] ep 4096 -> 0.004413 ms,Workflow-size invocation finished within the 3600s timeout and emitted a CSV row; matching method=artifact_csv_exact_kernel_size.
known_finished_from_downloaded_benchmark_results_csv_and_run_log_ok,downloaded artifact benchmark-results-ep/results_ep.csv line 6 plus run log line 30567,Tier 2,ep,benchmark-results-ep,74088342677,completed,failure,8192,446,ep,8192,ep,8192,1,0.004419,0.004419,0.004419,2026-05-03T03:44:02.8957836Z,finished,30567,[OK] ep 8192 -> 0.004419 ms,Workflow-size invocation finished within the 3600s timeout and emitted a CSV row; matching method=artifact_csv_exact_kernel_size.
known_finished_from_downloaded_benchmark_results_csv_and_run_log_ok,downloaded artifact benchmark-results-ep/results_ep.csv line 7 plus run log line 30571,Tier 2,ep,benchmark-results-ep,74088342677,completed,failure,16384,447,ep,16384,ep,16384,1,0.004424,0.004424,0.004424,2026-05-03T03:44:04.0326596Z,finished,30571,[OK] ep 16384 -> 0.004424 ms,Workflow-size invocation finished within the 3600s timeout and emitted a CSV row; matching method=artifact_csv_exact_kernel_size.
known_finished_from_downloaded_benchmark_results_csv_and_run_log_ok,downloaded artifact benchmark-results-ep/results_ep.csv line 8 plus run log line 30575,Tier 2,ep,benchmark-results-ep,74088342677,completed,failure,32768,448,ep,32768,ep,32768,1,0.004526,0.004526,0.004526,2026-05-03T03:44:06.2669185Z,finished,30575,[OK] ep 32768 -> 0.004526 ms,Workflow-size invocation finished within the 3600s timeout and emitted a CSV row; matching method=artifact_csv_exact_kernel_size.
known_finished_from_downloaded_benchmark_results_csv_and_run_log_ok,downloaded artifact benchmark-results-ep/results_ep.csv line 9 plus run log line 30579,Tier 2,ep,benchmark-results-ep,74088342677,completed,failure,65536,449,ep,65536,ep,65536,1,0.004746,0.004746,0.004746,2026-05-03T03:44:11.7801231Z,finished,30579,[OK] ep 65536 -> 0.004746 ms,Workflow-size invocation finished within the 3600s timeout and emitted a CSV row; matching method=artifact_csv_exact_kernel_size.
known_finished_from_downloaded_benchmark_results_csv_and_run_log_ok,downloaded artifact benchmark-results-ep/results_ep.csv line 10 plus run log line 30583,Tier 2,ep,benchmark-results-ep,74088342677,completed,failure,131072,450,ep,131072,ep,131072,1,0.005327,0.005327,0.005327,2026-05-03T03:44:25.1585915Z,finished,30583,[OK] ep 131072 -> 0.005327 ms,Workflow-size invocation finished within the 3600s timeout and emitted a CSV row; matching method=artifact_csv_exact_kernel_size.
known_finished_from_downloaded_benchmark_results_csv_and_run_log_ok,downloaded artifact benchmark-results-ep/results_ep.csv line 11 plus run log line 30587,Tier 2,ep,benchmark-results-ep,74088342677,completed,failure,262144,451,ep,262144,ep,262144,1,0.006799,0.006799,0.006799,2026-05-03T03:45:02.1333865Z,finished,30587,[OK] ep 262144 -> 0.006799 ms,Workflow-size invocation finished within the 3600s timeout and emitted a CSV row; matching method=artifact_csv_exact_kernel_size.
known_finished_from_downloaded_benchmark_results_csv_and_run_log_ok,downloaded artifact benchmark-results-ep/results_ep.csv line 12 plus run log line 30591,Tier 2,ep,benchmark-results-ep,74088342677,completed,failure,524288,452,ep,524288,ep,524288,1,0.012205,0.012205,0.012205,2026-05-03T03:46:37.4648891Z,finished,30591,[OK] ep 524288 -> 0.012205 ms,Workflow-size invocation finished within the 3600s timeout and emitted a CSV row; matching method=artifact_csv_exact_kernel_size.
known_finished_from_downloaded_benchmark_results_csv_and_run_log_ok,downloaded artifact benchmark-results-ep/results_ep.csv line 13 plus run log line 30595,Tier 2,ep,benchmark-results-ep,74088342677,completed,failure,1048576,453,ep,1048576,ep,1048576,1,0.018960,0.018960,0.018960,2026-05-03T03:52:20.9995915Z,finished,30595,[OK] ep 1048576 -> 0.018960 ms,Workflow-size invocation finished within the 3600s timeout and emitted a CSV row; matching method=artifact_csv_exact_kernel_size.
known_timed_out_3600s_from_run_log,run log line 30599,Tier 2,ep,benchmark-results-ep,74088342677,completed,failure,2097152,454,ep,2097152,,,,,,,2026-05-03T04:52:21.1572665Z,timed_out_3600s,30599,##[warning]TIMEOUT: ep 2097152 (>3600s),Workflow-size invocation failed before a usable CSV row for this plan entry; later entries in this benchmark job stop after first timeout/crash because the workflow loop breaks.
known_finished_from_downloaded_benchmark_results_csv_and_run_log_ok,downloaded artifact benchmark-results-2mm/results_2mm.csv line 2 plus run log line 23717,Tier 2,2mm,benchmark-results-2mm,74088342660,completed,failure,64,455,2mm,64,2mm,64,1,0.006793,0.006793,0.006793,2026-05-03T03:44:05.0228502Z,finished,23717,[OK] 2mm 64 -> 0.006793 ms,Workflow-size invocation finished within the 3600s timeout and emitted a CSV row; matching method=artifact_csv_exact_kernel_size.
known_finished_from_downloaded_benchmark_results_csv_and_run_log_ok,downloaded artifact benchmark-results-2mm/results_2mm.csv line 3 plus run log line 23721,Tier 2,2mm,benchmark-results-2mm,74088342660,completed,failure,128,456,2mm,128,2mm,128,1,0.014398,0.014398,0.014398,2026-05-03T03:45:11.4671182Z,finished,23721,[OK] 2mm 128 -> 0.014398 ms,Workflow-size invocation finished within the 3600s timeout and emitted a CSV row; matching method=artifact_csv_exact_kernel_size.
known_finished_from_downloaded_benchmark_results_csv_and_run_log_ok,downloaded artifact benchmark-results-2mm/results_2mm.csv line 4 plus run log line 23725,Tier 2,2mm,benchmark-results-2mm,74088342660,completed,failure,192,457,2mm,192,2mm,192,1,0.023157,0.023157,0.023157,2026-05-03T03:53:39.9109030Z,finished,23725,[OK] 2mm 192 -> 0.023157 ms,Workflow-size invocation finished within the 3600s timeout and emitted a CSV row; matching method=artifact_csv_exact_kernel_size.
known_timed_out_3600s_from_run_log,run log line 23729,Tier 2,2mm,benchmark-results-2mm,74088342660,completed,failure,256,458,2mm,256,,,,,,,2026-05-03T04:53:39.9775228Z,timed_out_3600s,23729,##[warning]TIMEOUT: 2mm 256 (>3600s),Workflow-size invocation failed before a usable CSV row for this plan entry; later entries in this benchmark job stop after first timeout/crash because the workflow loop breaks.
unknown_not_attempted_after_prior_failure_or_no_matching_artifact_log_evidence,downloaded artifacts plus complete run log had no matching CSV/OK/TIMEOUT/CRASH event for this plan entry,Tier 2,2mm,benchmark-results-2mm,74088342660,completed,failure,384,459,2mm,384,,,,,,,,unknown,,,No row-level terminal evidence for this plan entry in current run artifacts/logs; for failed jobs this generally means the workflow loop did not attempt later sizes after the first failure.
unknown_not_attempted_after_prior_failure_or_no_matching_artifact_log_evidence,downloaded artifacts plus complete run log had no matching CSV/OK/TIMEOUT/CRASH event for this plan entry,Tier 2,2mm,benchmark-results-2mm,74088342660,completed,failure,512,460,2mm,512,,,,,,,,unknown,,,No row-level terminal evidence for this plan entry in current run artifacts/logs; for failed jobs this generally means the workflow loop did not attempt later sizes after the first failure.
unknown_not_attempted_after_prior_failure_or_no_matching_artifact_log_evidence,downloaded artifacts plus complete run log had no matching CSV/OK/TIMEOUT/CRASH event for this plan entry,Tier 2,2mm,benchmark-results-2mm,74088342660,completed,failure,640,461,2mm,640,,,,,,,,unknown,,,No row-level terminal evidence for this plan entry in current run artifacts/logs; for failed jobs this generally means the workflow loop did not attempt later sizes after the first failure.
unknown_not_attempted_after_prior_failure_or_no_matching_artifact_log_evidence,downloaded artifacts plus complete run log had no matching CSV/OK/TIMEOUT/CRASH event for this plan entry,Tier 2,2mm,benchmark-results-2mm,74088342660,completed,failure,768,462,2mm,768,,,,,,,,unknown,,,No row-level terminal evidence for this plan entry in current run artifacts/logs; for failed jobs this generally means the workflow loop did not attempt later sizes after the first failure.
unknown_not_attempted_after_prior_failure_or_no_matching_artifact_log_evidence,downloaded artifacts plus complete run log had no matching CSV/OK/TIMEOUT/CRASH event for this plan entry,Tier 2,2mm,benchmark-results-2mm,74088342660,completed,failure,896,463,2mm,896,,,,,,,,unknown,,,No row-level terminal evidence for this plan entry in current run artifacts/logs; for failed jobs this generally means the workflow loop did not attempt later sizes after the first failure.
unknown_not_attempted_after_prior_failure_or_no_matching_artifact_log_evidence,downloaded artifacts plus complete run log had no matching CSV/OK/TIMEOUT/CRASH event for this plan entry,Tier 2,2mm,benchmark-results-2mm,74088342660,completed,failure,1024,464,2mm,1024,,,,,,,,unknown,,,No row-level terminal evidence for this plan entry in current run artifacts/logs; for failed jobs this generally means the workflow loop did not attempt later sizes after the first failure.
unknown_not_attempted_after_prior_failure_or_no_matching_artifact_log_evidence,downloaded artifacts plus complete run log had no matching CSV/OK/TIMEOUT/CRASH event for this plan entry,Tier 2,2mm,benchmark-results-2mm,74088342660,completed,failure,1280,465,2mm,1280,,,,,,,,unknown,,,No row-level terminal evidence for this plan entry in current run artifacts/logs; for failed jobs this generally means the workflow loop did not attempt later sizes after the first failure.
unknown_not_attempted_after_prior_failure_or_no_matching_artifact_log_evidence,downloaded artifacts plus complete run log had no matching CSV/OK/TIMEOUT/CRASH event for this plan entry,Tier 2,2mm,benchmark-results-2mm,74088342660,completed,failure,1536,466,2mm,1536,,,,,,,,unknown,,,No row-level terminal evidence for this plan entry in current run artifacts/logs; for failed jobs this generally means the workflow loop did not attempt later sizes after the first failure.
unknown_not_attempted_after_prior_failure_or_no_matching_artifact_log_evidence,downloaded artifacts plus complete run log had no matching CSV/OK/TIMEOUT/CRASH event for this plan entry,Tier 2,2mm,benchmark-results-2mm,74088342660,completed,failure,1792,467,2mm,1792,,,,,,,,unknown,,,No row-level terminal evidence for this plan entry in current run artifacts/logs; for failed jobs this generally means the workflow loop did not attempt later sizes after the first failure.
unknown_not_attempted_after_prior_failure_or_no_matching_artifact_log_evidence,downloaded artifacts plus complete run log had no matching CSV/OK/TIMEOUT/CRASH event for this plan entry,Tier 2,2mm,benchmark-results-2mm,74088342660,completed,failure,2048,468,2mm,2048,,,,,,,,unknown,,,No row-level terminal evidence for this plan entry in current run artifacts/logs; for failed jobs this generally means the workflow loop did not attempt later sizes after the first failure.
unknown_not_attempted_after_prior_failure_or_no_matching_artifact_log_evidence,downloaded artifacts plus complete run log had no matching CSV/OK/TIMEOUT/CRASH event for this plan entry,Tier 2,2mm,benchmark-results-2mm,74088342660,completed,failure,2560,469,2mm,2560,,,,,,,,unknown,,,No row-level terminal evidence for this plan entry in current run artifacts/logs; for failed jobs this generally means the workflow loop did not attempt later sizes after the first failure.
unknown_not_attempted_after_prior_failure_or_no_matching_artifact_log_evidence,downloaded artifacts plus complete run log had no matching CSV/OK/TIMEOUT/CRASH event for this plan entry,Tier 2,2mm,benchmark-results-2mm,74088342660,completed,failure,3072,470,2mm,3072,,,,,,,,unknown,,,No row-level terminal evidence for this plan entry in current run artifacts/logs; for failed jobs this generally means the workflow loop did not attempt later sizes after the first failure.
unknown_not_attempted_after_prior_failure_or_no_matching_artifact_log_evidence,downloaded artifacts plus complete run log had no matching CSV/OK/TIMEOUT/CRASH event for this plan entry,Tier 2,2mm,benchmark-results-2mm,74088342660,completed,failure,3584,471,2mm,3584,,,,,,,,unknown,,,No row-level terminal evidence for this plan entry in current run artifacts/logs; for failed jobs this generally means the workflow loop did not attempt later sizes after the first failure.
unknown_not_attempted_after_prior_failure_or_no_matching_artifact_log_evidence,downloaded artifacts plus complete run log had no matching CSV/OK/TIMEOUT/CRASH event for this plan entry,Tier 2,2mm,benchmark-results-2mm,74088342660,completed,failure,4096,472,2mm,4096,,,,,,,,unknown,,,No row-level terminal evidence for this plan entry in current run artifacts/logs; for failed jobs this generally means the workflow loop did not attempt later sizes after the first failure.
known_finished_from_downloaded_benchmark_results_csv_and_run_log_ok,downloaded artifact benchmark-results-hotspot/results_hotspot.csv line 2 plus run log line 32675,Tier 2,hotspot,benchmark-results-hotspot,74088342683,completed,failure,32,473,hotspot,32,hotspot,32,1,0.004429,0.004429,0.004429,2026-05-03T03:44:01.0119254Z,finished,32675,[OK] hotspot 32 -> 0.004429 ms,Workflow-size invocation finished within the 3600s timeout and emitted a CSV row; matching method=artifact_csv_exact_kernel_size.
known_finished_from_downloaded_benchmark_results_csv_and_run_log_ok,downloaded artifact benchmark-results-hotspot/results_hotspot.csv line 3 plus run log line 32679,Tier 2,hotspot,benchmark-results-hotspot,74088342683,completed,failure,48,474,hotspot,48,hotspot,48,1,0.004508,0.004508,0.004508,2026-05-03T03:44:02.0308081Z,finished,32679,[OK] hotspot 48 -> 0.004508 ms,Workflow-size invocation finished within the 3600s timeout and emitted a CSV row; matching method=artifact_csv_exact_kernel_size.
known_finished_from_downloaded_benchmark_results_csv_and_run_log_ok,downloaded artifact benchmark-results-hotspot/results_hotspot.csv line 4 plus run log line 32683,Tier 2,hotspot,benchmark-results-hotspot,74088342683,completed,failure,64,475,hotspot,64,hotspot,64,1,0.004545,0.004545,0.004545,2026-05-03T03:44:03.6973057Z,finished,32683,[OK] hotspot 64 -> 0.004545 ms,Workflow-size invocation finished within the 3600s timeout and emitted a CSV row; matching method=artifact_csv_exact_kernel_size.
known_finished_from_downloaded_benchmark_results_csv_and_run_log_ok,downloaded artifact benchmark-results-hotspot/results_hotspot.csv line 5 plus run log line 32687,Tier 2,hotspot,benchmark-results-hotspot,74088342683,completed,failure,96,476,hotspot,96,hotspot,96,1,0.004447,0.004447,0.004447,2026-05-03T03:44:07.5921150Z,finished,32687,[OK] hotspot 96 -> 0.004447 ms,Workflow-size invocation finished within the 3600s timeout and emitted a CSV row; matching method=artifact_csv_exact_kernel_size.
known_finished_from_downloaded_benchmark_results_csv_and_run_log_ok,downloaded artifact benchmark-results-hotspot/results_hotspot.csv line 6 plus run log line 32691,Tier 2,hotspot,benchmark-results-hotspot,74088342683,completed,failure,128,477,hotspot,128,hotspot,128,1,0.004449,0.004449,0.004449,2026-05-03T03:44:16.6187871Z,finished,32691,[OK] hotspot 128 -> 0.004449 ms,Workflow-size invocation finished within the 3600s timeout and emitted a CSV row; matching method=artifact_csv_exact_kernel_size.
known_finished_from_downloaded_benchmark_results_csv_and_run_log_ok,downloaded artifact benchmark-results-hotspot/results_hotspot.csv line 7 plus run log line 32695,Tier 2,hotspot,benchmark-results-hotspot,74088342683,completed,failure,192,478,hotspot,192,hotspot,192,1,0.004591,0.004591,0.004591,2026-05-03T03:44:45.9316390Z,finished,32695,[OK] hotspot 192 -> 0.004591 ms,Workflow-size invocation finished within the 3600s timeout and emitted a CSV row; matching method=artifact_csv_exact_kernel_size.
known_finished_from_downloaded_benchmark_results_csv_and_run_log_ok,downloaded artifact benchmark-results-hotspot/results_hotspot.csv line 8 plus run log line 32699,Tier 2,hotspot,benchmark-results-hotspot,74088342683,completed,failure,256,479,hotspot,256,hotspot,256,1,0.005678,0.005678,0.005678,2026-05-03T03:46:01.0387645Z,finished,32699,[OK] hotspot 256 -> 0.005678 ms,Workflow-size invocation finished within the 3600s timeout and emitted a CSV row; matching method=artifact_csv_exact_kernel_size.
known_finished_from_downloaded_benchmark_results_csv_and_run_log_ok,downloaded artifact benchmark-results-hotspot/results_hotspot.csv line 9 plus run log line 32703,Tier 2,hotspot,benchmark-results-hotspot,74088342683,completed,failure,384,480,hotspot,384,hotspot,384,1,0.007363,0.007363,0.007363,2026-05-03T03:49:54.3629647Z,finished,32703,[OK] hotspot 384 -> 0.007363 ms,Workflow-size invocation finished within the 3600s timeout and emitted a CSV row; matching method=artifact_csv_exact_kernel_size.
known_finished_from_downloaded_benchmark_results_csv_and_run_log_ok,downloaded artifact benchmark-results-hotspot/results_hotspot.csv line 10 plus run log line 32707,Tier 2,hotspot,benchmark-results-hotspot,74088342683,completed,failure,512,481,hotspot,512,hotspot,512,1,0.010299,0.010299,0.010299,2026-05-03T04:19:01.2880912Z,finished,32707,[OK] hotspot 512 -> 0.010299 ms,Workflow-size invocation finished within the 3600s timeout and emitted a CSV row; matching method=artifact_csv_exact_kernel_size.
known_timed_out_3600s_from_run_log,run log line 32711,Tier 2,hotspot,benchmark-results-hotspot,74088342683,completed,failure,640,482,hotspot,640,,,,,,,2026-05-03T05:19:01.3366219Z,timed_out_3600s,32711,##[warning]TIMEOUT: hotspot 640 (>3600s),Workflow-size invocation failed before a usable CSV row for this plan entry; later entries in this benchmark job stop after first timeout/crash because the workflow loop breaks.
unknown_not_attempted_after_prior_failure_or_no_matching_artifact_log_evidence,downloaded artifacts plus complete run log had no matching CSV/OK/TIMEOUT/CRASH event for this plan entry,Tier 2,hotspot,benchmark-results-hotspot,74088342683,completed,failure,768,483,hotspot,768,,,,,,,,unknown,,,No row-level terminal evidence for this plan entry in current run artifacts/logs; for failed jobs this generally means the workflow loop did not attempt later sizes after the first failure.
unknown_not_attempted_after_prior_failure_or_no_matching_artifact_log_evidence,downloaded artifacts plus complete run log had no matching CSV/OK/TIMEOUT/CRASH event for this plan entry,Tier 2,hotspot,benchmark-results-hotspot,74088342683,completed,failure,1024,484,hotspot,1024,,,,,,,,unknown,,,No row-level terminal evidence for this plan entry in current run artifacts/logs; for failed jobs this generally means the workflow loop did not attempt later sizes after the first failure.
unknown_not_attempted_after_prior_failure_or_no_matching_artifact_log_evidence,downloaded artifacts plus complete run log had no matching CSV/OK/TIMEOUT/CRASH event for this plan entry,Tier 2,hotspot,benchmark-results-hotspot,74088342683,completed,failure,1280,485,hotspot,1280,,,,,,,,unknown,,,No row-level terminal evidence for this plan entry in current run artifacts/logs; for failed jobs this generally means the workflow loop did not attempt later sizes after the first failure.
unknown_not_attempted_after_prior_failure_or_no_matching_artifact_log_evidence,downloaded artifacts plus complete run log had no matching CSV/OK/TIMEOUT/CRASH event for this plan entry,Tier 2,hotspot,benchmark-results-hotspot,74088342683,completed,failure,1536,486,hotspot,1536,,,,,,,,unknown,,,No row-level terminal evidence for this plan entry in current run artifacts/logs; for failed jobs this generally means the workflow loop did not attempt later sizes after the first failure.
unknown_not_attempted_after_prior_failure_or_no_matching_artifact_log_evidence,downloaded artifacts plus complete run log had no matching CSV/OK/TIMEOUT/CRASH event for this plan entry,Tier 2,hotspot,benchmark-results-hotspot,74088342683,completed,failure,2048,487,hotspot,2048,,,,,,,,unknown,,,No row-level terminal evidence for this plan entry in current run artifacts/logs; for failed jobs this generally means the workflow loop did not attempt later sizes after the first failure.
unknown_not_attempted_after_prior_failure_or_no_matching_artifact_log_evidence,downloaded artifacts plus complete run log had no matching CSV/OK/TIMEOUT/CRASH event for this plan entry,Tier 2,hotspot,benchmark-results-hotspot,74088342683,completed,failure,2560,488,hotspot,2560,,,,,,,,unknown,,,No row-level terminal evidence for this plan entry in current run artifacts/logs; for failed jobs this generally means the workflow loop did not attempt later sizes after the first failure.
unknown_not_attempted_after_prior_failure_or_no_matching_artifact_log_evidence,downloaded artifacts plus complete run log had no matching CSV/OK/TIMEOUT/CRASH event for this plan entry,Tier 2,hotspot,benchmark-results-hotspot,74088342683,completed,failure,3072,489,hotspot,3072,,,,,,,,unknown,,,No row-level terminal evidence for this plan entry in current run artifacts/logs; for failed jobs this generally means the workflow loop did not attempt later sizes after the first failure.
unknown_not_attempted_after_prior_failure_or_no_matching_artifact_log_evidence,downloaded artifacts plus complete run log had no matching CSV/OK/TIMEOUT/CRASH event for this plan entry,Tier 2,hotspot,benchmark-results-hotspot,74088342683,completed,failure,3584,490,hotspot,3584,,,,,,,,unknown,,,No row-level terminal evidence for this plan entry in current run artifacts/logs; for failed jobs this generally means the workflow loop did not attempt later sizes after the first failure.
unknown_not_attempted_after_prior_failure_or_no_matching_artifact_log_evidence,downloaded artifacts plus complete run log had no matching CSV/OK/TIMEOUT/CRASH event for this plan entry,Tier 2,hotspot,benchmark-results-hotspot,74088342683,completed,failure,4096,491,hotspot,4096,,,,,,,,unknown,,,No row-level terminal evidence for this plan entry in current run artifacts/logs; for failed jobs this generally means the workflow loop did not attempt later sizes after the first failure.
known_finished_from_downloaded_benchmark_results_csv_and_run_log_ok,downloaded artifact benchmark-results-parboil-sgemm/results_parboil_sgemm.csv line 2 plus run log line 26139,Tier 2,parboil_sgemm,benchmark-results-parboil-sgemm,74088342666,completed,failure,64,492,sgemm_tiled,64,sgemm_tiled,64,1,0.002332,0.002332,0.002332,2026-05-03T03:44:01.7415424Z,finished,26139,[OK] parboil_sgemm 64 -> 0.002332 ms,Workflow-size invocation finished within the 3600s timeout and emitted a CSV row; matching method=artifact_csv_exact_kernel_size.
known_finished_from_downloaded_benchmark_results_csv_and_run_log_ok,downloaded artifact benchmark-results-parboil-sgemm/results_parboil_sgemm.csv line 3 plus run log line 26143,Tier 2,parboil_sgemm,benchmark-results-parboil-sgemm,74088342666,completed,failure,128,493,sgemm_tiled,128,sgemm_tiled,128,1,0.004023,0.004023,0.004023,2026-05-03T03:44:05.5273939Z,finished,26143,[OK] parboil_sgemm 128 -> 0.004023 ms,Workflow-size invocation finished within the 3600s timeout and emitted a CSV row; matching method=artifact_csv_exact_kernel_size.
known_finished_from_downloaded_benchmark_results_csv_and_run_log_ok,downloaded artifact benchmark-results-parboil-sgemm/results_parboil_sgemm.csv line 4 plus run log line 26147,Tier 2,parboil_sgemm,benchmark-results-parboil-sgemm,74088342666,completed,failure,192,494,sgemm_tiled,192,sgemm_tiled,192,1,0.005970,0.005970,0.005970,2026-05-03T03:44:22.9420773Z,finished,26147,[OK] parboil_sgemm 192 -> 0.005970 ms,Workflow-size invocation finished within the 3600s timeout and emitted a CSV row; matching method=artifact_csv_exact_kernel_size.
known_finished_from_downloaded_benchmark_results_csv_and_run_log_ok,downloaded artifact benchmark-results-parboil-sgemm/results_parboil_sgemm.csv line 5 plus run log line 26151,Tier 2,parboil_sgemm,benchmark-results-parboil-sgemm,74088342666,completed,failure,256,495,sgemm_tiled,256,sgemm_tiled,256,1,0.008194,0.008194,0.008194,2026-05-03T03:45:22.9430557Z,finished,26151,[OK] parboil_sgemm 256 -> 0.008194 ms,Workflow-size invocation finished within the 3600s timeout and emitted a CSV row; matching method=artifact_csv_exact_kernel_size.
known_finished_from_downloaded_benchmark_results_csv_and_run_log_ok,downloaded artifact benchmark-results-parboil-sgemm/results_parboil_sgemm.csv line 6 plus run log line 26155,Tier 2,parboil_sgemm,benchmark-results-parboil-sgemm,74088342666,completed,failure,320,496,sgemm_tiled,320,sgemm_tiled,320,1,0.010298,0.010298,0.010298,2026-05-03T03:48:14.4156330Z,finished,26155,[OK] parboil_sgemm 320 -> 0.010298 ms,Workflow-size invocation finished within the 3600s timeout and emitted a CSV row; matching method=artifact_csv_exact_kernel_size.
known_finished_from_downloaded_benchmark_results_csv_and_run_log_ok,downloaded artifact benchmark-results-parboil-sgemm/results_parboil_sgemm.csv line 7 plus run log line 26159,Tier 2,parboil_sgemm,benchmark-results-parboil-sgemm,74088342666,completed,failure,384,497,sgemm_tiled,384,sgemm_tiled,384,1,0.013761,0.013761,0.013761,2026-05-03T03:53:40.4576967Z,finished,26159,[OK] parboil_sgemm 384 -> 0.013761 ms,Workflow-size invocation finished within the 3600s timeout and emitted a CSV row; matching method=artifact_csv_exact_kernel_size.
known_finished_from_downloaded_benchmark_results_csv_and_run_log_ok,downloaded artifact benchmark-results-parboil-sgemm/results_parboil_sgemm.csv line 8 plus run log line 26163,Tier 2,parboil_sgemm,benchmark-results-parboil-sgemm,74088342666,completed,failure,448,498,sgemm_tiled,448,sgemm_tiled,448,1,0.021900,0.021900,0.021900,2026-05-03T04:19:20.5991106Z,finished,26163,[OK] parboil_sgemm 448 -> 0.021900 ms,Workflow-size invocation finished within the 3600s timeout and emitted a CSV row; matching method=artifact_csv_exact_kernel_size.
known_finished_from_downloaded_benchmark_results_csv_and_run_log_ok,downloaded artifact benchmark-results-parboil-sgemm/results_parboil_sgemm.csv line 9 plus run log line 26167,Tier 2,parboil_sgemm,benchmark-results-parboil-sgemm,74088342666,completed,failure,512,499,sgemm_tiled,512,sgemm_tiled,512,1,0.024762,0.024762,0.024762,2026-05-03T05:18:26.3081198Z,finished,26167,[OK] parboil_sgemm 512 -> 0.024762 ms,Workflow-size invocation finished within the 3600s timeout and emitted a CSV row; matching method=artifact_csv_exact_kernel_size.
known_timed_out_3600s_from_run_log,run log line 26171,Tier 2,parboil_sgemm,benchmark-results-parboil-sgemm,74088342666,completed,failure,576,500,sgemm_tiled,576,,,,,,,2026-05-03T06:18:26.3875333Z,timed_out_3600s,26171,##[warning]TIMEOUT: parboil_sgemm 576 (>3600s),Workflow-size invocation failed before a usable CSV row for this plan entry; later entries in this benchmark job stop after first timeout/crash because the workflow loop breaks.
unknown_not_attempted_after_prior_failure_or_no_matching_artifact_log_evidence,downloaded artifacts plus complete run log had no matching CSV/OK/TIMEOUT/CRASH event for this plan entry,Tier 2,parboil_sgemm,benchmark-results-parboil-sgemm,74088342666,completed,failure,640,501,sgemm_tiled,640,,,,,,,,unknown,,,No row-level terminal evidence for this plan entry in current run artifacts/logs; for failed jobs this generally means the workflow loop did not attempt later sizes after the first failure.
unknown_not_attempted_after_prior_failure_or_no_matching_artifact_log_evidence,downloaded artifacts plus complete run log had no matching CSV/OK/TIMEOUT/CRASH event for this plan entry,Tier 2,parboil_sgemm,benchmark-results-parboil-sgemm,74088342666,completed,failure,704,502,sgemm_tiled,704,,,,,,,,unknown,,,No row-level terminal evidence for this plan entry in current run artifacts/logs; for failed jobs this generally means the workflow loop did not attempt later sizes after the first failure.
unknown_not_attempted_after_prior_failure_or_no_matching_artifact_log_evidence,downloaded artifacts plus complete run log had no matching CSV/OK/TIMEOUT/CRASH event for this plan entry,Tier 2,parboil_sgemm,benchmark-results-parboil-sgemm,74088342666,completed,failure,768,503,sgemm_tiled,768,,,,,,,,unknown,,,No row-level terminal evidence for this plan entry in current run artifacts/logs; for failed jobs this generally means the workflow loop did not attempt later sizes after the first failure.
unknown_not_attempted_after_prior_failure_or_no_matching_artifact_log_evidence,downloaded artifacts plus complete run log had no matching CSV/OK/TIMEOUT/CRASH event for this plan entry,Tier 2,parboil_sgemm,benchmark-results-parboil-sgemm,74088342666,completed,failure,832,504,sgemm_tiled,832,,,,,,,,unknown,,,No row-level terminal evidence for this plan entry in current run artifacts/logs; for failed jobs this generally means the workflow loop did not attempt later sizes after the first failure.
unknown_not_attempted_after_prior_failure_or_no_matching_artifact_log_evidence,downloaded artifacts plus complete run log had no matching CSV/OK/TIMEOUT/CRASH event for this plan entry,Tier 2,parboil_sgemm,benchmark-results-parboil-sgemm,74088342666,completed,failure,896,505,sgemm_tiled,896,,,,,,,,unknown,,,No row-level terminal evidence for this plan entry in current run artifacts/logs; for failed jobs this generally means the workflow loop did not attempt later sizes after the first failure.
unknown_not_attempted_after_prior_failure_or_no_matching_artifact_log_evidence,downloaded artifacts plus complete run log had no matching CSV/OK/TIMEOUT/CRASH event for this plan entry,Tier 2,parboil_sgemm,benchmark-results-parboil-sgemm,74088342666,completed,failure,960,506,sgemm_tiled,960,,,,,,,,unknown,,,No row-level terminal evidence for this plan entry in current run artifacts/logs; for failed jobs this generally means the workflow loop did not attempt later sizes after the first failure.
unknown_not_attempted_after_prior_failure_or_no_matching_artifact_log_evidence,downloaded artifacts plus complete run log had no matching CSV/OK/TIMEOUT/CRASH event for this plan entry,Tier 2,parboil_sgemm,benchmark-results-parboil-sgemm,74088342666,completed,failure,1024,507,sgemm_tiled,1024,,,,,,,,unknown,,,No row-level terminal evidence for this plan entry in current run artifacts/logs; for failed jobs this generally means the workflow loop did not attempt later sizes after the first failure.
unknown_not_attempted_after_prior_failure_or_no_matching_artifact_log_evidence,downloaded artifacts plus complete run log had no matching CSV/OK/TIMEOUT/CRASH event for this plan entry,Tier 2,parboil_sgemm,benchmark-results-parboil-sgemm,74088342666,completed,failure,1088,508,sgemm_tiled,1088,,,,,,,,unknown,,,No row-level terminal evidence for this plan entry in current run artifacts/logs; for failed jobs this generally means the workflow loop did not attempt later sizes after the first failure.
unknown_not_attempted_after_prior_failure_or_no_matching_artifact_log_evidence,downloaded artifacts plus complete run log had no matching CSV/OK/TIMEOUT/CRASH event for this plan entry,Tier 2,parboil_sgemm,benchmark-results-parboil-sgemm,74088342666,completed,failure,1152,509,sgemm_tiled,1152,,,,,,,,unknown,,,No row-level terminal evidence for this plan entry in current run artifacts/logs; for failed jobs this generally means the workflow loop did not attempt later sizes after the first failure.
unknown_not_attempted_after_prior_failure_or_no_matching_artifact_log_evidence,downloaded artifacts plus complete run log had no matching CSV/OK/TIMEOUT/CRASH event for this plan entry,Tier 2,parboil_sgemm,benchmark-results-parboil-sgemm,74088342666,completed,failure,1216,510,sgemm_tiled,1216,,,,,,,,unknown,,,No row-level terminal evidence for this plan entry in current run artifacts/logs; for failed jobs this generally means the workflow loop did not attempt later sizes after the first failure.
unknown_not_attempted_after_prior_failure_or_no_matching_artifact_log_evidence,downloaded artifacts plus complete run log had no matching CSV/OK/TIMEOUT/CRASH event for this plan entry,Tier 2,parboil_sgemm,benchmark-results-parboil-sgemm,74088342666,completed,failure,1280,511,sgemm_tiled,1280,,,,,,,,unknown,,,No row-level terminal evidence for this plan entry in current run artifacts/logs; for failed jobs this generally means the workflow loop did not attempt later sizes after the first failure.
known_timed_out_3600s_from_run_log,run log line 28276,Tier 2,dwt2d,benchmark-results-dwt2d,74088342672,completed,failure,32x32,512,dwt2d,32x32,,,,,,,2026-05-03T04:44:00.6103543Z,timed_out_3600s,28276,##[warning]TIMEOUT: dwt2d 32x32 (>3600s),Workflow-size invocation failed before a usable CSV row for this plan entry; later entries in this benchmark job stop after first timeout/crash because the workflow loop breaks.
unknown_not_attempted_after_prior_failure_or_no_matching_artifact_log_evidence,downloaded artifacts plus complete run log had no matching CSV/OK/TIMEOUT/CRASH event for this plan entry,Tier 2,dwt2d,benchmark-results-dwt2d,74088342672,completed,failure,64x64,513,dwt2d,64x64,,,,,,,,unknown,,,No row-level terminal evidence for this plan entry in current run artifacts/logs; for failed jobs this generally means the workflow loop did not attempt later sizes after the first failure.
unknown_not_attempted_after_prior_failure_or_no_matching_artifact_log_evidence,downloaded artifacts plus complete run log had no matching CSV/OK/TIMEOUT/CRASH event for this plan entry,Tier 2,dwt2d,benchmark-results-dwt2d,74088342672,completed,failure,128x128,514,dwt2d,128x128,,,,,,,,unknown,,,No row-level terminal evidence for this plan entry in current run artifacts/logs; for failed jobs this generally means the workflow loop did not attempt later sizes after the first failure.
unknown_not_attempted_after_prior_failure_or_no_matching_artifact_log_evidence,downloaded artifacts plus complete run log had no matching CSV/OK/TIMEOUT/CRASH event for this plan entry,Tier 2,dwt2d,benchmark-results-dwt2d,74088342672,completed,failure,256x256,515,dwt2d,256x256,,,,,,,,unknown,,,No row-level terminal evidence for this plan entry in current run artifacts/logs; for failed jobs this generally means the workflow loop did not attempt later sizes after the first failure.
unknown_not_attempted_after_prior_failure_or_no_matching_artifact_log_evidence,downloaded artifacts plus complete run log had no matching CSV/OK/TIMEOUT/CRASH event for this plan entry,Tier 2,dwt2d,benchmark-results-dwt2d,74088342672,completed,failure,384x384,516,dwt2d,384x384,,,,,,,,unknown,,,No row-level terminal evidence for this plan entry in current run artifacts/logs; for failed jobs this generally means the workflow loop did not attempt later sizes after the first failure.
unknown_not_attempted_after_prior_failure_or_no_matching_artifact_log_evidence,downloaded artifacts plus complete run log had no matching CSV/OK/TIMEOUT/CRASH event for this plan entry,Tier 2,dwt2d,benchmark-results-dwt2d,74088342672,completed,failure,512x512,517,dwt2d,512x512,,,,,,,,unknown,,,No row-level terminal evidence for this plan entry in current run artifacts/logs; for failed jobs this generally means the workflow loop did not attempt later sizes after the first failure.
unknown_not_attempted_after_prior_failure_or_no_matching_artifact_log_evidence,downloaded artifacts plus complete run log had no matching CSV/OK/TIMEOUT/CRASH event for this plan entry,Tier 2,dwt2d,benchmark-results-dwt2d,74088342672,completed,failure,768x768,518,dwt2d,768x768,,,,,,,,unknown,,,No row-level terminal evidence for this plan entry in current run artifacts/logs; for failed jobs this generally means the workflow loop did not attempt later sizes after the first failure.
unknown_not_attempted_after_prior_failure_or_no_matching_artifact_log_evidence,downloaded artifacts plus complete run log had no matching CSV/OK/TIMEOUT/CRASH event for this plan entry,Tier 2,dwt2d,benchmark-results-dwt2d,74088342672,completed,failure,1024x1024,519,dwt2d,1024x1024,,,,,,,,unknown,,,No row-level terminal evidence for this plan entry in current run artifacts/logs; for failed jobs this generally means the workflow loop did not attempt later sizes after the first failure.
unknown_not_attempted_after_prior_failure_or_no_matching_artifact_log_evidence,downloaded artifacts plus complete run log had no matching CSV/OK/TIMEOUT/CRASH event for this plan entry,Tier 2,dwt2d,benchmark-results-dwt2d,74088342672,completed,failure,1280x1280,520,dwt2d,1280x1280,,,,,,,,unknown,,,No row-level terminal evidence for this plan entry in current run artifacts/logs; for failed jobs this generally means the workflow loop did not attempt later sizes after the first failure.
unknown_not_attempted_after_prior_failure_or_no_matching_artifact_log_evidence,downloaded artifacts plus complete run log had no matching CSV/OK/TIMEOUT/CRASH event for this plan entry,Tier 2,dwt2d,benchmark-results-dwt2d,74088342672,completed,failure,1536x1536,521,dwt2d,1536x1536,,,,,,,,unknown,,,No row-level terminal evidence for this plan entry in current run artifacts/logs; for failed jobs this generally means the workflow loop did not attempt later sizes after the first failure.
unknown_not_attempted_after_prior_failure_or_no_matching_artifact_log_evidence,downloaded artifacts plus complete run log had no matching CSV/OK/TIMEOUT/CRASH event for this plan entry,Tier 2,dwt2d,benchmark-results-dwt2d,74088342672,completed,failure,2048x2048,522,dwt2d,2048x2048,,,,,,,,unknown,,,No row-level terminal evidence for this plan entry in current run artifacts/logs; for failed jobs this generally means the workflow loop did not attempt later sizes after the first failure.
unknown_not_attempted_after_prior_failure_or_no_matching_artifact_log_evidence,downloaded artifacts plus complete run log had no matching CSV/OK/TIMEOUT/CRASH event for this plan entry,Tier 2,dwt2d,benchmark-results-dwt2d,74088342672,completed,failure,2560x2560,523,dwt2d,2560x2560,,,,,,,,unknown,,,No row-level terminal evidence for this plan entry in current run artifacts/logs; for failed jobs this generally means the workflow loop did not attempt later sizes after the first failure.
unknown_not_attempted_after_prior_failure_or_no_matching_artifact_log_evidence,downloaded artifacts plus complete run log had no matching CSV/OK/TIMEOUT/CRASH event for this plan entry,Tier 2,dwt2d,benchmark-results-dwt2d,74088342672,completed,failure,3072x3072,524,dwt2d,3072x3072,,,,,,,,unknown,,,No row-level terminal evidence for this plan entry in current run artifacts/logs; for failed jobs this generally means the workflow loop did not attempt later sizes after the first failure.
unknown_not_attempted_after_prior_failure_or_no_matching_artifact_log_evidence,downloaded artifacts plus complete run log had no matching CSV/OK/TIMEOUT/CRASH event for this plan entry,Tier 2,dwt2d,benchmark-results-dwt2d,74088342672,completed,failure,4096x4096,525,dwt2d,4096x4096,,,,,,,,unknown,,,No row-level terminal evidence for this plan entry in current run artifacts/logs; for failed jobs this generally means the workflow loop did not attempt later sizes after the first failure.
unknown_not_attempted_after_prior_failure_or_no_matching_artifact_log_evidence,downloaded artifacts plus complete run log had no matching CSV/OK/TIMEOUT/CRASH event for this plan entry,Tier 2,dwt2d,benchmark-results-dwt2d,74088342672,completed,failure,5120x5120,526,dwt2d,5120x5120,,,,,,,,unknown,,,No row-level terminal evidence for this plan entry in current run artifacts/logs; for failed jobs this generally means the workflow loop did not attempt later sizes after the first failure.
unknown_not_attempted_after_prior_failure_or_no_matching_artifact_log_evidence,downloaded artifacts plus complete run log had no matching CSV/OK/TIMEOUT/CRASH event for this plan entry,Tier 2,dwt2d,benchmark-results-dwt2d,74088342672,completed,failure,6144x6144,527,dwt2d,6144x6144,,,,,,,,unknown,,,No row-level terminal evidence for this plan entry in current run artifacts/logs; for failed jobs this generally means the workflow loop did not attempt later sizes after the first failure.
unknown_not_attempted_after_prior_failure_or_no_matching_artifact_log_evidence,downloaded artifacts plus complete run log had no matching CSV/OK/TIMEOUT/CRASH event for this plan entry,Tier 2,dwt2d,benchmark-results-dwt2d,74088342672,completed,failure,7168x7168,528,dwt2d,7168x7168,,,,,,,,unknown,,,No row-level terminal evidence for this plan entry in current run artifacts/logs; for failed jobs this generally means the workflow loop did not attempt later sizes after the first failure.
unknown_not_attempted_after_prior_failure_or_no_matching_artifact_log_evidence,downloaded artifacts plus complete run log had no matching CSV/OK/TIMEOUT/CRASH event for this plan entry,Tier 2,dwt2d,benchmark-results-dwt2d,74088342672,completed,failure,8192x8192,529,dwt2d,8192x8192,,,,,,,,unknown,,,No row-level terminal evidence for this plan entry in current run artifacts/logs; for failed jobs this generally means the workflow loop did not attempt later sizes after the first failure.
known_finished_from_downloaded_benchmark_results_csv_and_run_log_ok,downloaded artifact benchmark-results-atax/results_atax.csv line 2 plus run log line 26811,Tier 2,atax,benchmark-results-atax,74088342667,completed,failure,64x64,530,atax,64x64,atax,64x64,1,0.008627,0.008627,0.008627,2026-05-03T03:44:03.5972784Z,finished,26811,[OK] atax 64x64 -> 0.008627 ms,Workflow-size invocation finished within the 3600s timeout and emitted a CSV row; matching method=artifact_csv_exact_kernel_size.
known_finished_from_downloaded_benchmark_results_csv_and_run_log_ok,downloaded artifact benchmark-results-atax/results_atax.csv line 3 plus run log line 26815,Tier 2,atax,benchmark-results-atax,74088342667,completed,failure,128x128,531,atax,128x128,atax,128x128,1,0.024673,0.024673,0.024673,2026-05-03T03:44:34.2807102Z,finished,26815,[OK] atax 128x128 -> 0.024673 ms,Workflow-size invocation finished within the 3600s timeout and emitted a CSV row; matching method=artifact_csv_exact_kernel_size.
known_finished_from_downloaded_benchmark_results_csv_and_run_log_ok,downloaded artifact benchmark-results-atax/results_atax.csv line 4 plus run log line 26819,Tier 2,atax,benchmark-results-atax,74088342667,completed,failure,192x192,532,atax,192x192,atax,192x192,1,0.048321,0.048321,0.048321,2026-05-03T03:47:24.2499802Z,finished,26819,[OK] atax 192x192 -> 0.048321 ms,Workflow-size invocation finished within the 3600s timeout and emitted a CSV row; matching method=artifact_csv_exact_kernel_size.
known_finished_from_downloaded_benchmark_results_csv_and_run_log_ok,downloaded artifact benchmark-results-atax/results_atax.csv line 5 plus run log line 26823,Tier 2,atax,benchmark-results-atax,74088342667,completed,failure,256x256,533,atax,256x256,atax,256x256,1,0.080102,0.080102,0.080102,2026-05-03T04:03:16.9027045Z,finished,26823,[OK] atax 256x256 -> 0.080102 ms,Workflow-size invocation finished within the 3600s timeout and emitted a CSV row; matching method=artifact_csv_exact_kernel_size.
known_timed_out_3600s_from_run_log,run log line 26827,Tier 2,atax,benchmark-results-atax,74088342667,completed,failure,384x384,534,atax,384x384,,,,,,,2026-05-03T05:03:16.9206799Z,timed_out_3600s,26827,##[warning]TIMEOUT: atax 384x384 (>3600s),Workflow-size invocation failed before a usable CSV row for this plan entry; later entries in this benchmark job stop after first timeout/crash because the workflow loop breaks.
unknown_not_attempted_after_prior_failure_or_no_matching_artifact_log_evidence,downloaded artifacts plus complete run log had no matching CSV/OK/TIMEOUT/CRASH event for this plan entry,Tier 2,atax,benchmark-results-atax,74088342667,completed,failure,512x512,535,atax,512x512,,,,,,,,unknown,,,No row-level terminal evidence for this plan entry in current run artifacts/logs; for failed jobs this generally means the workflow loop did not attempt later sizes after the first failure.
unknown_not_attempted_after_prior_failure_or_no_matching_artifact_log_evidence,downloaded artifacts plus complete run log had no matching CSV/OK/TIMEOUT/CRASH event for this plan entry,Tier 2,atax,benchmark-results-atax,74088342667,completed,failure,640x640,536,atax,640x640,,,,,,,,unknown,,,No row-level terminal evidence for this plan entry in current run artifacts/logs; for failed jobs this generally means the workflow loop did not attempt later sizes after the first failure.
unknown_not_attempted_after_prior_failure_or_no_matching_artifact_log_evidence,downloaded artifacts plus complete run log had no matching CSV/OK/TIMEOUT/CRASH event for this plan entry,Tier 2,atax,benchmark-results-atax,74088342667,completed,failure,768x768,537,atax,768x768,,,,,,,,unknown,,,No row-level terminal evidence for this plan entry in current run artifacts/logs; for failed jobs this generally means the workflow loop did not attempt later sizes after the first failure.
unknown_not_attempted_after_prior_failure_or_no_matching_artifact_log_evidence,downloaded artifacts plus complete run log had no matching CSV/OK/TIMEOUT/CRASH event for this plan entry,Tier 2,atax,benchmark-results-atax,74088342667,completed,failure,896x896,538,atax,896x896,,,,,,,,unknown,,,No row-level terminal evidence for this plan entry in current run artifacts/logs; for failed jobs this generally means the workflow loop did not attempt later sizes after the first failure.
unknown_not_attempted_after_prior_failure_or_no_matching_artifact_log_evidence,downloaded artifacts plus complete run log had no matching CSV/OK/TIMEOUT/CRASH event for this plan entry,Tier 2,atax,benchmark-results-atax,74088342667,completed,failure,1024x1024,539,atax,1024x1024,,,,,,,,unknown,,,No row-level terminal evidence for this plan entry in current run artifacts/logs; for failed jobs this generally means the workflow loop did not attempt later sizes after the first failure.
unknown_not_attempted_after_prior_failure_or_no_matching_artifact_log_evidence,downloaded artifacts plus complete run log had no matching CSV/OK/TIMEOUT/CRASH event for this plan entry,Tier 2,atax,benchmark-results-atax,74088342667,completed,failure,1280x1280,540,atax,1280x1280,,,,,,,,unknown,,,No row-level terminal evidence for this plan entry in current run artifacts/logs; for failed jobs this generally means the workflow loop did not attempt later sizes after the first failure.
unknown_not_attempted_after_prior_failure_or_no_matching_artifact_log_evidence,downloaded artifacts plus complete run log had no matching CSV/OK/TIMEOUT/CRASH event for this plan entry,Tier 2,atax,benchmark-results-atax,74088342667,completed,failure,1536x1536,541,atax,1536x1536,,,,,,,,unknown,,,No row-level terminal evidence for this plan entry in current run artifacts/logs; for failed jobs this generally means the workflow loop did not attempt later sizes after the first failure.
unknown_not_attempted_after_prior_failure_or_no_matching_artifact_log_evidence,downloaded artifacts plus complete run log had no matching CSV/OK/TIMEOUT/CRASH event for this plan entry,Tier 2,atax,benchmark-results-atax,74088342667,completed,failure,1792x1792,542,atax,1792x1792,,,,,,,,unknown,,,No row-level terminal evidence for this plan entry in current run artifacts/logs; for failed jobs this generally means the workflow loop did not attempt later sizes after the first failure.
unknown_not_attempted_after_prior_failure_or_no_matching_artifact_log_evidence,downloaded artifacts plus complete run log had no matching CSV/OK/TIMEOUT/CRASH event for this plan entry,Tier 2,atax,benchmark-results-atax,74088342667,completed,failure,2048x2048,543,atax,2048x2048,,,,,,,,unknown,,,No row-level terminal evidence for this plan entry in current run artifacts/logs; for failed jobs this generally means the workflow loop did not attempt later sizes after the first failure.
unknown_not_attempted_after_prior_failure_or_no_matching_artifact_log_evidence,downloaded artifacts plus complete run log had no matching CSV/OK/TIMEOUT/CRASH event for this plan entry,Tier 2,atax,benchmark-results-atax,74088342667,completed,failure,2560x2560,544,atax,2560x2560,,,,,,,,unknown,,,No row-level terminal evidence for this plan entry in current run artifacts/logs; for failed jobs this generally means the workflow loop did not attempt later sizes after the first failure.
unknown_not_attempted_after_prior_failure_or_no_matching_artifact_log_evidence,downloaded artifacts plus complete run log had no matching CSV/OK/TIMEOUT/CRASH event for this plan entry,Tier 2,atax,benchmark-results-atax,74088342667,completed,failure,3072x3072,545,atax,3072x3072,,,,,,,,unknown,,,No row-level terminal evidence for this plan entry in current run artifacts/logs; for failed jobs this generally means the workflow loop did not attempt later sizes after the first failure.
unknown_not_attempted_after_prior_failure_or_no_matching_artifact_log_evidence,downloaded artifacts plus complete run log had no matching CSV/OK/TIMEOUT/CRASH event for this plan entry,Tier 2,atax,benchmark-results-atax,74088342667,completed,failure,3584x3584,546,atax,3584x3584,,,,,,,,unknown,,,No row-level terminal evidence for this plan entry in current run artifacts/logs; for failed jobs this generally means the workflow loop did not attempt later sizes after the first failure.
unknown_not_attempted_after_prior_failure_or_no_matching_artifact_log_evidence,downloaded artifacts plus complete run log had no matching CSV/OK/TIMEOUT/CRASH event for this plan entry,Tier 2,atax,benchmark-results-atax,74088342667,completed,failure,4096x4096,547,atax,4096x4096,,,,,,,,unknown,,,No row-level terminal evidence for this plan entry in current run artifacts/logs; for failed jobs this generally means the workflow loop did not attempt later sizes after the first failure.
known_finished_from_downloaded_benchmark_results_csv_and_run_log_ok,downloaded artifact benchmark-results-bicg/results_bicg.csv line 2 plus run log line 27404,Tier 2,bicg,benchmark-results-bicg,74088342670,completed,failure,64x64,548,bicg,64x64,bicg,64x64,1,0.008956,0.008956,0.008956,2026-05-03T04:43:57.1792894Z,finished,27404,[OK] bicg 64x64 -> 0.008956 ms,Workflow-size invocation finished within the 3600s timeout and emitted a CSV row; matching method=artifact_csv_exact_kernel_size.
known_finished_from_downloaded_benchmark_results_csv_and_run_log_ok,downloaded artifact benchmark-results-bicg/results_bicg.csv line 3 plus run log line 27408,Tier 2,bicg,benchmark-results-bicg,74088342670,completed,failure,128x128,549,bicg,128x128,bicg,128x128,1,0.025249,0.025249,0.025249,2026-05-03T04:44:26.0212701Z,finished,27408,[OK] bicg 128x128 -> 0.025249 ms,Workflow-size invocation finished within the 3600s timeout and emitted a CSV row; matching method=artifact_csv_exact_kernel_size.
known_finished_from_downloaded_benchmark_results_csv_and_run_log_ok,downloaded artifact benchmark-results-bicg/results_bicg.csv line 4 plus run log line 27412,Tier 2,bicg,benchmark-results-bicg,74088342670,completed,failure,192x192,550,bicg,192x192,bicg,192x192,1,0.049130,0.049130,0.049130,2026-05-03T04:46:53.0770465Z,finished,27412,[OK] bicg 192x192 -> 0.049130 ms,Workflow-size invocation finished within the 3600s timeout and emitted a CSV row; matching method=artifact_csv_exact_kernel_size.
known_finished_from_downloaded_benchmark_results_csv_and_run_log_ok,downloaded artifact benchmark-results-bicg/results_bicg.csv line 5 plus run log line 27416,Tier 2,bicg,benchmark-results-bicg,74088342670,completed,failure,256x256,551,bicg,256x256,bicg,256x256,1,0.081171,0.081171,0.081171,2026-05-03T04:57:31.6304530Z,finished,27416,[OK] bicg 256x256 -> 0.081171 ms,Workflow-size invocation finished within the 3600s timeout and emitted a CSV row; matching method=artifact_csv_exact_kernel_size.
known_finished_from_downloaded_benchmark_results_csv_and_run_log_ok,downloaded artifact benchmark-results-bicg/results_bicg.csv line 6 plus run log line 27420,Tier 2,bicg,benchmark-results-bicg,74088342670,completed,failure,384x384,552,bicg,384x384,bicg,384x384,1,0.121793,0.121793,0.121793,2026-05-03T05:54:53.2403494Z,finished,27420,[OK] bicg 384x384 -> 0.121793 ms,Workflow-size invocation finished within the 3600s timeout and emitted a CSV row; matching method=artifact_csv_exact_kernel_size.
known_timed_out_3600s_from_run_log,run log line 27424,Tier 2,bicg,benchmark-results-bicg,74088342670,completed,failure,512x512,553,bicg,512x512,,,,,,,2026-05-03T06:54:53.2535268Z,timed_out_3600s,27424,##[warning]TIMEOUT: bicg 512x512 (>3600s),Workflow-size invocation failed before a usable CSV row for this plan entry; later entries in this benchmark job stop after first timeout/crash because the workflow loop breaks.
unknown_not_attempted_after_prior_failure_or_no_matching_artifact_log_evidence,downloaded artifacts plus complete run log had no matching CSV/OK/TIMEOUT/CRASH event for this plan entry,Tier 2,bicg,benchmark-results-bicg,74088342670,completed,failure,640x640,554,bicg,640x640,,,,,,,,unknown,,,No row-level terminal evidence for this plan entry in current run artifacts/logs; for failed jobs this generally means the workflow loop did not attempt later sizes after the first failure.
unknown_not_attempted_after_prior_failure_or_no_matching_artifact_log_evidence,downloaded artifacts plus complete run log had no matching CSV/OK/TIMEOUT/CRASH event for this plan entry,Tier 2,bicg,benchmark-results-bicg,74088342670,completed,failure,768x768,555,bicg,768x768,,,,,,,,unknown,,,No row-level terminal evidence for this plan entry in current run artifacts/logs; for failed jobs this generally means the workflow loop did not attempt later sizes after the first failure.
unknown_not_attempted_after_prior_failure_or_no_matching_artifact_log_evidence,downloaded artifacts plus complete run log had no matching CSV/OK/TIMEOUT/CRASH event for this plan entry,Tier 2,bicg,benchmark-results-bicg,74088342670,completed,failure,896x896,556,bicg,896x896,,,,,,,,unknown,,,No row-level terminal evidence for this plan entry in current run artifacts/logs; for failed jobs this generally means the workflow loop did not attempt later sizes after the first failure.
unknown_not_attempted_after_prior_failure_or_no_matching_artifact_log_evidence,downloaded artifacts plus complete run log had no matching CSV/OK/TIMEOUT/CRASH event for this plan entry,Tier 2,bicg,benchmark-results-bicg,74088342670,completed,failure,1024x1024,557,bicg,1024x1024,,,,,,,,unknown,,,No row-level terminal evidence for this plan entry in current run artifacts/logs; for failed jobs this generally means the workflow loop did not attempt later sizes after the first failure.
unknown_not_attempted_after_prior_failure_or_no_matching_artifact_log_evidence,downloaded artifacts plus complete run log had no matching CSV/OK/TIMEOUT/CRASH event for this plan entry,Tier 2,bicg,benchmark-results-bicg,74088342670,completed,failure,1280x1280,558,bicg,1280x1280,,,,,,,,unknown,,,No row-level terminal evidence for this plan entry in current run artifacts/logs; for failed jobs this generally means the workflow loop did not attempt later sizes after the first failure.
unknown_not_attempted_after_prior_failure_or_no_matching_artifact_log_evidence,downloaded artifacts plus complete run log had no matching CSV/OK/TIMEOUT/CRASH event for this plan entry,Tier 2,bicg,benchmark-results-bicg,74088342670,completed,failure,1536x1536,559,bicg,1536x1536,,,,,,,,unknown,,,No row-level terminal evidence for this plan entry in current run artifacts/logs; for failed jobs this generally means the workflow loop did not attempt later sizes after the first failure.
unknown_not_attempted_after_prior_failure_or_no_matching_artifact_log_evidence,downloaded artifacts plus complete run log had no matching CSV/OK/TIMEOUT/CRASH event for this plan entry,Tier 2,bicg,benchmark-results-bicg,74088342670,completed,failure,1792x1792,560,bicg,1792x1792,,,,,,,,unknown,,,No row-level terminal evidence for this plan entry in current run artifacts/logs; for failed jobs this generally means the workflow loop did not attempt later sizes after the first failure.
unknown_not_attempted_after_prior_failure_or_no_matching_artifact_log_evidence,downloaded artifacts plus complete run log had no matching CSV/OK/TIMEOUT/CRASH event for this plan entry,Tier 2,bicg,benchmark-results-bicg,74088342670,completed,failure,2048x2048,561,bicg,2048x2048,,,,,,,,unknown,,,No row-level terminal evidence for this plan entry in current run artifacts/logs; for failed jobs this generally means the workflow loop did not attempt later sizes after the first failure.
unknown_not_attempted_after_prior_failure_or_no_matching_artifact_log_evidence,downloaded artifacts plus complete run log had no matching CSV/OK/TIMEOUT/CRASH event for this plan entry,Tier 2,bicg,benchmark-results-bicg,74088342670,completed,failure,2560x2560,562,bicg,2560x2560,,,,,,,,unknown,,,No row-level terminal evidence for this plan entry in current run artifacts/logs; for failed jobs this generally means the workflow loop did not attempt later sizes after the first failure.
unknown_not_attempted_after_prior_failure_or_no_matching_artifact_log_evidence,downloaded artifacts plus complete run log had no matching CSV/OK/TIMEOUT/CRASH event for this plan entry,Tier 2,bicg,benchmark-results-bicg,74088342670,completed,failure,3072x3072,563,bicg,3072x3072,,,,,,,,unknown,,,No row-level terminal evidence for this plan entry in current run artifacts/logs; for failed jobs this generally means the workflow loop did not attempt later sizes after the first failure.
unknown_not_attempted_after_prior_failure_or_no_matching_artifact_log_evidence,downloaded artifacts plus complete run log had no matching CSV/OK/TIMEOUT/CRASH event for this plan entry,Tier 2,bicg,benchmark-results-bicg,74088342670,completed,failure,3584x3584,564,bicg,3584x3584,,,,,,,,unknown,,,No row-level terminal evidence for this plan entry in current run artifacts/logs; for failed jobs this generally means the workflow loop did not attempt later sizes after the first failure.
unknown_not_attempted_after_prior_failure_or_no_matching_artifact_log_evidence,downloaded artifacts plus complete run log had no matching CSV/OK/TIMEOUT/CRASH event for this plan entry,Tier 2,bicg,benchmark-results-bicg,74088342670,completed,failure,4096x4096,565,bicg,4096x4096,,,,,,,,unknown,,,No row-level terminal evidence for this plan entry in current run artifacts/logs; for failed jobs this generally means the workflow loop did not attempt later sizes after the first failure.
known_finished_from_downloaded_benchmark_results_csv_and_run_log_ok,downloaded artifact benchmark-results-bitonicsort/results_bitonicsort.csv line 2 plus run log line 33509,Tier 2,bitonicsort,benchmark-results-bitonicsort,74088342685,completed,failure,1024,566,sort,1024,bitonicsort,1024,1,0.013677,0.013677,0.013677,2026-05-03T04:44:08.4148859Z,finished,33509,[OK] bitonicsort 1024 -> 0.013677 ms,Workflow-size invocation finished within the 3600s timeout and emitted a CSV row; matching method=artifact_csv_unique_workflow_size_alias.
known_finished_from_downloaded_benchmark_results_csv_and_run_log_ok,downloaded artifact benchmark-results-bitonicsort/results_bitonicsort.csv line 3 plus run log line 33513,Tier 2,bitonicsort,benchmark-results-bitonicsort,74088342685,completed,failure,2048,567,sort,2048,bitonicsort,2048,1,0.016388,0.016388,0.016388,2026-05-03T04:44:10.4656347Z,finished,33513,[OK] bitonicsort 2048 -> 0.016388 ms,Workflow-size invocation finished within the 3600s timeout and emitted a CSV row; matching method=artifact_csv_unique_workflow_size_alias.
known_finished_from_downloaded_benchmark_results_csv_and_run_log_ok,downloaded artifact benchmark-results-bitonicsort/results_bitonicsort.csv line 4 plus run log line 33517,Tier 2,bitonicsort,benchmark-results-bitonicsort,74088342685,completed,failure,4096,568,sort,4096,bitonicsort,4096,1,0.019300,0.019300,0.019300,2026-05-03T04:44:15.5728103Z,finished,33517,[OK] bitonicsort 4096 -> 0.019300 ms,Workflow-size invocation finished within the 3600s timeout and emitted a CSV row; matching method=artifact_csv_unique_workflow_size_alias.
known_finished_from_downloaded_benchmark_results_csv_and_run_log_ok,downloaded artifact benchmark-results-bitonicsort/results_bitonicsort.csv line 5 plus run log line 33521,Tier 2,bitonicsort,benchmark-results-bitonicsort,74088342685,completed,failure,8192,569,sort,8192,bitonicsort,8192,1,0.022474,0.022474,0.022474,2026-05-03T04:44:30.3736419Z,finished,33521,[OK] bitonicsort 8192 -> 0.022474 ms,Workflow-size invocation finished within the 3600s timeout and emitted a CSV row; matching method=artifact_csv_unique_workflow_size_alias.
known_finished_from_downloaded_benchmark_results_csv_and_run_log_ok,downloaded artifact benchmark-results-bitonicsort/results_bitonicsort.csv line 6 plus run log line 33525,Tier 2,bitonicsort,benchmark-results-bitonicsort,74088342685,completed,failure,16384,570,sort,16384,bitonicsort,16384,1,0.025920,0.025920,0.025920,2026-05-03T04:45:23.1953490Z,finished,33525,[OK] bitonicsort 16384 -> 0.025920 ms,Workflow-size invocation finished within the 3600s timeout and emitted a CSV row; matching method=artifact_csv_unique_workflow_size_alias.
known_finished_from_downloaded_benchmark_results_csv_and_run_log_ok,downloaded artifact benchmark-results-bitonicsort/results_bitonicsort.csv line 7 plus run log line 33529,Tier 2,bitonicsort,benchmark-results-bitonicsort,74088342685,completed,failure,32768,571,sort,32768,bitonicsort,32768,1,0.029364,0.029364,0.029364,2026-05-03T04:49:04.6674281Z,finished,33529,[OK] bitonicsort 32768 -> 0.029364 ms,Workflow-size invocation finished within the 3600s timeout and emitted a CSV row; matching method=artifact_csv_unique_workflow_size_alias.
known_finished_from_downloaded_benchmark_results_csv_and_run_log_ok,downloaded artifact benchmark-results-bitonicsort/results_bitonicsort.csv line 8 plus run log line 33533,Tier 2,bitonicsort,benchmark-results-bitonicsort,74088342685,completed,failure,65536,572,sort,65536,bitonicsort,65536,1,0.034624,0.034624,0.034624,2026-05-03T05:15:59.2505738Z,finished,33533,[OK] bitonicsort 65536 -> 0.034624 ms,Workflow-size invocation finished within the 3600s timeout and emitted a CSV row; matching method=artifact_csv_unique_workflow_size_alias.
known_timed_out_3600s_from_run_log,run log line 33537,Tier 2,bitonicsort,benchmark-results-bitonicsort,74088342685,completed,failure,131072,573,sort,131072,,,,,,,2026-05-03T06:15:59.3279548Z,timed_out_3600s,33537,##[warning]TIMEOUT: bitonicsort 131072 (>3600s),Workflow-size invocation failed before a usable CSV row for this plan entry; later entries in this benchmark job stop after first timeout/crash because the workflow loop breaks.
unknown_not_attempted_after_prior_failure_or_no_matching_artifact_log_evidence,downloaded artifacts plus complete run log had no matching CSV/OK/TIMEOUT/CRASH event for this plan entry,Tier 2,bitonicsort,benchmark-results-bitonicsort,74088342685,completed,failure,262144,574,sort,262144,,,,,,,,unknown,,,No row-level terminal evidence for this plan entry in current run artifacts/logs; for failed jobs this generally means the workflow loop did not attempt later sizes after the first failure.
unknown_not_attempted_after_prior_failure_or_no_matching_artifact_log_evidence,downloaded artifacts plus complete run log had no matching CSV/OK/TIMEOUT/CRASH event for this plan entry,Tier 2,bitonicsort,benchmark-results-bitonicsort,74088342685,completed,failure,524288,575,sort,524288,,,,,,,,unknown,,,No row-level terminal evidence for this plan entry in current run artifacts/logs; for failed jobs this generally means the workflow loop did not attempt later sizes after the first failure.
unknown_not_attempted_after_prior_failure_or_no_matching_artifact_log_evidence,downloaded artifacts plus complete run log had no matching CSV/OK/TIMEOUT/CRASH event for this plan entry,Tier 2,bitonicsort,benchmark-results-bitonicsort,74088342685,completed,failure,1048576,576,sort,1048576,,,,,,,,unknown,,,No row-level terminal evidence for this plan entry in current run artifacts/logs; for failed jobs this generally means the workflow loop did not attempt later sizes after the first failure.
unknown_not_attempted_after_prior_failure_or_no_matching_artifact_log_evidence,downloaded artifacts plus complete run log had no matching CSV/OK/TIMEOUT/CRASH event for this plan entry,Tier 2,bitonicsort,benchmark-results-bitonicsort,74088342685,completed,failure,2097152,577,sort,2097152,,,,,,,,unknown,,,No row-level terminal evidence for this plan entry in current run artifacts/logs; for failed jobs this generally means the workflow loop did not attempt later sizes after the first failure.
unknown_not_attempted_after_prior_failure_or_no_matching_artifact_log_evidence,downloaded artifacts plus complete run log had no matching CSV/OK/TIMEOUT/CRASH event for this plan entry,Tier 2,bitonicsort,benchmark-results-bitonicsort,74088342685,completed,failure,4194304,578,sort,4194304,,,,,,,,unknown,,,No row-level terminal evidence for this plan entry in current run artifacts/logs; for failed jobs this generally means the workflow loop did not attempt later sizes after the first failure.
unknown_not_attempted_after_prior_failure_or_no_matching_artifact_log_evidence,downloaded artifacts plus complete run log had no matching CSV/OK/TIMEOUT/CRASH event for this plan entry,Tier 2,bitonicsort,benchmark-results-bitonicsort,74088342685,completed,failure,8388608,579,sort,8388608,,,,,,,,unknown,,,No row-level terminal evidence for this plan entry in current run artifacts/logs; for failed jobs this generally means the workflow loop did not attempt later sizes after the first failure.
unknown_not_attempted_after_prior_failure_or_no_matching_artifact_log_evidence,downloaded artifacts plus complete run log had no matching CSV/OK/TIMEOUT/CRASH event for this plan entry,Tier 2,bitonicsort,benchmark-results-bitonicsort,74088342685,completed,failure,16777216,580,sort,16777216,,,,,,,,unknown,,,No row-level terminal evidence for this plan entry in current run artifacts/logs; for failed jobs this generally means the workflow loop did not attempt later sizes after the first failure.
known_finished_from_downloaded_benchmark_results_csv_and_run_log_ok,downloaded artifact benchmark-results-nw/results_nw.csv line 2 plus run log line 29662,Tier 2,nw,benchmark-results-nw,74088342676,completed,failure,64,581,nw,64,nw,64,1,0.041897,0.041897,0.041897,2026-05-03T04:45:59.3975082Z,finished,29662,[OK] nw 64 -> 0.041897 ms,Workflow-size invocation finished within the 3600s timeout and emitted a CSV row; matching method=artifact_csv_exact_kernel_size.
known_finished_from_downloaded_benchmark_results_csv_and_run_log_ok,downloaded artifact benchmark-results-nw/results_nw.csv line 3 plus run log line 29666,Tier 2,nw,benchmark-results-nw,74088342676,completed,failure,128,582,nw,128,nw,128,1,0.084088,0.084088,0.084088,2026-05-03T04:46:03.9538357Z,finished,29666,[OK] nw 128 -> 0.084088 ms,Workflow-size invocation finished within the 3600s timeout and emitted a CSV row; matching method=artifact_csv_exact_kernel_size.
known_finished_from_downloaded_benchmark_results_csv_and_run_log_ok,downloaded artifact benchmark-results-nw/results_nw.csv line 4 plus run log line 29670,Tier 2,nw,benchmark-results-nw,74088342676,completed,failure,192,583,nw,192,nw,192,1,0.127238,0.127238,0.127238,2026-05-03T04:46:08.7280595Z,finished,29670,[OK] nw 192 -> 0.127238 ms,Workflow-size invocation finished within the 3600s timeout and emitted a CSV row; matching method=artifact_csv_exact_kernel_size.
known_finished_from_downloaded_benchmark_results_csv_and_run_log_ok,downloaded artifact benchmark-results-nw/results_nw.csv line 5 plus run log line 29674,Tier 2,nw,benchmark-results-nw,74088342676,completed,failure,256,584,nw,256,nw,256,1,0.171555,0.171555,0.171555,2026-05-03T04:46:16.4019023Z,finished,29674,[OK] nw 256 -> 0.171555 ms,Workflow-size invocation finished within the 3600s timeout and emitted a CSV row; matching method=artifact_csv_exact_kernel_size.
known_finished_from_downloaded_benchmark_results_csv_and_run_log_ok,downloaded artifact benchmark-results-nw/results_nw.csv line 6 plus run log line 29678,Tier 2,nw,benchmark-results-nw,74088342676,completed,failure,512,585,nw,512,nw,512,1,0.359700,0.359700,0.359700,2026-05-03T04:46:45.2843692Z,finished,29678,[OK] nw 512 -> 0.359700 ms,Workflow-size invocation finished within the 3600s timeout and emitted a CSV row; matching method=artifact_csv_exact_kernel_size.
known_finished_from_downloaded_benchmark_results_csv_and_run_log_ok,downloaded artifact benchmark-results-nw/results_nw.csv line 7 plus run log line 29682,Tier 2,nw,benchmark-results-nw,74088342676,completed,failure,768,586,nw,768,nw,768,1,0.562273,0.562273,0.562273,2026-05-03T04:47:39.5744770Z,finished,29682,[OK] nw 768 -> 0.562273 ms,Workflow-size invocation finished within the 3600s timeout and emitted a CSV row; matching method=artifact_csv_exact_kernel_size.
known_finished_from_downloaded_benchmark_results_csv_and_run_log_ok,downloaded artifact benchmark-results-nw/results_nw.csv line 8 plus run log line 29686,Tier 2,nw,benchmark-results-nw,74088342676,completed,failure,1024,587,nw,1024,nw,1024,1,0.781289,0.781289,0.781289,2026-05-03T04:49:49.5347964Z,finished,29686,[OK] nw 1024 -> 0.781289 ms,Workflow-size invocation finished within the 3600s timeout and emitted a CSV row; matching method=artifact_csv_exact_kernel_size.
known_finished_from_downloaded_benchmark_results_csv_and_run_log_ok,downloaded artifact benchmark-results-nw/results_nw.csv line 9 plus run log line 29690,Tier 2,nw,benchmark-results-nw,74088342676,completed,failure,1536,588,nw,1536,nw,1536,1,1.252003,1.252003,1.252003,2026-05-03T04:59:59.3950109Z,finished,29690,[OK] nw 1536 -> 1.252003 ms,Workflow-size invocation finished within the 3600s timeout and emitted a CSV row; matching method=artifact_csv_exact_kernel_size.
known_timed_out_3600s_from_run_log,run log line 29694,Tier 2,nw,benchmark-results-nw,74088342676,completed,failure,2048,589,nw,2048,,,,,,,2026-05-03T05:59:59.4498259Z,timed_out_3600s,29694,##[warning]TIMEOUT: nw 2048 (>3600s),Workflow-size invocation failed before a usable CSV row for this plan entry; later entries in this benchmark job stop after first timeout/crash because the workflow loop breaks.
unknown_not_attempted_after_prior_failure_or_no_matching_artifact_log_evidence,downloaded artifacts plus complete run log had no matching CSV/OK/TIMEOUT/CRASH event for this plan entry,Tier 2,nw,benchmark-results-nw,74088342676,completed,failure,3072,590,nw,3072,,,,,,,,unknown,,,No row-level terminal evidence for this plan entry in current run artifacts/logs; for failed jobs this generally means the workflow loop did not attempt later sizes after the first failure.
unknown_not_attempted_after_prior_failure_or_no_matching_artifact_log_evidence,downloaded artifacts plus complete run log had no matching CSV/OK/TIMEOUT/CRASH event for this plan entry,Tier 2,nw,benchmark-results-nw,74088342676,completed,failure,4096,591,nw,4096,,,,,,,,unknown,,,No row-level terminal evidence for this plan entry in current run artifacts/logs; for failed jobs this generally means the workflow loop did not attempt later sizes after the first failure.
unknown_not_attempted_after_prior_failure_or_no_matching_artifact_log_evidence,downloaded artifacts plus complete run log had no matching CSV/OK/TIMEOUT/CRASH event for this plan entry,Tier 2,nw,benchmark-results-nw,74088342676,completed,failure,5120,592,nw,5120,,,,,,,,unknown,,,No row-level terminal evidence for this plan entry in current run artifacts/logs; for failed jobs this generally means the workflow loop did not attempt later sizes after the first failure.
unknown_not_attempted_after_prior_failure_or_no_matching_artifact_log_evidence,downloaded artifacts plus complete run log had no matching CSV/OK/TIMEOUT/CRASH event for this plan entry,Tier 2,nw,benchmark-results-nw,74088342676,completed,failure,6144,593,nw,6144,,,,,,,,unknown,,,No row-level terminal evidence for this plan entry in current run artifacts/logs; for failed jobs this generally means the workflow loop did not attempt later sizes after the first failure.
unknown_not_attempted_after_prior_failure_or_no_matching_artifact_log_evidence,downloaded artifacts plus complete run log had no matching CSV/OK/TIMEOUT/CRASH event for this plan entry,Tier 2,nw,benchmark-results-nw,74088342676,completed,failure,8192,594,nw,8192,,,,,,,,unknown,,,No row-level terminal evidence for this plan entry in current run artifacts/logs; for failed jobs this generally means the workflow loop did not attempt later sizes after the first failure.
unknown_not_attempted_after_prior_failure_or_no_matching_artifact_log_evidence,downloaded artifacts plus complete run log had no matching CSV/OK/TIMEOUT/CRASH event for this plan entry,Tier 2,nw,benchmark-results-nw,74088342676,completed,failure,10240,595,nw,10240,,,,,,,,unknown,,,No row-level terminal evidence for this plan entry in current run artifacts/logs; for failed jobs this generally means the workflow loop did not attempt later sizes after the first failure.
unknown_not_attempted_after_prior_failure_or_no_matching_artifact_log_evidence,downloaded artifacts plus complete run log had no matching CSV/OK/TIMEOUT/CRASH event for this plan entry,Tier 2,nw,benchmark-results-nw,74088342676,completed,failure,12288,596,nw,12288,,,,,,,,unknown,,,No row-level terminal evidence for this plan entry in current run artifacts/logs; for failed jobs this generally means the workflow loop did not attempt later sizes after the first failure.
unknown_not_attempted_after_prior_failure_or_no_matching_artifact_log_evidence,downloaded artifacts plus complete run log had no matching CSV/OK/TIMEOUT/CRASH event for this plan entry,Tier 2,nw,benchmark-results-nw,74088342676,completed,failure,16384,597,nw,16384,,,,,,,,unknown,,,No row-level terminal evidence for this plan entry in current run artifacts/logs; for failed jobs this generally means the workflow loop did not attempt later sizes after the first failure.
known_finished_from_downloaded_benchmark_results_csv_and_run_log_ok,downloaded artifact benchmark-results-pagerank/results_pagerank.csv line 2 plus run log line 29069,Tier 2,pagerank,benchmark-results-pagerank,74088342674,completed,failure,128,598,pagerank,128,pagerank,128,1,0.001601,0.001601,0.001601,2026-05-03T04:47:30.0620473Z,finished,29069,[OK] pagerank 128 -> 0.001601 ms,Workflow-size invocation finished within the 3600s timeout and emitted a CSV row; matching method=artifact_csv_exact_kernel_size.
known_finished_from_downloaded_benchmark_results_csv_and_run_log_ok,downloaded artifact benchmark-results-pagerank/results_pagerank.csv line 3 plus run log line 29073,Tier 2,pagerank,benchmark-results-pagerank,74088342674,completed,failure,256,599,pagerank,256,pagerank,256,1,0.062024,0.062024,0.062024,2026-05-03T04:47:57.5756521Z,finished,29073,[OK] pagerank 256 -> 0.062024 ms,Workflow-size invocation finished within the 3600s timeout and emitted a CSV row; matching method=artifact_csv_exact_kernel_size.
known_finished_from_downloaded_benchmark_results_csv_and_run_log_ok,downloaded artifact benchmark-results-pagerank/results_pagerank.csv line 4 plus run log line 29077,Tier 2,pagerank,benchmark-results-pagerank,74088342674,completed,failure,512,600,pagerank,512,pagerank,512,1,0.004630,0.004630,0.004630,2026-05-03T04:48:12.9798941Z,finished,29077,[OK] pagerank 512 -> 0.004630 ms,Workflow-size invocation finished within the 3600s timeout and emitted a CSV row; matching method=artifact_csv_exact_kernel_size.
known_timed_out_3600s_from_run_log,run log line 29081,Tier 2,pagerank,benchmark-results-pagerank,74088342674,completed,failure,1024,601,pagerank,1024,,,,,,,2026-05-03T05:48:13.0102623Z,timed_out_3600s,29081,##[warning]TIMEOUT: pagerank 1024 (>3600s),Workflow-size invocation failed before a usable CSV row for this plan entry; later entries in this benchmark job stop after first timeout/crash because the workflow loop breaks.
unknown_not_attempted_after_prior_failure_or_no_matching_artifact_log_evidence,downloaded artifacts plus complete run log had no matching CSV/OK/TIMEOUT/CRASH event for this plan entry,Tier 2,pagerank,benchmark-results-pagerank,74088342674,completed,failure,2048,602,pagerank,2048,,,,,,,,unknown,,,No row-level terminal evidence for this plan entry in current run artifacts/logs; for failed jobs this generally means the workflow loop did not attempt later sizes after the first failure.
unknown_not_attempted_after_prior_failure_or_no_matching_artifact_log_evidence,downloaded artifacts plus complete run log had no matching CSV/OK/TIMEOUT/CRASH event for this plan entry,Tier 2,pagerank,benchmark-results-pagerank,74088342674,completed,failure,4096,603,pagerank,4096,,,,,,,,unknown,,,No row-level terminal evidence for this plan entry in current run artifacts/logs; for failed jobs this generally means the workflow loop did not attempt later sizes after the first failure.
unknown_not_attempted_after_prior_failure_or_no_matching_artifact_log_evidence,downloaded artifacts plus complete run log had no matching CSV/OK/TIMEOUT/CRASH event for this plan entry,Tier 2,pagerank,benchmark-results-pagerank,74088342674,completed,failure,6144,604,pagerank,6144,,,,,,,,unknown,,,No row-level terminal evidence for this plan entry in current run artifacts/logs; for failed jobs this generally means the workflow loop did not attempt later sizes after the first failure.
unknown_not_attempted_after_prior_failure_or_no_matching_artifact_log_evidence,downloaded artifacts plus complete run log had no matching CSV/OK/TIMEOUT/CRASH event for this plan entry,Tier 2,pagerank,benchmark-results-pagerank,74088342674,completed,failure,8192,605,pagerank,8192,,,,,,,,unknown,,,No row-level terminal evidence for this plan entry in current run artifacts/logs; for failed jobs this generally means the workflow loop did not attempt later sizes after the first failure.
unknown_not_attempted_after_prior_failure_or_no_matching_artifact_log_evidence,downloaded artifacts plus complete run log had no matching CSV/OK/TIMEOUT/CRASH event for this plan entry,Tier 2,pagerank,benchmark-results-pagerank,74088342674,completed,failure,12288,606,pagerank,12288,,,,,,,,unknown,,,No row-level terminal evidence for this plan entry in current run artifacts/logs; for failed jobs this generally means the workflow loop did not attempt later sizes after the first failure.
unknown_not_attempted_after_prior_failure_or_no_matching_artifact_log_evidence,downloaded artifacts plus complete run log had no matching CSV/OK/TIMEOUT/CRASH event for this plan entry,Tier 2,pagerank,benchmark-results-pagerank,74088342674,completed,failure,16384,607,pagerank,16384,,,,,,,,unknown,,,No row-level terminal evidence for this plan entry in current run artifacts/logs; for failed jobs this generally means the workflow loop did not attempt later sizes after the first failure.
unknown_not_attempted_after_prior_failure_or_no_matching_artifact_log_evidence,downloaded artifacts plus complete run log had no matching CSV/OK/TIMEOUT/CRASH event for this plan entry,Tier 2,pagerank,benchmark-results-pagerank,74088342674,completed,failure,24576,608,pagerank,24576,,,,,,,,unknown,,,No row-level terminal evidence for this plan entry in current run artifacts/logs; for failed jobs this generally means the workflow loop did not attempt later sizes after the first failure.
unknown_not_attempted_after_prior_failure_or_no_matching_artifact_log_evidence,downloaded artifacts plus complete run log had no matching CSV/OK/TIMEOUT/CRASH event for this plan entry,Tier 2,pagerank,benchmark-results-pagerank,74088342674,completed,failure,32768,609,pagerank,32768,,,,,,,,unknown,,,No row-level terminal evidence for this plan entry in current run artifacts/logs; for failed jobs this generally means the workflow loop did not attempt later sizes after the first failure.
unknown_not_attempted_after_prior_failure_or_no_matching_artifact_log_evidence,downloaded artifacts plus complete run log had no matching CSV/OK/TIMEOUT/CRASH event for this plan entry,Tier 2,pagerank,benchmark-results-pagerank,74088342674,completed,failure,49152,610,pagerank,49152,,,,,,,,unknown,,,No row-level terminal evidence for this plan entry in current run artifacts/logs; for failed jobs this generally means the workflow loop did not attempt later sizes after the first failure.
unknown_not_attempted_after_prior_failure_or_no_matching_artifact_log_evidence,downloaded artifacts plus complete run log had no matching CSV/OK/TIMEOUT/CRASH event for this plan entry,Tier 2,pagerank,benchmark-results-pagerank,74088342674,completed,failure,65536,611,pagerank,65536,,,,,,,,unknown,,,No row-level terminal evidence for this plan entry in current run artifacts/logs; for failed jobs this generally means the workflow loop did not attempt later sizes after the first failure.
unknown_not_attempted_after_prior_failure_or_no_matching_artifact_log_evidence,downloaded artifacts plus complete run log had no matching CSV/OK/TIMEOUT/CRASH event for this plan entry,Tier 2,pagerank,benchmark-results-pagerank,74088342674,completed,failure,98304,612,pagerank,98304,,,,,,,,unknown,,,No row-level terminal evidence for this plan entry in current run artifacts/logs; for failed jobs this generally means the workflow loop did not attempt later sizes after the first failure.
unknown_not_attempted_after_prior_failure_or_no_matching_artifact_log_evidence,downloaded artifacts plus complete run log had no matching CSV/OK/TIMEOUT/CRASH event for this plan entry,Tier 2,pagerank,benchmark-results-pagerank,74088342674,completed,failure,262144,613,pagerank,262144,,,,,,,,unknown,,,No row-level terminal evidence for this plan entry in current run artifacts/logs; for failed jobs this generally means the workflow loop did not attempt later sizes after the first failure.
known_finished_from_downloaded_benchmark_results_csv_and_run_log_ok,downloaded artifact benchmark-results-kmeans/results_kmeans.csv line 2 plus run log line 34135,Tier 2,kmeans,benchmark-results-kmeans,74088342686,completed,failure,1024,614,kmeans,1024,kmeans,1024,1,0.011799,0.011799,0.011799,2026-05-03T04:48:03.9130192Z,finished,34135,[OK] kmeans 1024 -> 0.011799 ms,Workflow-size invocation finished within the 3600s timeout and emitted a CSV row; matching method=artifact_csv_exact_kernel_size.
known_finished_from_downloaded_benchmark_results_csv_and_run_log_ok,downloaded artifact benchmark-results-kmeans/results_kmeans.csv line 3 plus run log line 34139,Tier 2,kmeans,benchmark-results-kmeans,74088342686,completed,failure,2048,615,kmeans,2048,kmeans,2048,1,0.012474,0.012474,0.012474,2026-05-03T04:48:10.2687616Z,finished,34139,[OK] kmeans 2048 -> 0.012474 ms,Workflow-size invocation finished within the 3600s timeout and emitted a CSV row; matching method=artifact_csv_exact_kernel_size.
known_finished_from_downloaded_benchmark_results_csv_and_run_log_ok,downloaded artifact benchmark-results-kmeans/results_kmeans.csv line 4 plus run log line 34143,Tier 2,kmeans,benchmark-results-kmeans,74088342686,completed,failure,4096,616,kmeans,4096,kmeans,4096,1,0.012568,0.012568,0.012568,2026-05-03T04:48:23.0682213Z,finished,34143,[OK] kmeans 4096 -> 0.012568 ms,Workflow-size invocation finished within the 3600s timeout and emitted a CSV row; matching method=artifact_csv_exact_kernel_size.
known_finished_from_downloaded_benchmark_results_csv_and_run_log_ok,downloaded artifact benchmark-results-kmeans/results_kmeans.csv line 5 plus run log line 34147,Tier 2,kmeans,benchmark-results-kmeans,74088342686,completed,failure,8192,617,kmeans,8192,kmeans,8192,1,0.012775,0.012775,0.012775,2026-05-03T04:48:56.3346472Z,finished,34147,[OK] kmeans 8192 -> 0.012775 ms,Workflow-size invocation finished within the 3600s timeout and emitted a CSV row; matching method=artifact_csv_exact_kernel_size.
known_finished_from_downloaded_benchmark_results_csv_and_run_log_ok,downloaded artifact benchmark-results-kmeans/results_kmeans.csv line 6 plus run log line 34151,Tier 2,kmeans,benchmark-results-kmeans,74088342686,completed,failure,16384,618,kmeans,16384,kmeans,16384,1,0.013161,0.013161,0.013161,2026-05-03T04:50:30.5647020Z,finished,34151,[OK] kmeans 16384 -> 0.013161 ms,Workflow-size invocation finished within the 3600s timeout and emitted a CSV row; matching method=artifact_csv_exact_kernel_size.
known_finished_from_downloaded_benchmark_results_csv_and_run_log_ok,downloaded artifact benchmark-results-kmeans/results_kmeans.csv line 7 plus run log line 34155,Tier 2,kmeans,benchmark-results-kmeans,74088342686,completed,failure,32768,619,kmeans,32768,kmeans,32768,1,0.014693,0.014693,0.014693,2026-05-03T04:55:02.2865500Z,finished,34155,[OK] kmeans 32768 -> 0.014693 ms,Workflow-size invocation finished within the 3600s timeout and emitted a CSV row; matching method=artifact_csv_exact_kernel_size.
known_finished_from_downloaded_benchmark_results_csv_and_run_log_ok,downloaded artifact benchmark-results-kmeans/results_kmeans.csv line 8 plus run log line 34159,Tier 2,kmeans,benchmark-results-kmeans,74088342686,completed,failure,65536,620,kmeans,65536,kmeans,65536,1,0.017999,0.017999,0.017999,2026-05-03T05:21:39.5531989Z,finished,34159,[OK] kmeans 65536 -> 0.017999 ms,Workflow-size invocation finished within the 3600s timeout and emitted a CSV row; matching method=artifact_csv_exact_kernel_size.
known_timed_out_3600s_from_run_log,run log line 34163,Tier 2,kmeans,benchmark-results-kmeans,74088342686,completed,failure,131072,621,kmeans,131072,,,,,,,2026-05-03T06:21:39.8142679Z,timed_out_3600s,34163,##[warning]TIMEOUT: kmeans 131072 (>3600s),Workflow-size invocation failed before a usable CSV row for this plan entry; later entries in this benchmark job stop after first timeout/crash because the workflow loop breaks.
unknown_not_attempted_after_prior_failure_or_no_matching_artifact_log_evidence,downloaded artifacts plus complete run log had no matching CSV/OK/TIMEOUT/CRASH event for this plan entry,Tier 2,kmeans,benchmark-results-kmeans,74088342686,completed,failure,262144,622,kmeans,262144,,,,,,,,unknown,,,No row-level terminal evidence for this plan entry in current run artifacts/logs; for failed jobs this generally means the workflow loop did not attempt later sizes after the first failure.
unknown_not_attempted_after_prior_failure_or_no_matching_artifact_log_evidence,downloaded artifacts plus complete run log had no matching CSV/OK/TIMEOUT/CRASH event for this plan entry,Tier 2,kmeans,benchmark-results-kmeans,74088342686,completed,failure,524288,623,kmeans,524288,,,,,,,,unknown,,,No row-level terminal evidence for this plan entry in current run artifacts/logs; for failed jobs this generally means the workflow loop did not attempt later sizes after the first failure.
unknown_not_attempted_after_prior_failure_or_no_matching_artifact_log_evidence,downloaded artifacts plus complete run log had no matching CSV/OK/TIMEOUT/CRASH event for this plan entry,Tier 2,kmeans,benchmark-results-kmeans,74088342686,completed,failure,786432,624,kmeans,786432,,,,,,,,unknown,,,No row-level terminal evidence for this plan entry in current run artifacts/logs; for failed jobs this generally means the workflow loop did not attempt later sizes after the first failure.
unknown_not_attempted_after_prior_failure_or_no_matching_artifact_log_evidence,downloaded artifacts plus complete run log had no matching CSV/OK/TIMEOUT/CRASH event for this plan entry,Tier 2,kmeans,benchmark-results-kmeans,74088342686,completed,failure,1048576,625,kmeans,1048576,,,,,,,,unknown,,,No row-level terminal evidence for this plan entry in current run artifacts/logs; for failed jobs this generally means the workflow loop did not attempt later sizes after the first failure.
unknown_not_attempted_after_prior_failure_or_no_matching_artifact_log_evidence,downloaded artifacts plus complete run log had no matching CSV/OK/TIMEOUT/CRASH event for this plan entry,Tier 2,kmeans,benchmark-results-kmeans,74088342686,completed,failure,1572864,626,kmeans,1572864,,,,,,,,unknown,,,No row-level terminal evidence for this plan entry in current run artifacts/logs; for failed jobs this generally means the workflow loop did not attempt later sizes after the first failure.
unknown_not_attempted_after_prior_failure_or_no_matching_artifact_log_evidence,downloaded artifacts plus complete run log had no matching CSV/OK/TIMEOUT/CRASH event for this plan entry,Tier 2,kmeans,benchmark-results-kmeans,74088342686,completed,failure,2097152,627,kmeans,2097152,,,,,,,,unknown,,,No row-level terminal evidence for this plan entry in current run artifacts/logs; for failed jobs this generally means the workflow loop did not attempt later sizes after the first failure.
unknown_not_attempted_after_prior_failure_or_no_matching_artifact_log_evidence,downloaded artifacts plus complete run log had no matching CSV/OK/TIMEOUT/CRASH event for this plan entry,Tier 2,kmeans,benchmark-results-kmeans,74088342686,completed,failure,3145728,628,kmeans,3145728,,,,,,,,unknown,,,No row-level terminal evidence for this plan entry in current run artifacts/logs; for failed jobs this generally means the workflow loop did not attempt later sizes after the first failure.
unknown_not_attempted_after_prior_failure_or_no_matching_artifact_log_evidence,downloaded artifacts plus complete run log had no matching CSV/OK/TIMEOUT/CRASH event for this plan entry,Tier 2,kmeans,benchmark-results-kmeans,74088342686,completed,failure,4194304,629,kmeans,4194304,,,,,,,,unknown,,,No row-level terminal evidence for this plan entry in current run artifacts/logs; for failed jobs this generally means the workflow loop did not attempt later sizes after the first failure.
known_finished_from_downloaded_benchmark_results_csv_and_run_log_ok,downloaded artifact benchmark-results-bfs/results_bfs.csv line 2 plus run log line 35338,Tier 2,bfs,benchmark-results-bfs,74088342694,completed,failure,1024,630,bfs,1024,bfs,1024,1,0.002946,0.002946,0.002946,2026-05-03T04:50:19.9889595Z,finished,35338,[OK] bfs 1024 -> 0.002946 ms,Workflow-size invocation finished within the 3600s timeout and emitted a CSV row; matching method=artifact_csv_exact_kernel_size.
known_finished_from_downloaded_benchmark_results_csv_and_run_log_ok,downloaded artifact benchmark-results-bfs/results_bfs.csv line 3 plus run log line 35342,Tier 2,bfs,benchmark-results-bfs,74088342694,completed,failure,2048,631,bfs,2048,bfs,2048,1,0.002942,0.002942,0.002942,2026-05-03T04:50:20.4794706Z,finished,35342,[OK] bfs 2048 -> 0.002942 ms,Workflow-size invocation finished within the 3600s timeout and emitted a CSV row; matching method=artifact_csv_exact_kernel_size.
known_finished_from_downloaded_benchmark_results_csv_and_run_log_ok,downloaded artifact benchmark-results-bfs/results_bfs.csv line 4 plus run log line 35346,Tier 2,bfs,benchmark-results-bfs,74088342694,completed,failure,4096,632,bfs,4096,bfs,4096,1,0.003463,0.003463,0.003463,2026-05-03T04:50:21.5063165Z,finished,35346,[OK] bfs 4096 -> 0.003463 ms,Workflow-size invocation finished within the 3600s timeout and emitted a CSV row; matching method=artifact_csv_exact_kernel_size.
known_finished_from_downloaded_benchmark_results_csv_and_run_log_ok,downloaded artifact benchmark-results-bfs/results_bfs.csv line 5 plus run log line 35350,Tier 2,bfs,benchmark-results-bfs,74088342694,completed,failure,8192,633,bfs,8192,bfs,8192,1,0.003369,0.003369,0.003369,2026-05-03T04:50:24.0125252Z,finished,35350,[OK] bfs 8192 -> 0.003369 ms,Workflow-size invocation finished within the 3600s timeout and emitted a CSV row; matching method=artifact_csv_exact_kernel_size.
known_finished_from_downloaded_benchmark_results_csv_and_run_log_ok,downloaded artifact benchmark-results-bfs/results_bfs.csv line 6 plus run log line 35354,Tier 2,bfs,benchmark-results-bfs,74088342694,completed,failure,16384,634,bfs,16384,bfs,16384,1,0.003393,0.003393,0.003393,2026-05-03T04:50:29.4793131Z,finished,35354,[OK] bfs 16384 -> 0.003393 ms,Workflow-size invocation finished within the 3600s timeout and emitted a CSV row; matching method=artifact_csv_exact_kernel_size.
known_finished_from_downloaded_benchmark_results_csv_and_run_log_ok,downloaded artifact benchmark-results-bfs/results_bfs.csv line 7 plus run log line 35358,Tier 2,bfs,benchmark-results-bfs,74088342694,completed,failure,32768,635,bfs,32768,bfs,32768,1,0.003501,0.003501,0.003501,2026-05-03T04:50:47.8965846Z,finished,35358,[OK] bfs 32768 -> 0.003501 ms,Workflow-size invocation finished within the 3600s timeout and emitted a CSV row; matching method=artifact_csv_exact_kernel_size.
known_finished_from_downloaded_benchmark_results_csv_and_run_log_ok,downloaded artifact benchmark-results-bfs/results_bfs.csv line 8 plus run log line 35362,Tier 2,bfs,benchmark-results-bfs,74088342694,completed,failure,65536,636,bfs,65536,bfs,65536,1,0.003689,0.003689,0.003689,2026-05-03T04:51:23.6373425Z,finished,35362,[OK] bfs 65536 -> 0.003689 ms,Workflow-size invocation finished within the 3600s timeout and emitted a CSV row; matching method=artifact_csv_exact_kernel_size.
known_finished_from_downloaded_benchmark_results_csv_and_run_log_ok,downloaded artifact benchmark-results-bfs/results_bfs.csv line 9 plus run log line 35366,Tier 2,bfs,benchmark-results-bfs,74088342694,completed,failure,131072,637,bfs,131072,bfs,131072,1,0.004028,0.004028,0.004028,2026-05-03T04:52:47.5074251Z,finished,35366,[OK] bfs 131072 -> 0.004028 ms,Workflow-size invocation finished within the 3600s timeout and emitted a CSV row; matching method=artifact_csv_exact_kernel_size.
known_finished_from_downloaded_benchmark_results_csv_and_run_log_ok,downloaded artifact benchmark-results-bfs/results_bfs.csv line 10 plus run log line 35370,Tier 2,bfs,benchmark-results-bfs,74088342694,completed,failure,196608,638,bfs,196608,bfs,196608,1,0.004452,0.004452,0.004452,2026-05-03T04:54:59.1780951Z,finished,35370,[OK] bfs 196608 -> 0.004452 ms,Workflow-size invocation finished within the 3600s timeout and emitted a CSV row; matching method=artifact_csv_exact_kernel_size.
known_finished_from_downloaded_benchmark_results_csv_and_run_log_ok,downloaded artifact benchmark-results-bfs/results_bfs.csv line 11 plus run log line 35374,Tier 2,bfs,benchmark-results-bfs,74088342694,completed,failure,262144,639,bfs,262144,bfs,262144,1,0.005567,0.005567,0.005567,2026-05-03T04:58:06.2212453Z,finished,35374,[OK] bfs 262144 -> 0.005567 ms,Workflow-size invocation finished within the 3600s timeout and emitted a CSV row; matching method=artifact_csv_exact_kernel_size.
known_finished_from_downloaded_benchmark_results_csv_and_run_log_ok,downloaded artifact benchmark-results-bfs/results_bfs.csv line 12 plus run log line 35378,Tier 2,bfs,benchmark-results-bfs,74088342694,completed,failure,524288,640,bfs,524288,bfs,524288,1,0.008648,0.008648,0.008648,2026-05-03T05:06:46.2824153Z,finished,35378,[OK] bfs 524288 -> 0.008648 ms,Workflow-size invocation finished within the 3600s timeout and emitted a CSV row; matching method=artifact_csv_exact_kernel_size.
known_finished_from_downloaded_benchmark_results_csv_and_run_log_ok,downloaded artifact benchmark-results-bfs/results_bfs.csv line 13 plus run log line 35382,Tier 2,bfs,benchmark-results-bfs,74088342694,completed,failure,786432,641,bfs,786432,bfs,786432,1,0.011019,0.011019,0.011019,2026-05-03T05:23:28.1054832Z,finished,35382,[OK] bfs 786432 -> 0.011019 ms,Workflow-size invocation finished within the 3600s timeout and emitted a CSV row; matching method=artifact_csv_exact_kernel_size.
known_finished_from_downloaded_benchmark_results_csv_and_run_log_ok,downloaded artifact benchmark-results-bfs/results_bfs.csv line 14 plus run log line 35386,Tier 2,bfs,benchmark-results-bfs,74088342694,completed,failure,1048576,642,bfs,1048576,bfs,1048576,1,0.012061,0.012061,0.012061,2026-05-03T05:53:52.7525936Z,finished,35386,[OK] bfs 1048576 -> 0.012061 ms,Workflow-size invocation finished within the 3600s timeout and emitted a CSV row; matching method=artifact_csv_exact_kernel_size.
known_timed_out_3600s_from_run_log,run log line 35390,Tier 2,bfs,benchmark-results-bfs,74088342694,completed,failure,1572864,643,bfs,1572864,,,,,,,2026-05-03T06:53:52.8492308Z,timed_out_3600s,35390,##[warning]TIMEOUT: bfs 1572864 (>3600s),Workflow-size invocation failed before a usable CSV row for this plan entry; later entries in this benchmark job stop after first timeout/crash because the workflow loop breaks.
unknown_not_attempted_after_prior_failure_or_no_matching_artifact_log_evidence,downloaded artifacts plus complete run log had no matching CSV/OK/TIMEOUT/CRASH event for this plan entry,Tier 2,bfs,benchmark-results-bfs,74088342694,completed,failure,2097152,644,bfs,2097152,,,,,,,,unknown,,,No row-level terminal evidence for this plan entry in current run artifacts/logs; for failed jobs this generally means the workflow loop did not attempt later sizes after the first failure.
unknown_not_attempted_after_prior_failure_or_no_matching_artifact_log_evidence,downloaded artifacts plus complete run log had no matching CSV/OK/TIMEOUT/CRASH event for this plan entry,Tier 2,bfs,benchmark-results-bfs,74088342694,completed,failure,2621440,645,bfs,2621440,,,,,,,,unknown,,,No row-level terminal evidence for this plan entry in current run artifacts/logs; for failed jobs this generally means the workflow loop did not attempt later sizes after the first failure.
unknown_not_attempted_after_prior_failure_or_no_matching_artifact_log_evidence,downloaded artifacts plus complete run log had no matching CSV/OK/TIMEOUT/CRASH event for this plan entry,Tier 2,bfs,benchmark-results-bfs,74088342694,completed,failure,3145728,646,bfs,3145728,,,,,,,,unknown,,,No row-level terminal evidence for this plan entry in current run artifacts/logs; for failed jobs this generally means the workflow loop did not attempt later sizes after the first failure.
unknown_not_attempted_after_prior_failure_or_no_matching_artifact_log_evidence,downloaded artifacts plus complete run log had no matching CSV/OK/TIMEOUT/CRASH event for this plan entry,Tier 2,bfs,benchmark-results-bfs,74088342694,completed,failure,4194304,647,bfs,4194304,,,,,,,,unknown,,,No row-level terminal evidence for this plan entry in current run artifacts/logs; for failed jobs this generally means the workflow loop did not attempt later sizes after the first failure.
known_finished_from_downloaded_benchmark_results_csv_and_run_log_ok,downloaded artifact benchmark-results-3mm/results_3mm.csv line 2 plus run log line 32036,Tier 2,3mm,benchmark-results-3mm,74088342682,completed,failure,64,648,3mm,64,3mm,64,1,0.009800,0.009800,0.009800,2026-05-03T04:52:36.9662221Z,finished,32036,[OK] 3mm 64 -> 0.009800 ms,Workflow-size invocation finished within the 3600s timeout and emitted a CSV row; matching method=artifact_csv_exact_kernel_size.
known_finished_from_downloaded_benchmark_results_csv_and_run_log_ok,downloaded artifact benchmark-results-3mm/results_3mm.csv line 3 plus run log line 32040,Tier 2,3mm,benchmark-results-3mm,74088342682,completed,failure,128,649,3mm,128,3mm,128,1,0.019733,0.019733,0.019733,2026-05-03T04:54:25.8769573Z,finished,32040,[OK] 3mm 128 -> 0.019733 ms,Workflow-size invocation finished within the 3600s timeout and emitted a CSV row; matching method=artifact_csv_exact_kernel_size.
known_finished_from_downloaded_benchmark_results_csv_and_run_log_ok,downloaded artifact benchmark-results-3mm/results_3mm.csv line 4 plus run log line 32044,Tier 2,3mm,benchmark-results-3mm,74088342682,completed,failure,192,650,3mm,192,3mm,192,1,0.031201,0.031201,0.031201,2026-05-03T05:16:41.6044941Z,finished,32044,[OK] 3mm 192 -> 0.031201 ms,Workflow-size invocation finished within the 3600s timeout and emitted a CSV row; matching method=artifact_csv_exact_kernel_size.
known_timed_out_3600s_from_run_log,run log line 32048,Tier 2,3mm,benchmark-results-3mm,74088342682,completed,failure,256,651,3mm,256,,,,,,,2026-05-03T06:16:41.6877424Z,timed_out_3600s,32048,##[warning]TIMEOUT: 3mm 256 (>3600s),Workflow-size invocation failed before a usable CSV row for this plan entry; later entries in this benchmark job stop after first timeout/crash because the workflow loop breaks.
unknown_not_attempted_after_prior_failure_or_no_matching_artifact_log_evidence,downloaded artifacts plus complete run log had no matching CSV/OK/TIMEOUT/CRASH event for this plan entry,Tier 2,3mm,benchmark-results-3mm,74088342682,completed,failure,384,652,3mm,384,,,,,,,,unknown,,,No row-level terminal evidence for this plan entry in current run artifacts/logs; for failed jobs this generally means the workflow loop did not attempt later sizes after the first failure.
unknown_not_attempted_after_prior_failure_or_no_matching_artifact_log_evidence,downloaded artifacts plus complete run log had no matching CSV/OK/TIMEOUT/CRASH event for this plan entry,Tier 2,3mm,benchmark-results-3mm,74088342682,completed,failure,512,653,3mm,512,,,,,,,,unknown,,,No row-level terminal evidence for this plan entry in current run artifacts/logs; for failed jobs this generally means the workflow loop did not attempt later sizes after the first failure.
unknown_not_attempted_after_prior_failure_or_no_matching_artifact_log_evidence,downloaded artifacts plus complete run log had no matching CSV/OK/TIMEOUT/CRASH event for this plan entry,Tier 2,3mm,benchmark-results-3mm,74088342682,completed,failure,640,654,3mm,640,,,,,,,,unknown,,,No row-level terminal evidence for this plan entry in current run artifacts/logs; for failed jobs this generally means the workflow loop did not attempt later sizes after the first failure.
unknown_not_attempted_after_prior_failure_or_no_matching_artifact_log_evidence,downloaded artifacts plus complete run log had no matching CSV/OK/TIMEOUT/CRASH event for this plan entry,Tier 2,3mm,benchmark-results-3mm,74088342682,completed,failure,768,655,3mm,768,,,,,,,,unknown,,,No row-level terminal evidence for this plan entry in current run artifacts/logs; for failed jobs this generally means the workflow loop did not attempt later sizes after the first failure.
unknown_not_attempted_after_prior_failure_or_no_matching_artifact_log_evidence,downloaded artifacts plus complete run log had no matching CSV/OK/TIMEOUT/CRASH event for this plan entry,Tier 2,3mm,benchmark-results-3mm,74088342682,completed,failure,896,656,3mm,896,,,,,,,,unknown,,,No row-level terminal evidence for this plan entry in current run artifacts/logs; for failed jobs this generally means the workflow loop did not attempt later sizes after the first failure.
unknown_not_attempted_after_prior_failure_or_no_matching_artifact_log_evidence,downloaded artifacts plus complete run log had no matching CSV/OK/TIMEOUT/CRASH event for this plan entry,Tier 2,3mm,benchmark-results-3mm,74088342682,completed,failure,1024,657,3mm,1024,,,,,,,,unknown,,,No row-level terminal evidence for this plan entry in current run artifacts/logs; for failed jobs this generally means the workflow loop did not attempt later sizes after the first failure.
unknown_not_attempted_after_prior_failure_or_no_matching_artifact_log_evidence,downloaded artifacts plus complete run log had no matching CSV/OK/TIMEOUT/CRASH event for this plan entry,Tier 2,3mm,benchmark-results-3mm,74088342682,completed,failure,1280,658,3mm,1280,,,,,,,,unknown,,,No row-level terminal evidence for this plan entry in current run artifacts/logs; for failed jobs this generally means the workflow loop did not attempt later sizes after the first failure.
unknown_not_attempted_after_prior_failure_or_no_matching_artifact_log_evidence,downloaded artifacts plus complete run log had no matching CSV/OK/TIMEOUT/CRASH event for this plan entry,Tier 2,3mm,benchmark-results-3mm,74088342682,completed,failure,1536,659,3mm,1536,,,,,,,,unknown,,,No row-level terminal evidence for this plan entry in current run artifacts/logs; for failed jobs this generally means the workflow loop did not attempt later sizes after the first failure.
unknown_not_attempted_after_prior_failure_or_no_matching_artifact_log_evidence,downloaded artifacts plus complete run log had no matching CSV/OK/TIMEOUT/CRASH event for this plan entry,Tier 2,3mm,benchmark-results-3mm,74088342682,completed,failure,1792,660,3mm,1792,,,,,,,,unknown,,,No row-level terminal evidence for this plan entry in current run artifacts/logs; for failed jobs this generally means the workflow loop did not attempt later sizes after the first failure.
unknown_not_attempted_after_prior_failure_or_no_matching_artifact_log_evidence,downloaded artifacts plus complete run log had no matching CSV/OK/TIMEOUT/CRASH event for this plan entry,Tier 2,3mm,benchmark-results-3mm,74088342682,completed,failure,2048,661,3mm,2048,,,,,,,,unknown,,,No row-level terminal evidence for this plan entry in current run artifacts/logs; for failed jobs this generally means the workflow loop did not attempt later sizes after the first failure.
unknown_not_attempted_after_prior_failure_or_no_matching_artifact_log_evidence,downloaded artifacts plus complete run log had no matching CSV/OK/TIMEOUT/CRASH event for this plan entry,Tier 2,3mm,benchmark-results-3mm,74088342682,completed,failure,2560,662,3mm,2560,,,,,,,,unknown,,,No row-level terminal evidence for this plan entry in current run artifacts/logs; for failed jobs this generally means the workflow loop did not attempt later sizes after the first failure.
unknown_not_attempted_after_prior_failure_or_no_matching_artifact_log_evidence,downloaded artifacts plus complete run log had no matching CSV/OK/TIMEOUT/CRASH event for this plan entry,Tier 2,3mm,benchmark-results-3mm,74088342682,completed,failure,3072,663,3mm,3072,,,,,,,,unknown,,,No row-level terminal evidence for this plan entry in current run artifacts/logs; for failed jobs this generally means the workflow loop did not attempt later sizes after the first failure.
unknown_not_attempted_after_prior_failure_or_no_matching_artifact_log_evidence,downloaded artifacts plus complete run log had no matching CSV/OK/TIMEOUT/CRASH event for this plan entry,Tier 2,3mm,benchmark-results-3mm,74088342682,completed,failure,3584,664,3mm,3584,,,,,,,,unknown,,,No row-level terminal evidence for this plan entry in current run artifacts/logs; for failed jobs this generally means the workflow loop did not attempt later sizes after the first failure.
unknown_not_attempted_after_prior_failure_or_no_matching_artifact_log_evidence,downloaded artifacts plus complete run log had no matching CSV/OK/TIMEOUT/CRASH event for this plan entry,Tier 2,3mm,benchmark-results-3mm,74088342682,completed,failure,4096,665,3mm,4096,,,,,,,,unknown,,,No row-level terminal evidence for this plan entry in current run artifacts/logs; for failed jobs this generally means the workflow loop did not attempt later sizes after the first failure.
known_finished_from_downloaded_benchmark_results_csv_and_run_log_ok,downloaded artifact benchmark-results-correlation/results_correlation.csv line 2 plus run log line 35966,Tier 2,correlation,benchmark-results-correlation,74088342698,completed,failure,64x64,666,correlation,64x64,correlation,64x64,1,0.009883,0.009883,0.009883,2026-05-03T04:53:50.6372436Z,finished,35966,[OK] correlation 64x64 -> 0.009883 ms,Workflow-size invocation finished within the 3600s timeout and emitted a CSV row; matching method=artifact_csv_exact_kernel_size.
known_finished_from_downloaded_benchmark_results_csv_and_run_log_ok,downloaded artifact benchmark-results-correlation/results_correlation.csv line 3 plus run log line 35970,Tier 2,correlation,benchmark-results-correlation,74088342698,completed,failure,128x128,667,correlation,128x128,correlation,128x128,1,0.019232,0.019232,0.019232,2026-05-03T04:54:04.4535316Z,finished,35970,[OK] correlation 128x128 -> 0.019232 ms,Workflow-size invocation finished within the 3600s timeout and emitted a CSV row; matching method=artifact_csv_exact_kernel_size.
known_finished_from_downloaded_benchmark_results_csv_and_run_log_ok,downloaded artifact benchmark-results-correlation/results_correlation.csv line 4 plus run log line 35974,Tier 2,correlation,benchmark-results-correlation,74088342698,completed,failure,192x192,668,correlation,192x192,correlation,192x192,1,0.028892,0.028892,0.028892,2026-05-03T04:55:31.4573786Z,finished,35974,[OK] correlation 192x192 -> 0.028892 ms,Workflow-size invocation finished within the 3600s timeout and emitted a CSV row; matching method=artifact_csv_exact_kernel_size.
known_finished_from_downloaded_benchmark_results_csv_and_run_log_ok,downloaded artifact benchmark-results-correlation/results_correlation.csv line 5 plus run log line 35978,Tier 2,correlation,benchmark-results-correlation,74088342698,completed,failure,256x256,669,correlation,256x256,correlation,256x256,1,0.039878,0.039878,0.039878,2026-05-03T05:00:10.9449417Z,finished,35978,[OK] correlation 256x256 -> 0.039878 ms,Workflow-size invocation finished within the 3600s timeout and emitted a CSV row; matching method=artifact_csv_exact_kernel_size.
known_finished_from_downloaded_benchmark_results_csv_and_run_log_ok,downloaded artifact benchmark-results-correlation/results_correlation.csv line 6 plus run log line 35982,Tier 2,correlation,benchmark-results-correlation,74088342698,completed,failure,384x384,670,correlation,384x384,correlation,384x384,1,0.062675,0.062675,0.062675,2026-05-03T05:46:04.9993805Z,finished,35982,[OK] correlation 384x384 -> 0.062675 ms,Workflow-size invocation finished within the 3600s timeout and emitted a CSV row; matching method=artifact_csv_exact_kernel_size.
known_timed_out_3600s_from_run_log,run log line 35986,Tier 2,correlation,benchmark-results-correlation,74088342698,completed,failure,512x512,671,correlation,512x512,,,,,,,2026-05-03T06:46:05.0976771Z,timed_out_3600s,35986,##[warning]TIMEOUT: correlation 512x512 (>3600s),Workflow-size invocation failed before a usable CSV row for this plan entry; later entries in this benchmark job stop after first timeout/crash because the workflow loop breaks.
unknown_not_attempted_after_prior_failure_or_no_matching_artifact_log_evidence,downloaded artifacts plus complete run log had no matching CSV/OK/TIMEOUT/CRASH event for this plan entry,Tier 2,correlation,benchmark-results-correlation,74088342698,completed,failure,640x640,672,correlation,640x640,,,,,,,,unknown,,,No row-level terminal evidence for this plan entry in current run artifacts/logs; for failed jobs this generally means the workflow loop did not attempt later sizes after the first failure.
unknown_not_attempted_after_prior_failure_or_no_matching_artifact_log_evidence,downloaded artifacts plus complete run log had no matching CSV/OK/TIMEOUT/CRASH event for this plan entry,Tier 2,correlation,benchmark-results-correlation,74088342698,completed,failure,768x768,673,correlation,768x768,,,,,,,,unknown,,,No row-level terminal evidence for this plan entry in current run artifacts/logs; for failed jobs this generally means the workflow loop did not attempt later sizes after the first failure.
unknown_not_attempted_after_prior_failure_or_no_matching_artifact_log_evidence,downloaded artifacts plus complete run log had no matching CSV/OK/TIMEOUT/CRASH event for this plan entry,Tier 2,correlation,benchmark-results-correlation,74088342698,completed,failure,896x896,674,correlation,896x896,,,,,,,,unknown,,,No row-level terminal evidence for this plan entry in current run artifacts/logs; for failed jobs this generally means the workflow loop did not attempt later sizes after the first failure.
unknown_not_attempted_after_prior_failure_or_no_matching_artifact_log_evidence,downloaded artifacts plus complete run log had no matching CSV/OK/TIMEOUT/CRASH event for this plan entry,Tier 2,correlation,benchmark-results-correlation,74088342698,completed,failure,1024x1024,675,correlation,1024x1024,,,,,,,,unknown,,,No row-level terminal evidence for this plan entry in current run artifacts/logs; for failed jobs this generally means the workflow loop did not attempt later sizes after the first failure.
unknown_not_attempted_after_prior_failure_or_no_matching_artifact_log_evidence,downloaded artifacts plus complete run log had no matching CSV/OK/TIMEOUT/CRASH event for this plan entry,Tier 2,correlation,benchmark-results-correlation,74088342698,completed,failure,1280x1280,676,correlation,1280x1280,,,,,,,,unknown,,,No row-level terminal evidence for this plan entry in current run artifacts/logs; for failed jobs this generally means the workflow loop did not attempt later sizes after the first failure.
unknown_not_attempted_after_prior_failure_or_no_matching_artifact_log_evidence,downloaded artifacts plus complete run log had no matching CSV/OK/TIMEOUT/CRASH event for this plan entry,Tier 2,correlation,benchmark-results-correlation,74088342698,completed,failure,1536x1536,677,correlation,1536x1536,,,,,,,,unknown,,,No row-level terminal evidence for this plan entry in current run artifacts/logs; for failed jobs this generally means the workflow loop did not attempt later sizes after the first failure.
unknown_not_attempted_after_prior_failure_or_no_matching_artifact_log_evidence,downloaded artifacts plus complete run log had no matching CSV/OK/TIMEOUT/CRASH event for this plan entry,Tier 2,correlation,benchmark-results-correlation,74088342698,completed,failure,1792x1792,678,correlation,1792x1792,,,,,,,,unknown,,,No row-level terminal evidence for this plan entry in current run artifacts/logs; for failed jobs this generally means the workflow loop did not attempt later sizes after the first failure.
unknown_not_attempted_after_prior_failure_or_no_matching_artifact_log_evidence,downloaded artifacts plus complete run log had no matching CSV/OK/TIMEOUT/CRASH event for this plan entry,Tier 2,correlation,benchmark-results-correlation,74088342698,completed,failure,2048x2048,679,correlation,2048x2048,,,,,,,,unknown,,,No row-level terminal evidence for this plan entry in current run artifacts/logs; for failed jobs this generally means the workflow loop did not attempt later sizes after the first failure.
unknown_not_attempted_after_prior_failure_or_no_matching_artifact_log_evidence,downloaded artifacts plus complete run log had no matching CSV/OK/TIMEOUT/CRASH event for this plan entry,Tier 2,correlation,benchmark-results-correlation,74088342698,completed,failure,2560x2560,680,correlation,2560x2560,,,,,,,,unknown,,,No row-level terminal evidence for this plan entry in current run artifacts/logs; for failed jobs this generally means the workflow loop did not attempt later sizes after the first failure.
unknown_not_attempted_after_prior_failure_or_no_matching_artifact_log_evidence,downloaded artifacts plus complete run log had no matching CSV/OK/TIMEOUT/CRASH event for this plan entry,Tier 2,correlation,benchmark-results-correlation,74088342698,completed,failure,3072x3072,681,correlation,3072x3072,,,,,,,,unknown,,,No row-level terminal evidence for this plan entry in current run artifacts/logs; for failed jobs this generally means the workflow loop did not attempt later sizes after the first failure.
unknown_not_attempted_after_prior_failure_or_no_matching_artifact_log_evidence,downloaded artifacts plus complete run log had no matching CSV/OK/TIMEOUT/CRASH event for this plan entry,Tier 2,correlation,benchmark-results-correlation,74088342698,completed,failure,3584x3584,682,correlation,3584x3584,,,,,,,,unknown,,,No row-level terminal evidence for this plan entry in current run artifacts/logs; for failed jobs this generally means the workflow loop did not attempt later sizes after the first failure.
unknown_not_attempted_after_prior_failure_or_no_matching_artifact_log_evidence,downloaded artifacts plus complete run log had no matching CSV/OK/TIMEOUT/CRASH event for this plan entry,Tier 2,correlation,benchmark-results-correlation,74088342698,completed,failure,4096x4096,683,correlation,4096x4096,,,,,,,,unknown,,,No row-level terminal evidence for this plan entry in current run artifacts/logs; for failed jobs this generally means the workflow loop did not attempt later sizes after the first failure.
known_finished_from_downloaded_benchmark_results_csv_and_run_log_ok,downloaded artifact benchmark-results-covariance/results_covariance.csv line 2 plus run log line 31219,Tier 2,covariance,benchmark-results-covariance,74088342679,completed,failure,64x64,684,covariance,64x64,covariance,64x64,1,0.006361,0.006361,0.006361,2026-05-03T04:59:31.9603349Z,finished,31219,[OK] covariance 64x64 -> 0.006361 ms,Workflow-size invocation finished within the 3600s timeout and emitted a CSV row; matching method=artifact_csv_exact_kernel_size.
known_finished_from_downloaded_benchmark_results_csv_and_run_log_ok,downloaded artifact benchmark-results-covariance/results_covariance.csv line 3 plus run log line 31223,Tier 2,covariance,benchmark-results-covariance,74088342679,completed,failure,128x128,685,covariance,128x128,covariance,128x128,1,0.012895,0.012895,0.012895,2026-05-03T04:59:45.5565859Z,finished,31223,[OK] covariance 128x128 -> 0.012895 ms,Workflow-size invocation finished within the 3600s timeout and emitted a CSV row; matching method=artifact_csv_exact_kernel_size.
known_finished_from_downloaded_benchmark_results_csv_and_run_log_ok,downloaded artifact benchmark-results-covariance/results_covariance.csv line 4 plus run log line 31227,Tier 2,covariance,benchmark-results-covariance,74088342679,completed,failure,192x192,686,covariance,192x192,covariance,192x192,1,0.019783,0.019783,0.019783,2026-05-03T05:00:43.6680268Z,finished,31227,[OK] covariance 192x192 -> 0.019783 ms,Workflow-size invocation finished within the 3600s timeout and emitted a CSV row; matching method=artifact_csv_exact_kernel_size.
known_finished_from_downloaded_benchmark_results_csv_and_run_log_ok,downloaded artifact benchmark-results-covariance/results_covariance.csv line 5 plus run log line 31231,Tier 2,covariance,benchmark-results-covariance,74088342679,completed,failure,256x256,687,covariance,256x256,covariance,256x256,1,0.027696,0.027696,0.027696,2026-05-03T05:04:05.7993941Z,finished,31231,[OK] covariance 256x256 -> 0.027696 ms,Workflow-size invocation finished within the 3600s timeout and emitted a CSV row; matching method=artifact_csv_exact_kernel_size.
known_finished_from_downloaded_benchmark_results_csv_and_run_log_ok,downloaded artifact benchmark-results-covariance/results_covariance.csv line 6 plus run log line 31235,Tier 2,covariance,benchmark-results-covariance,74088342679,completed,failure,384x384,688,covariance,384x384,covariance,384x384,1,0.046398,0.046398,0.046398,2026-05-03T05:54:17.9934948Z,finished,31235,[OK] covariance 384x384 -> 0.046398 ms,Workflow-size invocation finished within the 3600s timeout and emitted a CSV row; matching method=artifact_csv_exact_kernel_size.
known_timed_out_3600s_from_run_log,run log line 31239,Tier 2,covariance,benchmark-results-covariance,74088342679,completed,failure,512x512,689,covariance,512x512,,,,,,,2026-05-03T06:54:18.1761178Z,timed_out_3600s,31239,##[warning]TIMEOUT: covariance 512x512 (>3600s),Workflow-size invocation failed before a usable CSV row for this plan entry; later entries in this benchmark job stop after first timeout/crash because the workflow loop breaks.
unknown_not_attempted_after_prior_failure_or_no_matching_artifact_log_evidence,downloaded artifacts plus complete run log had no matching CSV/OK/TIMEOUT/CRASH event for this plan entry,Tier 2,covariance,benchmark-results-covariance,74088342679,completed,failure,640x640,690,covariance,640x640,,,,,,,,unknown,,,No row-level terminal evidence for this plan entry in current run artifacts/logs; for failed jobs this generally means the workflow loop did not attempt later sizes after the first failure.
unknown_not_attempted_after_prior_failure_or_no_matching_artifact_log_evidence,downloaded artifacts plus complete run log had no matching CSV/OK/TIMEOUT/CRASH event for this plan entry,Tier 2,covariance,benchmark-results-covariance,74088342679,completed,failure,768x768,691,covariance,768x768,,,,,,,,unknown,,,No row-level terminal evidence for this plan entry in current run artifacts/logs; for failed jobs this generally means the workflow loop did not attempt later sizes after the first failure.
unknown_not_attempted_after_prior_failure_or_no_matching_artifact_log_evidence,downloaded artifacts plus complete run log had no matching CSV/OK/TIMEOUT/CRASH event for this plan entry,Tier 2,covariance,benchmark-results-covariance,74088342679,completed,failure,896x896,692,covariance,896x896,,,,,,,,unknown,,,No row-level terminal evidence for this plan entry in current run artifacts/logs; for failed jobs this generally means the workflow loop did not attempt later sizes after the first failure.
unknown_not_attempted_after_prior_failure_or_no_matching_artifact_log_evidence,downloaded artifacts plus complete run log had no matching CSV/OK/TIMEOUT/CRASH event for this plan entry,Tier 2,covariance,benchmark-results-covariance,74088342679,completed,failure,1024x1024,693,covariance,1024x1024,,,,,,,,unknown,,,No row-level terminal evidence for this plan entry in current run artifacts/logs; for failed jobs this generally means the workflow loop did not attempt later sizes after the first failure.
unknown_not_attempted_after_prior_failure_or_no_matching_artifact_log_evidence,downloaded artifacts plus complete run log had no matching CSV/OK/TIMEOUT/CRASH event for this plan entry,Tier 2,covariance,benchmark-results-covariance,74088342679,completed,failure,1280x1280,694,covariance,1280x1280,,,,,,,,unknown,,,No row-level terminal evidence for this plan entry in current run artifacts/logs; for failed jobs this generally means the workflow loop did not attempt later sizes after the first failure.
unknown_not_attempted_after_prior_failure_or_no_matching_artifact_log_evidence,downloaded artifacts plus complete run log had no matching CSV/OK/TIMEOUT/CRASH event for this plan entry,Tier 2,covariance,benchmark-results-covariance,74088342679,completed,failure,1536x1536,695,covariance,1536x1536,,,,,,,,unknown,,,No row-level terminal evidence for this plan entry in current run artifacts/logs; for failed jobs this generally means the workflow loop did not attempt later sizes after the first failure.
unknown_not_attempted_after_prior_failure_or_no_matching_artifact_log_evidence,downloaded artifacts plus complete run log had no matching CSV/OK/TIMEOUT/CRASH event for this plan entry,Tier 2,covariance,benchmark-results-covariance,74088342679,completed,failure,1792x1792,696,covariance,1792x1792,,,,,,,,unknown,,,No row-level terminal evidence for this plan entry in current run artifacts/logs; for failed jobs this generally means the workflow loop did not attempt later sizes after the first failure.
unknown_not_attempted_after_prior_failure_or_no_matching_artifact_log_evidence,downloaded artifacts plus complete run log had no matching CSV/OK/TIMEOUT/CRASH event for this plan entry,Tier 2,covariance,benchmark-results-covariance,74088342679,completed,failure,2048x2048,697,covariance,2048x2048,,,,,,,,unknown,,,No row-level terminal evidence for this plan entry in current run artifacts/logs; for failed jobs this generally means the workflow loop did not attempt later sizes after the first failure.
unknown_not_attempted_after_prior_failure_or_no_matching_artifact_log_evidence,downloaded artifacts plus complete run log had no matching CSV/OK/TIMEOUT/CRASH event for this plan entry,Tier 2,covariance,benchmark-results-covariance,74088342679,completed,failure,2560x2560,698,covariance,2560x2560,,,,,,,,unknown,,,No row-level terminal evidence for this plan entry in current run artifacts/logs; for failed jobs this generally means the workflow loop did not attempt later sizes after the first failure.
unknown_not_attempted_after_prior_failure_or_no_matching_artifact_log_evidence,downloaded artifacts plus complete run log had no matching CSV/OK/TIMEOUT/CRASH event for this plan entry,Tier 2,covariance,benchmark-results-covariance,74088342679,completed,failure,3072x3072,699,covariance,3072x3072,,,,,,,,unknown,,,No row-level terminal evidence for this plan entry in current run artifacts/logs; for failed jobs this generally means the workflow loop did not attempt later sizes after the first failure.
unknown_not_attempted_after_prior_failure_or_no_matching_artifact_log_evidence,downloaded artifacts plus complete run log had no matching CSV/OK/TIMEOUT/CRASH event for this plan entry,Tier 2,covariance,benchmark-results-covariance,74088342679,completed,failure,3584x3584,700,covariance,3584x3584,,,,,,,,unknown,,,No row-level terminal evidence for this plan entry in current run artifacts/logs; for failed jobs this generally means the workflow loop did not attempt later sizes after the first failure.
unknown_not_attempted_after_prior_failure_or_no_matching_artifact_log_evidence,downloaded artifacts plus complete run log had no matching CSV/OK/TIMEOUT/CRASH event for this plan entry,Tier 2,covariance,benchmark-results-covariance,74088342679,completed,failure,4096x4096,701,covariance,4096x4096,,,,,,,,unknown,,,No row-level terminal evidence for this plan entry in current run artifacts/logs; for failed jobs this generally means the workflow loop did not attempt later sizes after the first failure.
known_finished_from_downloaded_benchmark_results_csv_and_run_log_ok,downloaded artifact benchmark-results-fdtd2d/results_fdtd2d.csv line 2 plus run log line 34751,Tier 2,fdtd2d,benchmark-results-fdtd2d,74088342692,completed,failure,64,702,fdtd2d,64,fdtd2d,64,1,0.011508,0.011508,0.011508,2026-05-03T05:03:29.0169826Z,finished,34751,[OK] fdtd2d 64 -> 0.011508 ms,Workflow-size invocation finished within the 3600s timeout and emitted a CSV row; matching method=artifact_csv_exact_kernel_size.
known_finished_from_downloaded_benchmark_results_csv_and_run_log_ok,downloaded artifact benchmark-results-fdtd2d/results_fdtd2d.csv line 3 plus run log line 34755,Tier 2,fdtd2d,benchmark-results-fdtd2d,74088342692,completed,failure,128,703,fdtd2d,128,fdtd2d,128,1,0.011286,0.011286,0.011286,2026-05-03T05:03:51.1444759Z,finished,34755,[OK] fdtd2d 128 -> 0.011286 ms,Workflow-size invocation finished within the 3600s timeout and emitted a CSV row; matching method=artifact_csv_exact_kernel_size.
known_finished_from_downloaded_benchmark_results_csv_and_run_log_ok,downloaded artifact benchmark-results-fdtd2d/results_fdtd2d.csv line 4 plus run log line 34759,Tier 2,fdtd2d,benchmark-results-fdtd2d,74088342692,completed,failure,192,704,fdtd2d,192,fdtd2d,192,1,0.011576,0.011576,0.011576,2026-05-03T05:04:49.7464428Z,finished,34759,[OK] fdtd2d 192 -> 0.011576 ms,Workflow-size invocation finished within the 3600s timeout and emitted a CSV row; matching method=artifact_csv_exact_kernel_size.
known_finished_from_downloaded_benchmark_results_csv_and_run_log_ok,downloaded artifact benchmark-results-fdtd2d/results_fdtd2d.csv line 5 plus run log line 34763,Tier 2,fdtd2d,benchmark-results-fdtd2d,74088342692,completed,failure,256,705,fdtd2d,256,fdtd2d,256,1,0.012874,0.012874,0.012874,2026-05-03T05:07:22.4119043Z,finished,34763,[OK] fdtd2d 256 -> 0.012874 ms,Workflow-size invocation finished within the 3600s timeout and emitted a CSV row; matching method=artifact_csv_exact_kernel_size.
known_finished_from_downloaded_benchmark_results_csv_and_run_log_ok,downloaded artifact benchmark-results-fdtd2d/results_fdtd2d.csv line 6 plus run log line 34767,Tier 2,fdtd2d,benchmark-results-fdtd2d,74088342692,completed,failure,384,706,fdtd2d,384,fdtd2d,384,1,0.014988,0.014988,0.014988,2026-05-03T05:19:31.6971410Z,finished,34767,[OK] fdtd2d 384 -> 0.014988 ms,Workflow-size invocation finished within the 3600s timeout and emitted a CSV row; matching method=artifact_csv_exact_kernel_size.
known_timed_out_3600s_from_run_log,run log line 34771,Tier 2,fdtd2d,benchmark-results-fdtd2d,74088342692,completed,failure,512,707,fdtd2d,512,,,,,,,2026-05-03T06:19:31.8191088Z,timed_out_3600s,34771,##[warning]TIMEOUT: fdtd2d 512 (>3600s),Workflow-size invocation failed before a usable CSV row for this plan entry; later entries in this benchmark job stop after first timeout/crash because the workflow loop breaks.
unknown_not_attempted_after_prior_failure_or_no_matching_artifact_log_evidence,downloaded artifacts plus complete run log had no matching CSV/OK/TIMEOUT/CRASH event for this plan entry,Tier 2,fdtd2d,benchmark-results-fdtd2d,74088342692,completed,failure,640,708,fdtd2d,640,,,,,,,,unknown,,,No row-level terminal evidence for this plan entry in current run artifacts/logs; for failed jobs this generally means the workflow loop did not attempt later sizes after the first failure.
unknown_not_attempted_after_prior_failure_or_no_matching_artifact_log_evidence,downloaded artifacts plus complete run log had no matching CSV/OK/TIMEOUT/CRASH event for this plan entry,Tier 2,fdtd2d,benchmark-results-fdtd2d,74088342692,completed,failure,768,709,fdtd2d,768,,,,,,,,unknown,,,No row-level terminal evidence for this plan entry in current run artifacts/logs; for failed jobs this generally means the workflow loop did not attempt later sizes after the first failure.
unknown_not_attempted_after_prior_failure_or_no_matching_artifact_log_evidence,downloaded artifacts plus complete run log had no matching CSV/OK/TIMEOUT/CRASH event for this plan entry,Tier 2,fdtd2d,benchmark-results-fdtd2d,74088342692,completed,failure,896,710,fdtd2d,896,,,,,,,,unknown,,,No row-level terminal evidence for this plan entry in current run artifacts/logs; for failed jobs this generally means the workflow loop did not attempt later sizes after the first failure.
unknown_not_attempted_after_prior_failure_or_no_matching_artifact_log_evidence,downloaded artifacts plus complete run log had no matching CSV/OK/TIMEOUT/CRASH event for this plan entry,Tier 2,fdtd2d,benchmark-results-fdtd2d,74088342692,completed,failure,1024,711,fdtd2d,1024,,,,,,,,unknown,,,No row-level terminal evidence for this plan entry in current run artifacts/logs; for failed jobs this generally means the workflow loop did not attempt later sizes after the first failure.
unknown_not_attempted_after_prior_failure_or_no_matching_artifact_log_evidence,downloaded artifacts plus complete run log had no matching CSV/OK/TIMEOUT/CRASH event for this plan entry,Tier 2,fdtd2d,benchmark-results-fdtd2d,74088342692,completed,failure,1280,712,fdtd2d,1280,,,,,,,,unknown,,,No row-level terminal evidence for this plan entry in current run artifacts/logs; for failed jobs this generally means the workflow loop did not attempt later sizes after the first failure.
unknown_not_attempted_after_prior_failure_or_no_matching_artifact_log_evidence,downloaded artifacts plus complete run log had no matching CSV/OK/TIMEOUT/CRASH event for this plan entry,Tier 2,fdtd2d,benchmark-results-fdtd2d,74088342692,completed,failure,1536,713,fdtd2d,1536,,,,,,,,unknown,,,No row-level terminal evidence for this plan entry in current run artifacts/logs; for failed jobs this generally means the workflow loop did not attempt later sizes after the first failure.
unknown_not_attempted_after_prior_failure_or_no_matching_artifact_log_evidence,downloaded artifacts plus complete run log had no matching CSV/OK/TIMEOUT/CRASH event for this plan entry,Tier 2,fdtd2d,benchmark-results-fdtd2d,74088342692,completed,failure,1792,714,fdtd2d,1792,,,,,,,,unknown,,,No row-level terminal evidence for this plan entry in current run artifacts/logs; for failed jobs this generally means the workflow loop did not attempt later sizes after the first failure.
unknown_not_attempted_after_prior_failure_or_no_matching_artifact_log_evidence,downloaded artifacts plus complete run log had no matching CSV/OK/TIMEOUT/CRASH event for this plan entry,Tier 2,fdtd2d,benchmark-results-fdtd2d,74088342692,completed,failure,2048,715,fdtd2d,2048,,,,,,,,unknown,,,No row-level terminal evidence for this plan entry in current run artifacts/logs; for failed jobs this generally means the workflow loop did not attempt later sizes after the first failure.
unknown_not_attempted_after_prior_failure_or_no_matching_artifact_log_evidence,downloaded artifacts plus complete run log had no matching CSV/OK/TIMEOUT/CRASH event for this plan entry,Tier 2,fdtd2d,benchmark-results-fdtd2d,74088342692,completed,failure,2560,716,fdtd2d,2560,,,,,,,,unknown,,,No row-level terminal evidence for this plan entry in current run artifacts/logs; for failed jobs this generally means the workflow loop did not attempt later sizes after the first failure.
unknown_not_attempted_after_prior_failure_or_no_matching_artifact_log_evidence,downloaded artifacts plus complete run log had no matching CSV/OK/TIMEOUT/CRASH event for this plan entry,Tier 2,fdtd2d,benchmark-results-fdtd2d,74088342692,completed,failure,3072,717,fdtd2d,3072,,,,,,,,unknown,,,No row-level terminal evidence for this plan entry in current run artifacts/logs; for failed jobs this generally means the workflow loop did not attempt later sizes after the first failure.
unknown_not_attempted_after_prior_failure_or_no_matching_artifact_log_evidence,downloaded artifacts plus complete run log had no matching CSV/OK/TIMEOUT/CRASH event for this plan entry,Tier 2,fdtd2d,benchmark-results-fdtd2d,74088342692,completed,failure,3584,718,fdtd2d,3584,,,,,,,,unknown,,,No row-level terminal evidence for this plan entry in current run artifacts/logs; for failed jobs this generally means the workflow loop did not attempt later sizes after the first failure.
unknown_not_attempted_after_prior_failure_or_no_matching_artifact_log_evidence,downloaded artifacts plus complete run log had no matching CSV/OK/TIMEOUT/CRASH event for this plan entry,Tier 2,fdtd2d,benchmark-results-fdtd2d,74088342692,completed,failure,4096,719,fdtd2d,4096,,,,,,,,unknown,,,No row-level terminal evidence for this plan entry in current run artifacts/logs; for failed jobs this generally means the workflow loop did not attempt later sizes after the first failure.
known_finished_from_downloaded_benchmark_results_csv_and_run_log_ok,downloaded artifact benchmark-results-gesummv/results_gesummv.csv line 2 plus run log line 36786,Tier 2,gesummv,benchmark-results-gesummv,74088342810,completed,failure,64,720,gesummv,64,gesummv,64,1,0.009697,0.009697,0.009697,2026-05-03T05:07:27.4368406Z,finished,36786,[OK] gesummv 64 -> 0.009697 ms,Workflow-size invocation finished within the 3600s timeout and emitted a CSV row; matching method=artifact_csv_exact_kernel_size.
known_finished_from_downloaded_benchmark_results_csv_and_run_log_ok,downloaded artifact benchmark-results-gesummv/results_gesummv.csv line 3 plus run log line 36790,Tier 2,gesummv,benchmark-results-gesummv,74088342810,completed,failure,128,721,gesummv,128,gesummv,128,1,0.031707,0.031707,0.031707,2026-05-03T05:09:07.1990588Z,finished,36790,[OK] gesummv 128 -> 0.031707 ms,Workflow-size invocation finished within the 3600s timeout and emitted a CSV row; matching method=artifact_csv_exact_kernel_size.
known_finished_from_downloaded_benchmark_results_csv_and_run_log_ok,downloaded artifact benchmark-results-gesummv/results_gesummv.csv line 4 plus run log line 36794,Tier 2,gesummv,benchmark-results-gesummv,74088342810,completed,failure,192,722,gesummv,192,gesummv,192,1,0.070705,0.070705,0.070705,2026-05-03T05:23:41.5543126Z,finished,36794,[OK] gesummv 192 -> 0.070705 ms,Workflow-size invocation finished within the 3600s timeout and emitted a CSV row; matching method=artifact_csv_exact_kernel_size.
known_timed_out_3600s_from_run_log,run log line 36798,Tier 2,gesummv,benchmark-results-gesummv,74088342810,completed,failure,256,723,gesummv,256,,,,,,,2026-05-03T06:23:41.5679755Z,timed_out_3600s,36798,##[warning]TIMEOUT: gesummv 256 (>3600s),Workflow-size invocation failed before a usable CSV row for this plan entry; later entries in this benchmark job stop after first timeout/crash because the workflow loop breaks.
unknown_not_attempted_after_prior_failure_or_no_matching_artifact_log_evidence,downloaded artifacts plus complete run log had no matching CSV/OK/TIMEOUT/CRASH event for this plan entry,Tier 2,gesummv,benchmark-results-gesummv,74088342810,completed,failure,384,724,gesummv,384,,,,,,,,unknown,,,No row-level terminal evidence for this plan entry in current run artifacts/logs; for failed jobs this generally means the workflow loop did not attempt later sizes after the first failure.
unknown_not_attempted_after_prior_failure_or_no_matching_artifact_log_evidence,downloaded artifacts plus complete run log had no matching CSV/OK/TIMEOUT/CRASH event for this plan entry,Tier 2,gesummv,benchmark-results-gesummv,74088342810,completed,failure,512,725,gesummv,512,,,,,,,,unknown,,,No row-level terminal evidence for this plan entry in current run artifacts/logs; for failed jobs this generally means the workflow loop did not attempt later sizes after the first failure.
unknown_not_attempted_after_prior_failure_or_no_matching_artifact_log_evidence,downloaded artifacts plus complete run log had no matching CSV/OK/TIMEOUT/CRASH event for this plan entry,Tier 2,gesummv,benchmark-results-gesummv,74088342810,completed,failure,640,726,gesummv,640,,,,,,,,unknown,,,No row-level terminal evidence for this plan entry in current run artifacts/logs; for failed jobs this generally means the workflow loop did not attempt later sizes after the first failure.
unknown_not_attempted_after_prior_failure_or_no_matching_artifact_log_evidence,downloaded artifacts plus complete run log had no matching CSV/OK/TIMEOUT/CRASH event for this plan entry,Tier 2,gesummv,benchmark-results-gesummv,74088342810,completed,failure,768,727,gesummv,768,,,,,,,,unknown,,,No row-level terminal evidence for this plan entry in current run artifacts/logs; for failed jobs this generally means the workflow loop did not attempt later sizes after the first failure.
unknown_not_attempted_after_prior_failure_or_no_matching_artifact_log_evidence,downloaded artifacts plus complete run log had no matching CSV/OK/TIMEOUT/CRASH event for this plan entry,Tier 2,gesummv,benchmark-results-gesummv,74088342810,completed,failure,896,728,gesummv,896,,,,,,,,unknown,,,No row-level terminal evidence for this plan entry in current run artifacts/logs; for failed jobs this generally means the workflow loop did not attempt later sizes after the first failure.
unknown_not_attempted_after_prior_failure_or_no_matching_artifact_log_evidence,downloaded artifacts plus complete run log had no matching CSV/OK/TIMEOUT/CRASH event for this plan entry,Tier 2,gesummv,benchmark-results-gesummv,74088342810,completed,failure,1024,729,gesummv,1024,,,,,,,,unknown,,,No row-level terminal evidence for this plan entry in current run artifacts/logs; for failed jobs this generally means the workflow loop did not attempt later sizes after the first failure.
unknown_not_attempted_after_prior_failure_or_no_matching_artifact_log_evidence,downloaded artifacts plus complete run log had no matching CSV/OK/TIMEOUT/CRASH event for this plan entry,Tier 2,gesummv,benchmark-results-gesummv,74088342810,completed,failure,1280,730,gesummv,1280,,,,,,,,unknown,,,No row-level terminal evidence for this plan entry in current run artifacts/logs; for failed jobs this generally means the workflow loop did not attempt later sizes after the first failure.
unknown_not_attempted_after_prior_failure_or_no_matching_artifact_log_evidence,downloaded artifacts plus complete run log had no matching CSV/OK/TIMEOUT/CRASH event for this plan entry,Tier 2,gesummv,benchmark-results-gesummv,74088342810,completed,failure,1536,731,gesummv,1536,,,,,,,,unknown,,,No row-level terminal evidence for this plan entry in current run artifacts/logs; for failed jobs this generally means the workflow loop did not attempt later sizes after the first failure.
unknown_not_attempted_after_prior_failure_or_no_matching_artifact_log_evidence,downloaded artifacts plus complete run log had no matching CSV/OK/TIMEOUT/CRASH event for this plan entry,Tier 2,gesummv,benchmark-results-gesummv,74088342810,completed,failure,1792,732,gesummv,1792,,,,,,,,unknown,,,No row-level terminal evidence for this plan entry in current run artifacts/logs; for failed jobs this generally means the workflow loop did not attempt later sizes after the first failure.
unknown_not_attempted_after_prior_failure_or_no_matching_artifact_log_evidence,downloaded artifacts plus complete run log had no matching CSV/OK/TIMEOUT/CRASH event for this plan entry,Tier 2,gesummv,benchmark-results-gesummv,74088342810,completed,failure,2048,733,gesummv,2048,,,,,,,,unknown,,,No row-level terminal evidence for this plan entry in current run artifacts/logs; for failed jobs this generally means the workflow loop did not attempt later sizes after the first failure.
unknown_not_attempted_after_prior_failure_or_no_matching_artifact_log_evidence,downloaded artifacts plus complete run log had no matching CSV/OK/TIMEOUT/CRASH event for this plan entry,Tier 2,gesummv,benchmark-results-gesummv,74088342810,completed,failure,2560,734,gesummv,2560,,,,,,,,unknown,,,No row-level terminal evidence for this plan entry in current run artifacts/logs; for failed jobs this generally means the workflow loop did not attempt later sizes after the first failure.
unknown_not_attempted_after_prior_failure_or_no_matching_artifact_log_evidence,downloaded artifacts plus complete run log had no matching CSV/OK/TIMEOUT/CRASH event for this plan entry,Tier 2,gesummv,benchmark-results-gesummv,74088342810,completed,failure,3072,735,gesummv,3072,,,,,,,,unknown,,,No row-level terminal evidence for this plan entry in current run artifacts/logs; for failed jobs this generally means the workflow loop did not attempt later sizes after the first failure.
unknown_not_attempted_after_prior_failure_or_no_matching_artifact_log_evidence,downloaded artifacts plus complete run log had no matching CSV/OK/TIMEOUT/CRASH event for this plan entry,Tier 2,gesummv,benchmark-results-gesummv,74088342810,completed,failure,3584,736,gesummv,3584,,,,,,,,unknown,,,No row-level terminal evidence for this plan entry in current run artifacts/logs; for failed jobs this generally means the workflow loop did not attempt later sizes after the first failure.
unknown_not_attempted_after_prior_failure_or_no_matching_artifact_log_evidence,downloaded artifacts plus complete run log had no matching CSV/OK/TIMEOUT/CRASH event for this plan entry,Tier 2,gesummv,benchmark-results-gesummv,74088342810,completed,failure,4096,737,gesummv,4096,,,,,,,,unknown,,,No row-level terminal evidence for this plan entry in current run artifacts/logs; for failed jobs this generally means the workflow loop did not attempt later sizes after the first failure.
known_finished_from_downloaded_benchmark_results_csv_and_run_log_ok,downloaded artifact benchmark-results-gramschmidt/results_gramschmidt.csv line 2 plus run log line 38238,Tier 2,gramschmidt,benchmark-results-gramschmidt,74088342833,completed,failure,64,738,gramschmidt,64,gramschmidt,64,1,2.556476,2.556476,2.556476,2026-05-03T05:23:09.5777946Z,finished,38238,[OK] gramschmidt 64 -> 2.556476 ms,Workflow-size invocation finished within the 3600s timeout and emitted a CSV row; matching method=artifact_csv_exact_kernel_size.
known_timed_out_3600s_from_run_log,run log line 38242,Tier 2,gramschmidt,benchmark-results-gramschmidt,74088342833,completed,failure,128,739,gramschmidt,128,,,,,,,2026-05-03T06:23:09.7912302Z,timed_out_3600s,38242,##[warning]TIMEOUT: gramschmidt 128 (>3600s),Workflow-size invocation failed before a usable CSV row for this plan entry; later entries in this benchmark job stop after first timeout/crash because the workflow loop breaks.
unknown_not_attempted_after_prior_failure_or_no_matching_artifact_log_evidence,downloaded artifacts plus complete run log had no matching CSV/OK/TIMEOUT/CRASH event for this plan entry,Tier 2,gramschmidt,benchmark-results-gramschmidt,74088342833,completed,failure,192,740,gramschmidt,192,,,,,,,,unknown,,,No row-level terminal evidence for this plan entry in current run artifacts/logs; for failed jobs this generally means the workflow loop did not attempt later sizes after the first failure.
unknown_not_attempted_after_prior_failure_or_no_matching_artifact_log_evidence,downloaded artifacts plus complete run log had no matching CSV/OK/TIMEOUT/CRASH event for this plan entry,Tier 2,gramschmidt,benchmark-results-gramschmidt,74088342833,completed,failure,256,741,gramschmidt,256,,,,,,,,unknown,,,No row-level terminal evidence for this plan entry in current run artifacts/logs; for failed jobs this generally means the workflow loop did not attempt later sizes after the first failure.
unknown_not_attempted_after_prior_failure_or_no_matching_artifact_log_evidence,downloaded artifacts plus complete run log had no matching CSV/OK/TIMEOUT/CRASH event for this plan entry,Tier 2,gramschmidt,benchmark-results-gramschmidt,74088342833,completed,failure,384,742,gramschmidt,384,,,,,,,,unknown,,,No row-level terminal evidence for this plan entry in current run artifacts/logs; for failed jobs this generally means the workflow loop did not attempt later sizes after the first failure.
unknown_not_attempted_after_prior_failure_or_no_matching_artifact_log_evidence,downloaded artifacts plus complete run log had no matching CSV/OK/TIMEOUT/CRASH event for this plan entry,Tier 2,gramschmidt,benchmark-results-gramschmidt,74088342833,completed,failure,512,743,gramschmidt,512,,,,,,,,unknown,,,No row-level terminal evidence for this plan entry in current run artifacts/logs; for failed jobs this generally means the workflow loop did not attempt later sizes after the first failure.
unknown_not_attempted_after_prior_failure_or_no_matching_artifact_log_evidence,downloaded artifacts plus complete run log had no matching CSV/OK/TIMEOUT/CRASH event for this plan entry,Tier 2,gramschmidt,benchmark-results-gramschmidt,74088342833,completed,failure,640,744,gramschmidt,640,,,,,,,,unknown,,,No row-level terminal evidence for this plan entry in current run artifacts/logs; for failed jobs this generally means the workflow loop did not attempt later sizes after the first failure.
unknown_not_attempted_after_prior_failure_or_no_matching_artifact_log_evidence,downloaded artifacts plus complete run log had no matching CSV/OK/TIMEOUT/CRASH event for this plan entry,Tier 2,gramschmidt,benchmark-results-gramschmidt,74088342833,completed,failure,768,745,gramschmidt,768,,,,,,,,unknown,,,No row-level terminal evidence for this plan entry in current run artifacts/logs; for failed jobs this generally means the workflow loop did not attempt later sizes after the first failure.
unknown_not_attempted_after_prior_failure_or_no_matching_artifact_log_evidence,downloaded artifacts plus complete run log had no matching CSV/OK/TIMEOUT/CRASH event for this plan entry,Tier 2,gramschmidt,benchmark-results-gramschmidt,74088342833,completed,failure,896,746,gramschmidt,896,,,,,,,,unknown,,,No row-level terminal evidence for this plan entry in current run artifacts/logs; for failed jobs this generally means the workflow loop did not attempt later sizes after the first failure.
unknown_not_attempted_after_prior_failure_or_no_matching_artifact_log_evidence,downloaded artifacts plus complete run log had no matching CSV/OK/TIMEOUT/CRASH event for this plan entry,Tier 2,gramschmidt,benchmark-results-gramschmidt,74088342833,completed,failure,1024,747,gramschmidt,1024,,,,,,,,unknown,,,No row-level terminal evidence for this plan entry in current run artifacts/logs; for failed jobs this generally means the workflow loop did not attempt later sizes after the first failure.
known_finished_from_downloaded_benchmark_results_csv_and_run_log_ok,downloaded artifact benchmark-results-mvt/results_mvt.csv line 2 plus run log line 37646,Tier 2,mvt,benchmark-results-mvt,74088342829,completed,failure,64,748,mvt,64,mvt,64,1,0.008434,0.008434,0.008434,2026-05-03T05:47:05.2431362Z,finished,37646,[OK] mvt 64 -> 0.008434 ms,Workflow-size invocation finished within the 3600s timeout and emitted a CSV row; matching method=artifact_csv_exact_kernel_size.
known_finished_from_downloaded_benchmark_results_csv_and_run_log_ok,downloaded artifact benchmark-results-mvt/results_mvt.csv line 3 plus run log line 37650,Tier 2,mvt,benchmark-results-mvt,74088342829,completed,failure,128,749,mvt,128,mvt,128,1,0.020813,0.020813,0.020813,2026-05-03T05:47:30.3455559Z,finished,37650,[OK] mvt 128 -> 0.020813 ms,Workflow-size invocation finished within the 3600s timeout and emitted a CSV row; matching method=artifact_csv_exact_kernel_size.
known_finished_from_downloaded_benchmark_results_csv_and_run_log_ok,downloaded artifact benchmark-results-mvt/results_mvt.csv line 4 plus run log line 37654,Tier 2,mvt,benchmark-results-mvt,74088342829,completed,failure,192,750,mvt,192,mvt,192,1,0.042298,0.042298,0.042298,2026-05-03T05:49:33.8598332Z,finished,37654,[OK] mvt 192 -> 0.042298 ms,Workflow-size invocation finished within the 3600s timeout and emitted a CSV row; matching method=artifact_csv_exact_kernel_size.
known_finished_from_downloaded_benchmark_results_csv_and_run_log_ok,downloaded artifact benchmark-results-mvt/results_mvt.csv line 5 plus run log line 37658,Tier 2,mvt,benchmark-results-mvt,74088342829,completed,failure,256,751,mvt,256,mvt,256,1,0.071903,0.071903,0.071903,2026-05-03T05:56:41.2696831Z,finished,37658,[OK] mvt 256 -> 0.071903 ms,Workflow-size invocation finished within the 3600s timeout and emitted a CSV row; matching method=artifact_csv_exact_kernel_size.
known_finished_from_downloaded_benchmark_results_csv_and_run_log_ok,downloaded artifact benchmark-results-mvt/results_mvt.csv line 6 plus run log line 37662,Tier 2,mvt,benchmark-results-mvt,74088342829,completed,failure,384,752,mvt,384,mvt,384,1,0.107916,0.107916,0.107916,2026-05-03T06:28:16.9556505Z,finished,37662,[OK] mvt 384 -> 0.107916 ms,Workflow-size invocation finished within the 3600s timeout and emitted a CSV row; matching method=artifact_csv_exact_kernel_size.
known_timed_out_3600s_from_run_log,run log line 37666,Tier 2,mvt,benchmark-results-mvt,74088342829,completed,failure,512,753,mvt,512,,,,,,,2026-05-03T07:28:16.9814561Z,timed_out_3600s,37666,##[warning]TIMEOUT: mvt 512 (>3600s),Workflow-size invocation failed before a usable CSV row for this plan entry; later entries in this benchmark job stop after first timeout/crash because the workflow loop breaks.
unknown_not_attempted_after_prior_failure_or_no_matching_artifact_log_evidence,downloaded artifacts plus complete run log had no matching CSV/OK/TIMEOUT/CRASH event for this plan entry,Tier 2,mvt,benchmark-results-mvt,74088342829,completed,failure,640,754,mvt,640,,,,,,,,unknown,,,No row-level terminal evidence for this plan entry in current run artifacts/logs; for failed jobs this generally means the workflow loop did not attempt later sizes after the first failure.
unknown_not_attempted_after_prior_failure_or_no_matching_artifact_log_evidence,downloaded artifacts plus complete run log had no matching CSV/OK/TIMEOUT/CRASH event for this plan entry,Tier 2,mvt,benchmark-results-mvt,74088342829,completed,failure,768,755,mvt,768,,,,,,,,unknown,,,No row-level terminal evidence for this plan entry in current run artifacts/logs; for failed jobs this generally means the workflow loop did not attempt later sizes after the first failure.
unknown_not_attempted_after_prior_failure_or_no_matching_artifact_log_evidence,downloaded artifacts plus complete run log had no matching CSV/OK/TIMEOUT/CRASH event for this plan entry,Tier 2,mvt,benchmark-results-mvt,74088342829,completed,failure,896,756,mvt,896,,,,,,,,unknown,,,No row-level terminal evidence for this plan entry in current run artifacts/logs; for failed jobs this generally means the workflow loop did not attempt later sizes after the first failure.
unknown_not_attempted_after_prior_failure_or_no_matching_artifact_log_evidence,downloaded artifacts plus complete run log had no matching CSV/OK/TIMEOUT/CRASH event for this plan entry,Tier 2,mvt,benchmark-results-mvt,74088342829,completed,failure,1024,757,mvt,1024,,,,,,,,unknown,,,No row-level terminal evidence for this plan entry in current run artifacts/logs; for failed jobs this generally means the workflow loop did not attempt later sizes after the first failure.
unknown_not_attempted_after_prior_failure_or_no_matching_artifact_log_evidence,downloaded artifacts plus complete run log had no matching CSV/OK/TIMEOUT/CRASH event for this plan entry,Tier 2,mvt,benchmark-results-mvt,74088342829,completed,failure,1280,758,mvt,1280,,,,,,,,unknown,,,No row-level terminal evidence for this plan entry in current run artifacts/logs; for failed jobs this generally means the workflow loop did not attempt later sizes after the first failure.
unknown_not_attempted_after_prior_failure_or_no_matching_artifact_log_evidence,downloaded artifacts plus complete run log had no matching CSV/OK/TIMEOUT/CRASH event for this plan entry,Tier 2,mvt,benchmark-results-mvt,74088342829,completed,failure,1536,759,mvt,1536,,,,,,,,unknown,,,No row-level terminal evidence for this plan entry in current run artifacts/logs; for failed jobs this generally means the workflow loop did not attempt later sizes after the first failure.
unknown_not_attempted_after_prior_failure_or_no_matching_artifact_log_evidence,downloaded artifacts plus complete run log had no matching CSV/OK/TIMEOUT/CRASH event for this plan entry,Tier 2,mvt,benchmark-results-mvt,74088342829,completed,failure,1792,760,mvt,1792,,,,,,,,unknown,,,No row-level terminal evidence for this plan entry in current run artifacts/logs; for failed jobs this generally means the workflow loop did not attempt later sizes after the first failure.
unknown_not_attempted_after_prior_failure_or_no_matching_artifact_log_evidence,downloaded artifacts plus complete run log had no matching CSV/OK/TIMEOUT/CRASH event for this plan entry,Tier 2,mvt,benchmark-results-mvt,74088342829,completed,failure,2048,761,mvt,2048,,,,,,,,unknown,,,No row-level terminal evidence for this plan entry in current run artifacts/logs; for failed jobs this generally means the workflow loop did not attempt later sizes after the first failure.
unknown_not_attempted_after_prior_failure_or_no_matching_artifact_log_evidence,downloaded artifacts plus complete run log had no matching CSV/OK/TIMEOUT/CRASH event for this plan entry,Tier 2,mvt,benchmark-results-mvt,74088342829,completed,failure,2560,762,mvt,2560,,,,,,,,unknown,,,No row-level terminal evidence for this plan entry in current run artifacts/logs; for failed jobs this generally means the workflow loop did not attempt later sizes after the first failure.
unknown_not_attempted_after_prior_failure_or_no_matching_artifact_log_evidence,downloaded artifacts plus complete run log had no matching CSV/OK/TIMEOUT/CRASH event for this plan entry,Tier 2,mvt,benchmark-results-mvt,74088342829,completed,failure,3072,763,mvt,3072,,,,,,,,unknown,,,No row-level terminal evidence for this plan entry in current run artifacts/logs; for failed jobs this generally means the workflow loop did not attempt later sizes after the first failure.
unknown_not_attempted_after_prior_failure_or_no_matching_artifact_log_evidence,downloaded artifacts plus complete run log had no matching CSV/OK/TIMEOUT/CRASH event for this plan entry,Tier 2,mvt,benchmark-results-mvt,74088342829,completed,failure,3584,764,mvt,3584,,,,,,,,unknown,,,No row-level terminal evidence for this plan entry in current run artifacts/logs; for failed jobs this generally means the workflow loop did not attempt later sizes after the first failure.
unknown_not_attempted_after_prior_failure_or_no_matching_artifact_log_evidence,downloaded artifacts plus complete run log had no matching CSV/OK/TIMEOUT/CRASH event for this plan entry,Tier 2,mvt,benchmark-results-mvt,74088342829,completed,failure,4096,765,mvt,4096,,,,,,,,unknown,,,No row-level terminal evidence for this plan entry in current run artifacts/logs; for failed jobs this generally means the workflow loop did not attempt later sizes after the first failure.
known_finished_from_downloaded_benchmark_results_csv_and_run_log_ok,downloaded artifact benchmark-results-syr2k/results_syr2k.csv line 2 plus run log line 40624,Tier 2,syr2k,benchmark-results-syr2k,74088342847,completed,failure,64,766,syr2k,64,syr2k,64,1,0.010079,0.010079,0.010079,2026-05-03T05:49:56.2329947Z,finished,40624,[OK] syr2k 64 -> 0.010079 ms,Workflow-size invocation finished within the 3600s timeout and emitted a CSV row; matching method=artifact_csv_exact_kernel_size.
known_finished_from_downloaded_benchmark_results_csv_and_run_log_ok,downloaded artifact benchmark-results-syr2k/results_syr2k.csv line 3 plus run log line 40628,Tier 2,syr2k,benchmark-results-syr2k,74088342847,completed,failure,128,767,syr2k,128,syr2k,128,1,0.019708,0.019708,0.019708,2026-05-03T06:17:05.7131371Z,finished,40628,[OK] syr2k 128 -> 0.019708 ms,Workflow-size invocation finished within the 3600s timeout and emitted a CSV row; matching method=artifact_csv_exact_kernel_size.
known_timed_out_3600s_from_run_log,run log line 40632,Tier 2,syr2k,benchmark-results-syr2k,74088342847,completed,failure,192,768,syr2k,192,,,,,,,2026-05-03T07:17:05.7573932Z,timed_out_3600s,40632,##[warning]TIMEOUT: syr2k 192 (>3600s),Workflow-size invocation failed before a usable CSV row for this plan entry; later entries in this benchmark job stop after first timeout/crash because the workflow loop breaks.
unknown_not_attempted_after_prior_failure_or_no_matching_artifact_log_evidence,downloaded artifacts plus complete run log had no matching CSV/OK/TIMEOUT/CRASH event for this plan entry,Tier 2,syr2k,benchmark-results-syr2k,74088342847,completed,failure,256,769,syr2k,256,,,,,,,,unknown,,,No row-level terminal evidence for this plan entry in current run artifacts/logs; for failed jobs this generally means the workflow loop did not attempt later sizes after the first failure.
unknown_not_attempted_after_prior_failure_or_no_matching_artifact_log_evidence,downloaded artifacts plus complete run log had no matching CSV/OK/TIMEOUT/CRASH event for this plan entry,Tier 2,syr2k,benchmark-results-syr2k,74088342847,completed,failure,384,770,syr2k,384,,,,,,,,unknown,,,No row-level terminal evidence for this plan entry in current run artifacts/logs; for failed jobs this generally means the workflow loop did not attempt later sizes after the first failure.
unknown_not_attempted_after_prior_failure_or_no_matching_artifact_log_evidence,downloaded artifacts plus complete run log had no matching CSV/OK/TIMEOUT/CRASH event for this plan entry,Tier 2,syr2k,benchmark-results-syr2k,74088342847,completed,failure,512,771,syr2k,512,,,,,,,,unknown,,,No row-level terminal evidence for this plan entry in current run artifacts/logs; for failed jobs this generally means the workflow loop did not attempt later sizes after the first failure.
unknown_not_attempted_after_prior_failure_or_no_matching_artifact_log_evidence,downloaded artifacts plus complete run log had no matching CSV/OK/TIMEOUT/CRASH event for this plan entry,Tier 2,syr2k,benchmark-results-syr2k,74088342847,completed,failure,640,772,syr2k,640,,,,,,,,unknown,,,No row-level terminal evidence for this plan entry in current run artifacts/logs; for failed jobs this generally means the workflow loop did not attempt later sizes after the first failure.
unknown_not_attempted_after_prior_failure_or_no_matching_artifact_log_evidence,downloaded artifacts plus complete run log had no matching CSV/OK/TIMEOUT/CRASH event for this plan entry,Tier 2,syr2k,benchmark-results-syr2k,74088342847,completed,failure,768,773,syr2k,768,,,,,,,,unknown,,,No row-level terminal evidence for this plan entry in current run artifacts/logs; for failed jobs this generally means the workflow loop did not attempt later sizes after the first failure.
unknown_not_attempted_after_prior_failure_or_no_matching_artifact_log_evidence,downloaded artifacts plus complete run log had no matching CSV/OK/TIMEOUT/CRASH event for this plan entry,Tier 2,syr2k,benchmark-results-syr2k,74088342847,completed,failure,896,774,syr2k,896,,,,,,,,unknown,,,No row-level terminal evidence for this plan entry in current run artifacts/logs; for failed jobs this generally means the workflow loop did not attempt later sizes after the first failure.
unknown_not_attempted_after_prior_failure_or_no_matching_artifact_log_evidence,downloaded artifacts plus complete run log had no matching CSV/OK/TIMEOUT/CRASH event for this plan entry,Tier 2,syr2k,benchmark-results-syr2k,74088342847,completed,failure,1024,775,syr2k,1024,,,,,,,,unknown,,,No row-level terminal evidence for this plan entry in current run artifacts/logs; for failed jobs this generally means the workflow loop did not attempt later sizes after the first failure.
unknown_not_attempted_after_prior_failure_or_no_matching_artifact_log_evidence,downloaded artifacts plus complete run log had no matching CSV/OK/TIMEOUT/CRASH event for this plan entry,Tier 2,syr2k,benchmark-results-syr2k,74088342847,completed,failure,1280,776,syr2k,1280,,,,,,,,unknown,,,No row-level terminal evidence for this plan entry in current run artifacts/logs; for failed jobs this generally means the workflow loop did not attempt later sizes after the first failure.
unknown_not_attempted_after_prior_failure_or_no_matching_artifact_log_evidence,downloaded artifacts plus complete run log had no matching CSV/OK/TIMEOUT/CRASH event for this plan entry,Tier 2,syr2k,benchmark-results-syr2k,74088342847,completed,failure,1536,777,syr2k,1536,,,,,,,,unknown,,,No row-level terminal evidence for this plan entry in current run artifacts/logs; for failed jobs this generally means the workflow loop did not attempt later sizes after the first failure.
unknown_not_attempted_after_prior_failure_or_no_matching_artifact_log_evidence,downloaded artifacts plus complete run log had no matching CSV/OK/TIMEOUT/CRASH event for this plan entry,Tier 2,syr2k,benchmark-results-syr2k,74088342847,completed,failure,1792,778,syr2k,1792,,,,,,,,unknown,,,No row-level terminal evidence for this plan entry in current run artifacts/logs; for failed jobs this generally means the workflow loop did not attempt later sizes after the first failure.
unknown_not_attempted_after_prior_failure_or_no_matching_artifact_log_evidence,downloaded artifacts plus complete run log had no matching CSV/OK/TIMEOUT/CRASH event for this plan entry,Tier 2,syr2k,benchmark-results-syr2k,74088342847,completed,failure,2048,779,syr2k,2048,,,,,,,,unknown,,,No row-level terminal evidence for this plan entry in current run artifacts/logs; for failed jobs this generally means the workflow loop did not attempt later sizes after the first failure.
unknown_not_attempted_after_prior_failure_or_no_matching_artifact_log_evidence,downloaded artifacts plus complete run log had no matching CSV/OK/TIMEOUT/CRASH event for this plan entry,Tier 2,syr2k,benchmark-results-syr2k,74088342847,completed,failure,2560,780,syr2k,2560,,,,,,,,unknown,,,No row-level terminal evidence for this plan entry in current run artifacts/logs; for failed jobs this generally means the workflow loop did not attempt later sizes after the first failure.
unknown_not_attempted_after_prior_failure_or_no_matching_artifact_log_evidence,downloaded artifacts plus complete run log had no matching CSV/OK/TIMEOUT/CRASH event for this plan entry,Tier 2,syr2k,benchmark-results-syr2k,74088342847,completed,failure,3072,781,syr2k,3072,,,,,,,,unknown,,,No row-level terminal evidence for this plan entry in current run artifacts/logs; for failed jobs this generally means the workflow loop did not attempt later sizes after the first failure.
unknown_not_attempted_after_prior_failure_or_no_matching_artifact_log_evidence,downloaded artifacts plus complete run log had no matching CSV/OK/TIMEOUT/CRASH event for this plan entry,Tier 2,syr2k,benchmark-results-syr2k,74088342847,completed,failure,3584,782,syr2k,3584,,,,,,,,unknown,,,No row-level terminal evidence for this plan entry in current run artifacts/logs; for failed jobs this generally means the workflow loop did not attempt later sizes after the first failure.
unknown_not_attempted_after_prior_failure_or_no_matching_artifact_log_evidence,downloaded artifacts plus complete run log had no matching CSV/OK/TIMEOUT/CRASH event for this plan entry,Tier 2,syr2k,benchmark-results-syr2k,74088342847,completed,failure,4096,783,syr2k,4096,,,,,,,,unknown,,,No row-level terminal evidence for this plan entry in current run artifacts/logs; for failed jobs this generally means the workflow loop did not attempt later sizes after the first failure.
known_finished_from_downloaded_benchmark_results_csv_and_run_log_ok,downloaded artifact benchmark-results-syrk/results_syrk.csv line 2 plus run log line 41261,Tier 2,syrk,benchmark-results-syrk,74088342848,completed,failure,64,784,syrk,64,syrk,64,1,0.004632,0.004632,0.004632,2026-05-03T06:00:32.6710059Z,finished,41261,[OK] syrk 64 -> 0.004632 ms,Workflow-size invocation finished within the 3600s timeout and emitted a CSV row; matching method=artifact_csv_exact_kernel_size.
known_finished_from_downloaded_benchmark_results_csv_and_run_log_ok,downloaded artifact benchmark-results-syrk/results_syrk.csv line 3 plus run log line 41265,Tier 2,syrk,benchmark-results-syrk,74088342848,completed,failure,128,785,syrk,128,syrk,128,1,0.008655,0.008655,0.008655,2026-05-03T06:08:05.2170848Z,finished,41265,[OK] syrk 128 -> 0.008655 ms,Workflow-size invocation finished within the 3600s timeout and emitted a CSV row; matching method=artifact_csv_exact_kernel_size.
known_finished_from_downloaded_benchmark_results_csv_and_run_log_ok,downloaded artifact benchmark-results-syrk/results_syrk.csv line 4 plus run log line 41269,Tier 2,syrk,benchmark-results-syrk,74088342848,completed,failure,192,786,syrk,192,syrk,192,1,0.012906,0.012906,0.012906,2026-05-03T06:43:09.4695353Z,finished,41269,[OK] syrk 192 -> 0.012906 ms,Workflow-size invocation finished within the 3600s timeout and emitted a CSV row; matching method=artifact_csv_exact_kernel_size.
known_timed_out_3600s_from_run_log,run log line 41273,Tier 2,syrk,benchmark-results-syrk,74088342848,completed,failure,256,787,syrk,256,,,,,,,2026-05-03T07:43:09.5162664Z,timed_out_3600s,41273,##[warning]TIMEOUT: syrk 256 (>3600s),Workflow-size invocation failed before a usable CSV row for this plan entry; later entries in this benchmark job stop after first timeout/crash because the workflow loop breaks.
unknown_not_attempted_after_prior_failure_or_no_matching_artifact_log_evidence,downloaded artifacts plus complete run log had no matching CSV/OK/TIMEOUT/CRASH event for this plan entry,Tier 2,syrk,benchmark-results-syrk,74088342848,completed,failure,384,788,syrk,384,,,,,,,,unknown,,,No row-level terminal evidence for this plan entry in current run artifacts/logs; for failed jobs this generally means the workflow loop did not attempt later sizes after the first failure.
unknown_not_attempted_after_prior_failure_or_no_matching_artifact_log_evidence,downloaded artifacts plus complete run log had no matching CSV/OK/TIMEOUT/CRASH event for this plan entry,Tier 2,syrk,benchmark-results-syrk,74088342848,completed,failure,512,789,syrk,512,,,,,,,,unknown,,,No row-level terminal evidence for this plan entry in current run artifacts/logs; for failed jobs this generally means the workflow loop did not attempt later sizes after the first failure.
unknown_not_attempted_after_prior_failure_or_no_matching_artifact_log_evidence,downloaded artifacts plus complete run log had no matching CSV/OK/TIMEOUT/CRASH event for this plan entry,Tier 2,syrk,benchmark-results-syrk,74088342848,completed,failure,640,790,syrk,640,,,,,,,,unknown,,,No row-level terminal evidence for this plan entry in current run artifacts/logs; for failed jobs this generally means the workflow loop did not attempt later sizes after the first failure.
unknown_not_attempted_after_prior_failure_or_no_matching_artifact_log_evidence,downloaded artifacts plus complete run log had no matching CSV/OK/TIMEOUT/CRASH event for this plan entry,Tier 2,syrk,benchmark-results-syrk,74088342848,completed,failure,768,791,syrk,768,,,,,,,,unknown,,,No row-level terminal evidence for this plan entry in current run artifacts/logs; for failed jobs this generally means the workflow loop did not attempt later sizes after the first failure.
unknown_not_attempted_after_prior_failure_or_no_matching_artifact_log_evidence,downloaded artifacts plus complete run log had no matching CSV/OK/TIMEOUT/CRASH event for this plan entry,Tier 2,syrk,benchmark-results-syrk,74088342848,completed,failure,896,792,syrk,896,,,,,,,,unknown,,,No row-level terminal evidence for this plan entry in current run artifacts/logs; for failed jobs this generally means the workflow loop did not attempt later sizes after the first failure.
unknown_not_attempted_after_prior_failure_or_no_matching_artifact_log_evidence,downloaded artifacts plus complete run log had no matching CSV/OK/TIMEOUT/CRASH event for this plan entry,Tier 2,syrk,benchmark-results-syrk,74088342848,completed,failure,1024,793,syrk,1024,,,,,,,,unknown,,,No row-level terminal evidence for this plan entry in current run artifacts/logs; for failed jobs this generally means the workflow loop did not attempt later sizes after the first failure.
unknown_not_attempted_after_prior_failure_or_no_matching_artifact_log_evidence,downloaded artifacts plus complete run log had no matching CSV/OK/TIMEOUT/CRASH event for this plan entry,Tier 2,syrk,benchmark-results-syrk,74088342848,completed,failure,1280,794,syrk,1280,,,,,,,,unknown,,,No row-level terminal evidence for this plan entry in current run artifacts/logs; for failed jobs this generally means the workflow loop did not attempt later sizes after the first failure.
unknown_not_attempted_after_prior_failure_or_no_matching_artifact_log_evidence,downloaded artifacts plus complete run log had no matching CSV/OK/TIMEOUT/CRASH event for this plan entry,Tier 2,syrk,benchmark-results-syrk,74088342848,completed,failure,1536,795,syrk,1536,,,,,,,,unknown,,,No row-level terminal evidence for this plan entry in current run artifacts/logs; for failed jobs this generally means the workflow loop did not attempt later sizes after the first failure.
unknown_not_attempted_after_prior_failure_or_no_matching_artifact_log_evidence,downloaded artifacts plus complete run log had no matching CSV/OK/TIMEOUT/CRASH event for this plan entry,Tier 2,syrk,benchmark-results-syrk,74088342848,completed,failure,1792,796,syrk,1792,,,,,,,,unknown,,,No row-level terminal evidence for this plan entry in current run artifacts/logs; for failed jobs this generally means the workflow loop did not attempt later sizes after the first failure.
unknown_not_attempted_after_prior_failure_or_no_matching_artifact_log_evidence,downloaded artifacts plus complete run log had no matching CSV/OK/TIMEOUT/CRASH event for this plan entry,Tier 2,syrk,benchmark-results-syrk,74088342848,completed,failure,2048,797,syrk,2048,,,,,,,,unknown,,,No row-level terminal evidence for this plan entry in current run artifacts/logs; for failed jobs this generally means the workflow loop did not attempt later sizes after the first failure.
unknown_not_attempted_after_prior_failure_or_no_matching_artifact_log_evidence,downloaded artifacts plus complete run log had no matching CSV/OK/TIMEOUT/CRASH event for this plan entry,Tier 2,syrk,benchmark-results-syrk,74088342848,completed,failure,2560,798,syrk,2560,,,,,,,,unknown,,,No row-level terminal evidence for this plan entry in current run artifacts/logs; for failed jobs this generally means the workflow loop did not attempt later sizes after the first failure.
unknown_not_attempted_after_prior_failure_or_no_matching_artifact_log_evidence,downloaded artifacts plus complete run log had no matching CSV/OK/TIMEOUT/CRASH event for this plan entry,Tier 2,syrk,benchmark-results-syrk,74088342848,completed,failure,3072,799,syrk,3072,,,,,,,,unknown,,,No row-level terminal evidence for this plan entry in current run artifacts/logs; for failed jobs this generally means the workflow loop did not attempt later sizes after the first failure.
unknown_not_attempted_after_prior_failure_or_no_matching_artifact_log_evidence,downloaded artifacts plus complete run log had no matching CSV/OK/TIMEOUT/CRASH event for this plan entry,Tier 2,syrk,benchmark-results-syrk,74088342848,completed,failure,3584,800,syrk,3584,,,,,,,,unknown,,,No row-level terminal evidence for this plan entry in current run artifacts/logs; for failed jobs this generally means the workflow loop did not attempt later sizes after the first failure.
unknown_not_attempted_after_prior_failure_or_no_matching_artifact_log_evidence,downloaded artifacts plus complete run log had no matching CSV/OK/TIMEOUT/CRASH event for this plan entry,Tier 2,syrk,benchmark-results-syrk,74088342848,completed,failure,4096,801,syrk,4096,,,,,,,,unknown,,,No row-level terminal evidence for this plan entry in current run artifacts/logs; for failed jobs this generally means the workflow loop did not attempt later sizes after the first failure.
unknown_not_attempted_after_prior_failure_or_no_matching_artifact_log_evidence,downloaded artifacts plus complete run log had no matching CSV/OK/TIMEOUT/CRASH event for this plan entry,Tier 2,backprop,benchmark-results-backprop,74088342845,completed,failure,256,802,adjust_weights,256,,,,,,,,unknown,,,No row-level terminal evidence for this plan entry in current run artifacts/logs; for failed jobs this generally means the workflow loop did not attempt later sizes after the first failure.
known_finished_from_downloaded_benchmark_results_csv_and_run_log_ok,downloaded artifact benchmark-results-backprop/results_backprop.csv line 2 plus run log line 39730,Tier 2,backprop,benchmark-results-backprop,74088342845,completed,failure,256,803,layerforward,256,layerforward,256,1,0.010626,0.010626,0.010626,2026-05-03T06:16:09.6021281Z,finished,39730,[OK] backprop 256 -> 0.010626 ms,Workflow-size invocation finished within the 3600s timeout and emitted a CSV row; matching method=artifact_csv_exact_kernel_size.
unknown_not_attempted_after_prior_failure_or_no_matching_artifact_log_evidence,downloaded artifacts plus complete run log had no matching CSV/OK/TIMEOUT/CRASH event for this plan entry,Tier 2,backprop,benchmark-results-backprop,74088342845,completed,failure,512,804,adjust_weights,512,,,,,,,,unknown,,,No row-level terminal evidence for this plan entry in current run artifacts/logs; for failed jobs this generally means the workflow loop did not attempt later sizes after the first failure.
known_finished_from_downloaded_benchmark_results_csv_and_run_log_ok,downloaded artifact benchmark-results-backprop/results_backprop.csv line 4 plus run log line 39738,Tier 2,backprop,benchmark-results-backprop,74088342845,completed,failure,512,805,layerforward,512,layerforward,512,1,0.019919,0.019919,0.019919,2026-05-03T06:16:20.2218429Z,finished,39738,[OK] backprop 512 -> 0.019919 ms,Workflow-size invocation finished within the 3600s timeout and emitted a CSV row; matching method=artifact_csv_exact_kernel_size.
unknown_not_attempted_after_prior_failure_or_no_matching_artifact_log_evidence,downloaded artifacts plus complete run log had no matching CSV/OK/TIMEOUT/CRASH event for this plan entry,Tier 2,backprop,benchmark-results-backprop,74088342845,completed,failure,1024,806,adjust_weights,1024,,,,,,,,unknown,,,No row-level terminal evidence for this plan entry in current run artifacts/logs; for failed jobs this generally means the workflow loop did not attempt later sizes after the first failure.
known_finished_from_downloaded_benchmark_results_csv_and_run_log_ok,downloaded artifact benchmark-results-backprop/results_backprop.csv line 6 plus run log line 39746,Tier 2,backprop,benchmark-results-backprop,74088342845,completed,failure,1024,807,layerforward,1024,layerforward,1024,1,0.043525,0.043525,0.043525,2026-05-03T06:17:07.5753744Z,finished,39746,[OK] backprop 1024 -> 0.043525 ms,Workflow-size invocation finished within the 3600s timeout and emitted a CSV row; matching method=artifact_csv_exact_kernel_size.
unknown_not_attempted_after_prior_failure_or_no_matching_artifact_log_evidence,downloaded artifacts plus complete run log had no matching CSV/OK/TIMEOUT/CRASH event for this plan entry,Tier 2,backprop,benchmark-results-backprop,74088342845,completed,failure,2048,808,adjust_weights,2048,,,,,,,,unknown,,,No row-level terminal evidence for this plan entry in current run artifacts/logs; for failed jobs this generally means the workflow loop did not attempt later sizes after the first failure.
known_finished_from_downloaded_benchmark_results_csv_and_run_log_ok,downloaded artifact benchmark-results-backprop/results_backprop.csv line 8 plus run log line 39754,Tier 2,backprop,benchmark-results-backprop,74088342845,completed,failure,2048,809,layerforward,2048,layerforward,2048,1,0.101943,0.101943,0.101943,2026-05-03T06:20:51.2688024Z,finished,39754,[OK] backprop 2048 -> 0.101943 ms,Workflow-size invocation finished within the 3600s timeout and emitted a CSV row; matching method=artifact_csv_exact_kernel_size.
unknown_not_attempted_after_prior_failure_or_no_matching_artifact_log_evidence,downloaded artifacts plus complete run log had no matching CSV/OK/TIMEOUT/CRASH event for this plan entry,Tier 2,backprop,benchmark-results-backprop,74088342845,completed,failure,4096,810,adjust_weights,4096,,,,,,,,unknown,,,No row-level terminal evidence for this plan entry in current run artifacts/logs; for failed jobs this generally means the workflow loop did not attempt later sizes after the first failure.
known_finished_from_downloaded_benchmark_results_csv_and_run_log_ok,downloaded artifact benchmark-results-backprop/results_backprop.csv line 10 plus run log line 39762,Tier 2,backprop,benchmark-results-backprop,74088342845,completed,failure,4096,811,layerforward,4096,layerforward,4096,1,0.202691,0.202691,0.202691,2026-05-03T06:46:56.5225899Z,finished,39762,[OK] backprop 4096 -> 0.202691 ms,Workflow-size invocation finished within the 3600s timeout and emitted a CSV row; matching method=artifact_csv_exact_kernel_size.
known_timed_out_3600s_from_run_log,run log line 39770,Tier 2,backprop,benchmark-results-backprop,74088342845,completed,failure,8192,812,adjust_weights,8192,,,,,,,2026-05-03T08:04:23.2762388Z,timed_out_3600s,39770,##[warning]TIMEOUT: backprop 8192 (>3600s),Workflow-size invocation failed before a usable CSV row for this plan entry; later entries in this benchmark job stop after first timeout/crash because the workflow loop breaks.
known_timed_out_3600s_from_run_log,run log line 39770,Tier 2,backprop,benchmark-results-backprop,74088342845,completed,failure,8192,813,layerforward,8192,,,,,,,2026-05-03T08:04:23.2762388Z,timed_out_3600s,39770,##[warning]TIMEOUT: backprop 8192 (>3600s),Workflow-size invocation failed before a usable CSV row for this plan entry; later entries in this benchmark job stop after first timeout/crash because the workflow loop breaks.
unknown_not_attempted_after_prior_failure_or_no_matching_artifact_log_evidence,downloaded artifacts plus complete run log had no matching CSV/OK/TIMEOUT/CRASH event for this plan entry,Tier 2,backprop,benchmark-results-backprop,74088342845,completed,failure,16384,814,adjust_weights,16384,,,,,,,,unknown,,,No row-level terminal evidence for this plan entry in current run artifacts/logs; for failed jobs this generally means the workflow loop did not attempt later sizes after the first failure.
unknown_not_attempted_after_prior_failure_or_no_matching_artifact_log_evidence,downloaded artifacts plus complete run log had no matching CSV/OK/TIMEOUT/CRASH event for this plan entry,Tier 2,backprop,benchmark-results-backprop,74088342845,completed,failure,16384,815,layerforward,16384,,,,,,,,unknown,,,No row-level terminal evidence for this plan entry in current run artifacts/logs; for failed jobs this generally means the workflow loop did not attempt later sizes after the first failure.
unknown_not_attempted_after_prior_failure_or_no_matching_artifact_log_evidence,downloaded artifacts plus complete run log had no matching CSV/OK/TIMEOUT/CRASH event for this plan entry,Tier 2,backprop,benchmark-results-backprop,74088342845,completed,failure,32768,816,adjust_weights,32768,,,,,,,,unknown,,,No row-level terminal evidence for this plan entry in current run artifacts/logs; for failed jobs this generally means the workflow loop did not attempt later sizes after the first failure.
unknown_not_attempted_after_prior_failure_or_no_matching_artifact_log_evidence,downloaded artifacts plus complete run log had no matching CSV/OK/TIMEOUT/CRASH event for this plan entry,Tier 2,backprop,benchmark-results-backprop,74088342845,completed,failure,32768,817,layerforward,32768,,,,,,,,unknown,,,No row-level terminal evidence for this plan entry in current run artifacts/logs; for failed jobs this generally means the workflow loop did not attempt later sizes after the first failure.
unknown_not_attempted_after_prior_failure_or_no_matching_artifact_log_evidence,downloaded artifacts plus complete run log had no matching CSV/OK/TIMEOUT/CRASH event for this plan entry,Tier 2,backprop,benchmark-results-backprop,74088342845,completed,failure,65536,818,adjust_weights,65536,,,,,,,,unknown,,,No row-level terminal evidence for this plan entry in current run artifacts/logs; for failed jobs this generally means the workflow loop did not attempt later sizes after the first failure.
unknown_not_attempted_after_prior_failure_or_no_matching_artifact_log_evidence,downloaded artifacts plus complete run log had no matching CSV/OK/TIMEOUT/CRASH event for this plan entry,Tier 2,backprop,benchmark-results-backprop,74088342845,completed,failure,65536,819,layerforward,65536,,,,,,,,unknown,,,No row-level terminal evidence for this plan entry in current run artifacts/logs; for failed jobs this generally means the workflow loop did not attempt later sizes after the first failure.
unknown_not_attempted_after_prior_failure_or_no_matching_artifact_log_evidence,downloaded artifacts plus complete run log had no matching CSV/OK/TIMEOUT/CRASH event for this plan entry,Tier 2,backprop,benchmark-results-backprop,74088342845,completed,failure,131072,820,adjust_weights,131072,,,,,,,,unknown,,,No row-level terminal evidence for this plan entry in current run artifacts/logs; for failed jobs this generally means the workflow loop did not attempt later sizes after the first failure.
unknown_not_attempted_after_prior_failure_or_no_matching_artifact_log_evidence,downloaded artifacts plus complete run log had no matching CSV/OK/TIMEOUT/CRASH event for this plan entry,Tier 2,backprop,benchmark-results-backprop,74088342845,completed,failure,131072,821,layerforward,131072,,,,,,,,unknown,,,No row-level terminal evidence for this plan entry in current run artifacts/logs; for failed jobs this generally means the workflow loop did not attempt later sizes after the first failure.
unknown_not_attempted_after_prior_failure_or_no_matching_artifact_log_evidence,downloaded artifacts plus complete run log had no matching CSV/OK/TIMEOUT/CRASH event for this plan entry,Tier 2,backprop,benchmark-results-backprop,74088342845,completed,failure,262144,822,adjust_weights,262144,,,,,,,,unknown,,,No row-level terminal evidence for this plan entry in current run artifacts/logs; for failed jobs this generally means the workflow loop did not attempt later sizes after the first failure.
unknown_not_attempted_after_prior_failure_or_no_matching_artifact_log_evidence,downloaded artifacts plus complete run log had no matching CSV/OK/TIMEOUT/CRASH event for this plan entry,Tier 2,backprop,benchmark-results-backprop,74088342845,completed,failure,262144,823,layerforward,262144,,,,,,,,unknown,,,No row-level terminal evidence for this plan entry in current run artifacts/logs; for failed jobs this generally means the workflow loop did not attempt later sizes after the first failure.
unknown_not_attempted_after_prior_failure_or_no_matching_artifact_log_evidence,downloaded artifacts plus complete run log had no matching CSV/OK/TIMEOUT/CRASH event for this plan entry,Tier 2,backprop,benchmark-results-backprop,74088342845,completed,failure,524288,824,adjust_weights,524288,,,,,,,,unknown,,,No row-level terminal evidence for this plan entry in current run artifacts/logs; for failed jobs this generally means the workflow loop did not attempt later sizes after the first failure.
unknown_not_attempted_after_prior_failure_or_no_matching_artifact_log_evidence,downloaded artifacts plus complete run log had no matching CSV/OK/TIMEOUT/CRASH event for this plan entry,Tier 2,backprop,benchmark-results-backprop,74088342845,completed,failure,524288,825,layerforward,524288,,,,,,,,unknown,,,No row-level terminal evidence for this plan entry in current run artifacts/logs; for failed jobs this generally means the workflow loop did not attempt later sizes after the first failure.
unknown_not_attempted_after_prior_failure_or_no_matching_artifact_log_evidence,downloaded artifacts plus complete run log had no matching CSV/OK/TIMEOUT/CRASH event for this plan entry,Tier 2,backprop,benchmark-results-backprop,74088342845,completed,failure,1048576,826,adjust_weights,1048576,,,,,,,,unknown,,,No row-level terminal evidence for this plan entry in current run artifacts/logs; for failed jobs this generally means the workflow loop did not attempt later sizes after the first failure.
unknown_not_attempted_after_prior_failure_or_no_matching_artifact_log_evidence,downloaded artifacts plus complete run log had no matching CSV/OK/TIMEOUT/CRASH event for this plan entry,Tier 2,backprop,benchmark-results-backprop,74088342845,completed,failure,1048576,827,layerforward,1048576,,,,,,,,unknown,,,No row-level terminal evidence for this plan entry in current run artifacts/logs; for failed jobs this generally means the workflow loop did not attempt later sizes after the first failure.
unknown_not_attempted_after_prior_failure_or_no_matching_artifact_log_evidence,downloaded artifacts plus complete run log had no matching CSV/OK/TIMEOUT/CRASH event for this plan entry,Tier 2,backprop,benchmark-results-backprop,74088342845,completed,failure,1572864,828,adjust_weights,1572864,,,,,,,,unknown,,,No row-level terminal evidence for this plan entry in current run artifacts/logs; for failed jobs this generally means the workflow loop did not attempt later sizes after the first failure.
unknown_not_attempted_after_prior_failure_or_no_matching_artifact_log_evidence,downloaded artifacts plus complete run log had no matching CSV/OK/TIMEOUT/CRASH event for this plan entry,Tier 2,backprop,benchmark-results-backprop,74088342845,completed,failure,1572864,829,layerforward,1572864,,,,,,,,unknown,,,No row-level terminal evidence for this plan entry in current run artifacts/logs; for failed jobs this generally means the workflow loop did not attempt later sizes after the first failure.
unknown_not_attempted_after_prior_failure_or_no_matching_artifact_log_evidence,downloaded artifacts plus complete run log had no matching CSV/OK/TIMEOUT/CRASH event for this plan entry,Tier 2,backprop,benchmark-results-backprop,74088342845,completed,failure,2097152,830,adjust_weights,2097152,,,,,,,,unknown,,,No row-level terminal evidence for this plan entry in current run artifacts/logs; for failed jobs this generally means the workflow loop did not attempt later sizes after the first failure.
unknown_not_attempted_after_prior_failure_or_no_matching_artifact_log_evidence,downloaded artifacts plus complete run log had no matching CSV/OK/TIMEOUT/CRASH event for this plan entry,Tier 2,backprop,benchmark-results-backprop,74088342845,completed,failure,2097152,831,layerforward,2097152,,,,,,,,unknown,,,No row-level terminal evidence for this plan entry in current run artifacts/logs; for failed jobs this generally means the workflow loop did not attempt later sizes after the first failure.
unknown_not_attempted_after_prior_failure_or_no_matching_artifact_log_evidence,downloaded artifacts plus complete run log had no matching CSV/OK/TIMEOUT/CRASH event for this plan entry,Tier 2,backprop,benchmark-results-backprop,74088342845,completed,failure,2621440,832,adjust_weights,2621440,,,,,,,,unknown,,,No row-level terminal evidence for this plan entry in current run artifacts/logs; for failed jobs this generally means the workflow loop did not attempt later sizes after the first failure.
unknown_not_attempted_after_prior_failure_or_no_matching_artifact_log_evidence,downloaded artifacts plus complete run log had no matching CSV/OK/TIMEOUT/CRASH event for this plan entry,Tier 2,backprop,benchmark-results-backprop,74088342845,completed,failure,2621440,833,layerforward,2621440,,,,,,,,unknown,,,No row-level terminal evidence for this plan entry in current run artifacts/logs; for failed jobs this generally means the workflow loop did not attempt later sizes after the first failure.
unknown_not_attempted_after_prior_failure_or_no_matching_artifact_log_evidence,downloaded artifacts plus complete run log had no matching CSV/OK/TIMEOUT/CRASH event for this plan entry,Tier 2,backprop,benchmark-results-backprop,74088342845,completed,failure,3145728,834,adjust_weights,3145728,,,,,,,,unknown,,,No row-level terminal evidence for this plan entry in current run artifacts/logs; for failed jobs this generally means the workflow loop did not attempt later sizes after the first failure.
unknown_not_attempted_after_prior_failure_or_no_matching_artifact_log_evidence,downloaded artifacts plus complete run log had no matching CSV/OK/TIMEOUT/CRASH event for this plan entry,Tier 2,backprop,benchmark-results-backprop,74088342845,completed,failure,3145728,835,layerforward,3145728,,,,,,,,unknown,,,No row-level terminal evidence for this plan entry in current run artifacts/logs; for failed jobs this generally means the workflow loop did not attempt later sizes after the first failure.
unknown_not_attempted_after_prior_failure_or_no_matching_artifact_log_evidence,downloaded artifacts plus complete run log had no matching CSV/OK/TIMEOUT/CRASH event for this plan entry,Tier 2,backprop,benchmark-results-backprop,74088342845,completed,failure,4194304,836,adjust_weights,4194304,,,,,,,,unknown,,,No row-level terminal evidence for this plan entry in current run artifacts/logs; for failed jobs this generally means the workflow loop did not attempt later sizes after the first failure.
unknown_not_attempted_after_prior_failure_or_no_matching_artifact_log_evidence,downloaded artifacts plus complete run log had no matching CSV/OK/TIMEOUT/CRASH event for this plan entry,Tier 2,backprop,benchmark-results-backprop,74088342845,completed,failure,4194304,837,layerforward,4194304,,,,,,,,unknown,,,No row-level terminal evidence for this plan entry in current run artifacts/logs; for failed jobs this generally means the workflow loop did not attempt later sizes after the first failure.
known_finished_from_downloaded_benchmark_results_csv_and_run_log_ok,downloaded artifact benchmark-results-gaussian/results_gaussian.csv line 2 plus run log line 42118,Tier 2,gaussian,benchmark-results-gaussian,74088342852,completed,failure,32,838,gaussian,32,gaussian,32,1,0.031374,0.031374,0.031374,2026-05-03T06:16:51.9295419Z,finished,42118,[OK] gaussian 32 -> 0.031374 ms,Workflow-size invocation finished within the 3600s timeout and emitted a CSV row; matching method=artifact_csv_exact_kernel_size.
known_finished_from_downloaded_benchmark_results_csv_and_run_log_ok,downloaded artifact benchmark-results-gaussian/results_gaussian.csv line 3 plus run log line 42122,Tier 2,gaussian,benchmark-results-gaussian,74088342852,completed,failure,48,839,gaussian,48,gaussian,48,1,0.045708,0.045708,0.045708,2026-05-03T06:16:59.9512755Z,finished,42122,[OK] gaussian 48 -> 0.045708 ms,Workflow-size invocation finished within the 3600s timeout and emitted a CSV row; matching method=artifact_csv_exact_kernel_size.
known_finished_from_downloaded_benchmark_results_csv_and_run_log_ok,downloaded artifact benchmark-results-gaussian/results_gaussian.csv line 4 plus run log line 42126,Tier 2,gaussian,benchmark-results-gaussian,74088342852,completed,failure,64,840,gaussian,64,gaussian,64,1,0.073218,0.073218,0.073218,2026-05-03T06:17:16.6727254Z,finished,42126,[OK] gaussian 64 -> 0.073218 ms,Workflow-size invocation finished within the 3600s timeout and emitted a CSV row; matching method=artifact_csv_exact_kernel_size.
known_finished_from_downloaded_benchmark_results_csv_and_run_log_ok,downloaded artifact benchmark-results-gaussian/results_gaussian.csv line 5 plus run log line 42130,Tier 2,gaussian,benchmark-results-gaussian,74088342852,completed,failure,96,841,gaussian,96,gaussian,96,1,0.131427,0.131427,0.131427,2026-05-03T06:18:53.7634052Z,finished,42130,[OK] gaussian 96 -> 0.131427 ms,Workflow-size invocation finished within the 3600s timeout and emitted a CSV row; matching method=artifact_csv_exact_kernel_size.
known_finished_from_downloaded_benchmark_results_csv_and_run_log_ok,downloaded artifact benchmark-results-gaussian/results_gaussian.csv line 6 plus run log line 42134,Tier 2,gaussian,benchmark-results-gaussian,74088342852,completed,failure,128,842,gaussian,128,gaussian,128,1,0.184656,0.184656,0.184656,2026-05-03T06:25:24.3846742Z,finished,42134,[OK] gaussian 128 -> 0.184656 ms,Workflow-size invocation finished within the 3600s timeout and emitted a CSV row; matching method=artifact_csv_exact_kernel_size.
known_timed_out_3600s_from_run_log,run log line 42138,Tier 2,gaussian,benchmark-results-gaussian,74088342852,completed,failure,192,843,gaussian,192,,,,,,,2026-05-03T07:25:24.4871211Z,timed_out_3600s,42138,##[warning]TIMEOUT: gaussian 192 (>3600s),Workflow-size invocation failed before a usable CSV row for this plan entry; later entries in this benchmark job stop after first timeout/crash because the workflow loop breaks.
unknown_not_attempted_after_prior_failure_or_no_matching_artifact_log_evidence,downloaded artifacts plus complete run log had no matching CSV/OK/TIMEOUT/CRASH event for this plan entry,Tier 2,gaussian,benchmark-results-gaussian,74088342852,completed,failure,256,844,gaussian,256,,,,,,,,unknown,,,No row-level terminal evidence for this plan entry in current run artifacts/logs; for failed jobs this generally means the workflow loop did not attempt later sizes after the first failure.
unknown_not_attempted_after_prior_failure_or_no_matching_artifact_log_evidence,downloaded artifacts plus complete run log had no matching CSV/OK/TIMEOUT/CRASH event for this plan entry,Tier 2,gaussian,benchmark-results-gaussian,74088342852,completed,failure,384,845,gaussian,384,,,,,,,,unknown,,,No row-level terminal evidence for this plan entry in current run artifacts/logs; for failed jobs this generally means the workflow loop did not attempt later sizes after the first failure.
unknown_not_attempted_after_prior_failure_or_no_matching_artifact_log_evidence,downloaded artifacts plus complete run log had no matching CSV/OK/TIMEOUT/CRASH event for this plan entry,Tier 2,gaussian,benchmark-results-gaussian,74088342852,completed,failure,512,846,gaussian,512,,,,,,,,unknown,,,No row-level terminal evidence for this plan entry in current run artifacts/logs; for failed jobs this generally means the workflow loop did not attempt later sizes after the first failure.
unknown_not_attempted_after_prior_failure_or_no_matching_artifact_log_evidence,downloaded artifacts plus complete run log had no matching CSV/OK/TIMEOUT/CRASH event for this plan entry,Tier 2,gaussian,benchmark-results-gaussian,74088342852,completed,failure,640,847,gaussian,640,,,,,,,,unknown,,,No row-level terminal evidence for this plan entry in current run artifacts/logs; for failed jobs this generally means the workflow loop did not attempt later sizes after the first failure.
unknown_not_attempted_after_prior_failure_or_no_matching_artifact_log_evidence,downloaded artifacts plus complete run log had no matching CSV/OK/TIMEOUT/CRASH event for this plan entry,Tier 2,gaussian,benchmark-results-gaussian,74088342852,completed,failure,768,848,gaussian,768,,,,,,,,unknown,,,No row-level terminal evidence for this plan entry in current run artifacts/logs; for failed jobs this generally means the workflow loop did not attempt later sizes after the first failure.
unknown_not_attempted_after_prior_failure_or_no_matching_artifact_log_evidence,downloaded artifacts plus complete run log had no matching CSV/OK/TIMEOUT/CRASH event for this plan entry,Tier 2,gaussian,benchmark-results-gaussian,74088342852,completed,failure,1280,849,gaussian,1280,,,,,,,,unknown,,,No row-level terminal evidence for this plan entry in current run artifacts/logs; for failed jobs this generally means the workflow loop did not attempt later sizes after the first failure.
unknown_not_attempted_after_prior_failure_or_no_matching_artifact_log_evidence,downloaded artifacts plus complete run log had no matching CSV/OK/TIMEOUT/CRASH event for this plan entry,Tier 2,gaussian,benchmark-results-gaussian,74088342852,completed,failure,1536,850,gaussian,1536,,,,,,,,unknown,,,No row-level terminal evidence for this plan entry in current run artifacts/logs; for failed jobs this generally means the workflow loop did not attempt later sizes after the first failure.
unknown_not_attempted_after_prior_failure_or_no_matching_artifact_log_evidence,downloaded artifacts plus complete run log had no matching CSV/OK/TIMEOUT/CRASH event for this plan entry,Tier 2,gaussian,benchmark-results-gaussian,74088342852,completed,failure,2560,851,gaussian,2560,,,,,,,,unknown,,,No row-level terminal evidence for this plan entry in current run artifacts/logs; for failed jobs this generally means the workflow loop did not attempt later sizes after the first failure.
known_finished_from_downloaded_benchmark_results_csv_and_run_log_ok,downloaded artifact benchmark-results-hotspot3D/results_hotspot3D.csv line 2 plus run log line 38864,Tier 2,hotspot3D,benchmark-results-hotspot3D,74088342842,completed,failure,8,852,hotspot3d,8,hotspot3D,8,1,0.017585,0.017585,0.017585,2026-05-03T06:18:36.0741923Z,finished,38864,[OK] hotspot3D 8 -> 0.017585 ms,Workflow-size invocation finished within the 3600s timeout and emitted a CSV row; matching method=artifact_csv_exact_kernel_size.
known_finished_from_downloaded_benchmark_results_csv_and_run_log_ok,downloaded artifact benchmark-results-hotspot3D/results_hotspot3D.csv line 3 plus run log line 38868,Tier 2,hotspot3D,benchmark-results-hotspot3D,74088342842,completed,failure,16,853,hotspot3d,16,hotspot3D,16,1,0.034560,0.034560,0.034560,2026-05-03T06:18:45.5700669Z,finished,38868,[OK] hotspot3D 16 -> 0.034560 ms,Workflow-size invocation finished within the 3600s timeout and emitted a CSV row; matching method=artifact_csv_exact_kernel_size.
known_finished_from_downloaded_benchmark_results_csv_and_run_log_ok,downloaded artifact benchmark-results-hotspot3D/results_hotspot3D.csv line 4 plus run log line 38872,Tier 2,hotspot3D,benchmark-results-hotspot3D,74088342842,completed,failure,24,854,hotspot3d,24,hotspot3D,24,1,0.051304,0.051304,0.051304,2026-05-03T06:19:30.3417112Z,finished,38872,[OK] hotspot3D 24 -> 0.051304 ms,Workflow-size invocation finished within the 3600s timeout and emitted a CSV row; matching method=artifact_csv_exact_kernel_size.
known_finished_from_downloaded_benchmark_results_csv_and_run_log_ok,downloaded artifact benchmark-results-hotspot3D/results_hotspot3D.csv line 5 plus run log line 38876,Tier 2,hotspot3D,benchmark-results-hotspot3D,74088342842,completed,failure,32,855,hotspot3d,32,hotspot3D,32,1,0.070598,0.070598,0.070598,2026-05-03T06:21:33.1926554Z,finished,38876,[OK] hotspot3D 32 -> 0.070598 ms,Workflow-size invocation finished within the 3600s timeout and emitted a CSV row; matching method=artifact_csv_exact_kernel_size.
known_finished_from_downloaded_benchmark_results_csv_and_run_log_ok,downloaded artifact benchmark-results-hotspot3D/results_hotspot3D.csv line 6 plus run log line 38880,Tier 2,hotspot3D,benchmark-results-hotspot3D,74088342842,completed,failure,48,856,hotspot3d,48,hotspot3D,48,1,0.101738,0.101738,0.101738,2026-05-03T06:48:05.7933749Z,finished,38880,[OK] hotspot3D 48 -> 0.101738 ms,Workflow-size invocation finished within the 3600s timeout and emitted a CSV row; matching method=artifact_csv_exact_kernel_size.
known_timed_out_3600s_from_run_log,run log line 38884,Tier 2,hotspot3D,benchmark-results-hotspot3D,74088342842,completed,failure,64,857,hotspot3d,64,,,,,,,2026-05-03T07:48:05.8458282Z,timed_out_3600s,38884,##[warning]TIMEOUT: hotspot3D 64 (>3600s),Workflow-size invocation failed before a usable CSV row for this plan entry; later entries in this benchmark job stop after first timeout/crash because the workflow loop breaks.
unknown_not_attempted_after_prior_failure_or_no_matching_artifact_log_evidence,downloaded artifacts plus complete run log had no matching CSV/OK/TIMEOUT/CRASH event for this plan entry,Tier 2,hotspot3D,benchmark-results-hotspot3D,74088342842,completed,failure,80,858,hotspot3d,80,,,,,,,,unknown,,,No row-level terminal evidence for this plan entry in current run artifacts/logs; for failed jobs this generally means the workflow loop did not attempt later sizes after the first failure.
unknown_not_attempted_after_prior_failure_or_no_matching_artifact_log_evidence,downloaded artifacts plus complete run log had no matching CSV/OK/TIMEOUT/CRASH event for this plan entry,Tier 2,hotspot3D,benchmark-results-hotspot3D,74088342842,completed,failure,96,859,hotspot3d,96,,,,,,,,unknown,,,No row-level terminal evidence for this plan entry in current run artifacts/logs; for failed jobs this generally means the workflow loop did not attempt later sizes after the first failure.
unknown_not_attempted_after_prior_failure_or_no_matching_artifact_log_evidence,downloaded artifacts plus complete run log had no matching CSV/OK/TIMEOUT/CRASH event for this plan entry,Tier 2,hotspot3D,benchmark-results-hotspot3D,74088342842,completed,failure,112,860,hotspot3d,112,,,,,,,,unknown,,,No row-level terminal evidence for this plan entry in current run artifacts/logs; for failed jobs this generally means the workflow loop did not attempt later sizes after the first failure.
unknown_not_attempted_after_prior_failure_or_no_matching_artifact_log_evidence,downloaded artifacts plus complete run log had no matching CSV/OK/TIMEOUT/CRASH event for this plan entry,Tier 2,hotspot3D,benchmark-results-hotspot3D,74088342842,completed,failure,128,861,hotspot3d,128,,,,,,,,unknown,,,No row-level terminal evidence for this plan entry in current run artifacts/logs; for failed jobs this generally means the workflow loop did not attempt later sizes after the first failure.
unknown_not_attempted_after_prior_failure_or_no_matching_artifact_log_evidence,downloaded artifacts plus complete run log had no matching CSV/OK/TIMEOUT/CRASH event for this plan entry,Tier 2,hotspot3D,benchmark-results-hotspot3D,74088342842,completed,failure,160,862,hotspot3d,160,,,,,,,,unknown,,,No row-level terminal evidence for this plan entry in current run artifacts/logs; for failed jobs this generally means the workflow loop did not attempt later sizes after the first failure.
unknown_not_attempted_after_prior_failure_or_no_matching_artifact_log_evidence,downloaded artifacts plus complete run log had no matching CSV/OK/TIMEOUT/CRASH event for this plan entry,Tier 2,hotspot3D,benchmark-results-hotspot3D,74088342842,completed,failure,192,863,hotspot3d,192,,,,,,,,unknown,,,No row-level terminal evidence for this plan entry in current run artifacts/logs; for failed jobs this generally means the workflow loop did not attempt later sizes after the first failure.
unknown_not_attempted_after_prior_failure_or_no_matching_artifact_log_evidence,downloaded artifacts plus complete run log had no matching CSV/OK/TIMEOUT/CRASH event for this plan entry,Tier 2,hotspot3D,benchmark-results-hotspot3D,74088342842,completed,failure,224,864,hotspot3d,224,,,,,,,,unknown,,,No row-level terminal evidence for this plan entry in current run artifacts/logs; for failed jobs this generally means the workflow loop did not attempt later sizes after the first failure.
unknown_not_attempted_after_prior_failure_or_no_matching_artifact_log_evidence,downloaded artifacts plus complete run log had no matching CSV/OK/TIMEOUT/CRASH event for this plan entry,Tier 2,hotspot3D,benchmark-results-hotspot3D,74088342842,completed,failure,256,865,hotspot3d,256,,,,,,,,unknown,,,No row-level terminal evidence for this plan entry in current run artifacts/logs; for failed jobs this generally means the workflow loop did not attempt later sizes after the first failure.
unknown_not_attempted_after_prior_failure_or_no_matching_artifact_log_evidence,downloaded artifacts plus complete run log had no matching CSV/OK/TIMEOUT/CRASH event for this plan entry,Tier 2,hotspot3D,benchmark-results-hotspot3D,74088342842,completed,failure,320,866,hotspot3d,320,,,,,,,,unknown,,,No row-level terminal evidence for this plan entry in current run artifacts/logs; for failed jobs this generally means the workflow loop did not attempt later sizes after the first failure.
unknown_not_attempted_after_prior_failure_or_no_matching_artifact_log_evidence,downloaded artifacts plus complete run log had no matching CSV/OK/TIMEOUT/CRASH event for this plan entry,Tier 2,hotspot3D,benchmark-results-hotspot3D,74088342842,completed,failure,384,867,hotspot3d,384,,,,,,,,unknown,,,No row-level terminal evidence for this plan entry in current run artifacts/logs; for failed jobs this generally means the workflow loop did not attempt later sizes after the first failure.
unknown_not_attempted_after_prior_failure_or_no_matching_artifact_log_evidence,downloaded artifacts plus complete run log had no matching CSV/OK/TIMEOUT/CRASH event for this plan entry,Tier 2,hotspot3D,benchmark-results-hotspot3D,74088342842,completed,failure,448,868,hotspot3d,448,,,,,,,,unknown,,,No row-level terminal evidence for this plan entry in current run artifacts/logs; for failed jobs this generally means the workflow loop did not attempt later sizes after the first failure.
unknown_not_attempted_after_prior_failure_or_no_matching_artifact_log_evidence,downloaded artifacts plus complete run log had no matching CSV/OK/TIMEOUT/CRASH event for this plan entry,Tier 2,hotspot3D,benchmark-results-hotspot3D,74088342842,completed,failure,512,869,hotspot3d,512,,,,,,,,unknown,,,No row-level terminal evidence for this plan entry in current run artifacts/logs; for failed jobs this generally means the workflow loop did not attempt later sizes after the first failure.
known_finished_from_downloaded_benchmark_results_csv_and_run_log_ok,downloaded artifact benchmark-results-huffman/results_huffman.csv line 2 plus run log line 42775,Tier 2,huffman,benchmark-results-huffman,74088342855,completed,failure,1024,870,huffman,1024,huffman,1024,1,0.001318,0.001318,0.001318,2026-05-03T06:19:39.8356352Z,finished,42775,[OK] huffman 1024 -> 0.001318 ms,Workflow-size invocation finished within the 3600s timeout and emitted a CSV row; matching method=artifact_csv_exact_kernel_size.
known_finished_from_downloaded_benchmark_results_csv_and_run_log_ok,downloaded artifact benchmark-results-huffman/results_huffman.csv line 3 plus run log line 42779,Tier 2,huffman,benchmark-results-huffman,74088342855,completed,failure,2048,871,huffman,2048,huffman,2048,1,0.001319,0.001319,0.001319,2026-05-03T06:19:40.1311281Z,finished,42779,[OK] huffman 2048 -> 0.001319 ms,Workflow-size invocation finished within the 3600s timeout and emitted a CSV row; matching method=artifact_csv_exact_kernel_size.
known_finished_from_downloaded_benchmark_results_csv_and_run_log_ok,downloaded artifact benchmark-results-huffman/results_huffman.csv line 4 plus run log line 42783,Tier 2,huffman,benchmark-results-huffman,74088342855,completed,failure,4096,872,huffman,4096,huffman,4096,1,0.001320,0.001320,0.001320,2026-05-03T06:19:40.5657167Z,finished,42783,[OK] huffman 4096 -> 0.001320 ms,Workflow-size invocation finished within the 3600s timeout and emitted a CSV row; matching method=artifact_csv_exact_kernel_size.
known_finished_from_downloaded_benchmark_results_csv_and_run_log_ok,downloaded artifact benchmark-results-huffman/results_huffman.csv line 5 plus run log line 42787,Tier 2,huffman,benchmark-results-huffman,74088342855,completed,failure,8192,873,huffman,8192,huffman,8192,1,0.001816,0.001816,0.001816,2026-05-03T06:19:42.8926780Z,finished,42787,[OK] huffman 8192 -> 0.001816 ms,Workflow-size invocation finished within the 3600s timeout and emitted a CSV row; matching method=artifact_csv_exact_kernel_size.
known_finished_from_downloaded_benchmark_results_csv_and_run_log_ok,downloaded artifact benchmark-results-huffman/results_huffman.csv line 6 plus run log line 42791,Tier 2,huffman,benchmark-results-huffman,74088342855,completed,failure,16384,874,huffman,16384,huffman,16384,1,0.002086,0.002086,0.002086,2026-05-03T06:19:48.3956421Z,finished,42791,[OK] huffman 16384 -> 0.002086 ms,Workflow-size invocation finished within the 3600s timeout and emitted a CSV row; matching method=artifact_csv_exact_kernel_size.
known_finished_from_downloaded_benchmark_results_csv_and_run_log_ok,downloaded artifact benchmark-results-huffman/results_huffman.csv line 7 plus run log line 42795,Tier 2,huffman,benchmark-results-huffman,74088342855,completed,failure,32768,875,huffman,32768,huffman,32768,1,0.002422,0.002422,0.002422,2026-05-03T06:19:59.8062784Z,finished,42795,[OK] huffman 32768 -> 0.002422 ms,Workflow-size invocation finished within the 3600s timeout and emitted a CSV row; matching method=artifact_csv_exact_kernel_size.
known_finished_from_downloaded_benchmark_results_csv_and_run_log_ok,downloaded artifact benchmark-results-huffman/results_huffman.csv line 8 plus run log line 42799,Tier 2,huffman,benchmark-results-huffman,74088342855,completed,failure,65536,876,huffman,65536,huffman,65536,1,0.002067,0.002067,0.002067,2026-05-03T06:20:35.5700868Z,finished,42799,[OK] huffman 65536 -> 0.002067 ms,Workflow-size invocation finished within the 3600s timeout and emitted a CSV row; matching method=artifact_csv_exact_kernel_size.
known_finished_from_downloaded_benchmark_results_csv_and_run_log_ok,downloaded artifact benchmark-results-huffman/results_huffman.csv line 9 plus run log line 42803,Tier 2,huffman,benchmark-results-huffman,74088342855,completed,failure,131072,877,huffman,131072,huffman,131072,1,0.003784,0.003784,0.003784,2026-05-03T06:22:24.8421158Z,finished,42803,[OK] huffman 131072 -> 0.003784 ms,Workflow-size invocation finished within the 3600s timeout and emitted a CSV row; matching method=artifact_csv_exact_kernel_size.
known_finished_from_downloaded_benchmark_results_csv_and_run_log_ok,downloaded artifact benchmark-results-huffman/results_huffman.csv line 10 plus run log line 42807,Tier 2,huffman,benchmark-results-huffman,74088342855,completed,failure,262144,878,huffman,262144,huffman,262144,1,0.005445,0.005445,0.005445,2026-05-03T06:26:55.0117038Z,finished,42807,[OK] huffman 262144 -> 0.005445 ms,Workflow-size invocation finished within the 3600s timeout and emitted a CSV row; matching method=artifact_csv_exact_kernel_size.
known_finished_from_downloaded_benchmark_results_csv_and_run_log_ok,downloaded artifact benchmark-results-huffman/results_huffman.csv line 11 plus run log line 42811,Tier 2,huffman,benchmark-results-huffman,74088342855,completed,failure,524288,879,huffman,524288,huffman,524288,1,0.010119,0.010119,0.010119,2026-05-03T06:38:38.9511085Z,finished,42811,[OK] huffman 524288 -> 0.010119 ms,Workflow-size invocation finished within the 3600s timeout and emitted a CSV row; matching method=artifact_csv_exact_kernel_size.
known_finished_from_downloaded_benchmark_results_csv_and_run_log_ok,downloaded artifact benchmark-results-huffman/results_huffman.csv line 12 plus run log line 42815,Tier 2,huffman,benchmark-results-huffman,74088342855,completed,failure,1048576,880,huffman,1048576,huffman,1048576,1,0.021203,0.021203,0.021203,2026-05-03T07:20:44.7092506Z,finished,42815,[OK] huffman 1048576 -> 0.021203 ms,Workflow-size invocation finished within the 3600s timeout and emitted a CSV row; matching method=artifact_csv_exact_kernel_size.
known_timed_out_3600s_from_run_log,run log line 42819,Tier 2,huffman,benchmark-results-huffman,74088342855,completed,failure,2097152,881,huffman,2097152,,,,,,,2026-05-03T08:20:44.8881541Z,timed_out_3600s,42819,##[warning]TIMEOUT: huffman 2097152 (>3600s),Workflow-size invocation failed before a usable CSV row for this plan entry; later entries in this benchmark job stop after first timeout/crash because the workflow loop breaks.
unknown_not_attempted_after_prior_failure_or_no_matching_artifact_log_evidence,downloaded artifacts plus complete run log had no matching CSV/OK/TIMEOUT/CRASH event for this plan entry,Tier 2,huffman,benchmark-results-huffman,74088342855,completed,failure,4194304,882,huffman,4194304,,,,,,,,unknown,,,No row-level terminal evidence for this plan entry in current run artifacts/logs; for failed jobs this generally means the workflow loop did not attempt later sizes after the first failure.
unknown_not_attempted_after_prior_failure_or_no_matching_artifact_log_evidence,downloaded artifacts plus complete run log had no matching CSV/OK/TIMEOUT/CRASH event for this plan entry,Tier 2,huffman,benchmark-results-huffman,74088342855,completed,failure,8388608,883,huffman,8388608,,,,,,,,unknown,,,No row-level terminal evidence for this plan entry in current run artifacts/logs; for failed jobs this generally means the workflow loop did not attempt later sizes after the first failure.
unknown_not_attempted_after_prior_failure_or_no_matching_artifact_log_evidence,downloaded artifacts plus complete run log had no matching CSV/OK/TIMEOUT/CRASH event for this plan entry,Tier 2,huffman,benchmark-results-huffman,74088342855,completed,failure,12582912,884,huffman,12582912,,,,,,,,unknown,,,No row-level terminal evidence for this plan entry in current run artifacts/logs; for failed jobs this generally means the workflow loop did not attempt later sizes after the first failure.
unknown_not_attempted_after_prior_failure_or_no_matching_artifact_log_evidence,downloaded artifacts plus complete run log had no matching CSV/OK/TIMEOUT/CRASH event for this plan entry,Tier 2,huffman,benchmark-results-huffman,74088342855,completed,failure,16777216,885,huffman,16777216,,,,,,,,unknown,,,No row-level terminal evidence for this plan entry in current run artifacts/logs; for failed jobs this generally means the workflow loop did not attempt later sizes after the first failure.
known_finished_from_downloaded_benchmark_results_csv_and_run_log_ok,downloaded artifact benchmark-results-lavaMD/results_lavaMD.csv line 2 plus run log line 43471,Tier 2,lavaMD,benchmark-results-lavaMD,74088342883,completed,failure,2,886,lavamd,2,lavaMD,2,1,0.121569,0.121569,0.121569,2026-05-03T06:24:19.0406121Z,finished,43471,[OK] lavaMD 2 -> 0.121569 ms,Workflow-size invocation finished within the 3600s timeout and emitted a CSV row; matching method=artifact_csv_exact_kernel_size.
known_timed_out_3600s_from_run_log,run log line 43475,Tier 2,lavaMD,benchmark-results-lavaMD,74088342883,completed,failure,3,887,lavamd,3,,,,,,,2026-05-03T07:24:19.0727279Z,timed_out_3600s,43475,##[warning]TIMEOUT: lavaMD 3 (>3600s),Workflow-size invocation failed before a usable CSV row for this plan entry; later entries in this benchmark job stop after first timeout/crash because the workflow loop breaks.
unknown_not_attempted_after_prior_failure_or_no_matching_artifact_log_evidence,downloaded artifacts plus complete run log had no matching CSV/OK/TIMEOUT/CRASH event for this plan entry,Tier 2,lavaMD,benchmark-results-lavaMD,74088342883,completed,failure,4,888,lavamd,4,,,,,,,,unknown,,,No row-level terminal evidence for this plan entry in current run artifacts/logs; for failed jobs this generally means the workflow loop did not attempt later sizes after the first failure.
unknown_not_attempted_after_prior_failure_or_no_matching_artifact_log_evidence,downloaded artifacts plus complete run log had no matching CSV/OK/TIMEOUT/CRASH event for this plan entry,Tier 2,lavaMD,benchmark-results-lavaMD,74088342883,completed,failure,5,889,lavamd,5,,,,,,,,unknown,,,No row-level terminal evidence for this plan entry in current run artifacts/logs; for failed jobs this generally means the workflow loop did not attempt later sizes after the first failure.
unknown_not_attempted_after_prior_failure_or_no_matching_artifact_log_evidence,downloaded artifacts plus complete run log had no matching CSV/OK/TIMEOUT/CRASH event for this plan entry,Tier 2,lavaMD,benchmark-results-lavaMD,74088342883,completed,failure,6,890,lavamd,6,,,,,,,,unknown,,,No row-level terminal evidence for this plan entry in current run artifacts/logs; for failed jobs this generally means the workflow loop did not attempt later sizes after the first failure.
unknown_not_attempted_after_prior_failure_or_no_matching_artifact_log_evidence,downloaded artifacts plus complete run log had no matching CSV/OK/TIMEOUT/CRASH event for this plan entry,Tier 2,lavaMD,benchmark-results-lavaMD,74088342883,completed,failure,8,891,lavamd,8,,,,,,,,unknown,,,No row-level terminal evidence for this plan entry in current run artifacts/logs; for failed jobs this generally means the workflow loop did not attempt later sizes after the first failure.
unknown_not_attempted_after_prior_failure_or_no_matching_artifact_log_evidence,downloaded artifacts plus complete run log had no matching CSV/OK/TIMEOUT/CRASH event for this plan entry,Tier 2,lavaMD,benchmark-results-lavaMD,74088342883,completed,failure,10,892,lavamd,10,,,,,,,,unknown,,,No row-level terminal evidence for this plan entry in current run artifacts/logs; for failed jobs this generally means the workflow loop did not attempt later sizes after the first failure.
unknown_not_attempted_after_prior_failure_or_no_matching_artifact_log_evidence,downloaded artifacts plus complete run log had no matching CSV/OK/TIMEOUT/CRASH event for this plan entry,Tier 2,lavaMD,benchmark-results-lavaMD,74088342883,completed,failure,12,893,lavamd,12,,,,,,,,unknown,,,No row-level terminal evidence for this plan entry in current run artifacts/logs; for failed jobs this generally means the workflow loop did not attempt later sizes after the first failure.
unknown_not_attempted_after_prior_failure_or_no_matching_artifact_log_evidence,downloaded artifacts plus complete run log had no matching CSV/OK/TIMEOUT/CRASH event for this plan entry,Tier 2,lavaMD,benchmark-results-lavaMD,74088342883,completed,failure,14,894,lavamd,14,,,,,,,,unknown,,,No row-level terminal evidence for this plan entry in current run artifacts/logs; for failed jobs this generally means the workflow loop did not attempt later sizes after the first failure.
unknown_not_attempted_after_prior_failure_or_no_matching_artifact_log_evidence,downloaded artifacts plus complete run log had no matching CSV/OK/TIMEOUT/CRASH event for this plan entry,Tier 2,lavaMD,benchmark-results-lavaMD,74088342883,completed,failure,16,895,lavamd,16,,,,,,,,unknown,,,No row-level terminal evidence for this plan entry in current run artifacts/logs; for failed jobs this generally means the workflow loop did not attempt later sizes after the first failure.
unknown_not_attempted_after_prior_failure_or_no_matching_artifact_log_evidence,downloaded artifacts plus complete run log had no matching CSV/OK/TIMEOUT/CRASH event for this plan entry,Tier 2,lavaMD,benchmark-results-lavaMD,74088342883,completed,failure,18,896,lavamd,18,,,,,,,,unknown,,,No row-level terminal evidence for this plan entry in current run artifacts/logs; for failed jobs this generally means the workflow loop did not attempt later sizes after the first failure.
unknown_not_attempted_after_prior_failure_or_no_matching_artifact_log_evidence,downloaded artifacts plus complete run log had no matching CSV/OK/TIMEOUT/CRASH event for this plan entry,Tier 2,lavaMD,benchmark-results-lavaMD,74088342883,completed,failure,20,897,lavamd,20,,,,,,,,unknown,,,No row-level terminal evidence for this plan entry in current run artifacts/logs; for failed jobs this generally means the workflow loop did not attempt later sizes after the first failure.
unknown_not_attempted_after_prior_failure_or_no_matching_artifact_log_evidence,downloaded artifacts plus complete run log had no matching CSV/OK/TIMEOUT/CRASH event for this plan entry,Tier 2,lavaMD,benchmark-results-lavaMD,74088342883,completed,failure,22,898,lavamd,22,,,,,,,,unknown,,,No row-level terminal evidence for this plan entry in current run artifacts/logs; for failed jobs this generally means the workflow loop did not attempt later sizes after the first failure.
unknown_not_attempted_after_prior_failure_or_no_matching_artifact_log_evidence,downloaded artifacts plus complete run log had no matching CSV/OK/TIMEOUT/CRASH event for this plan entry,Tier 2,lavaMD,benchmark-results-lavaMD,74088342883,completed,failure,24,899,lavamd,24,,,,,,,,unknown,,,No row-level terminal evidence for this plan entry in current run artifacts/logs; for failed jobs this generally means the workflow loop did not attempt later sizes after the first failure.
unknown_not_attempted_after_prior_failure_or_no_matching_artifact_log_evidence,downloaded artifacts plus complete run log had no matching CSV/OK/TIMEOUT/CRASH event for this plan entry,Tier 2,lavaMD,benchmark-results-lavaMD,74088342883,completed,failure,26,900,lavamd,26,,,,,,,,unknown,,,No row-level terminal evidence for this plan entry in current run artifacts/logs; for failed jobs this generally means the workflow loop did not attempt later sizes after the first failure.
unknown_not_attempted_after_prior_failure_or_no_matching_artifact_log_evidence,downloaded artifacts plus complete run log had no matching CSV/OK/TIMEOUT/CRASH event for this plan entry,Tier 2,lavaMD,benchmark-results-lavaMD,74088342883,completed,failure,28,901,lavamd,28,,,,,,,,unknown,,,No row-level terminal evidence for this plan entry in current run artifacts/logs; for failed jobs this generally means the workflow loop did not attempt later sizes after the first failure.
unknown_not_attempted_after_prior_failure_or_no_matching_artifact_log_evidence,downloaded artifacts plus complete run log had no matching CSV/OK/TIMEOUT/CRASH event for this plan entry,Tier 2,lavaMD,benchmark-results-lavaMD,74088342883,completed,failure,30,902,lavamd,30,,,,,,,,unknown,,,No row-level terminal evidence for this plan entry in current run artifacts/logs; for failed jobs this generally means the workflow loop did not attempt later sizes after the first failure.
unknown_not_attempted_after_prior_failure_or_no_matching_artifact_log_evidence,downloaded artifacts plus complete run log had no matching CSV/OK/TIMEOUT/CRASH event for this plan entry,Tier 2,lavaMD,benchmark-results-lavaMD,74088342883,completed,failure,34,903,lavamd,34,,,,,,,,unknown,,,No row-level terminal evidence for this plan entry in current run artifacts/logs; for failed jobs this generally means the workflow loop did not attempt later sizes after the first failure.
unknown_not_attempted_after_prior_failure_or_no_matching_artifact_log_evidence,downloaded artifacts plus complete run log had no matching CSV/OK/TIMEOUT/CRASH event for this plan entry,Tier 2,lavaMD,benchmark-results-lavaMD,74088342883,completed,failure,38,904,lavamd,38,,,,,,,,unknown,,,No row-level terminal evidence for this plan entry in current run artifacts/logs; for failed jobs this generally means the workflow loop did not attempt later sizes after the first failure.
known_finished_from_downloaded_benchmark_results_csv_and_run_log_ok,downloaded artifact benchmark-results-lud/results_lud.csv line 2 plus run log line 44093,Tier 2,lud,benchmark-results-lud,74088343005,completed,failure,64,905,lud,64,lud,64,1,0.095793,0.095793,0.095793,2026-05-03T06:23:18.8653209Z,finished,44093,[OK] lud 64 -> 0.095793 ms,Workflow-size invocation finished within the 3600s timeout and emitted a CSV row; matching method=artifact_csv_exact_kernel_size.
known_finished_from_downloaded_benchmark_results_csv_and_run_log_ok,downloaded artifact benchmark-results-lud/results_lud.csv line 3 plus run log line 44097,Tier 2,lud,benchmark-results-lud,74088343005,completed,failure,128,906,lud,128,lud,128,1,0.226365,0.226365,0.226365,2026-05-03T06:23:21.8025514Z,finished,44097,[OK] lud 128 -> 0.226365 ms,Workflow-size invocation finished within the 3600s timeout and emitted a CSV row; matching method=artifact_csv_exact_kernel_size.
known_finished_from_downloaded_benchmark_results_csv_and_run_log_ok,downloaded artifact benchmark-results-lud/results_lud.csv line 4 plus run log line 44101,Tier 2,lud,benchmark-results-lud,74088343005,completed,failure,192,907,lud,192,lud,192,1,0.356301,0.356301,0.356301,2026-05-03T06:23:29.3769915Z,finished,44101,[OK] lud 192 -> 0.356301 ms,Workflow-size invocation finished within the 3600s timeout and emitted a CSV row; matching method=artifact_csv_exact_kernel_size.
known_finished_from_downloaded_benchmark_results_csv_and_run_log_ok,downloaded artifact benchmark-results-lud/results_lud.csv line 5 plus run log line 44105,Tier 2,lud,benchmark-results-lud,74088343005,completed,failure,256,908,lud,256,lud,256,1,0.485321,0.485321,0.485321,2026-05-03T06:23:46.9188098Z,finished,44105,[OK] lud 256 -> 0.485321 ms,Workflow-size invocation finished within the 3600s timeout and emitted a CSV row; matching method=artifact_csv_exact_kernel_size.
known_finished_from_downloaded_benchmark_results_csv_and_run_log_ok,downloaded artifact benchmark-results-lud/results_lud.csv line 6 plus run log line 44109,Tier 2,lud,benchmark-results-lud,74088343005,completed,failure,384,909,lud,384,lud,384,1,0.751421,0.751421,0.751421,2026-05-03T06:24:54.7946060Z,finished,44109,[OK] lud 384 -> 0.751421 ms,Workflow-size invocation finished within the 3600s timeout and emitted a CSV row; matching method=artifact_csv_exact_kernel_size.
known_finished_from_downloaded_benchmark_results_csv_and_run_log_ok,downloaded artifact benchmark-results-lud/results_lud.csv line 7 plus run log line 44113,Tier 2,lud,benchmark-results-lud,74088343005,completed,failure,512,910,lud,512,lud,512,1,1.014092,1.014092,1.014092,2026-05-03T06:28:25.5520342Z,finished,44113,[OK] lud 512 -> 1.014092 ms,Workflow-size invocation finished within the 3600s timeout and emitted a CSV row; matching method=artifact_csv_exact_kernel_size.
known_finished_from_downloaded_benchmark_results_csv_and_run_log_ok,downloaded artifact benchmark-results-lud/results_lud.csv line 8 plus run log line 44117,Tier 2,lud,benchmark-results-lud,74088343005,completed,failure,640,911,lud,640,lud,640,1,1.321136,1.321136,1.321136,2026-05-03T06:58:31.6115462Z,finished,44117,[OK] lud 640 -> 1.321136 ms,Workflow-size invocation finished within the 3600s timeout and emitted a CSV row; matching method=artifact_csv_exact_kernel_size.
known_timed_out_3600s_from_run_log,run log line 44121,Tier 2,lud,benchmark-results-lud,74088343005,completed,failure,768,912,lud,768,,,,,,,2026-05-03T07:58:31.7665338Z,timed_out_3600s,44121,##[warning]TIMEOUT: lud 768 (>3600s),Workflow-size invocation failed before a usable CSV row for this plan entry; later entries in this benchmark job stop after first timeout/crash because the workflow loop breaks.
unknown_not_attempted_after_prior_failure_or_no_matching_artifact_log_evidence,downloaded artifacts plus complete run log had no matching CSV/OK/TIMEOUT/CRASH event for this plan entry,Tier 2,lud,benchmark-results-lud,74088343005,completed,failure,896,913,lud,896,,,,,,,,unknown,,,No row-level terminal evidence for this plan entry in current run artifacts/logs; for failed jobs this generally means the workflow loop did not attempt later sizes after the first failure.
unknown_not_attempted_after_prior_failure_or_no_matching_artifact_log_evidence,downloaded artifacts plus complete run log had no matching CSV/OK/TIMEOUT/CRASH event for this plan entry,Tier 2,lud,benchmark-results-lud,74088343005,completed,failure,1024,914,lud,1024,,,,,,,,unknown,,,No row-level terminal evidence for this plan entry in current run artifacts/logs; for failed jobs this generally means the workflow loop did not attempt later sizes after the first failure.
unknown_not_attempted_after_prior_failure_or_no_matching_artifact_log_evidence,downloaded artifacts plus complete run log had no matching CSV/OK/TIMEOUT/CRASH event for this plan entry,Tier 2,lud,benchmark-results-lud,74088343005,completed,failure,1280,915,lud,1280,,,,,,,,unknown,,,No row-level terminal evidence for this plan entry in current run artifacts/logs; for failed jobs this generally means the workflow loop did not attempt later sizes after the first failure.
unknown_not_attempted_after_prior_failure_or_no_matching_artifact_log_evidence,downloaded artifacts plus complete run log had no matching CSV/OK/TIMEOUT/CRASH event for this plan entry,Tier 2,lud,benchmark-results-lud,74088343005,completed,failure,1536,916,lud,1536,,,,,,,,unknown,,,No row-level terminal evidence for this plan entry in current run artifacts/logs; for failed jobs this generally means the workflow loop did not attempt later sizes after the first failure.
unknown_not_attempted_after_prior_failure_or_no_matching_artifact_log_evidence,downloaded artifacts plus complete run log had no matching CSV/OK/TIMEOUT/CRASH event for this plan entry,Tier 2,lud,benchmark-results-lud,74088343005,completed,failure,1792,917,lud,1792,,,,,,,,unknown,,,No row-level terminal evidence for this plan entry in current run artifacts/logs; for failed jobs this generally means the workflow loop did not attempt later sizes after the first failure.
unknown_not_attempted_after_prior_failure_or_no_matching_artifact_log_evidence,downloaded artifacts plus complete run log had no matching CSV/OK/TIMEOUT/CRASH event for this plan entry,Tier 2,lud,benchmark-results-lud,74088343005,completed,failure,2048,918,lud,2048,,,,,,,,unknown,,,No row-level terminal evidence for this plan entry in current run artifacts/logs; for failed jobs this generally means the workflow loop did not attempt later sizes after the first failure.
unknown_not_attempted_after_prior_failure_or_no_matching_artifact_log_evidence,downloaded artifacts plus complete run log had no matching CSV/OK/TIMEOUT/CRASH event for this plan entry,Tier 2,lud,benchmark-results-lud,74088343005,completed,failure,2560,919,lud,2560,,,,,,,,unknown,,,No row-level terminal evidence for this plan entry in current run artifacts/logs; for failed jobs this generally means the workflow loop did not attempt later sizes after the first failure.
unknown_not_attempted_after_prior_failure_or_no_matching_artifact_log_evidence,downloaded artifacts plus complete run log had no matching CSV/OK/TIMEOUT/CRASH event for this plan entry,Tier 2,lud,benchmark-results-lud,74088343005,completed,failure,3072,920,lud,3072,,,,,,,,unknown,,,No row-level terminal evidence for this plan entry in current run artifacts/logs; for failed jobs this generally means the workflow loop did not attempt later sizes after the first failure.
unknown_not_attempted_after_prior_failure_or_no_matching_artifact_log_evidence,downloaded artifacts plus complete run log had no matching CSV/OK/TIMEOUT/CRASH event for this plan entry,Tier 2,lud,benchmark-results-lud,74088343005,completed,failure,3584,921,lud,3584,,,,,,,,unknown,,,No row-level terminal evidence for this plan entry in current run artifacts/logs; for failed jobs this generally means the workflow loop did not attempt later sizes after the first failure.
unknown_not_attempted_after_prior_failure_or_no_matching_artifact_log_evidence,downloaded artifacts plus complete run log had no matching CSV/OK/TIMEOUT/CRASH event for this plan entry,Tier 2,lud,benchmark-results-lud,74088343005,completed,failure,4096,922,lud,4096,,,,,,,,unknown,,,No row-level terminal evidence for this plan entry in current run artifacts/logs; for failed jobs this generally means the workflow loop did not attempt later sizes after the first failure.
known_finished_from_downloaded_benchmark_results_csv_and_run_log_ok,downloaded artifact benchmark-results-particlefilter/results_particlefilter.csv line 2 plus run log line 44974,Tier 2,particlefilter,benchmark-results-particlefilter,74088343006,completed,failure,256,923,particlefilter,256,particlefilter,256,1,0.101947,0.101947,0.101947,2026-05-03T06:23:54.3834609Z,finished,44974,[OK] particlefilter 256 -> 0.101947 ms,Workflow-size invocation finished within the 3600s timeout and emitted a CSV row; matching method=artifact_csv_exact_kernel_size.
known_finished_from_downloaded_benchmark_results_csv_and_run_log_ok,downloaded artifact benchmark-results-particlefilter/results_particlefilter.csv line 3 plus run log line 44978,Tier 2,particlefilter,benchmark-results-particlefilter,74088343006,completed,failure,512,924,particlefilter,512,particlefilter,512,1,0.180905,0.180905,0.180905,2026-05-03T06:24:07.7104585Z,finished,44978,[OK] particlefilter 512 -> 0.180905 ms,Workflow-size invocation finished within the 3600s timeout and emitted a CSV row; matching method=artifact_csv_exact_kernel_size.
known_finished_from_downloaded_benchmark_results_csv_and_run_log_ok,downloaded artifact benchmark-results-particlefilter/results_particlefilter.csv line 4 plus run log line 44982,Tier 2,particlefilter,benchmark-results-particlefilter,74088343006,completed,failure,1024,925,particlefilter,1024,particlefilter,1024,1,0.339841,0.339841,0.339841,2026-05-03T06:24:43.9231195Z,finished,44982,[OK] particlefilter 1024 -> 0.339841 ms,Workflow-size invocation finished within the 3600s timeout and emitted a CSV row; matching method=artifact_csv_exact_kernel_size.
known_finished_from_downloaded_benchmark_results_csv_and_run_log_ok,downloaded artifact benchmark-results-particlefilter/results_particlefilter.csv line 5 plus run log line 44986,Tier 2,particlefilter,benchmark-results-particlefilter,74088343006,completed,failure,2048,926,particlefilter,2048,particlefilter,2048,1,0.653706,0.653706,0.653706,2026-05-03T06:26:33.0946536Z,finished,44986,[OK] particlefilter 2048 -> 0.653706 ms,Workflow-size invocation finished within the 3600s timeout and emitted a CSV row; matching method=artifact_csv_exact_kernel_size.
known_finished_from_downloaded_benchmark_results_csv_and_run_log_ok,downloaded artifact benchmark-results-particlefilter/results_particlefilter.csv line 6 plus run log line 44990,Tier 2,particlefilter,benchmark-results-particlefilter,74088343006,completed,failure,4096,927,particlefilter,4096,particlefilter,4096,1,1.274204,1.274204,1.274204,2026-05-03T06:35:28.8337084Z,finished,44990,[OK] particlefilter 4096 -> 1.274204 ms,Workflow-size invocation finished within the 3600s timeout and emitted a CSV row; matching method=artifact_csv_exact_kernel_size.
known_finished_from_downloaded_benchmark_results_csv_and_run_log_ok,downloaded artifact benchmark-results-particlefilter/results_particlefilter.csv line 7 plus run log line 44994,Tier 2,particlefilter,benchmark-results-particlefilter,74088343006,completed,failure,8192,928,particlefilter,8192,particlefilter,8192,1,2.505040,2.505040,2.505040,2026-05-03T07:07:08.0824834Z,finished,44994,[OK] particlefilter 8192 -> 2.505040 ms,Workflow-size invocation finished within the 3600s timeout and emitted a CSV row; matching method=artifact_csv_exact_kernel_size.
known_timed_out_3600s_from_run_log,run log line 44998,Tier 2,particlefilter,benchmark-results-particlefilter,74088343006,completed,failure,16384,929,particlefilter,16384,,,,,,,2026-05-03T08:07:08.1613585Z,timed_out_3600s,44998,##[warning]TIMEOUT: particlefilter 16384 (>3600s),Workflow-size invocation failed before a usable CSV row for this plan entry; later entries in this benchmark job stop after first timeout/crash because the workflow loop breaks.
unknown_not_attempted_after_prior_failure_or_no_matching_artifact_log_evidence,downloaded artifacts plus complete run log had no matching CSV/OK/TIMEOUT/CRASH event for this plan entry,Tier 2,particlefilter,benchmark-results-particlefilter,74088343006,completed,failure,32768,930,particlefilter,32768,,,,,,,,unknown,,,No row-level terminal evidence for this plan entry in current run artifacts/logs; for failed jobs this generally means the workflow loop did not attempt later sizes after the first failure.
unknown_not_attempted_after_prior_failure_or_no_matching_artifact_log_evidence,downloaded artifacts plus complete run log had no matching CSV/OK/TIMEOUT/CRASH event for this plan entry,Tier 2,particlefilter,benchmark-results-particlefilter,74088343006,completed,failure,65536,931,particlefilter,65536,,,,,,,,unknown,,,No row-level terminal evidence for this plan entry in current run artifacts/logs; for failed jobs this generally means the workflow loop did not attempt later sizes after the first failure.
unknown_not_attempted_after_prior_failure_or_no_matching_artifact_log_evidence,downloaded artifacts plus complete run log had no matching CSV/OK/TIMEOUT/CRASH event for this plan entry,Tier 2,particlefilter,benchmark-results-particlefilter,74088343006,completed,failure,131072,932,particlefilter,131072,,,,,,,,unknown,,,No row-level terminal evidence for this plan entry in current run artifacts/logs; for failed jobs this generally means the workflow loop did not attempt later sizes after the first failure.
unknown_not_attempted_after_prior_failure_or_no_matching_artifact_log_evidence,downloaded artifacts plus complete run log had no matching CSV/OK/TIMEOUT/CRASH event for this plan entry,Tier 2,particlefilter,benchmark-results-particlefilter,74088343006,completed,failure,262144,933,particlefilter,262144,,,,,,,,unknown,,,No row-level terminal evidence for this plan entry in current run artifacts/logs; for failed jobs this generally means the workflow loop did not attempt later sizes after the first failure.
unknown_not_attempted_after_prior_failure_or_no_matching_artifact_log_evidence,downloaded artifacts plus complete run log had no matching CSV/OK/TIMEOUT/CRASH event for this plan entry,Tier 2,particlefilter,benchmark-results-particlefilter,74088343006,completed,failure,524288,934,particlefilter,524288,,,,,,,,unknown,,,No row-level terminal evidence for this plan entry in current run artifacts/logs; for failed jobs this generally means the workflow loop did not attempt later sizes after the first failure.
unknown_not_attempted_after_prior_failure_or_no_matching_artifact_log_evidence,downloaded artifacts plus complete run log had no matching CSV/OK/TIMEOUT/CRASH event for this plan entry,Tier 2,particlefilter,benchmark-results-particlefilter,74088343006,completed,failure,786432,935,particlefilter,786432,,,,,,,,unknown,,,No row-level terminal evidence for this plan entry in current run artifacts/logs; for failed jobs this generally means the workflow loop did not attempt later sizes after the first failure.
unknown_not_attempted_after_prior_failure_or_no_matching_artifact_log_evidence,downloaded artifacts plus complete run log had no matching CSV/OK/TIMEOUT/CRASH event for this plan entry,Tier 2,particlefilter,benchmark-results-particlefilter,74088343006,completed,failure,1048576,936,particlefilter,1048576,,,,,,,,unknown,,,No row-level terminal evidence for this plan entry in current run artifacts/logs; for failed jobs this generally means the workflow loop did not attempt later sizes after the first failure.
unknown_not_attempted_after_prior_failure_or_no_matching_artifact_log_evidence,downloaded artifacts plus complete run log had no matching CSV/OK/TIMEOUT/CRASH event for this plan entry,Tier 2,particlefilter,benchmark-results-particlefilter,74088343006,completed,failure,2097152,937,particlefilter,2097152,,,,,,,,unknown,,,No row-level terminal evidence for this plan entry in current run artifacts/logs; for failed jobs this generally means the workflow loop did not attempt later sizes after the first failure.
unknown_not_attempted_after_prior_failure_or_no_matching_artifact_log_evidence,downloaded artifacts plus complete run log had no matching CSV/OK/TIMEOUT/CRASH event for this plan entry,Tier 2,particlefilter,benchmark-results-particlefilter,74088343006,completed,failure,4194304,938,particlefilter,4194304,,,,,,,,unknown,,,No row-level terminal evidence for this plan entry in current run artifacts/logs; for failed jobs this generally means the workflow loop did not attempt later sizes after the first failure.
known_finished_from_downloaded_benchmark_results_csv_and_run_log_ok,downloaded artifact benchmark-results-pathfinder/results_pathfinder.csv line 2 plus run log line 45618,Tier 2,pathfinder,benchmark-results-pathfinder,74088343034,completed,failure,1024,939,pathfinder,1024,pathfinder,1024,1,0.041631,0.041631,0.041631,2026-05-03T06:46:16.5133840Z,finished,45618,[OK] pathfinder 1024 -> 0.041631 ms,Workflow-size invocation finished within the 3600s timeout and emitted a CSV row; matching method=artifact_csv_exact_kernel_size.
known_finished_from_downloaded_benchmark_results_csv_and_run_log_ok,downloaded artifact benchmark-results-pathfinder/results_pathfinder.csv line 3 plus run log line 45622,Tier 2,pathfinder,benchmark-results-pathfinder,74088343034,completed,failure,2048,940,pathfinder,2048,pathfinder,2048,1,0.040584,0.040584,0.040584,2026-05-03T06:46:22.1536906Z,finished,45622,[OK] pathfinder 2048 -> 0.040584 ms,Workflow-size invocation finished within the 3600s timeout and emitted a CSV row; matching method=artifact_csv_exact_kernel_size.
known_finished_from_downloaded_benchmark_results_csv_and_run_log_ok,downloaded artifact benchmark-results-pathfinder/results_pathfinder.csv line 4 plus run log line 45626,Tier 2,pathfinder,benchmark-results-pathfinder,74088343034,completed,failure,4096,941,pathfinder,4096,pathfinder,4096,1,0.040226,0.040226,0.040226,2026-05-03T06:46:35.6315609Z,finished,45626,[OK] pathfinder 4096 -> 0.040226 ms,Workflow-size invocation finished within the 3600s timeout and emitted a CSV row; matching method=artifact_csv_exact_kernel_size.
known_finished_from_downloaded_benchmark_results_csv_and_run_log_ok,downloaded artifact benchmark-results-pathfinder/results_pathfinder.csv line 5 plus run log line 45630,Tier 2,pathfinder,benchmark-results-pathfinder,74088343034,completed,failure,8192,942,pathfinder,8192,pathfinder,8192,1,0.040464,0.040464,0.040464,2026-05-03T06:47:13.0178109Z,finished,45630,[OK] pathfinder 8192 -> 0.040464 ms,Workflow-size invocation finished within the 3600s timeout and emitted a CSV row; matching method=artifact_csv_exact_kernel_size.
known_finished_from_downloaded_benchmark_results_csv_and_run_log_ok,downloaded artifact benchmark-results-pathfinder/results_pathfinder.csv line 6 plus run log line 45634,Tier 2,pathfinder,benchmark-results-pathfinder,74088343034,completed,failure,16384,943,pathfinder,16384,pathfinder,16384,1,0.041092,0.041092,0.041092,2026-05-03T06:49:28.1668235Z,finished,45634,[OK] pathfinder 16384 -> 0.041092 ms,Workflow-size invocation finished within the 3600s timeout and emitted a CSV row; matching method=artifact_csv_exact_kernel_size.
known_finished_from_downloaded_benchmark_results_csv_and_run_log_ok,downloaded artifact benchmark-results-pathfinder/results_pathfinder.csv line 7 plus run log line 45638,Tier 2,pathfinder,benchmark-results-pathfinder,74088343034,completed,failure,32768,944,pathfinder,32768,pathfinder,32768,1,0.051161,0.051161,0.051161,2026-05-03T06:59:06.1799220Z,finished,45638,[OK] pathfinder 32768 -> 0.051161 ms,Workflow-size invocation finished within the 3600s timeout and emitted a CSV row; matching method=artifact_csv_exact_kernel_size.
known_timed_out_3600s_from_run_log,run log line 45642,Tier 2,pathfinder,benchmark-results-pathfinder,74088343034,completed,failure,65536,945,pathfinder,65536,,,,,,,2026-05-03T07:59:06.2562796Z,timed_out_3600s,45642,##[warning]TIMEOUT: pathfinder 65536 (>3600s),Workflow-size invocation failed before a usable CSV row for this plan entry; later entries in this benchmark job stop after first timeout/crash because the workflow loop breaks.
unknown_not_attempted_after_prior_failure_or_no_matching_artifact_log_evidence,downloaded artifacts plus complete run log had no matching CSV/OK/TIMEOUT/CRASH event for this plan entry,Tier 2,pathfinder,benchmark-results-pathfinder,74088343034,completed,failure,131072,946,pathfinder,131072,,,,,,,,unknown,,,No row-level terminal evidence for this plan entry in current run artifacts/logs; for failed jobs this generally means the workflow loop did not attempt later sizes after the first failure.
unknown_not_attempted_after_prior_failure_or_no_matching_artifact_log_evidence,downloaded artifacts plus complete run log had no matching CSV/OK/TIMEOUT/CRASH event for this plan entry,Tier 2,pathfinder,benchmark-results-pathfinder,74088343034,completed,failure,196608,947,pathfinder,196608,,,,,,,,unknown,,,No row-level terminal evidence for this plan entry in current run artifacts/logs; for failed jobs this generally means the workflow loop did not attempt later sizes after the first failure.
unknown_not_attempted_after_prior_failure_or_no_matching_artifact_log_evidence,downloaded artifacts plus complete run log had no matching CSV/OK/TIMEOUT/CRASH event for this plan entry,Tier 2,pathfinder,benchmark-results-pathfinder,74088343034,completed,failure,262144,948,pathfinder,262144,,,,,,,,unknown,,,No row-level terminal evidence for this plan entry in current run artifacts/logs; for failed jobs this generally means the workflow loop did not attempt later sizes after the first failure.
unknown_not_attempted_after_prior_failure_or_no_matching_artifact_log_evidence,downloaded artifacts plus complete run log had no matching CSV/OK/TIMEOUT/CRASH event for this plan entry,Tier 2,pathfinder,benchmark-results-pathfinder,74088343034,completed,failure,393216,949,pathfinder,393216,,,,,,,,unknown,,,No row-level terminal evidence for this plan entry in current run artifacts/logs; for failed jobs this generally means the workflow loop did not attempt later sizes after the first failure.
unknown_not_attempted_after_prior_failure_or_no_matching_artifact_log_evidence,downloaded artifacts plus complete run log had no matching CSV/OK/TIMEOUT/CRASH event for this plan entry,Tier 2,pathfinder,benchmark-results-pathfinder,74088343034,completed,failure,524288,950,pathfinder,524288,,,,,,,,unknown,,,No row-level terminal evidence for this plan entry in current run artifacts/logs; for failed jobs this generally means the workflow loop did not attempt later sizes after the first failure.
unknown_not_attempted_after_prior_failure_or_no_matching_artifact_log_evidence,downloaded artifacts plus complete run log had no matching CSV/OK/TIMEOUT/CRASH event for this plan entry,Tier 2,pathfinder,benchmark-results-pathfinder,74088343034,completed,failure,786432,951,pathfinder,786432,,,,,,,,unknown,,,No row-level terminal evidence for this plan entry in current run artifacts/logs; for failed jobs this generally means the workflow loop did not attempt later sizes after the first failure.
unknown_not_attempted_after_prior_failure_or_no_matching_artifact_log_evidence,downloaded artifacts plus complete run log had no matching CSV/OK/TIMEOUT/CRASH event for this plan entry,Tier 2,pathfinder,benchmark-results-pathfinder,74088343034,completed,failure,1048576,952,pathfinder,1048576,,,,,,,,unknown,,,No row-level terminal evidence for this plan entry in current run artifacts/logs; for failed jobs this generally means the workflow loop did not attempt later sizes after the first failure.
unknown_not_attempted_after_prior_failure_or_no_matching_artifact_log_evidence,downloaded artifacts plus complete run log had no matching CSV/OK/TIMEOUT/CRASH event for this plan entry,Tier 2,pathfinder,benchmark-results-pathfinder,74088343034,completed,failure,1572864,953,pathfinder,1572864,,,,,,,,unknown,,,No row-level terminal evidence for this plan entry in current run artifacts/logs; for failed jobs this generally means the workflow loop did not attempt later sizes after the first failure.
unknown_not_attempted_after_prior_failure_or_no_matching_artifact_log_evidence,downloaded artifacts plus complete run log had no matching CSV/OK/TIMEOUT/CRASH event for this plan entry,Tier 2,pathfinder,benchmark-results-pathfinder,74088343034,completed,failure,2097152,954,pathfinder,2097152,,,,,,,,unknown,,,No row-level terminal evidence for this plan entry in current run artifacts/logs; for failed jobs this generally means the workflow loop did not attempt later sizes after the first failure.
known_finished_from_downloaded_benchmark_results_csv_and_run_log_ok,downloaded artifact benchmark-results-srad/results_srad.csv line 2 plus run log line 46259,Tier 2,srad,benchmark-results-srad,74088343036,completed,failure,64,955,srad,64,srad,64,1,0.010028,0.010028,0.010028,2026-05-03T06:54:06.6934722Z,finished,46259,[OK] srad 64 -> 0.010028 ms,Workflow-size invocation finished within the 3600s timeout and emitted a CSV row; matching method=artifact_csv_exact_kernel_size.
known_finished_from_downloaded_benchmark_results_csv_and_run_log_ok,downloaded artifact benchmark-results-srad/results_srad.csv line 3 plus run log line 46263,Tier 2,srad,benchmark-results-srad,74088343036,completed,failure,128,956,srad,128,srad,128,1,0.009865,0.009865,0.009865,2026-05-03T06:54:43.1873675Z,finished,46263,[OK] srad 128 -> 0.009865 ms,Workflow-size invocation finished within the 3600s timeout and emitted a CSV row; matching method=artifact_csv_exact_kernel_size.
known_finished_from_downloaded_benchmark_results_csv_and_run_log_ok,downloaded artifact benchmark-results-srad/results_srad.csv line 4 plus run log line 46267,Tier 2,srad,benchmark-results-srad,74088343036,completed,failure,192,957,srad,192,srad,192,1,0.010616,0.010616,0.010616,2026-05-03T06:56:35.8280265Z,finished,46267,[OK] srad 192 -> 0.010616 ms,Workflow-size invocation finished within the 3600s timeout and emitted a CSV row; matching method=artifact_csv_exact_kernel_size.
known_finished_from_downloaded_benchmark_results_csv_and_run_log_ok,downloaded artifact benchmark-results-srad/results_srad.csv line 5 plus run log line 46271,Tier 2,srad,benchmark-results-srad,74088343036,completed,failure,256,958,srad,256,srad,256,1,0.012220,0.012220,0.012220,2026-05-03T07:02:52.5641655Z,finished,46271,[OK] srad 256 -> 0.012220 ms,Workflow-size invocation finished within the 3600s timeout and emitted a CSV row; matching method=artifact_csv_exact_kernel_size.
known_timed_out_3600s_from_run_log,run log line 46275,Tier 2,srad,benchmark-results-srad,74088343036,completed,failure,384,959,srad,384,,,,,,,2026-05-03T08:02:52.6511720Z,timed_out_3600s,46275,##[warning]TIMEOUT: srad 384 (>3600s),Workflow-size invocation failed before a usable CSV row for this plan entry; later entries in this benchmark job stop after first timeout/crash because the workflow loop breaks.
unknown_not_attempted_after_prior_failure_or_no_matching_artifact_log_evidence,downloaded artifacts plus complete run log had no matching CSV/OK/TIMEOUT/CRASH event for this plan entry,Tier 2,srad,benchmark-results-srad,74088343036,completed,failure,512,960,srad,512,,,,,,,,unknown,,,No row-level terminal evidence for this plan entry in current run artifacts/logs; for failed jobs this generally means the workflow loop did not attempt later sizes after the first failure.
unknown_not_attempted_after_prior_failure_or_no_matching_artifact_log_evidence,downloaded artifacts plus complete run log had no matching CSV/OK/TIMEOUT/CRASH event for this plan entry,Tier 2,srad,benchmark-results-srad,74088343036,completed,failure,640,961,srad,640,,,,,,,,unknown,,,No row-level terminal evidence for this plan entry in current run artifacts/logs; for failed jobs this generally means the workflow loop did not attempt later sizes after the first failure.
unknown_not_attempted_after_prior_failure_or_no_matching_artifact_log_evidence,downloaded artifacts plus complete run log had no matching CSV/OK/TIMEOUT/CRASH event for this plan entry,Tier 2,srad,benchmark-results-srad,74088343036,completed,failure,768,962,srad,768,,,,,,,,unknown,,,No row-level terminal evidence for this plan entry in current run artifacts/logs; for failed jobs this generally means the workflow loop did not attempt later sizes after the first failure.
unknown_not_attempted_after_prior_failure_or_no_matching_artifact_log_evidence,downloaded artifacts plus complete run log had no matching CSV/OK/TIMEOUT/CRASH event for this plan entry,Tier 2,srad,benchmark-results-srad,74088343036,completed,failure,1024,963,srad,1024,,,,,,,,unknown,,,No row-level terminal evidence for this plan entry in current run artifacts/logs; for failed jobs this generally means the workflow loop did not attempt later sizes after the first failure.
unknown_not_attempted_after_prior_failure_or_no_matching_artifact_log_evidence,downloaded artifacts plus complete run log had no matching CSV/OK/TIMEOUT/CRASH event for this plan entry,Tier 2,srad,benchmark-results-srad,74088343036,completed,failure,1280,964,srad,1280,,,,,,,,unknown,,,No row-level terminal evidence for this plan entry in current run artifacts/logs; for failed jobs this generally means the workflow loop did not attempt later sizes after the first failure.
unknown_not_attempted_after_prior_failure_or_no_matching_artifact_log_evidence,downloaded artifacts plus complete run log had no matching CSV/OK/TIMEOUT/CRASH event for this plan entry,Tier 2,srad,benchmark-results-srad,74088343036,completed,failure,1536,965,srad,1536,,,,,,,,unknown,,,No row-level terminal evidence for this plan entry in current run artifacts/logs; for failed jobs this generally means the workflow loop did not attempt later sizes after the first failure.
unknown_not_attempted_after_prior_failure_or_no_matching_artifact_log_evidence,downloaded artifacts plus complete run log had no matching CSV/OK/TIMEOUT/CRASH event for this plan entry,Tier 2,srad,benchmark-results-srad,74088343036,completed,failure,2048,966,srad,2048,,,,,,,,unknown,,,No row-level terminal evidence for this plan entry in current run artifacts/logs; for failed jobs this generally means the workflow loop did not attempt later sizes after the first failure.
unknown_not_attempted_after_prior_failure_or_no_matching_artifact_log_evidence,downloaded artifacts plus complete run log had no matching CSV/OK/TIMEOUT/CRASH event for this plan entry,Tier 2,srad,benchmark-results-srad,74088343036,completed,failure,2560,967,srad,2560,,,,,,,,unknown,,,No row-level terminal evidence for this plan entry in current run artifacts/logs; for failed jobs this generally means the workflow loop did not attempt later sizes after the first failure.
unknown_not_attempted_after_prior_failure_or_no_matching_artifact_log_evidence,downloaded artifacts plus complete run log had no matching CSV/OK/TIMEOUT/CRASH event for this plan entry,Tier 2,srad,benchmark-results-srad,74088343036,completed,failure,4096,968,srad,4096,,,,,,,,unknown,,,No row-level terminal evidence for this plan entry in current run artifacts/logs; for failed jobs this generally means the workflow loop did not attempt later sizes after the first failure.
unknown_not_attempted_after_prior_failure_or_no_matching_artifact_log_evidence,downloaded artifacts plus complete run log had no matching CSV/OK/TIMEOUT/CRASH event for this plan entry,Tier 2,srad,benchmark-results-srad,74088343036,completed,failure,6144,969,srad,6144,,,,,,,,unknown,,,No row-level terminal evidence for this plan entry in current run artifacts/logs; for failed jobs this generally means the workflow loop did not attempt later sizes after the first failure.
unknown_not_attempted_after_prior_failure_or_no_matching_artifact_log_evidence,downloaded artifacts plus complete run log had no matching CSV/OK/TIMEOUT/CRASH event for this plan entry,Tier 2,srad,benchmark-results-srad,74088343036,completed,failure,8192,970,srad,8192,,,,,,,,unknown,,,No row-level terminal evidence for this plan entry in current run artifacts/logs; for failed jobs this generally means the workflow loop did not attempt later sizes after the first failure.
known_finished_from_downloaded_benchmark_results_csv_and_run_log_ok,downloaded artifact benchmark-results-streamcluster/results_streamcluster.csv line 2 plus run log line 48457,Tier 2,streamcluster,benchmark-results-streamcluster,74088343053,completed,failure,1024,971,streamcluster_pgain,1024,streamcluster_pgain,1024,1,0.010058,0.010058,0.010058,2026-05-03T06:55:10.1061278Z,finished,48457,[OK] streamcluster 1024 -> 0.010058 ms,Workflow-size invocation finished within the 3600s timeout and emitted a CSV row; matching method=artifact_csv_exact_kernel_size.
known_finished_from_downloaded_benchmark_results_csv_and_run_log_ok,downloaded artifact benchmark-results-streamcluster/results_streamcluster.csv line 3 plus run log line 48461,Tier 2,streamcluster,benchmark-results-streamcluster,74088343053,completed,failure,2048,972,streamcluster_pgain,2048,streamcluster_pgain,2048,1,0.009989,0.009989,0.009989,2026-05-03T06:56:11.5081566Z,finished,48461,[OK] streamcluster 2048 -> 0.009989 ms,Workflow-size invocation finished within the 3600s timeout and emitted a CSV row; matching method=artifact_csv_exact_kernel_size.
known_finished_from_downloaded_benchmark_results_csv_and_run_log_ok,downloaded artifact benchmark-results-streamcluster/results_streamcluster.csv line 4 plus run log line 48465,Tier 2,streamcluster,benchmark-results-streamcluster,74088343053,completed,failure,4096,973,streamcluster_pgain,4096,streamcluster_pgain,4096,1,0.011475,0.011475,0.011475,2026-05-03T06:58:24.3487044Z,finished,48465,[OK] streamcluster 4096 -> 0.011475 ms,Workflow-size invocation finished within the 3600s timeout and emitted a CSV row; matching method=artifact_csv_exact_kernel_size.
known_finished_from_downloaded_benchmark_results_csv_and_run_log_ok,downloaded artifact benchmark-results-streamcluster/results_streamcluster.csv line 5 plus run log line 48469,Tier 2,streamcluster,benchmark-results-streamcluster,74088343053,completed,failure,8192,974,streamcluster_pgain,8192,streamcluster_pgain,8192,1,0.021724,0.021724,0.021724,2026-05-03T07:05:10.4598436Z,finished,48469,[OK] streamcluster 8192 -> 0.021724 ms,Workflow-size invocation finished within the 3600s timeout and emitted a CSV row; matching method=artifact_csv_exact_kernel_size.
known_finished_from_downloaded_benchmark_results_csv_and_run_log_ok,downloaded artifact benchmark-results-streamcluster/results_streamcluster.csv line 6 plus run log line 48473,Tier 2,streamcluster,benchmark-results-streamcluster,74088343053,completed,failure,16384,975,streamcluster_pgain,16384,streamcluster_pgain,16384,1,0.016177,0.016177,0.016177,2026-05-03T07:15:27.7283072Z,finished,48473,[OK] streamcluster 16384 -> 0.016177 ms,Workflow-size invocation finished within the 3600s timeout and emitted a CSV row; matching method=artifact_csv_exact_kernel_size.
known_finished_from_downloaded_benchmark_results_csv_and_run_log_ok,downloaded artifact benchmark-results-streamcluster/results_streamcluster.csv line 7 plus run log line 48477,Tier 2,streamcluster,benchmark-results-streamcluster,74088343053,completed,failure,32768,976,streamcluster_pgain,32768,streamcluster_pgain,32768,1,0.022661,0.022661,0.022661,2026-05-03T07:34:29.1913636Z,finished,48477,[OK] streamcluster 32768 -> 0.022661 ms,Workflow-size invocation finished within the 3600s timeout and emitted a CSV row; matching method=artifact_csv_exact_kernel_size.
known_finished_from_downloaded_benchmark_results_csv_and_run_log_ok,downloaded artifact benchmark-results-streamcluster/results_streamcluster.csv line 8 plus run log line 48481,Tier 2,streamcluster,benchmark-results-streamcluster,74088343053,completed,failure,65536,977,streamcluster_pgain,65536,streamcluster_pgain,65536,1,0.043836,0.043836,0.043836,2026-05-03T08:31:06.4985286Z,finished,48481,[OK] streamcluster 65536 -> 0.043836 ms,Workflow-size invocation finished within the 3600s timeout and emitted a CSV row; matching method=artifact_csv_exact_kernel_size.
known_timed_out_3600s_from_run_log,run log line 48485,Tier 2,streamcluster,benchmark-results-streamcluster,74088343053,completed,failure,131072,978,streamcluster_pgain,131072,,,,,,,2026-05-03T09:31:06.7523728Z,timed_out_3600s,48485,##[warning]TIMEOUT: streamcluster 131072 (>3600s),Workflow-size invocation failed before a usable CSV row for this plan entry; later entries in this benchmark job stop after first timeout/crash because the workflow loop breaks.
unknown_not_attempted_after_prior_failure_or_no_matching_artifact_log_evidence,downloaded artifacts plus complete run log had no matching CSV/OK/TIMEOUT/CRASH event for this plan entry,Tier 2,streamcluster,benchmark-results-streamcluster,74088343053,completed,failure,196608,979,streamcluster_pgain,196608,,,,,,,,unknown,,,No row-level terminal evidence for this plan entry in current run artifacts/logs; for failed jobs this generally means the workflow loop did not attempt later sizes after the first failure.
unknown_not_attempted_after_prior_failure_or_no_matching_artifact_log_evidence,downloaded artifacts plus complete run log had no matching CSV/OK/TIMEOUT/CRASH event for this plan entry,Tier 2,streamcluster,benchmark-results-streamcluster,74088343053,completed,failure,262144,980,streamcluster_pgain,262144,,,,,,,,unknown,,,No row-level terminal evidence for this plan entry in current run artifacts/logs; for failed jobs this generally means the workflow loop did not attempt later sizes after the first failure.
unknown_not_attempted_after_prior_failure_or_no_matching_artifact_log_evidence,downloaded artifacts plus complete run log had no matching CSV/OK/TIMEOUT/CRASH event for this plan entry,Tier 2,streamcluster,benchmark-results-streamcluster,74088343053,completed,failure,393216,981,streamcluster_pgain,393216,,,,,,,,unknown,,,No row-level terminal evidence for this plan entry in current run artifacts/logs; for failed jobs this generally means the workflow loop did not attempt later sizes after the first failure.
unknown_not_attempted_after_prior_failure_or_no_matching_artifact_log_evidence,downloaded artifacts plus complete run log had no matching CSV/OK/TIMEOUT/CRASH event for this plan entry,Tier 2,streamcluster,benchmark-results-streamcluster,74088343053,completed,failure,524288,982,streamcluster_pgain,524288,,,,,,,,unknown,,,No row-level terminal evidence for this plan entry in current run artifacts/logs; for failed jobs this generally means the workflow loop did not attempt later sizes after the first failure.
unknown_not_attempted_after_prior_failure_or_no_matching_artifact_log_evidence,downloaded artifacts plus complete run log had no matching CSV/OK/TIMEOUT/CRASH event for this plan entry,Tier 2,streamcluster,benchmark-results-streamcluster,74088343053,completed,failure,786432,983,streamcluster_pgain,786432,,,,,,,,unknown,,,No row-level terminal evidence for this plan entry in current run artifacts/logs; for failed jobs this generally means the workflow loop did not attempt later sizes after the first failure.
unknown_not_attempted_after_prior_failure_or_no_matching_artifact_log_evidence,downloaded artifacts plus complete run log had no matching CSV/OK/TIMEOUT/CRASH event for this plan entry,Tier 2,streamcluster,benchmark-results-streamcluster,74088343053,completed,failure,1048576,984,streamcluster_pgain,1048576,,,,,,,,unknown,,,No row-level terminal evidence for this plan entry in current run artifacts/logs; for failed jobs this generally means the workflow loop did not attempt later sizes after the first failure.
unknown_not_attempted_after_prior_failure_or_no_matching_artifact_log_evidence,downloaded artifacts plus complete run log had no matching CSV/OK/TIMEOUT/CRASH event for this plan entry,Tier 2,streamcluster,benchmark-results-streamcluster,74088343053,completed,failure,1572864,985,streamcluster_pgain,1572864,,,,,,,,unknown,,,No row-level terminal evidence for this plan entry in current run artifacts/logs; for failed jobs this generally means the workflow loop did not attempt later sizes after the first failure.
unknown_not_attempted_after_prior_failure_or_no_matching_artifact_log_evidence,downloaded artifacts plus complete run log had no matching CSV/OK/TIMEOUT/CRASH event for this plan entry,Tier 2,streamcluster,benchmark-results-streamcluster,74088343053,completed,failure,2097152,986,streamcluster_pgain,2097152,,,,,,,,unknown,,,No row-level terminal evidence for this plan entry in current run artifacts/logs; for failed jobs this generally means the workflow loop did not attempt later sizes after the first failure.
known_finished_from_downloaded_benchmark_results_csv_and_run_log_ok,downloaded artifact benchmark-results-ga/results_ga.csv line 2 plus run log line 47769,Tier 2,ga,benchmark-results-ga,74088343051,completed,failure,32,987,ga,32,ga,32,1,0.314695,0.314695,0.314695,2026-05-03T06:55:05.6299122Z,finished,47769,[OK] ga 32 -> 0.314695 ms,Workflow-size invocation finished within the 3600s timeout and emitted a CSV row; matching method=artifact_csv_exact_kernel_size.
known_finished_from_downloaded_benchmark_results_csv_and_run_log_ok,downloaded artifact benchmark-results-ga/results_ga.csv line 3 plus run log line 47773,Tier 2,ga,benchmark-results-ga,74088343051,completed,failure,64,988,ga,64,ga,64,1,0.342331,0.342331,0.342331,2026-05-03T06:55:14.1183849Z,finished,47773,[OK] ga 64 -> 0.342331 ms,Workflow-size invocation finished within the 3600s timeout and emitted a CSV row; matching method=artifact_csv_exact_kernel_size.
known_finished_from_downloaded_benchmark_results_csv_and_run_log_ok,downloaded artifact benchmark-results-ga/results_ga.csv line 4 plus run log line 47777,Tier 2,ga,benchmark-results-ga,74088343051,completed,failure,128,989,ga,128,ga,128,1,0.384651,0.384651,0.384651,2026-05-03T06:55:36.6414665Z,finished,47777,[OK] ga 128 -> 0.384651 ms,Workflow-size invocation finished within the 3600s timeout and emitted a CSV row; matching method=artifact_csv_exact_kernel_size.
known_finished_from_downloaded_benchmark_results_csv_and_run_log_ok,downloaded artifact benchmark-results-ga/results_ga.csv line 5 plus run log line 47781,Tier 2,ga,benchmark-results-ga,74088343051,completed,failure,256,990,ga,256,ga,256,1,0.561214,0.561214,0.561214,2026-05-03T06:57:52.0906247Z,finished,47781,[OK] ga 256 -> 0.561214 ms,Workflow-size invocation finished within the 3600s timeout and emitted a CSV row; matching method=artifact_csv_exact_kernel_size.
known_finished_from_downloaded_benchmark_results_csv_and_run_log_ok,downloaded artifact benchmark-results-ga/results_ga.csv line 6 plus run log line 47785,Tier 2,ga,benchmark-results-ga,74088343051,completed,failure,512,991,ga,512,ga,512,1,0.639217,0.639217,0.639217,2026-05-03T07:05:00.1525292Z,finished,47785,[OK] ga 512 -> 0.639217 ms,Workflow-size invocation finished within the 3600s timeout and emitted a CSV row; matching method=artifact_csv_exact_kernel_size.
known_finished_from_downloaded_benchmark_results_csv_and_run_log_ok,downloaded artifact benchmark-results-ga/results_ga.csv line 7 plus run log line 47789,Tier 2,ga,benchmark-results-ga,74088343051,completed,failure,1024,992,ga,1024,ga,1024,1,0.740288,0.740288,0.740288,2026-05-03T07:37:01.0456748Z,finished,47789,[OK] ga 1024 -> 0.740288 ms,Workflow-size invocation finished within the 3600s timeout and emitted a CSV row; matching method=artifact_csv_exact_kernel_size.
known_timed_out_3600s_from_run_log,run log line 47793,Tier 2,ga,benchmark-results-ga,74088343051,completed,failure,2048,993,ga,2048,,,,,,,2026-05-03T08:37:01.1555048Z,timed_out_3600s,47793,##[warning]TIMEOUT: ga 2048 (>3600s),Workflow-size invocation failed before a usable CSV row for this plan entry; later entries in this benchmark job stop after first timeout/crash because the workflow loop breaks.
unknown_not_attempted_after_prior_failure_or_no_matching_artifact_log_evidence,downloaded artifacts plus complete run log had no matching CSV/OK/TIMEOUT/CRASH event for this plan entry,Tier 2,ga,benchmark-results-ga,74088343051,completed,failure,4096,994,ga,4096,,,,,,,,unknown,,,No row-level terminal evidence for this plan entry in current run artifacts/logs; for failed jobs this generally means the workflow loop did not attempt later sizes after the first failure.
unknown_not_attempted_after_prior_failure_or_no_matching_artifact_log_evidence,downloaded artifacts plus complete run log had no matching CSV/OK/TIMEOUT/CRASH event for this plan entry,Tier 2,ga,benchmark-results-ga,74088343051,completed,failure,6144,995,ga,6144,,,,,,,,unknown,,,No row-level terminal evidence for this plan entry in current run artifacts/logs; for failed jobs this generally means the workflow loop did not attempt later sizes after the first failure.
unknown_not_attempted_after_prior_failure_or_no_matching_artifact_log_evidence,downloaded artifacts plus complete run log had no matching CSV/OK/TIMEOUT/CRASH event for this plan entry,Tier 2,ga,benchmark-results-ga,74088343051,completed,failure,8192,996,ga,8192,,,,,,,,unknown,,,No row-level terminal evidence for this plan entry in current run artifacts/logs; for failed jobs this generally means the workflow loop did not attempt later sizes after the first failure.
unknown_not_attempted_after_prior_failure_or_no_matching_artifact_log_evidence,downloaded artifacts plus complete run log had no matching CSV/OK/TIMEOUT/CRASH event for this plan entry,Tier 2,ga,benchmark-results-ga,74088343051,completed,failure,12288,997,ga,12288,,,,,,,,unknown,,,No row-level terminal evidence for this plan entry in current run artifacts/logs; for failed jobs this generally means the workflow loop did not attempt later sizes after the first failure.
unknown_not_attempted_after_prior_failure_or_no_matching_artifact_log_evidence,downloaded artifacts plus complete run log had no matching CSV/OK/TIMEOUT/CRASH event for this plan entry,Tier 2,ga,benchmark-results-ga,74088343051,completed,failure,16384,998,ga,16384,,,,,,,,unknown,,,No row-level terminal evidence for this plan entry in current run artifacts/logs; for failed jobs this generally means the workflow loop did not attempt later sizes after the first failure.
unknown_not_attempted_after_prior_failure_or_no_matching_artifact_log_evidence,downloaded artifacts plus complete run log had no matching CSV/OK/TIMEOUT/CRASH event for this plan entry,Tier 2,ga,benchmark-results-ga,74088343051,completed,failure,24576,999,ga,24576,,,,,,,,unknown,,,No row-level terminal evidence for this plan entry in current run artifacts/logs; for failed jobs this generally means the workflow loop did not attempt later sizes after the first failure.
unknown_not_attempted_after_prior_failure_or_no_matching_artifact_log_evidence,downloaded artifacts plus complete run log had no matching CSV/OK/TIMEOUT/CRASH event for this plan entry,Tier 2,ga,benchmark-results-ga,74088343051,completed,failure,32768,1000,ga,32768,,,,,,,,unknown,,,No row-level terminal evidence for this plan entry in current run artifacts/logs; for failed jobs this generally means the workflow loop did not attempt later sizes after the first failure.
unknown_not_attempted_after_prior_failure_or_no_matching_artifact_log_evidence,downloaded artifacts plus complete run log had no matching CSV/OK/TIMEOUT/CRASH event for this plan entry,Tier 2,ga,benchmark-results-ga,74088343051,completed,failure,49152,1001,ga,49152,,,,,,,,unknown,,,No row-level terminal evidence for this plan entry in current run artifacts/logs; for failed jobs this generally means the workflow loop did not attempt later sizes after the first failure.
unknown_not_attempted_after_prior_failure_or_no_matching_artifact_log_evidence,downloaded artifacts plus complete run log had no matching CSV/OK/TIMEOUT/CRASH event for this plan entry,Tier 2,ga,benchmark-results-ga,74088343051,completed,failure,65536,1002,ga,65536,,,,,,,,unknown,,,No row-level terminal evidence for this plan entry in current run artifacts/logs; for failed jobs this generally means the workflow loop did not attempt later sizes after the first failure.
known_finished_from_downloaded_benchmark_results_csv_and_run_log_ok,downloaded artifact benchmark-results-hist/results_hist.csv line 2 plus run log line 47071,Tier 2,hist,benchmark-results-hist,74088343044,completed,failure,512,1003,hist,512,hist,512,1,0.001011,0.001011,0.001011,2026-05-03T07:17:13.6681569Z,finished,47071,[OK] hist 512 -> 0.001011 ms,Workflow-size invocation finished within the 3600s timeout and emitted a CSV row; matching method=artifact_csv_exact_kernel_size.
known_finished_from_downloaded_benchmark_results_csv_and_run_log_ok,downloaded artifact benchmark-results-hist/results_hist.csv line 3 plus run log line 47075,Tier 2,hist,benchmark-results-hist,74088343044,completed,failure,1024,1004,hist,1024,hist,1024,1,0.001013,0.001013,0.001013,2026-05-03T07:17:14.0718849Z,finished,47075,[OK] hist 1024 -> 0.001013 ms,Workflow-size invocation finished within the 3600s timeout and emitted a CSV row; matching method=artifact_csv_exact_kernel_size.
known_finished_from_downloaded_benchmark_results_csv_and_run_log_ok,downloaded artifact benchmark-results-hist/results_hist.csv line 4 plus run log line 47079,Tier 2,hist,benchmark-results-hist,74088343044,completed,failure,2048,1005,hist,2048,hist,2048,1,0.001014,0.001014,0.001014,2026-05-03T07:17:14.5026011Z,finished,47079,[OK] hist 2048 -> 0.001014 ms,Workflow-size invocation finished within the 3600s timeout and emitted a CSV row; matching method=artifact_csv_exact_kernel_size.
known_finished_from_downloaded_benchmark_results_csv_and_run_log_ok,downloaded artifact benchmark-results-hist/results_hist.csv line 5 plus run log line 47083,Tier 2,hist,benchmark-results-hist,74088343044,completed,failure,4096,1006,hist,4096,hist,4096,1,0.001015,0.001015,0.001015,2026-05-03T07:17:15.0442775Z,finished,47083,[OK] hist 4096 -> 0.001015 ms,Workflow-size invocation finished within the 3600s timeout and emitted a CSV row; matching method=artifact_csv_exact_kernel_size.
known_finished_from_downloaded_benchmark_results_csv_and_run_log_ok,downloaded artifact benchmark-results-hist/results_hist.csv line 6 plus run log line 47087,Tier 2,hist,benchmark-results-hist,74088343044,completed,failure,8192,1007,hist,8192,hist,8192,1,0.001075,0.001075,0.001075,2026-05-03T07:17:16.1014508Z,finished,47087,[OK] hist 8192 -> 0.001075 ms,Workflow-size invocation finished within the 3600s timeout and emitted a CSV row; matching method=artifact_csv_exact_kernel_size.
known_finished_from_downloaded_benchmark_results_csv_and_run_log_ok,downloaded artifact benchmark-results-hist/results_hist.csv line 7 plus run log line 47091,Tier 2,hist,benchmark-results-hist,74088343044,completed,failure,16384,1008,hist,16384,hist,16384,1,0.001338,0.001338,0.001338,2026-05-03T07:17:18.5609145Z,finished,47091,[OK] hist 16384 -> 0.001338 ms,Workflow-size invocation finished within the 3600s timeout and emitted a CSV row; matching method=artifact_csv_exact_kernel_size.
known_finished_from_downloaded_benchmark_results_csv_and_run_log_ok,downloaded artifact benchmark-results-hist/results_hist.csv line 8 plus run log line 47095,Tier 2,hist,benchmark-results-hist,74088343044,completed,failure,32768,1009,hist,32768,hist,32768,1,0.002454,0.002454,0.002454,2026-05-03T07:17:31.5140221Z,finished,47095,[OK] hist 32768 -> 0.002454 ms,Workflow-size invocation finished within the 3600s timeout and emitted a CSV row; matching method=artifact_csv_exact_kernel_size.
known_finished_from_downloaded_benchmark_results_csv_and_run_log_ok,downloaded artifact benchmark-results-hist/results_hist.csv line 9 plus run log line 47099,Tier 2,hist,benchmark-results-hist,74088343044,completed,failure,65536,1010,hist,65536,hist,65536,1,0.001535,0.001535,0.001535,2026-05-03T07:17:56.9753433Z,finished,47099,[OK] hist 65536 -> 0.001535 ms,Workflow-size invocation finished within the 3600s timeout and emitted a CSV row; matching method=artifact_csv_exact_kernel_size.
known_finished_from_downloaded_benchmark_results_csv_and_run_log_ok,downloaded artifact benchmark-results-hist/results_hist.csv line 10 plus run log line 47103,Tier 2,hist,benchmark-results-hist,74088343044,completed,failure,131072,1011,hist,131072,hist,131072,1,0.001765,0.001765,0.001765,2026-05-03T07:19:24.6401598Z,finished,47103,[OK] hist 131072 -> 0.001765 ms,Workflow-size invocation finished within the 3600s timeout and emitted a CSV row; matching method=artifact_csv_exact_kernel_size.
known_finished_from_downloaded_benchmark_results_csv_and_run_log_ok,downloaded artifact benchmark-results-hist/results_hist.csv line 11 plus run log line 47107,Tier 2,hist,benchmark-results-hist,74088343044,completed,failure,262144,1012,hist,262144,hist,262144,1,0.004555,0.004555,0.004555,2026-05-03T07:24:06.5623447Z,finished,47107,[OK] hist 262144 -> 0.004555 ms,Workflow-size invocation finished within the 3600s timeout and emitted a CSV row; matching method=artifact_csv_exact_kernel_size.
known_finished_from_downloaded_benchmark_results_csv_and_run_log_ok,downloaded artifact benchmark-results-hist/results_hist.csv line 12 plus run log line 47111,Tier 2,hist,benchmark-results-hist,74088343044,completed,failure,524288,1013,hist,524288,hist,524288,1,0.004241,0.004241,0.004241,2026-05-03T07:30:56.2536907Z,finished,47111,[OK] hist 524288 -> 0.004241 ms,Workflow-size invocation finished within the 3600s timeout and emitted a CSV row; matching method=artifact_csv_exact_kernel_size.
known_finished_from_downloaded_benchmark_results_csv_and_run_log_ok,downloaded artifact benchmark-results-hist/results_hist.csv line 13 plus run log line 47115,Tier 2,hist,benchmark-results-hist,74088343044,completed,failure,1048576,1014,hist,1048576,hist,1048576,1,0.007948,0.007948,0.007948,2026-05-03T07:41:11.6217082Z,finished,47115,[OK] hist 1048576 -> 0.007948 ms,Workflow-size invocation finished within the 3600s timeout and emitted a CSV row; matching method=artifact_csv_exact_kernel_size.
known_finished_from_downloaded_benchmark_results_csv_and_run_log_ok,downloaded artifact benchmark-results-hist/results_hist.csv line 14 plus run log line 47119,Tier 2,hist,benchmark-results-hist,74088343044,completed,failure,2097152,1015,hist,2097152,hist,2097152,1,0.014779,0.014779,0.014779,2026-05-03T07:50:19.8968278Z,finished,47119,[OK] hist 2097152 -> 0.014779 ms,Workflow-size invocation finished within the 3600s timeout and emitted a CSV row; matching method=artifact_csv_exact_kernel_size.
known_finished_from_downloaded_benchmark_results_csv_and_run_log_ok,downloaded artifact benchmark-results-hist/results_hist.csv line 15 plus run log line 47123,Tier 2,hist,benchmark-results-hist,74088343044,completed,failure,4194304,1016,hist,4194304,hist,4194304,1,0.027536,0.027536,0.027536,2026-05-03T07:58:39.7245469Z,finished,47123,[OK] hist 4194304 -> 0.027536 ms,Workflow-size invocation finished within the 3600s timeout and emitted a CSV row; matching method=artifact_csv_exact_kernel_size.
known_finished_from_downloaded_benchmark_results_csv_and_run_log_ok,downloaded artifact benchmark-results-hist/results_hist.csv line 16 plus run log line 47127,Tier 2,hist,benchmark-results-hist,74088343044,completed,failure,8388608,1017,hist,8388608,hist,8388608,1,0.053444,0.053444,0.053444,2026-05-03T08:26:16.3409997Z,finished,47127,[OK] hist 8388608 -> 0.053444 ms,Workflow-size invocation finished within the 3600s timeout and emitted a CSV row; matching method=artifact_csv_exact_kernel_size.
known_timed_out_3600s_from_run_log,run log line 47131,Tier 2,hist,benchmark-results-hist,74088343044,completed,failure,16777216,1018,hist,16777216,,,,,,,2026-05-03T09:26:16.5019544Z,timed_out_3600s,47131,##[warning]TIMEOUT: hist 16777216 (>3600s),Workflow-size invocation failed before a usable CSV row for this plan entry; later entries in this benchmark job stop after first timeout/crash because the workflow loop breaks.
unknown_not_attempted_after_prior_failure_or_no_matching_artifact_log_evidence,downloaded artifacts plus complete run log had no matching CSV/OK/TIMEOUT/CRASH event for this plan entry,Tier 2,hist,benchmark-results-hist,74088343044,completed,failure,33554432,1019,hist,33554432,,,,,,,,unknown,,,No row-level terminal evidence for this plan entry in current run artifacts/logs; for failed jobs this generally means the workflow loop did not attempt later sizes after the first failure.
unknown_not_attempted_after_prior_failure_or_no_matching_artifact_log_evidence,downloaded artifacts plus complete run log had no matching CSV/OK/TIMEOUT/CRASH event for this plan entry,Tier 2,hist,benchmark-results-hist,74088343044,completed,failure,67108864,1020,hist,67108864,,,,,,,,unknown,,,No row-level terminal evidence for this plan entry in current run artifacts/logs; for failed jobs this generally means the workflow loop did not attempt later sizes after the first failure.
known_finished_from_downloaded_benchmark_results_csv_and_run_log_ok,downloaded artifact benchmark-results-parboil-cutcp/results_parboil_cutcp.csv line 2 plus run log line 49975,Tier 2,parboil_cutcp,benchmark-results-parboil-cutcp,74088343090,completed,failure,256,1021,cutoff_potential,256,cutoff_potential,256,1,0.028030,0.028030,0.028030,2026-05-03T07:36:07.4514487Z,finished,49975,[OK] parboil_cutcp 256 -> 0.028030 ms,Workflow-size invocation finished within the 3600s timeout and emitted a CSV row; matching method=artifact_csv_exact_kernel_size.
known_finished_from_downloaded_benchmark_results_csv_and_run_log_ok,downloaded artifact benchmark-results-parboil-cutcp/results_parboil_cutcp.csv line 3 plus run log line 49979,Tier 2,parboil_cutcp,benchmark-results-parboil-cutcp,74088343090,completed,failure,512,1022,cutoff_potential,512,cutoff_potential,512,1,0.045238,0.045238,0.045238,2026-05-03T08:24:24.4981216Z,finished,49979,[OK] parboil_cutcp 512 -> 0.045238 ms,Workflow-size invocation finished within the 3600s timeout and emitted a CSV row; matching method=artifact_csv_exact_kernel_size.
known_timed_out_3600s_from_run_log,run log line 49983,Tier 2,parboil_cutcp,benchmark-results-parboil-cutcp,74088343090,completed,failure,1024,1023,cutoff_potential,1024,,,,,,,2026-05-03T09:24:24.6080606Z,timed_out_3600s,49983,##[warning]TIMEOUT: parboil_cutcp 1024 (>3600s),Workflow-size invocation failed before a usable CSV row for this plan entry; later entries in this benchmark job stop after first timeout/crash because the workflow loop breaks.
unknown_not_attempted_after_prior_failure_or_no_matching_artifact_log_evidence,downloaded artifacts plus complete run log had no matching CSV/OK/TIMEOUT/CRASH event for this plan entry,Tier 2,parboil_cutcp,benchmark-results-parboil-cutcp,74088343090,completed,failure,2048,1024,cutoff_potential,2048,,,,,,,,unknown,,,No row-level terminal evidence for this plan entry in current run artifacts/logs; for failed jobs this generally means the workflow loop did not attempt later sizes after the first failure.
unknown_not_attempted_after_prior_failure_or_no_matching_artifact_log_evidence,downloaded artifacts plus complete run log had no matching CSV/OK/TIMEOUT/CRASH event for this plan entry,Tier 2,parboil_cutcp,benchmark-results-parboil-cutcp,74088343090,completed,failure,4096,1025,cutoff_potential,4096,,,,,,,,unknown,,,No row-level terminal evidence for this plan entry in current run artifacts/logs; for failed jobs this generally means the workflow loop did not attempt later sizes after the first failure.
unknown_not_attempted_after_prior_failure_or_no_matching_artifact_log_evidence,downloaded artifacts plus complete run log had no matching CSV/OK/TIMEOUT/CRASH event for this plan entry,Tier 2,parboil_cutcp,benchmark-results-parboil-cutcp,74088343090,completed,failure,8192,1026,cutoff_potential,8192,,,,,,,,unknown,,,No row-level terminal evidence for this plan entry in current run artifacts/logs; for failed jobs this generally means the workflow loop did not attempt later sizes after the first failure.
unknown_not_attempted_after_prior_failure_or_no_matching_artifact_log_evidence,downloaded artifacts plus complete run log had no matching CSV/OK/TIMEOUT/CRASH event for this plan entry,Tier 2,parboil_cutcp,benchmark-results-parboil-cutcp,74088343090,completed,failure,16384,1027,cutoff_potential,16384,,,,,,,,unknown,,,No row-level terminal evidence for this plan entry in current run artifacts/logs; for failed jobs this generally means the workflow loop did not attempt later sizes after the first failure.
unknown_not_attempted_after_prior_failure_or_no_matching_artifact_log_evidence,downloaded artifacts plus complete run log had no matching CSV/OK/TIMEOUT/CRASH event for this plan entry,Tier 2,parboil_cutcp,benchmark-results-parboil-cutcp,74088343090,completed,failure,32768,1028,cutoff_potential,32768,,,,,,,,unknown,,,No row-level terminal evidence for this plan entry in current run artifacts/logs; for failed jobs this generally means the workflow loop did not attempt later sizes after the first failure.
unknown_not_attempted_after_prior_failure_or_no_matching_artifact_log_evidence,downloaded artifacts plus complete run log had no matching CSV/OK/TIMEOUT/CRASH event for this plan entry,Tier 2,parboil_cutcp,benchmark-results-parboil-cutcp,74088343090,completed,failure,65536,1029,cutoff_potential,65536,,,,,,,,unknown,,,No row-level terminal evidence for this plan entry in current run artifacts/logs; for failed jobs this generally means the workflow loop did not attempt later sizes after the first failure.
unknown_not_attempted_after_prior_failure_or_no_matching_artifact_log_evidence,downloaded artifacts plus complete run log had no matching CSV/OK/TIMEOUT/CRASH event for this plan entry,Tier 2,parboil_cutcp,benchmark-results-parboil-cutcp,74088343090,completed,failure,131072,1030,cutoff_potential,131072,,,,,,,,unknown,,,No row-level terminal evidence for this plan entry in current run artifacts/logs; for failed jobs this generally means the workflow loop did not attempt later sizes after the first failure.
unknown_not_attempted_after_prior_failure_or_no_matching_artifact_log_evidence,downloaded artifacts plus complete run log had no matching CSV/OK/TIMEOUT/CRASH event for this plan entry,Tier 2,parboil_cutcp,benchmark-results-parboil-cutcp,74088343090,completed,failure,262144,1031,cutoff_potential,262144,,,,,,,,unknown,,,No row-level terminal evidence for this plan entry in current run artifacts/logs; for failed jobs this generally means the workflow loop did not attempt later sizes after the first failure.
unknown_not_attempted_after_prior_failure_or_no_matching_artifact_log_evidence,downloaded artifacts plus complete run log had no matching CSV/OK/TIMEOUT/CRASH event for this plan entry,Tier 2,parboil_cutcp,benchmark-results-parboil-cutcp,74088343090,completed,failure,524288,1032,cutoff_potential,524288,,,,,,,,unknown,,,No row-level terminal evidence for this plan entry in current run artifacts/logs; for failed jobs this generally means the workflow loop did not attempt later sizes after the first failure.
unknown_not_attempted_after_prior_failure_or_no_matching_artifact_log_evidence,downloaded artifacts plus complete run log had no matching CSV/OK/TIMEOUT/CRASH event for this plan entry,Tier 2,parboil_cutcp,benchmark-results-parboil-cutcp,74088343090,completed,failure,1048576,1033,cutoff_potential,1048576,,,,,,,,unknown,,,No row-level terminal evidence for this plan entry in current run artifacts/logs; for failed jobs this generally means the workflow loop did not attempt later sizes after the first failure.
unknown_not_attempted_after_prior_failure_or_no_matching_artifact_log_evidence,downloaded artifacts plus complete run log had no matching CSV/OK/TIMEOUT/CRASH event for this plan entry,Tier 2,parboil_cutcp,benchmark-results-parboil-cutcp,74088343090,completed,failure,1572864,1034,cutoff_potential,1572864,,,,,,,,unknown,,,No row-level terminal evidence for this plan entry in current run artifacts/logs; for failed jobs this generally means the workflow loop did not attempt later sizes after the first failure.
unknown_not_attempted_after_prior_failure_or_no_matching_artifact_log_evidence,downloaded artifacts plus complete run log had no matching CSV/OK/TIMEOUT/CRASH event for this plan entry,Tier 2,parboil_cutcp,benchmark-results-parboil-cutcp,74088343090,completed,failure,2097152,1035,cutoff_potential,2097152,,,,,,,,unknown,,,No row-level terminal evidence for this plan entry in current run artifacts/logs; for failed jobs this generally means the workflow loop did not attempt later sizes after the first failure.
unknown_not_attempted_after_prior_failure_or_no_matching_artifact_log_evidence,downloaded artifacts plus complete run log had no matching CSV/OK/TIMEOUT/CRASH event for this plan entry,Tier 2,parboil_cutcp,benchmark-results-parboil-cutcp,74088343090,completed,failure,2621440,1036,cutoff_potential,2621440,,,,,,,,unknown,,,No row-level terminal evidence for this plan entry in current run artifacts/logs; for failed jobs this generally means the workflow loop did not attempt later sizes after the first failure.
unknown_not_attempted_after_prior_failure_or_no_matching_artifact_log_evidence,downloaded artifacts plus complete run log had no matching CSV/OK/TIMEOUT/CRASH event for this plan entry,Tier 2,parboil_cutcp,benchmark-results-parboil-cutcp,74088343090,completed,failure,3145728,1037,cutoff_potential,3145728,,,,,,,,unknown,,,No row-level terminal evidence for this plan entry in current run artifacts/logs; for failed jobs this generally means the workflow loop did not attempt later sizes after the first failure.
known_finished_from_downloaded_benchmark_results_csv_and_run_log_ok,downloaded artifact benchmark-results-parboil-histo/results_parboil_histo.csv line 2 plus run log line 49284,Tier 2,parboil_histo,benchmark-results-parboil-histo,74088343064,completed,failure,1024,1038,histogram,1024,histogram,1024,1,0.001171,0.001171,0.001171,2026-05-03T07:25:33.0581947Z,finished,49284,[OK] parboil_histo 1024 -> 0.001171 ms,Workflow-size invocation finished within the 3600s timeout and emitted a CSV row; matching method=artifact_csv_exact_kernel_size.
known_finished_from_downloaded_benchmark_results_csv_and_run_log_ok,downloaded artifact benchmark-results-parboil-histo/results_parboil_histo.csv line 3 plus run log line 49288,Tier 2,parboil_histo,benchmark-results-parboil-histo,74088343064,completed,failure,2048,1039,histogram,2048,histogram,2048,1,0.001349,0.001349,0.001349,2026-05-03T07:25:34.7380628Z,finished,49288,[OK] parboil_histo 2048 -> 0.001349 ms,Workflow-size invocation finished within the 3600s timeout and emitted a CSV row; matching method=artifact_csv_exact_kernel_size.
known_finished_from_downloaded_benchmark_results_csv_and_run_log_ok,downloaded artifact benchmark-results-parboil-histo/results_parboil_histo.csv line 4 plus run log line 49292,Tier 2,parboil_histo,benchmark-results-parboil-histo,74088343064,completed,failure,4096,1040,histogram,4096,histogram,4096,1,0.001828,0.001828,0.001828,2026-05-03T07:25:38.2201617Z,finished,49292,[OK] parboil_histo 4096 -> 0.001828 ms,Workflow-size invocation finished within the 3600s timeout and emitted a CSV row; matching method=artifact_csv_exact_kernel_size.
known_finished_from_downloaded_benchmark_results_csv_and_run_log_ok,downloaded artifact benchmark-results-parboil-histo/results_parboil_histo.csv line 5 plus run log line 49296,Tier 2,parboil_histo,benchmark-results-parboil-histo,74088343064,completed,failure,8192,1041,histogram,8192,histogram,8192,1,0.002772,0.002772,0.002772,2026-05-03T07:25:46.1342206Z,finished,49296,[OK] parboil_histo 8192 -> 0.002772 ms,Workflow-size invocation finished within the 3600s timeout and emitted a CSV row; matching method=artifact_csv_exact_kernel_size.
known_finished_from_downloaded_benchmark_results_csv_and_run_log_ok,downloaded artifact benchmark-results-parboil-histo/results_parboil_histo.csv line 6 plus run log line 49300,Tier 2,parboil_histo,benchmark-results-parboil-histo,74088343064,completed,failure,16384,1042,histogram,16384,histogram,16384,1,0.002924,0.002924,0.002924,2026-05-03T07:25:59.0529634Z,finished,49300,[OK] parboil_histo 16384 -> 0.002924 ms,Workflow-size invocation finished within the 3600s timeout and emitted a CSV row; matching method=artifact_csv_exact_kernel_size.
known_finished_from_downloaded_benchmark_results_csv_and_run_log_ok,downloaded artifact benchmark-results-parboil-histo/results_parboil_histo.csv line 7 plus run log line 49304,Tier 2,parboil_histo,benchmark-results-parboil-histo,74088343064,completed,failure,32768,1043,histogram,32768,histogram,32768,1,0.002886,0.002886,0.002886,2026-05-03T07:26:25.0122341Z,finished,49304,[OK] parboil_histo 32768 -> 0.002886 ms,Workflow-size invocation finished within the 3600s timeout and emitted a CSV row; matching method=artifact_csv_exact_kernel_size.
known_crashed_from_run_log,run log line 49308,Tier 2,parboil_histo,benchmark-results-parboil-histo,74088343064,completed,failure,65536,1044,histogram,65536,,,,,,,2026-05-03T07:27:34.3214262Z,crashed,49308,##[error]CRASH: parboil_histo 65536 (exit 1),Workflow-size invocation failed before a usable CSV row for this plan entry; later entries in this benchmark job stop after first timeout/crash because the workflow loop breaks.
unknown_not_attempted_after_prior_failure_or_no_matching_artifact_log_evidence,downloaded artifacts plus complete run log had no matching CSV/OK/TIMEOUT/CRASH event for this plan entry,Tier 2,parboil_histo,benchmark-results-parboil-histo,74088343064,completed,failure,131072,1045,histogram,131072,,,,,,,,unknown,,,No row-level terminal evidence for this plan entry in current run artifacts/logs; for failed jobs this generally means the workflow loop did not attempt later sizes after the first failure.
unknown_not_attempted_after_prior_failure_or_no_matching_artifact_log_evidence,downloaded artifacts plus complete run log had no matching CSV/OK/TIMEOUT/CRASH event for this plan entry,Tier 2,parboil_histo,benchmark-results-parboil-histo,74088343064,completed,failure,262144,1046,histogram,262144,,,,,,,,unknown,,,No row-level terminal evidence for this plan entry in current run artifacts/logs; for failed jobs this generally means the workflow loop did not attempt later sizes after the first failure.
unknown_not_attempted_after_prior_failure_or_no_matching_artifact_log_evidence,downloaded artifacts plus complete run log had no matching CSV/OK/TIMEOUT/CRASH event for this plan entry,Tier 2,parboil_histo,benchmark-results-parboil-histo,74088343064,completed,failure,524288,1047,histogram,524288,,,,,,,,unknown,,,No row-level terminal evidence for this plan entry in current run artifacts/logs; for failed jobs this generally means the workflow loop did not attempt later sizes after the first failure.
unknown_not_attempted_after_prior_failure_or_no_matching_artifact_log_evidence,downloaded artifacts plus complete run log had no matching CSV/OK/TIMEOUT/CRASH event for this plan entry,Tier 2,parboil_histo,benchmark-results-parboil-histo,74088343064,completed,failure,1048576,1048,histogram,1048576,,,,,,,,unknown,,,No row-level terminal evidence for this plan entry in current run artifacts/logs; for failed jobs this generally means the workflow loop did not attempt later sizes after the first failure.
unknown_not_attempted_after_prior_failure_or_no_matching_artifact_log_evidence,downloaded artifacts plus complete run log had no matching CSV/OK/TIMEOUT/CRASH event for this plan entry,Tier 2,parboil_histo,benchmark-results-parboil-histo,74088343064,completed,failure,2097152,1049,histogram,2097152,,,,,,,,unknown,,,No row-level terminal evidence for this plan entry in current run artifacts/logs; for failed jobs this generally means the workflow loop did not attempt later sizes after the first failure.
unknown_not_attempted_after_prior_failure_or_no_matching_artifact_log_evidence,downloaded artifacts plus complete run log had no matching CSV/OK/TIMEOUT/CRASH event for this plan entry,Tier 2,parboil_histo,benchmark-results-parboil-histo,74088343064,completed,failure,4194304,1050,histogram,4194304,,,,,,,,unknown,,,No row-level terminal evidence for this plan entry in current run artifacts/logs; for failed jobs this generally means the workflow loop did not attempt later sizes after the first failure.
unknown_not_attempted_after_prior_failure_or_no_matching_artifact_log_evidence,downloaded artifacts plus complete run log had no matching CSV/OK/TIMEOUT/CRASH event for this plan entry,Tier 2,parboil_histo,benchmark-results-parboil-histo,74088343064,completed,failure,8388608,1051,histogram,8388608,,,,,,,,unknown,,,No row-level terminal evidence for this plan entry in current run artifacts/logs; for failed jobs this generally means the workflow loop did not attempt later sizes after the first failure.
unknown_not_attempted_after_prior_failure_or_no_matching_artifact_log_evidence,downloaded artifacts plus complete run log had no matching CSV/OK/TIMEOUT/CRASH event for this plan entry,Tier 2,parboil_histo,benchmark-results-parboil-histo,74088343064,completed,failure,16777216,1052,histogram,16777216,,,,,,,,unknown,,,No row-level terminal evidence for this plan entry in current run artifacts/logs; for failed jobs this generally means the workflow loop did not attempt later sizes after the first failure.
unknown_not_attempted_after_prior_failure_or_no_matching_artifact_log_evidence,downloaded artifacts plus complete run log had no matching CSV/OK/TIMEOUT/CRASH event for this plan entry,Tier 2,parboil_histo,benchmark-results-parboil-histo,74088343064,completed,failure,33554432,1053,histogram,33554432,,,,,,,,unknown,,,No row-level terminal evidence for this plan entry in current run artifacts/logs; for failed jobs this generally means the workflow loop did not attempt later sizes after the first failure.
unknown_not_attempted_after_prior_failure_or_no_matching_artifact_log_evidence,downloaded artifacts plus complete run log had no matching CSV/OK/TIMEOUT/CRASH event for this plan entry,Tier 2,parboil_histo,benchmark-results-parboil-histo,74088343064,completed,failure,67108864,1054,histogram,67108864,,,,,,,,unknown,,,No row-level terminal evidence for this plan entry in current run artifacts/logs; for failed jobs this generally means the workflow loop did not attempt later sizes after the first failure.
known_finished_from_downloaded_benchmark_results_csv_and_run_log_ok,downloaded artifact benchmark-results-parboil-lbm/results_parboil_lbm.csv line 2 plus run log line 50777,Tier 2,parboil_lbm,benchmark-results-parboil-lbm,74088343097,completed,failure,16,1055,lbm_stream_collide,16,lbm_stream_collide,16,1,0.007146,0.007146,0.007146,2026-05-03T07:28:28.3782683Z,finished,50777,[OK] parboil_lbm 16 -> 0.007146 ms,Workflow-size invocation finished within the 3600s timeout and emitted a CSV row; matching method=artifact_csv_exact_kernel_size.
known_finished_from_downloaded_benchmark_results_csv_and_run_log_ok,downloaded artifact benchmark-results-parboil-lbm/results_parboil_lbm.csv line 3 plus run log line 50781,Tier 2,parboil_lbm,benchmark-results-parboil-lbm,74088343097,completed,failure,20,1056,lbm_stream_collide,20,lbm_stream_collide,20,1,0.007513,0.007513,0.007513,2026-05-03T07:29:47.9011703Z,finished,50781,[OK] parboil_lbm 20 -> 0.007513 ms,Workflow-size invocation finished within the 3600s timeout and emitted a CSV row; matching method=artifact_csv_exact_kernel_size.
known_finished_from_downloaded_benchmark_results_csv_and_run_log_ok,downloaded artifact benchmark-results-parboil-lbm/results_parboil_lbm.csv line 4 plus run log line 50785,Tier 2,parboil_lbm,benchmark-results-parboil-lbm,74088343097,completed,failure,24,1057,lbm_stream_collide,24,lbm_stream_collide,24,1,0.008142,0.008142,0.008142,2026-05-03T07:31:32.8892460Z,finished,50785,[OK] parboil_lbm 24 -> 0.008142 ms,Workflow-size invocation finished within the 3600s timeout and emitted a CSV row; matching method=artifact_csv_exact_kernel_size.
known_finished_from_downloaded_benchmark_results_csv_and_run_log_ok,downloaded artifact benchmark-results-parboil-lbm/results_parboil_lbm.csv line 5 plus run log line 50789,Tier 2,parboil_lbm,benchmark-results-parboil-lbm,74088343097,completed,failure,28,1058,lbm_stream_collide,28,lbm_stream_collide,28,1,0.009125,0.009125,0.009125,2026-05-03T07:34:48.4007033Z,finished,50789,[OK] parboil_lbm 28 -> 0.009125 ms,Workflow-size invocation finished within the 3600s timeout and emitted a CSV row; matching method=artifact_csv_exact_kernel_size.
known_finished_from_downloaded_benchmark_results_csv_and_run_log_ok,downloaded artifact benchmark-results-parboil-lbm/results_parboil_lbm.csv line 6 plus run log line 50793,Tier 2,parboil_lbm,benchmark-results-parboil-lbm,74088343097,completed,failure,32,1059,lbm_stream_collide,32,lbm_stream_collide,32,1,0.010563,0.010563,0.010563,2026-05-03T07:39:40.4051157Z,finished,50793,[OK] parboil_lbm 32 -> 0.010563 ms,Workflow-size invocation finished within the 3600s timeout and emitted a CSV row; matching method=artifact_csv_exact_kernel_size.
known_finished_from_downloaded_benchmark_results_csv_and_run_log_ok,downloaded artifact benchmark-results-parboil-lbm/results_parboil_lbm.csv line 7 plus run log line 50797,Tier 2,parboil_lbm,benchmark-results-parboil-lbm,74088343097,completed,failure,36,1060,lbm_stream_collide,36,lbm_stream_collide,36,1,0.013589,0.013589,0.013589,2026-05-03T07:46:57.6208050Z,finished,50797,[OK] parboil_lbm 36 -> 0.013589 ms,Workflow-size invocation finished within the 3600s timeout and emitted a CSV row; matching method=artifact_csv_exact_kernel_size.
known_finished_from_downloaded_benchmark_results_csv_and_run_log_ok,downloaded artifact benchmark-results-parboil-lbm/results_parboil_lbm.csv line 8 plus run log line 50801,Tier 2,parboil_lbm,benchmark-results-parboil-lbm,74088343097,completed,failure,40,1061,lbm_stream_collide,40,lbm_stream_collide,40,1,0.017484,0.017484,0.017484,2026-05-03T07:57:55.1912907Z,finished,50801,[OK] parboil_lbm 40 -> 0.017484 ms,Workflow-size invocation finished within the 3600s timeout and emitted a CSV row; matching method=artifact_csv_exact_kernel_size.
known_finished_from_downloaded_benchmark_results_csv_and_run_log_ok,downloaded artifact benchmark-results-parboil-lbm/results_parboil_lbm.csv line 9 plus run log line 50805,Tier 2,parboil_lbm,benchmark-results-parboil-lbm,74088343097,completed,failure,44,1062,lbm_stream_collide,44,lbm_stream_collide,44,1,0.021898,0.021898,0.021898,2026-05-03T08:19:07.2003054Z,finished,50805,[OK] parboil_lbm 44 -> 0.021898 ms,Workflow-size invocation finished within the 3600s timeout and emitted a CSV row; matching method=artifact_csv_exact_kernel_size.
known_finished_from_downloaded_benchmark_results_csv_and_run_log_ok,downloaded artifact benchmark-results-parboil-lbm/results_parboil_lbm.csv line 10 plus run log line 50809,Tier 2,parboil_lbm,benchmark-results-parboil-lbm,74088343097,completed,failure,48,1063,lbm_stream_collide,48,lbm_stream_collide,48,1,0.028784,0.028784,0.028784,2026-05-03T09:00:06.9448611Z,finished,50809,[OK] parboil_lbm 48 -> 0.028784 ms,Workflow-size invocation finished within the 3600s timeout and emitted a CSV row; matching method=artifact_csv_exact_kernel_size.
known_timed_out_3600s_from_run_log,run log line 50813,Tier 2,parboil_lbm,benchmark-results-parboil-lbm,74088343097,completed,failure,52,1064,lbm_stream_collide,52,,,,,,,2026-05-03T10:00:07.0959835Z,timed_out_3600s,50813,##[warning]TIMEOUT: parboil_lbm 52 (>3600s),Workflow-size invocation failed before a usable CSV row for this plan entry; later entries in this benchmark job stop after first timeout/crash because the workflow loop breaks.
unknown_not_attempted_after_prior_failure_or_no_matching_artifact_log_evidence,downloaded artifacts plus complete run log had no matching CSV/OK/TIMEOUT/CRASH event for this plan entry,Tier 2,parboil_lbm,benchmark-results-parboil-lbm,74088343097,completed,failure,56,1065,lbm_stream_collide,56,,,,,,,,unknown,,,No row-level terminal evidence for this plan entry in current run artifacts/logs; for failed jobs this generally means the workflow loop did not attempt later sizes after the first failure.
unknown_not_attempted_after_prior_failure_or_no_matching_artifact_log_evidence,downloaded artifacts plus complete run log had no matching CSV/OK/TIMEOUT/CRASH event for this plan entry,Tier 2,parboil_lbm,benchmark-results-parboil-lbm,74088343097,completed,failure,60,1066,lbm_stream_collide,60,,,,,,,,unknown,,,No row-level terminal evidence for this plan entry in current run artifacts/logs; for failed jobs this generally means the workflow loop did not attempt later sizes after the first failure.
unknown_not_attempted_after_prior_failure_or_no_matching_artifact_log_evidence,downloaded artifacts plus complete run log had no matching CSV/OK/TIMEOUT/CRASH event for this plan entry,Tier 2,parboil_lbm,benchmark-results-parboil-lbm,74088343097,completed,failure,64,1067,lbm_stream_collide,64,,,,,,,,unknown,,,No row-level terminal evidence for this plan entry in current run artifacts/logs; for failed jobs this generally means the workflow loop did not attempt later sizes after the first failure.
unknown_not_attempted_after_prior_failure_or_no_matching_artifact_log_evidence,downloaded artifacts plus complete run log had no matching CSV/OK/TIMEOUT/CRASH event for this plan entry,Tier 2,parboil_lbm,benchmark-results-parboil-lbm,74088343097,completed,failure,68,1068,lbm_stream_collide,68,,,,,,,,unknown,,,No row-level terminal evidence for this plan entry in current run artifacts/logs; for failed jobs this generally means the workflow loop did not attempt later sizes after the first failure.
unknown_not_attempted_after_prior_failure_or_no_matching_artifact_log_evidence,downloaded artifacts plus complete run log had no matching CSV/OK/TIMEOUT/CRASH event for this plan entry,Tier 2,parboil_lbm,benchmark-results-parboil-lbm,74088343097,completed,failure,72,1069,lbm_stream_collide,72,,,,,,,,unknown,,,No row-level terminal evidence for this plan entry in current run artifacts/logs; for failed jobs this generally means the workflow loop did not attempt later sizes after the first failure.
unknown_not_attempted_after_prior_failure_or_no_matching_artifact_log_evidence,downloaded artifacts plus complete run log had no matching CSV/OK/TIMEOUT/CRASH event for this plan entry,Tier 2,parboil_lbm,benchmark-results-parboil-lbm,74088343097,completed,failure,76,1070,lbm_stream_collide,76,,,,,,,,unknown,,,No row-level terminal evidence for this plan entry in current run artifacts/logs; for failed jobs this generally means the workflow loop did not attempt later sizes after the first failure.
unknown_not_attempted_after_prior_failure_or_no_matching_artifact_log_evidence,downloaded artifacts plus complete run log had no matching CSV/OK/TIMEOUT/CRASH event for this plan entry,Tier 2,parboil_lbm,benchmark-results-parboil-lbm,74088343097,completed,failure,80,1071,lbm_stream_collide,80,,,,,,,,unknown,,,No row-level terminal evidence for this plan entry in current run artifacts/logs; for failed jobs this generally means the workflow loop did not attempt later sizes after the first failure.
known_finished_from_downloaded_benchmark_results_csv_and_run_log_ok,downloaded artifact benchmark-results-parboil-mri-gridding/results_parboil_mri_gridding.csv line 2 plus run log line 51616,Tier 2,parboil_mri_gridding,benchmark-results-parboil-mri-gridding,74088343180,completed,failure,256,1072,gridding_kernel,256,gridding_kernel,256,1,0.014689,0.014689,0.014689,2026-05-03T07:28:34.2301645Z,finished,51616,[OK] parboil_mri_gridding 256 -> 0.014689 ms,Workflow-size invocation finished within the 3600s timeout and emitted a CSV row; matching method=artifact_csv_exact_kernel_size.
known_finished_from_downloaded_benchmark_results_csv_and_run_log_ok,downloaded artifact benchmark-results-parboil-mri-gridding/results_parboil_mri_gridding.csv line 3 plus run log line 51620,Tier 2,parboil_mri_gridding,benchmark-results-parboil-mri-gridding,74088343180,completed,failure,512,1073,gridding_kernel,512,gridding_kernel,512,1,0.014792,0.014792,0.014792,2026-05-03T07:28:54.0551714Z,finished,51620,[OK] parboil_mri_gridding 512 -> 0.014792 ms,Workflow-size invocation finished within the 3600s timeout and emitted a CSV row; matching method=artifact_csv_exact_kernel_size.
known_finished_from_downloaded_benchmark_results_csv_and_run_log_ok,downloaded artifact benchmark-results-parboil-mri-gridding/results_parboil_mri_gridding.csv line 4 plus run log line 51624,Tier 2,parboil_mri_gridding,benchmark-results-parboil-mri-gridding,74088343180,completed,failure,1024,1074,gridding_kernel,1024,gridding_kernel,1024,1,0.015283,0.015283,0.015283,2026-05-03T07:29:34.3253882Z,finished,51624,[OK] parboil_mri_gridding 1024 -> 0.015283 ms,Workflow-size invocation finished within the 3600s timeout and emitted a CSV row; matching method=artifact_csv_exact_kernel_size.
known_finished_from_downloaded_benchmark_results_csv_and_run_log_ok,downloaded artifact benchmark-results-parboil-mri-gridding/results_parboil_mri_gridding.csv line 5 plus run log line 51628,Tier 2,parboil_mri_gridding,benchmark-results-parboil-mri-gridding,74088343180,completed,failure,2048,1075,gridding_kernel,2048,gridding_kernel,2048,1,0.015090,0.015090,0.015090,2026-05-03T07:31:03.5604132Z,finished,51628,[OK] parboil_mri_gridding 2048 -> 0.015090 ms,Workflow-size invocation finished within the 3600s timeout and emitted a CSV row; matching method=artifact_csv_exact_kernel_size.
known_finished_from_downloaded_benchmark_results_csv_and_run_log_ok,downloaded artifact benchmark-results-parboil-mri-gridding/results_parboil_mri_gridding.csv line 6 plus run log line 51632,Tier 2,parboil_mri_gridding,benchmark-results-parboil-mri-gridding,74088343180,completed,failure,4096,1076,gridding_kernel,4096,gridding_kernel,4096,1,0.015073,0.015073,0.015073,2026-05-03T07:34:16.5964913Z,finished,51632,[OK] parboil_mri_gridding 4096 -> 0.015073 ms,Workflow-size invocation finished within the 3600s timeout and emitted a CSV row; matching method=artifact_csv_exact_kernel_size.
known_finished_from_downloaded_benchmark_results_csv_and_run_log_ok,downloaded artifact benchmark-results-parboil-mri-gridding/results_parboil_mri_gridding.csv line 7 plus run log line 51636,Tier 2,parboil_mri_gridding,benchmark-results-parboil-mri-gridding,74088343180,completed,failure,8192,1077,gridding_kernel,8192,gridding_kernel,8192,1,0.015152,0.015152,0.015152,2026-05-03T07:40:57.4650510Z,finished,51636,[OK] parboil_mri_gridding 8192 -> 0.015152 ms,Workflow-size invocation finished within the 3600s timeout and emitted a CSV row; matching method=artifact_csv_exact_kernel_size.
known_finished_from_downloaded_benchmark_results_csv_and_run_log_ok,downloaded artifact benchmark-results-parboil-mri-gridding/results_parboil_mri_gridding.csv line 8 plus run log line 51640,Tier 2,parboil_mri_gridding,benchmark-results-parboil-mri-gridding,74088343180,completed,failure,16384,1078,gridding_kernel,16384,gridding_kernel,16384,1,0.015937,0.015937,0.015937,2026-05-03T07:54:53.3052557Z,finished,51640,[OK] parboil_mri_gridding 16384 -> 0.015937 ms,Workflow-size invocation finished within the 3600s timeout and emitted a CSV row; matching method=artifact_csv_exact_kernel_size.
known_finished_from_downloaded_benchmark_results_csv_and_run_log_ok,downloaded artifact benchmark-results-parboil-mri-gridding/results_parboil_mri_gridding.csv line 9 plus run log line 51644,Tier 2,parboil_mri_gridding,benchmark-results-parboil-mri-gridding,74088343180,completed,failure,32768,1079,gridding_kernel,32768,gridding_kernel,32768,1,0.015886,0.015886,0.015886,2026-05-03T08:52:31.6977288Z,finished,51644,[OK] parboil_mri_gridding 32768 -> 0.015886 ms,Workflow-size invocation finished within the 3600s timeout and emitted a CSV row; matching method=artifact_csv_exact_kernel_size.
known_timed_out_3600s_from_run_log,run log line 51648,Tier 2,parboil_mri_gridding,benchmark-results-parboil-mri-gridding,74088343180,completed,failure,65536,1080,gridding_kernel,65536,,,,,,,2026-05-03T09:52:31.9177296Z,timed_out_3600s,51648,##[warning]TIMEOUT: parboil_mri_gridding 65536 (>3600s),Workflow-size invocation failed before a usable CSV row for this plan entry; later entries in this benchmark job stop after first timeout/crash because the workflow loop breaks.
unknown_not_attempted_after_prior_failure_or_no_matching_artifact_log_evidence,downloaded artifacts plus complete run log had no matching CSV/OK/TIMEOUT/CRASH event for this plan entry,Tier 2,parboil_mri_gridding,benchmark-results-parboil-mri-gridding,74088343180,completed,failure,131072,1081,gridding_kernel,131072,,,,,,,,unknown,,,No row-level terminal evidence for this plan entry in current run artifacts/logs; for failed jobs this generally means the workflow loop did not attempt later sizes after the first failure.
unknown_not_attempted_after_prior_failure_or_no_matching_artifact_log_evidence,downloaded artifacts plus complete run log had no matching CSV/OK/TIMEOUT/CRASH event for this plan entry,Tier 2,parboil_mri_gridding,benchmark-results-parboil-mri-gridding,74088343180,completed,failure,262144,1082,gridding_kernel,262144,,,,,,,,unknown,,,No row-level terminal evidence for this plan entry in current run artifacts/logs; for failed jobs this generally means the workflow loop did not attempt later sizes after the first failure.
unknown_not_attempted_after_prior_failure_or_no_matching_artifact_log_evidence,downloaded artifacts plus complete run log had no matching CSV/OK/TIMEOUT/CRASH event for this plan entry,Tier 2,parboil_mri_gridding,benchmark-results-parboil-mri-gridding,74088343180,completed,failure,524288,1083,gridding_kernel,524288,,,,,,,,unknown,,,No row-level terminal evidence for this plan entry in current run artifacts/logs; for failed jobs this generally means the workflow loop did not attempt later sizes after the first failure.
unknown_not_attempted_after_prior_failure_or_no_matching_artifact_log_evidence,downloaded artifacts plus complete run log had no matching CSV/OK/TIMEOUT/CRASH event for this plan entry,Tier 2,parboil_mri_gridding,benchmark-results-parboil-mri-gridding,74088343180,completed,failure,1048576,1084,gridding_kernel,1048576,,,,,,,,unknown,,,No row-level terminal evidence for this plan entry in current run artifacts/logs; for failed jobs this generally means the workflow loop did not attempt later sizes after the first failure.
unknown_not_attempted_after_prior_failure_or_no_matching_artifact_log_evidence,downloaded artifacts plus complete run log had no matching CSV/OK/TIMEOUT/CRASH event for this plan entry,Tier 2,parboil_mri_gridding,benchmark-results-parboil-mri-gridding,74088343180,completed,failure,1572864,1085,gridding_kernel,1572864,,,,,,,,unknown,,,No row-level terminal evidence for this plan entry in current run artifacts/logs; for failed jobs this generally means the workflow loop did not attempt later sizes after the first failure.
unknown_not_attempted_after_prior_failure_or_no_matching_artifact_log_evidence,downloaded artifacts plus complete run log had no matching CSV/OK/TIMEOUT/CRASH event for this plan entry,Tier 2,parboil_mri_gridding,benchmark-results-parboil-mri-gridding,74088343180,completed,failure,2097152,1086,gridding_kernel,2097152,,,,,,,,unknown,,,No row-level terminal evidence for this plan entry in current run artifacts/logs; for failed jobs this generally means the workflow loop did not attempt later sizes after the first failure.
unknown_not_attempted_after_prior_failure_or_no_matching_artifact_log_evidence,downloaded artifacts plus complete run log had no matching CSV/OK/TIMEOUT/CRASH event for this plan entry,Tier 2,parboil_mri_gridding,benchmark-results-parboil-mri-gridding,74088343180,completed,failure,2621440,1087,gridding_kernel,2621440,,,,,,,,unknown,,,No row-level terminal evidence for this plan entry in current run artifacts/logs; for failed jobs this generally means the workflow loop did not attempt later sizes after the first failure.
unknown_not_attempted_after_prior_failure_or_no_matching_artifact_log_evidence,downloaded artifacts plus complete run log had no matching CSV/OK/TIMEOUT/CRASH event for this plan entry,Tier 2,parboil_mri_gridding,benchmark-results-parboil-mri-gridding,74088343180,completed,failure,3145728,1088,gridding_kernel,3145728,,,,,,,,unknown,,,No row-level terminal evidence for this plan entry in current run artifacts/logs; for failed jobs this generally means the workflow loop did not attempt later sizes after the first failure.
known_finished_from_downloaded_benchmark_results_csv_and_run_log_ok,downloaded artifact benchmark-results-parboil-sad/results_parboil_sad.csv line 2 plus run log line 52234,Tier 2,parboil_sad,benchmark-results-parboil-sad,74088343185,completed,failure,32,1089,computesad,32,ComputeSAD,32,1,0.186922,0.186922,0.186922,2026-05-03T07:57:14.4083676Z,finished,52234,[OK] parboil_sad 32 -> 0.186922 ms,Workflow-size invocation finished within the 3600s timeout and emitted a CSV row; matching method=artifact_csv_exact_kernel_size.
unknown_not_attempted_after_prior_failure_or_no_matching_artifact_log_evidence,downloaded artifacts plus complete run log had no matching CSV/OK/TIMEOUT/CRASH event for this plan entry,Tier 2,parboil_sad,benchmark-results-parboil-sad,74088343185,completed,failure,32,1090,findminsad,32,,,,,,,,unknown,,,No row-level terminal evidence for this plan entry in current run artifacts/logs; for failed jobs this generally means the workflow loop did not attempt later sizes after the first failure.
known_finished_from_downloaded_benchmark_results_csv_and_run_log_ok,downloaded artifact benchmark-results-parboil-sad/results_parboil_sad.csv line 4 plus run log line 52246,Tier 2,parboil_sad,benchmark-results-parboil-sad,74088343185,completed,failure,48,1091,computesad,48,ComputeSAD,48,1,0.196132,0.196132,0.196132,2026-05-03T08:58:18.1683382Z,finished,52246,[OK] parboil_sad 48 -> 0.196132 ms,Workflow-size invocation finished within the 3600s timeout and emitted a CSV row; matching method=artifact_csv_exact_kernel_size.
unknown_not_attempted_after_prior_failure_or_no_matching_artifact_log_evidence,downloaded artifacts plus complete run log had no matching CSV/OK/TIMEOUT/CRASH event for this plan entry,Tier 2,parboil_sad,benchmark-results-parboil-sad,74088343185,completed,failure,48,1092,findminsad,48,,,,,,,,unknown,,,No row-level terminal evidence for this plan entry in current run artifacts/logs; for failed jobs this generally means the workflow loop did not attempt later sizes after the first failure.
known_timed_out_3600s_from_run_log,run log line 52258,Tier 2,parboil_sad,benchmark-results-parboil-sad,74088343185,completed,failure,64,1093,computesad,64,,,,,,,2026-05-03T10:47:15.8879337Z,timed_out_3600s,52258,##[warning]TIMEOUT: parboil_sad 64 (>3600s),Workflow-size invocation failed before a usable CSV row for this plan entry; later entries in this benchmark job stop after first timeout/crash because the workflow loop breaks.
known_timed_out_3600s_from_run_log,run log line 52258,Tier 2,parboil_sad,benchmark-results-parboil-sad,74088343185,completed,failure,64,1094,findminsad,64,,,,,,,2026-05-03T10:47:15.8879337Z,timed_out_3600s,52258,##[warning]TIMEOUT: parboil_sad 64 (>3600s),Workflow-size invocation failed before a usable CSV row for this plan entry; later entries in this benchmark job stop after first timeout/crash because the workflow loop breaks.
unknown_not_attempted_after_prior_failure_or_no_matching_artifact_log_evidence,downloaded artifacts plus complete run log had no matching CSV/OK/TIMEOUT/CRASH event for this plan entry,Tier 2,parboil_sad,benchmark-results-parboil-sad,74088343185,completed,failure,96,1095,computesad,96,,,,,,,,unknown,,,No row-level terminal evidence for this plan entry in current run artifacts/logs; for failed jobs this generally means the workflow loop did not attempt later sizes after the first failure.
unknown_not_attempted_after_prior_failure_or_no_matching_artifact_log_evidence,downloaded artifacts plus complete run log had no matching CSV/OK/TIMEOUT/CRASH event for this plan entry,Tier 2,parboil_sad,benchmark-results-parboil-sad,74088343185,completed,failure,96,1096,findminsad,96,,,,,,,,unknown,,,No row-level terminal evidence for this plan entry in current run artifacts/logs; for failed jobs this generally means the workflow loop did not attempt later sizes after the first failure.
unknown_not_attempted_after_prior_failure_or_no_matching_artifact_log_evidence,downloaded artifacts plus complete run log had no matching CSV/OK/TIMEOUT/CRASH event for this plan entry,Tier 2,parboil_sad,benchmark-results-parboil-sad,74088343185,completed,failure,128,1097,computesad,128,,,,,,,,unknown,,,No row-level terminal evidence for this plan entry in current run artifacts/logs; for failed jobs this generally means the workflow loop did not attempt later sizes after the first failure.
unknown_not_attempted_after_prior_failure_or_no_matching_artifact_log_evidence,downloaded artifacts plus complete run log had no matching CSV/OK/TIMEOUT/CRASH event for this plan entry,Tier 2,parboil_sad,benchmark-results-parboil-sad,74088343185,completed,failure,128,1098,findminsad,128,,,,,,,,unknown,,,No row-level terminal evidence for this plan entry in current run artifacts/logs; for failed jobs this generally means the workflow loop did not attempt later sizes after the first failure.
unknown_not_attempted_after_prior_failure_or_no_matching_artifact_log_evidence,downloaded artifacts plus complete run log had no matching CSV/OK/TIMEOUT/CRASH event for this plan entry,Tier 2,parboil_sad,benchmark-results-parboil-sad,74088343185,completed,failure,160,1099,computesad,160,,,,,,,,unknown,,,No row-level terminal evidence for this plan entry in current run artifacts/logs; for failed jobs this generally means the workflow loop did not attempt later sizes after the first failure.
unknown_not_attempted_after_prior_failure_or_no_matching_artifact_log_evidence,downloaded artifacts plus complete run log had no matching CSV/OK/TIMEOUT/CRASH event for this plan entry,Tier 2,parboil_sad,benchmark-results-parboil-sad,74088343185,completed,failure,160,1100,findminsad,160,,,,,,,,unknown,,,No row-level terminal evidence for this plan entry in current run artifacts/logs; for failed jobs this generally means the workflow loop did not attempt later sizes after the first failure.
unknown_not_attempted_after_prior_failure_or_no_matching_artifact_log_evidence,downloaded artifacts plus complete run log had no matching CSV/OK/TIMEOUT/CRASH event for this plan entry,Tier 2,parboil_sad,benchmark-results-parboil-sad,74088343185,completed,failure,192,1101,computesad,192,,,,,,,,unknown,,,No row-level terminal evidence for this plan entry in current run artifacts/logs; for failed jobs this generally means the workflow loop did not attempt later sizes after the first failure.
unknown_not_attempted_after_prior_failure_or_no_matching_artifact_log_evidence,downloaded artifacts plus complete run log had no matching CSV/OK/TIMEOUT/CRASH event for this plan entry,Tier 2,parboil_sad,benchmark-results-parboil-sad,74088343185,completed,failure,192,1102,findminsad,192,,,,,,,,unknown,,,No row-level terminal evidence for this plan entry in current run artifacts/logs; for failed jobs this generally means the workflow loop did not attempt later sizes after the first failure.
unknown_not_attempted_after_prior_failure_or_no_matching_artifact_log_evidence,downloaded artifacts plus complete run log had no matching CSV/OK/TIMEOUT/CRASH event for this plan entry,Tier 2,parboil_sad,benchmark-results-parboil-sad,74088343185,completed,failure,224,1103,computesad,224,,,,,,,,unknown,,,No row-level terminal evidence for this plan entry in current run artifacts/logs; for failed jobs this generally means the workflow loop did not attempt later sizes after the first failure.
unknown_not_attempted_after_prior_failure_or_no_matching_artifact_log_evidence,downloaded artifacts plus complete run log had no matching CSV/OK/TIMEOUT/CRASH event for this plan entry,Tier 2,parboil_sad,benchmark-results-parboil-sad,74088343185,completed,failure,224,1104,findminsad,224,,,,,,,,unknown,,,No row-level terminal evidence for this plan entry in current run artifacts/logs; for failed jobs this generally means the workflow loop did not attempt later sizes after the first failure.
unknown_not_attempted_after_prior_failure_or_no_matching_artifact_log_evidence,downloaded artifacts plus complete run log had no matching CSV/OK/TIMEOUT/CRASH event for this plan entry,Tier 2,parboil_sad,benchmark-results-parboil-sad,74088343185,completed,failure,256,1105,computesad,256,,,,,,,,unknown,,,No row-level terminal evidence for this plan entry in current run artifacts/logs; for failed jobs this generally means the workflow loop did not attempt later sizes after the first failure.
unknown_not_attempted_after_prior_failure_or_no_matching_artifact_log_evidence,downloaded artifacts plus complete run log had no matching CSV/OK/TIMEOUT/CRASH event for this plan entry,Tier 2,parboil_sad,benchmark-results-parboil-sad,74088343185,completed,failure,256,1106,findminsad,256,,,,,,,,unknown,,,No row-level terminal evidence for this plan entry in current run artifacts/logs; for failed jobs this generally means the workflow loop did not attempt later sizes after the first failure.
unknown_not_attempted_after_prior_failure_or_no_matching_artifact_log_evidence,downloaded artifacts plus complete run log had no matching CSV/OK/TIMEOUT/CRASH event for this plan entry,Tier 2,parboil_sad,benchmark-results-parboil-sad,74088343185,completed,failure,320,1107,computesad,320,,,,,,,,unknown,,,No row-level terminal evidence for this plan entry in current run artifacts/logs; for failed jobs this generally means the workflow loop did not attempt later sizes after the first failure.
unknown_not_attempted_after_prior_failure_or_no_matching_artifact_log_evidence,downloaded artifacts plus complete run log had no matching CSV/OK/TIMEOUT/CRASH event for this plan entry,Tier 2,parboil_sad,benchmark-results-parboil-sad,74088343185,completed,failure,320,1108,findminsad,320,,,,,,,,unknown,,,No row-level terminal evidence for this plan entry in current run artifacts/logs; for failed jobs this generally means the workflow loop did not attempt later sizes after the first failure.
unknown_not_attempted_after_prior_failure_or_no_matching_artifact_log_evidence,downloaded artifacts plus complete run log had no matching CSV/OK/TIMEOUT/CRASH event for this plan entry,Tier 2,parboil_sad,benchmark-results-parboil-sad,74088343185,completed,failure,384,1109,computesad,384,,,,,,,,unknown,,,No row-level terminal evidence for this plan entry in current run artifacts/logs; for failed jobs this generally means the workflow loop did not attempt later sizes after the first failure.
unknown_not_attempted_after_prior_failure_or_no_matching_artifact_log_evidence,downloaded artifacts plus complete run log had no matching CSV/OK/TIMEOUT/CRASH event for this plan entry,Tier 2,parboil_sad,benchmark-results-parboil-sad,74088343185,completed,failure,384,1110,findminsad,384,,,,,,,,unknown,,,No row-level terminal evidence for this plan entry in current run artifacts/logs; for failed jobs this generally means the workflow loop did not attempt later sizes after the first failure.
unknown_not_attempted_after_prior_failure_or_no_matching_artifact_log_evidence,downloaded artifacts plus complete run log had no matching CSV/OK/TIMEOUT/CRASH event for this plan entry,Tier 2,parboil_sad,benchmark-results-parboil-sad,74088343185,completed,failure,448,1111,computesad,448,,,,,,,,unknown,,,No row-level terminal evidence for this plan entry in current run artifacts/logs; for failed jobs this generally means the workflow loop did not attempt later sizes after the first failure.
unknown_not_attempted_after_prior_failure_or_no_matching_artifact_log_evidence,downloaded artifacts plus complete run log had no matching CSV/OK/TIMEOUT/CRASH event for this plan entry,Tier 2,parboil_sad,benchmark-results-parboil-sad,74088343185,completed,failure,448,1112,findminsad,448,,,,,,,,unknown,,,No row-level terminal evidence for this plan entry in current run artifacts/logs; for failed jobs this generally means the workflow loop did not attempt later sizes after the first failure.
unknown_not_attempted_after_prior_failure_or_no_matching_artifact_log_evidence,downloaded artifacts plus complete run log had no matching CSV/OK/TIMEOUT/CRASH event for this plan entry,Tier 2,parboil_sad,benchmark-results-parboil-sad,74088343185,completed,failure,512,1113,computesad,512,,,,,,,,unknown,,,No row-level terminal evidence for this plan entry in current run artifacts/logs; for failed jobs this generally means the workflow loop did not attempt later sizes after the first failure.
unknown_not_attempted_after_prior_failure_or_no_matching_artifact_log_evidence,downloaded artifacts plus complete run log had no matching CSV/OK/TIMEOUT/CRASH event for this plan entry,Tier 2,parboil_sad,benchmark-results-parboil-sad,74088343185,completed,failure,512,1114,findminsad,512,,,,,,,,unknown,,,No row-level terminal evidence for this plan entry in current run artifacts/logs; for failed jobs this generally means the workflow loop did not attempt later sizes after the first failure.
unknown_not_attempted_after_prior_failure_or_no_matching_artifact_log_evidence,downloaded artifacts plus complete run log had no matching CSV/OK/TIMEOUT/CRASH event for this plan entry,Tier 2,parboil_sad,benchmark-results-parboil-sad,74088343185,completed,failure,640,1115,computesad,640,,,,,,,,unknown,,,No row-level terminal evidence for this plan entry in current run artifacts/logs; for failed jobs this generally means the workflow loop did not attempt later sizes after the first failure.
unknown_not_attempted_after_prior_failure_or_no_matching_artifact_log_evidence,downloaded artifacts plus complete run log had no matching CSV/OK/TIMEOUT/CRASH event for this plan entry,Tier 2,parboil_sad,benchmark-results-parboil-sad,74088343185,completed,failure,640,1116,findminsad,640,,,,,,,,unknown,,,No row-level terminal evidence for this plan entry in current run artifacts/logs; for failed jobs this generally means the workflow loop did not attempt later sizes after the first failure.
unknown_not_attempted_after_prior_failure_or_no_matching_artifact_log_evidence,downloaded artifacts plus complete run log had no matching CSV/OK/TIMEOUT/CRASH event for this plan entry,Tier 2,parboil_sad,benchmark-results-parboil-sad,74088343185,completed,failure,768,1117,computesad,768,,,,,,,,unknown,,,No row-level terminal evidence for this plan entry in current run artifacts/logs; for failed jobs this generally means the workflow loop did not attempt later sizes after the first failure.
unknown_not_attempted_after_prior_failure_or_no_matching_artifact_log_evidence,downloaded artifacts plus complete run log had no matching CSV/OK/TIMEOUT/CRASH event for this plan entry,Tier 2,parboil_sad,benchmark-results-parboil-sad,74088343185,completed,failure,768,1118,findminsad,768,,,,,,,,unknown,,,No row-level terminal evidence for this plan entry in current run artifacts/logs; for failed jobs this generally means the workflow loop did not attempt later sizes after the first failure.
unknown_not_attempted_after_prior_failure_or_no_matching_artifact_log_evidence,downloaded artifacts plus complete run log had no matching CSV/OK/TIMEOUT/CRASH event for this plan entry,Tier 2,parboil_sad,benchmark-results-parboil-sad,74088343185,completed,failure,896,1119,computesad,896,,,,,,,,unknown,,,No row-level terminal evidence for this plan entry in current run artifacts/logs; for failed jobs this generally means the workflow loop did not attempt later sizes after the first failure.
unknown_not_attempted_after_prior_failure_or_no_matching_artifact_log_evidence,downloaded artifacts plus complete run log had no matching CSV/OK/TIMEOUT/CRASH event for this plan entry,Tier 2,parboil_sad,benchmark-results-parboil-sad,74088343185,completed,failure,896,1120,findminsad,896,,,,,,,,unknown,,,No row-level terminal evidence for this plan entry in current run artifacts/logs; for failed jobs this generally means the workflow loop did not attempt later sizes after the first failure.
unknown_not_attempted_after_prior_failure_or_no_matching_artifact_log_evidence,downloaded artifacts plus complete run log had no matching CSV/OK/TIMEOUT/CRASH event for this plan entry,Tier 2,parboil_sad,benchmark-results-parboil-sad,74088343185,completed,failure,1024,1121,computesad,1024,,,,,,,,unknown,,,No row-level terminal evidence for this plan entry in current run artifacts/logs; for failed jobs this generally means the workflow loop did not attempt later sizes after the first failure.
unknown_not_attempted_after_prior_failure_or_no_matching_artifact_log_evidence,downloaded artifacts plus complete run log had no matching CSV/OK/TIMEOUT/CRASH event for this plan entry,Tier 2,parboil_sad,benchmark-results-parboil-sad,74088343185,completed,failure,1024,1122,findminsad,1024,,,,,,,,unknown,,,No row-level terminal evidence for this plan entry in current run artifacts/logs; for failed jobs this generally means the workflow loop did not attempt later sizes after the first failure.
known_finished_from_downloaded_benchmark_results_csv_and_run_log_ok,downloaded artifact benchmark-results-parboil-stencil/results_parboil_stencil.csv line 2 plus run log line 54037,Tier 2,parboil_stencil,benchmark-results-parboil-stencil,74088343215,completed,failure,16,1123,stencil_kernel,16,stencil_kernel,16,1,0.003777,0.003777,0.003777,2026-05-03T07:48:15.0274344Z,finished,54037,[OK] parboil_stencil 16 -> 0.003777 ms,Workflow-size invocation finished within the 3600s timeout and emitted a CSV row; matching method=artifact_csv_exact_kernel_size.
known_finished_from_downloaded_benchmark_results_csv_and_run_log_ok,downloaded artifact benchmark-results-parboil-stencil/results_parboil_stencil.csv line 3 plus run log line 54041,Tier 2,parboil_stencil,benchmark-results-parboil-stencil,74088343215,completed,failure,24,1124,stencil_kernel,24,stencil_kernel,24,1,0.003979,0.003979,0.003979,2026-05-03T07:48:29.2301479Z,finished,54041,[OK] parboil_stencil 24 -> 0.003979 ms,Workflow-size invocation finished within the 3600s timeout and emitted a CSV row; matching method=artifact_csv_exact_kernel_size.
known_finished_from_downloaded_benchmark_results_csv_and_run_log_ok,downloaded artifact benchmark-results-parboil-stencil/results_parboil_stencil.csv line 4 plus run log line 54045,Tier 2,parboil_stencil,benchmark-results-parboil-stencil,74088343215,completed,failure,32,1125,stencil_kernel,32,stencil_kernel,32,1,0.003867,0.003867,0.003867,2026-05-03T07:48:51.0713712Z,finished,54045,[OK] parboil_stencil 32 -> 0.003867 ms,Workflow-size invocation finished within the 3600s timeout and emitted a CSV row; matching method=artifact_csv_exact_kernel_size.
known_finished_from_downloaded_benchmark_results_csv_and_run_log_ok,downloaded artifact benchmark-results-parboil-stencil/results_parboil_stencil.csv line 5 plus run log line 54049,Tier 2,parboil_stencil,benchmark-results-parboil-stencil,74088343215,completed,failure,40,1126,stencil_kernel,40,stencil_kernel,40,1,0.005312,0.005312,0.005312,2026-05-03T07:50:36.7613125Z,finished,54049,[OK] parboil_stencil 40 -> 0.005312 ms,Workflow-size invocation finished within the 3600s timeout and emitted a CSV row; matching method=artifact_csv_exact_kernel_size.
known_finished_from_downloaded_benchmark_results_csv_and_run_log_ok,downloaded artifact benchmark-results-parboil-stencil/results_parboil_stencil.csv line 6 plus run log line 54053,Tier 2,parboil_stencil,benchmark-results-parboil-stencil,74088343215,completed,failure,48,1127,stencil_kernel,48,stencil_kernel,48,1,0.005315,0.005315,0.005315,2026-05-03T07:52:11.0206282Z,finished,54053,[OK] parboil_stencil 48 -> 0.005315 ms,Workflow-size invocation finished within the 3600s timeout and emitted a CSV row; matching method=artifact_csv_exact_kernel_size.
known_finished_from_downloaded_benchmark_results_csv_and_run_log_ok,downloaded artifact benchmark-results-parboil-stencil/results_parboil_stencil.csv line 7 plus run log line 54057,Tier 2,parboil_stencil,benchmark-results-parboil-stencil,74088343215,completed,failure,56,1128,stencil_kernel,56,stencil_kernel,56,1,0.008666,0.008666,0.008666,2026-05-03T08:05:03.1563216Z,finished,54057,[OK] parboil_stencil 56 -> 0.008666 ms,Workflow-size invocation finished within the 3600s timeout and emitted a CSV row; matching method=artifact_csv_exact_kernel_size.
known_finished_from_downloaded_benchmark_results_csv_and_run_log_ok,downloaded artifact benchmark-results-parboil-stencil/results_parboil_stencil.csv line 8 plus run log line 54061,Tier 2,parboil_stencil,benchmark-results-parboil-stencil,74088343215,completed,failure,64,1129,stencil_kernel,64,stencil_kernel,64,1,0.008547,0.008547,0.008547,2026-05-03T08:24:53.5374882Z,finished,54061,[OK] parboil_stencil 64 -> 0.008547 ms,Workflow-size invocation finished within the 3600s timeout and emitted a CSV row; matching method=artifact_csv_exact_kernel_size.
known_timed_out_3600s_from_run_log,run log line 54065,Tier 2,parboil_stencil,benchmark-results-parboil-stencil,74088343215,completed,failure,72,1130,stencil_kernel,72,,,,,,,2026-05-03T09:24:53.6234224Z,timed_out_3600s,54065,##[warning]TIMEOUT: parboil_stencil 72 (>3600s),Workflow-size invocation failed before a usable CSV row for this plan entry; later entries in this benchmark job stop after first timeout/crash because the workflow loop breaks.
unknown_not_attempted_after_prior_failure_or_no_matching_artifact_log_evidence,downloaded artifacts plus complete run log had no matching CSV/OK/TIMEOUT/CRASH event for this plan entry,Tier 2,parboil_stencil,benchmark-results-parboil-stencil,74088343215,completed,failure,80,1131,stencil_kernel,80,,,,,,,,unknown,,,No row-level terminal evidence for this plan entry in current run artifacts/logs; for failed jobs this generally means the workflow loop did not attempt later sizes after the first failure.
unknown_not_attempted_after_prior_failure_or_no_matching_artifact_log_evidence,downloaded artifacts plus complete run log had no matching CSV/OK/TIMEOUT/CRASH event for this plan entry,Tier 2,parboil_stencil,benchmark-results-parboil-stencil,74088343215,completed,failure,88,1132,stencil_kernel,88,,,,,,,,unknown,,,No row-level terminal evidence for this plan entry in current run artifacts/logs; for failed jobs this generally means the workflow loop did not attempt later sizes after the first failure.
unknown_not_attempted_after_prior_failure_or_no_matching_artifact_log_evidence,downloaded artifacts plus complete run log had no matching CSV/OK/TIMEOUT/CRASH event for this plan entry,Tier 2,parboil_stencil,benchmark-results-parboil-stencil,74088343215,completed,failure,96,1133,stencil_kernel,96,,,,,,,,unknown,,,No row-level terminal evidence for this plan entry in current run artifacts/logs; for failed jobs this generally means the workflow loop did not attempt later sizes after the first failure.
unknown_not_attempted_after_prior_failure_or_no_matching_artifact_log_evidence,downloaded artifacts plus complete run log had no matching CSV/OK/TIMEOUT/CRASH event for this plan entry,Tier 2,parboil_stencil,benchmark-results-parboil-stencil,74088343215,completed,failure,104,1134,stencil_kernel,104,,,,,,,,unknown,,,No row-level terminal evidence for this plan entry in current run artifacts/logs; for failed jobs this generally means the workflow loop did not attempt later sizes after the first failure.
unknown_not_attempted_after_prior_failure_or_no_matching_artifact_log_evidence,downloaded artifacts plus complete run log had no matching CSV/OK/TIMEOUT/CRASH event for this plan entry,Tier 2,parboil_stencil,benchmark-results-parboil-stencil,74088343215,completed,failure,112,1135,stencil_kernel,112,,,,,,,,unknown,,,No row-level terminal evidence for this plan entry in current run artifacts/logs; for failed jobs this generally means the workflow loop did not attempt later sizes after the first failure.
unknown_not_attempted_after_prior_failure_or_no_matching_artifact_log_evidence,downloaded artifacts plus complete run log had no matching CSV/OK/TIMEOUT/CRASH event for this plan entry,Tier 2,parboil_stencil,benchmark-results-parboil-stencil,74088343215,completed,failure,120,1136,stencil_kernel,120,,,,,,,,unknown,,,No row-level terminal evidence for this plan entry in current run artifacts/logs; for failed jobs this generally means the workflow loop did not attempt later sizes after the first failure.
unknown_not_attempted_after_prior_failure_or_no_matching_artifact_log_evidence,downloaded artifacts plus complete run log had no matching CSV/OK/TIMEOUT/CRASH event for this plan entry,Tier 2,parboil_stencil,benchmark-results-parboil-stencil,74088343215,completed,failure,128,1137,stencil_kernel,128,,,,,,,,unknown,,,No row-level terminal evidence for this plan entry in current run artifacts/logs; for failed jobs this generally means the workflow loop did not attempt later sizes after the first failure.
unknown_not_attempted_after_prior_failure_or_no_matching_artifact_log_evidence,downloaded artifacts plus complete run log had no matching CSV/OK/TIMEOUT/CRASH event for this plan entry,Tier 2,parboil_stencil,benchmark-results-parboil-stencil,74088343215,completed,failure,136,1138,stencil_kernel,136,,,,,,,,unknown,,,No row-level terminal evidence for this plan entry in current run artifacts/logs; for failed jobs this generally means the workflow loop did not attempt later sizes after the first failure.
unknown_not_attempted_after_prior_failure_or_no_matching_artifact_log_evidence,downloaded artifacts plus complete run log had no matching CSV/OK/TIMEOUT/CRASH event for this plan entry,Tier 2,parboil_stencil,benchmark-results-parboil-stencil,74088343215,completed,failure,144,1139,stencil_kernel,144,,,,,,,,unknown,,,No row-level terminal evidence for this plan entry in current run artifacts/logs; for failed jobs this generally means the workflow loop did not attempt later sizes after the first failure.
unknown_not_attempted_after_prior_failure_or_no_matching_artifact_log_evidence,downloaded artifacts plus complete run log had no matching CSV/OK/TIMEOUT/CRASH event for this plan entry,Tier 2,parboil_stencil,benchmark-results-parboil-stencil,74088343215,completed,failure,152,1140,stencil_kernel,152,,,,,,,,unknown,,,No row-level terminal evidence for this plan entry in current run artifacts/logs; for failed jobs this generally means the workflow loop did not attempt later sizes after the first failure.
unknown_not_attempted_after_prior_failure_or_no_matching_artifact_log_evidence,downloaded artifacts plus complete run log had no matching CSV/OK/TIMEOUT/CRASH event for this plan entry,Tier 2,parboil_stencil,benchmark-results-parboil-stencil,74088343215,completed,failure,160,1141,stencil_kernel,160,,,,,,,,unknown,,,No row-level terminal evidence for this plan entry in current run artifacts/logs; for failed jobs this generally means the workflow loop did not attempt later sizes after the first failure.
known_finished_from_downloaded_benchmark_results_csv_and_run_log_ok,downloaded artifact benchmark-results-parboil-tpacf/results_parboil_tpacf.csv line 2 plus run log line 52829,Tier 2,parboil_tpacf,benchmark-results-parboil-tpacf,74088343212,completed,failure,256,1142,tpacf_dd,256,tpacf_DD,256,1,0.102997,0.102997,0.102997,2026-05-03T08:00:13.6432287Z,finished,52829,[OK] parboil_tpacf 256 -> 0.102997 ms,Workflow-size invocation finished within the 3600s timeout and emitted a CSV row; matching method=artifact_csv_special_tpacf_sequential.
known_finished_from_downloaded_benchmark_results_csv_and_run_log_ok,downloaded artifact benchmark-results-parboil-tpacf/results_parboil_tpacf.csv line 3 plus run log line 52833,Tier 2,parboil_tpacf,benchmark-results-parboil-tpacf,74088343212,completed,failure,256,1143,tpacf_dr,256,tpacf_DD,256,1,0.104568,0.104568,0.104568,2026-05-03T08:01:47.6798187Z,finished,52833,[OK] parboil_tpacf 256 -> 0.104568 ms,Workflow-size invocation finished within the 3600s timeout and emitted a CSV row; matching method=artifact_csv_special_tpacf_sequential.
known_finished_from_downloaded_benchmark_results_csv_and_run_log_ok,downloaded artifact benchmark-results-parboil-tpacf/results_parboil_tpacf.csv line 4 plus run log line 52837,Tier 2,parboil_tpacf,benchmark-results-parboil-tpacf,74088343212,completed,failure,256,1144,tpacf_rr,256,tpacf_DD,256,1,0.103980,0.103980,0.103980,2026-05-03T08:03:22.2475759Z,finished,52837,[OK] parboil_tpacf 256 -> 0.103980 ms,Workflow-size invocation finished within the 3600s timeout and emitted a CSV row; matching method=artifact_csv_special_tpacf_sequential.
known_finished_from_downloaded_benchmark_results_csv_and_run_log_ok,downloaded artifact benchmark-results-parboil-tpacf/results_parboil_tpacf.csv line 5 plus run log line 52841,Tier 2,parboil_tpacf,benchmark-results-parboil-tpacf,74088343212,completed,failure,512,1145,tpacf_dd,512,tpacf_DD,512,1,0.242744,0.242744,0.242744,2026-05-03T08:24:53.4473947Z,finished,52841,[OK] parboil_tpacf 512 -> 0.242744 ms,Workflow-size invocation finished within the 3600s timeout and emitted a CSV row; matching method=artifact_csv_special_tpacf_sequential.
known_finished_from_downloaded_benchmark_results_csv_and_run_log_ok,downloaded artifact benchmark-results-parboil-tpacf/results_parboil_tpacf.csv line 6 plus run log line 52845,Tier 2,parboil_tpacf,benchmark-results-parboil-tpacf,74088343212,completed,failure,512,1146,tpacf_dr,512,tpacf_DD,512,1,0.239022,0.239022,0.239022,2026-05-03T08:45:55.8246599Z,finished,52845,[OK] parboil_tpacf 512 -> 0.239022 ms,Workflow-size invocation finished within the 3600s timeout and emitted a CSV row; matching method=artifact_csv_special_tpacf_sequential.
known_finished_from_downloaded_benchmark_results_csv_and_run_log_ok,downloaded artifact benchmark-results-parboil-tpacf/results_parboil_tpacf.csv line 7 plus run log line 52849,Tier 2,parboil_tpacf,benchmark-results-parboil-tpacf,74088343212,completed,failure,512,1147,tpacf_rr,512,tpacf_DD,512,1,0.238059,0.238059,0.238059,2026-05-03T09:04:41.3240094Z,finished,52849,[OK] parboil_tpacf 512 -> 0.238059 ms,Workflow-size invocation finished within the 3600s timeout and emitted a CSV row; matching method=artifact_csv_special_tpacf_sequential.
known_timed_out_3600s_from_run_log,run log line 52853,Tier 2,parboil_tpacf,benchmark-results-parboil-tpacf,74088343212,completed,failure,1024,1148,tpacf_dd,1024,,,,,,,2026-05-03T10:04:41.3494878Z,timed_out_3600s,52853,##[warning]TIMEOUT: parboil_tpacf 1024 (>3600s),Workflow-size invocation failed before a usable CSV row for this plan entry; later entries in this benchmark job stop after first timeout/crash because the workflow loop breaks.
known_timed_out_3600s_from_run_log,run log line 52853,Tier 2,parboil_tpacf,benchmark-results-parboil-tpacf,74088343212,completed,failure,1024,1149,tpacf_dr,1024,,,,,,,2026-05-03T10:04:41.3494878Z,timed_out_3600s,52853,##[warning]TIMEOUT: parboil_tpacf 1024 (>3600s),Workflow-size invocation failed before a usable CSV row for this plan entry; later entries in this benchmark job stop after first timeout/crash because the workflow loop breaks.
known_timed_out_3600s_from_run_log,run log line 52853,Tier 2,parboil_tpacf,benchmark-results-parboil-tpacf,74088343212,completed,failure,1024,1150,tpacf_rr,1024,,,,,,,2026-05-03T10:04:41.3494878Z,timed_out_3600s,52853,##[warning]TIMEOUT: parboil_tpacf 1024 (>3600s),Workflow-size invocation failed before a usable CSV row for this plan entry; later entries in this benchmark job stop after first timeout/crash because the workflow loop breaks.
unknown_not_attempted_after_prior_failure_or_no_matching_artifact_log_evidence,downloaded artifacts plus complete run log had no matching CSV/OK/TIMEOUT/CRASH event for this plan entry,Tier 2,parboil_tpacf,benchmark-results-parboil-tpacf,74088343212,completed,failure,2048,1151,tpacf_dd,2048,,,,,,,,unknown,,,No row-level terminal evidence for this plan entry in current run artifacts/logs; for failed jobs this generally means the workflow loop did not attempt later sizes after the first failure.
unknown_not_attempted_after_prior_failure_or_no_matching_artifact_log_evidence,downloaded artifacts plus complete run log had no matching CSV/OK/TIMEOUT/CRASH event for this plan entry,Tier 2,parboil_tpacf,benchmark-results-parboil-tpacf,74088343212,completed,failure,2048,1152,tpacf_dr,2048,,,,,,,,unknown,,,No row-level terminal evidence for this plan entry in current run artifacts/logs; for failed jobs this generally means the workflow loop did not attempt later sizes after the first failure.
unknown_not_attempted_after_prior_failure_or_no_matching_artifact_log_evidence,downloaded artifacts plus complete run log had no matching CSV/OK/TIMEOUT/CRASH event for this plan entry,Tier 2,parboil_tpacf,benchmark-results-parboil-tpacf,74088343212,completed,failure,2048,1153,tpacf_rr,2048,,,,,,,,unknown,,,No row-level terminal evidence for this plan entry in current run artifacts/logs; for failed jobs this generally means the workflow loop did not attempt later sizes after the first failure.
unknown_not_attempted_after_prior_failure_or_no_matching_artifact_log_evidence,downloaded artifacts plus complete run log had no matching CSV/OK/TIMEOUT/CRASH event for this plan entry,Tier 2,parboil_tpacf,benchmark-results-parboil-tpacf,74088343212,completed,failure,3072,1154,tpacf_dd,3072,,,,,,,,unknown,,,No row-level terminal evidence for this plan entry in current run artifacts/logs; for failed jobs this generally means the workflow loop did not attempt later sizes after the first failure.
unknown_not_attempted_after_prior_failure_or_no_matching_artifact_log_evidence,downloaded artifacts plus complete run log had no matching CSV/OK/TIMEOUT/CRASH event for this plan entry,Tier 2,parboil_tpacf,benchmark-results-parboil-tpacf,74088343212,completed,failure,3072,1155,tpacf_dr,3072,,,,,,,,unknown,,,No row-level terminal evidence for this plan entry in current run artifacts/logs; for failed jobs this generally means the workflow loop did not attempt later sizes after the first failure.
unknown_not_attempted_after_prior_failure_or_no_matching_artifact_log_evidence,downloaded artifacts plus complete run log had no matching CSV/OK/TIMEOUT/CRASH event for this plan entry,Tier 2,parboil_tpacf,benchmark-results-parboil-tpacf,74088343212,completed,failure,3072,1156,tpacf_rr,3072,,,,,,,,unknown,,,No row-level terminal evidence for this plan entry in current run artifacts/logs; for failed jobs this generally means the workflow loop did not attempt later sizes after the first failure.
unknown_not_attempted_after_prior_failure_or_no_matching_artifact_log_evidence,downloaded artifacts plus complete run log had no matching CSV/OK/TIMEOUT/CRASH event for this plan entry,Tier 2,parboil_tpacf,benchmark-results-parboil-tpacf,74088343212,completed,failure,4096,1157,tpacf_dd,4096,,,,,,,,unknown,,,No row-level terminal evidence for this plan entry in current run artifacts/logs; for failed jobs this generally means the workflow loop did not attempt later sizes after the first failure.
unknown_not_attempted_after_prior_failure_or_no_matching_artifact_log_evidence,downloaded artifacts plus complete run log had no matching CSV/OK/TIMEOUT/CRASH event for this plan entry,Tier 2,parboil_tpacf,benchmark-results-parboil-tpacf,74088343212,completed,failure,4096,1158,tpacf_dr,4096,,,,,,,,unknown,,,No row-level terminal evidence for this plan entry in current run artifacts/logs; for failed jobs this generally means the workflow loop did not attempt later sizes after the first failure.
unknown_not_attempted_after_prior_failure_or_no_matching_artifact_log_evidence,downloaded artifacts plus complete run log had no matching CSV/OK/TIMEOUT/CRASH event for this plan entry,Tier 2,parboil_tpacf,benchmark-results-parboil-tpacf,74088343212,completed,failure,4096,1159,tpacf_rr,4096,,,,,,,,unknown,,,No row-level terminal evidence for this plan entry in current run artifacts/logs; for failed jobs this generally means the workflow loop did not attempt later sizes after the first failure.
unknown_not_attempted_after_prior_failure_or_no_matching_artifact_log_evidence,downloaded artifacts plus complete run log had no matching CSV/OK/TIMEOUT/CRASH event for this plan entry,Tier 2,parboil_tpacf,benchmark-results-parboil-tpacf,74088343212,completed,failure,5120,1160,tpacf_dd,5120,,,,,,,,unknown,,,No row-level terminal evidence for this plan entry in current run artifacts/logs; for failed jobs this generally means the workflow loop did not attempt later sizes after the first failure.
unknown_not_attempted_after_prior_failure_or_no_matching_artifact_log_evidence,downloaded artifacts plus complete run log had no matching CSV/OK/TIMEOUT/CRASH event for this plan entry,Tier 2,parboil_tpacf,benchmark-results-parboil-tpacf,74088343212,completed,failure,5120,1161,tpacf_dr,5120,,,,,,,,unknown,,,No row-level terminal evidence for this plan entry in current run artifacts/logs; for failed jobs this generally means the workflow loop did not attempt later sizes after the first failure.
unknown_not_attempted_after_prior_failure_or_no_matching_artifact_log_evidence,downloaded artifacts plus complete run log had no matching CSV/OK/TIMEOUT/CRASH event for this plan entry,Tier 2,parboil_tpacf,benchmark-results-parboil-tpacf,74088343212,completed,failure,5120,1162,tpacf_rr,5120,,,,,,,,unknown,,,No row-level terminal evidence for this plan entry in current run artifacts/logs; for failed jobs this generally means the workflow loop did not attempt later sizes after the first failure.
unknown_not_attempted_after_prior_failure_or_no_matching_artifact_log_evidence,downloaded artifacts plus complete run log had no matching CSV/OK/TIMEOUT/CRASH event for this plan entry,Tier 2,parboil_tpacf,benchmark-results-parboil-tpacf,74088343212,completed,failure,6144,1163,tpacf_dd,6144,,,,,,,,unknown,,,No row-level terminal evidence for this plan entry in current run artifacts/logs; for failed jobs this generally means the workflow loop did not attempt later sizes after the first failure.
unknown_not_attempted_after_prior_failure_or_no_matching_artifact_log_evidence,downloaded artifacts plus complete run log had no matching CSV/OK/TIMEOUT/CRASH event for this plan entry,Tier 2,parboil_tpacf,benchmark-results-parboil-tpacf,74088343212,completed,failure,6144,1164,tpacf_dr,6144,,,,,,,,unknown,,,No row-level terminal evidence for this plan entry in current run artifacts/logs; for failed jobs this generally means the workflow loop did not attempt later sizes after the first failure.
unknown_not_attempted_after_prior_failure_or_no_matching_artifact_log_evidence,downloaded artifacts plus complete run log had no matching CSV/OK/TIMEOUT/CRASH event for this plan entry,Tier 2,parboil_tpacf,benchmark-results-parboil-tpacf,74088343212,completed,failure,6144,1165,tpacf_rr,6144,,,,,,,,unknown,,,No row-level terminal evidence for this plan entry in current run artifacts/logs; for failed jobs this generally means the workflow loop did not attempt later sizes after the first failure.
unknown_not_attempted_after_prior_failure_or_no_matching_artifact_log_evidence,downloaded artifacts plus complete run log had no matching CSV/OK/TIMEOUT/CRASH event for this plan entry,Tier 2,parboil_tpacf,benchmark-results-parboil-tpacf,74088343212,completed,failure,7168,1166,tpacf_dd,7168,,,,,,,,unknown,,,No row-level terminal evidence for this plan entry in current run artifacts/logs; for failed jobs this generally means the workflow loop did not attempt later sizes after the first failure.
unknown_not_attempted_after_prior_failure_or_no_matching_artifact_log_evidence,downloaded artifacts plus complete run log had no matching CSV/OK/TIMEOUT/CRASH event for this plan entry,Tier 2,parboil_tpacf,benchmark-results-parboil-tpacf,74088343212,completed,failure,7168,1167,tpacf_dr,7168,,,,,,,,unknown,,,No row-level terminal evidence for this plan entry in current run artifacts/logs; for failed jobs this generally means the workflow loop did not attempt later sizes after the first failure.
unknown_not_attempted_after_prior_failure_or_no_matching_artifact_log_evidence,downloaded artifacts plus complete run log had no matching CSV/OK/TIMEOUT/CRASH event for this plan entry,Tier 2,parboil_tpacf,benchmark-results-parboil-tpacf,74088343212,completed,failure,7168,1168,tpacf_rr,7168,,,,,,,,unknown,,,No row-level terminal evidence for this plan entry in current run artifacts/logs; for failed jobs this generally means the workflow loop did not attempt later sizes after the first failure.
unknown_not_attempted_after_prior_failure_or_no_matching_artifact_log_evidence,downloaded artifacts plus complete run log had no matching CSV/OK/TIMEOUT/CRASH event for this plan entry,Tier 2,parboil_tpacf,benchmark-results-parboil-tpacf,74088343212,completed,failure,8192,1169,tpacf_dd,8192,,,,,,,,unknown,,,No row-level terminal evidence for this plan entry in current run artifacts/logs; for failed jobs this generally means the workflow loop did not attempt later sizes after the first failure.
unknown_not_attempted_after_prior_failure_or_no_matching_artifact_log_evidence,downloaded artifacts plus complete run log had no matching CSV/OK/TIMEOUT/CRASH event for this plan entry,Tier 2,parboil_tpacf,benchmark-results-parboil-tpacf,74088343212,completed,failure,8192,1170,tpacf_dr,8192,,,,,,,,unknown,,,No row-level terminal evidence for this plan entry in current run artifacts/logs; for failed jobs this generally means the workflow loop did not attempt later sizes after the first failure.
unknown_not_attempted_after_prior_failure_or_no_matching_artifact_log_evidence,downloaded artifacts plus complete run log had no matching CSV/OK/TIMEOUT/CRASH event for this plan entry,Tier 2,parboil_tpacf,benchmark-results-parboil-tpacf,74088343212,completed,failure,8192,1171,tpacf_rr,8192,,,,,,,,unknown,,,No row-level terminal evidence for this plan entry in current run artifacts/logs; for failed jobs this generally means the workflow loop did not attempt later sizes after the first failure.
unknown_not_attempted_after_prior_failure_or_no_matching_artifact_log_evidence,downloaded artifacts plus complete run log had no matching CSV/OK/TIMEOUT/CRASH event for this plan entry,Tier 2,parboil_tpacf,benchmark-results-parboil-tpacf,74088343212,completed,failure,10240,1172,tpacf_dd,10240,,,,,,,,unknown,,,No row-level terminal evidence for this plan entry in current run artifacts/logs; for failed jobs this generally means the workflow loop did not attempt later sizes after the first failure.
unknown_not_attempted_after_prior_failure_or_no_matching_artifact_log_evidence,downloaded artifacts plus complete run log had no matching CSV/OK/TIMEOUT/CRASH event for this plan entry,Tier 2,parboil_tpacf,benchmark-results-parboil-tpacf,74088343212,completed,failure,10240,1173,tpacf_dr,10240,,,,,,,,unknown,,,No row-level terminal evidence for this plan entry in current run artifacts/logs; for failed jobs this generally means the workflow loop did not attempt later sizes after the first failure.
unknown_not_attempted_after_prior_failure_or_no_matching_artifact_log_evidence,downloaded artifacts plus complete run log had no matching CSV/OK/TIMEOUT/CRASH event for this plan entry,Tier 2,parboil_tpacf,benchmark-results-parboil-tpacf,74088343212,completed,failure,10240,1174,tpacf_rr,10240,,,,,,,,unknown,,,No row-level terminal evidence for this plan entry in current run artifacts/logs; for failed jobs this generally means the workflow loop did not attempt later sizes after the first failure.
unknown_not_attempted_after_prior_failure_or_no_matching_artifact_log_evidence,downloaded artifacts plus complete run log had no matching CSV/OK/TIMEOUT/CRASH event for this plan entry,Tier 2,parboil_tpacf,benchmark-results-parboil-tpacf,74088343212,completed,failure,12288,1175,tpacf_dd,12288,,,,,,,,unknown,,,No row-level terminal evidence for this plan entry in current run artifacts/logs; for failed jobs this generally means the workflow loop did not attempt later sizes after the first failure.
unknown_not_attempted_after_prior_failure_or_no_matching_artifact_log_evidence,downloaded artifacts plus complete run log had no matching CSV/OK/TIMEOUT/CRASH event for this plan entry,Tier 2,parboil_tpacf,benchmark-results-parboil-tpacf,74088343212,completed,failure,12288,1176,tpacf_dr,12288,,,,,,,,unknown,,,No row-level terminal evidence for this plan entry in current run artifacts/logs; for failed jobs this generally means the workflow loop did not attempt later sizes after the first failure.
unknown_not_attempted_after_prior_failure_or_no_matching_artifact_log_evidence,downloaded artifacts plus complete run log had no matching CSV/OK/TIMEOUT/CRASH event for this plan entry,Tier 2,parboil_tpacf,benchmark-results-parboil-tpacf,74088343212,completed,failure,12288,1177,tpacf_rr,12288,,,,,,,,unknown,,,No row-level terminal evidence for this plan entry in current run artifacts/logs; for failed jobs this generally means the workflow loop did not attempt later sizes after the first failure.
unknown_not_attempted_after_prior_failure_or_no_matching_artifact_log_evidence,downloaded artifacts plus complete run log had no matching CSV/OK/TIMEOUT/CRASH event for this plan entry,Tier 2,parboil_tpacf,benchmark-results-parboil-tpacf,74088343212,completed,failure,14336,1178,tpacf_dd,14336,,,,,,,,unknown,,,No row-level terminal evidence for this plan entry in current run artifacts/logs; for failed jobs this generally means the workflow loop did not attempt later sizes after the first failure.
unknown_not_attempted_after_prior_failure_or_no_matching_artifact_log_evidence,downloaded artifacts plus complete run log had no matching CSV/OK/TIMEOUT/CRASH event for this plan entry,Tier 2,parboil_tpacf,benchmark-results-parboil-tpacf,74088343212,completed,failure,14336,1179,tpacf_dr,14336,,,,,,,,unknown,,,No row-level terminal evidence for this plan entry in current run artifacts/logs; for failed jobs this generally means the workflow loop did not attempt later sizes after the first failure.
unknown_not_attempted_after_prior_failure_or_no_matching_artifact_log_evidence,downloaded artifacts plus complete run log had no matching CSV/OK/TIMEOUT/CRASH event for this plan entry,Tier 2,parboil_tpacf,benchmark-results-parboil-tpacf,74088343212,completed,failure,14336,1180,tpacf_rr,14336,,,,,,,,unknown,,,No row-level terminal evidence for this plan entry in current run artifacts/logs; for failed jobs this generally means the workflow loop did not attempt later sizes after the first failure.
unknown_not_attempted_after_prior_failure_or_no_matching_artifact_log_evidence,downloaded artifacts plus complete run log had no matching CSV/OK/TIMEOUT/CRASH event for this plan entry,Tier 2,parboil_tpacf,benchmark-results-parboil-tpacf,74088343212,completed,failure,16384,1181,tpacf_dd,16384,,,,,,,,unknown,,,No row-level terminal evidence for this plan entry in current run artifacts/logs; for failed jobs this generally means the workflow loop did not attempt later sizes after the first failure.
unknown_not_attempted_after_prior_failure_or_no_matching_artifact_log_evidence,downloaded artifacts plus complete run log had no matching CSV/OK/TIMEOUT/CRASH event for this plan entry,Tier 2,parboil_tpacf,benchmark-results-parboil-tpacf,74088343212,completed,failure,16384,1182,tpacf_dr,16384,,,,,,,,unknown,,,No row-level terminal evidence for this plan entry in current run artifacts/logs; for failed jobs this generally means the workflow loop did not attempt later sizes after the first failure.
unknown_not_attempted_after_prior_failure_or_no_matching_artifact_log_evidence,downloaded artifacts plus complete run log had no matching CSV/OK/TIMEOUT/CRASH event for this plan entry,Tier 2,parboil_tpacf,benchmark-results-parboil-tpacf,74088343212,completed,failure,16384,1183,tpacf_rr,16384,,,,,,,,unknown,,,No row-level terminal evidence for this plan entry in current run artifacts/logs; for failed jobs this generally means the workflow loop did not attempt later sizes after the first failure.
unknown_not_attempted_after_prior_failure_or_no_matching_artifact_log_evidence,downloaded artifacts plus complete run log had no matching CSV/OK/TIMEOUT/CRASH event for this plan entry,Tier 2,parboil_tpacf,benchmark-results-parboil-tpacf,74088343212,completed,failure,20480,1184,tpacf_dd,20480,,,,,,,,unknown,,,No row-level terminal evidence for this plan entry in current run artifacts/logs; for failed jobs this generally means the workflow loop did not attempt later sizes after the first failure.
unknown_not_attempted_after_prior_failure_or_no_matching_artifact_log_evidence,downloaded artifacts plus complete run log had no matching CSV/OK/TIMEOUT/CRASH event for this plan entry,Tier 2,parboil_tpacf,benchmark-results-parboil-tpacf,74088343212,completed,failure,20480,1185,tpacf_dr,20480,,,,,,,,unknown,,,No row-level terminal evidence for this plan entry in current run artifacts/logs; for failed jobs this generally means the workflow loop did not attempt later sizes after the first failure.
unknown_not_attempted_after_prior_failure_or_no_matching_artifact_log_evidence,downloaded artifacts plus complete run log had no matching CSV/OK/TIMEOUT/CRASH event for this plan entry,Tier 2,parboil_tpacf,benchmark-results-parboil-tpacf,74088343212,completed,failure,20480,1186,tpacf_rr,20480,,,,,,,,unknown,,,No row-level terminal evidence for this plan entry in current run artifacts/logs; for failed jobs this generally means the workflow loop did not attempt later sizes after the first failure.
unknown_not_attempted_after_prior_failure_or_no_matching_artifact_log_evidence,downloaded artifacts plus complete run log had no matching CSV/OK/TIMEOUT/CRASH event for this plan entry,Tier 2,parboil_tpacf,benchmark-results-parboil-tpacf,74088343212,completed,failure,24576,1187,tpacf_dd,24576,,,,,,,,unknown,,,No row-level terminal evidence for this plan entry in current run artifacts/logs; for failed jobs this generally means the workflow loop did not attempt later sizes after the first failure.
unknown_not_attempted_after_prior_failure_or_no_matching_artifact_log_evidence,downloaded artifacts plus complete run log had no matching CSV/OK/TIMEOUT/CRASH event for this plan entry,Tier 2,parboil_tpacf,benchmark-results-parboil-tpacf,74088343212,completed,failure,24576,1188,tpacf_dr,24576,,,,,,,,unknown,,,No row-level terminal evidence for this plan entry in current run artifacts/logs; for failed jobs this generally means the workflow loop did not attempt later sizes after the first failure.
unknown_not_attempted_after_prior_failure_or_no_matching_artifact_log_evidence,downloaded artifacts plus complete run log had no matching CSV/OK/TIMEOUT/CRASH event for this plan entry,Tier 2,parboil_tpacf,benchmark-results-parboil-tpacf,74088343212,completed,failure,24576,1189,tpacf_rr,24576,,,,,,,,unknown,,,No row-level terminal evidence for this plan entry in current run artifacts/logs; for failed jobs this generally means the workflow loop did not attempt later sizes after the first failure.
unknown_not_attempted_after_prior_failure_or_no_matching_artifact_log_evidence,downloaded artifacts plus complete run log had no matching CSV/OK/TIMEOUT/CRASH event for this plan entry,Tier 2,parboil_tpacf,benchmark-results-parboil-tpacf,74088343212,completed,failure,28672,1190,tpacf_dd,28672,,,,,,,,unknown,,,No row-level terminal evidence for this plan entry in current run artifacts/logs; for failed jobs this generally means the workflow loop did not attempt later sizes after the first failure.
unknown_not_attempted_after_prior_failure_or_no_matching_artifact_log_evidence,downloaded artifacts plus complete run log had no matching CSV/OK/TIMEOUT/CRASH event for this plan entry,Tier 2,parboil_tpacf,benchmark-results-parboil-tpacf,74088343212,completed,failure,28672,1191,tpacf_dr,28672,,,,,,,,unknown,,,No row-level terminal evidence for this plan entry in current run artifacts/logs; for failed jobs this generally means the workflow loop did not attempt later sizes after the first failure.
unknown_not_attempted_after_prior_failure_or_no_matching_artifact_log_evidence,downloaded artifacts plus complete run log had no matching CSV/OK/TIMEOUT/CRASH event for this plan entry,Tier 2,parboil_tpacf,benchmark-results-parboil-tpacf,74088343212,completed,failure,28672,1192,tpacf_rr,28672,,,,,,,,unknown,,,No row-level terminal evidence for this plan entry in current run artifacts/logs; for failed jobs this generally means the workflow loop did not attempt later sizes after the first failure.
unknown_not_attempted_after_prior_failure_or_no_matching_artifact_log_evidence,downloaded artifacts plus complete run log had no matching CSV/OK/TIMEOUT/CRASH event for this plan entry,Tier 2,parboil_tpacf,benchmark-results-parboil-tpacf,74088343212,completed,failure,32768,1193,tpacf_dd,32768,,,,,,,,unknown,,,No row-level terminal evidence for this plan entry in current run artifacts/logs; for failed jobs this generally means the workflow loop did not attempt later sizes after the first failure.
unknown_not_attempted_after_prior_failure_or_no_matching_artifact_log_evidence,downloaded artifacts plus complete run log had no matching CSV/OK/TIMEOUT/CRASH event for this plan entry,Tier 2,parboil_tpacf,benchmark-results-parboil-tpacf,74088343212,completed,failure,32768,1194,tpacf_dr,32768,,,,,,,,unknown,,,No row-level terminal evidence for this plan entry in current run artifacts/logs; for failed jobs this generally means the workflow loop did not attempt later sizes after the first failure.
unknown_not_attempted_after_prior_failure_or_no_matching_artifact_log_evidence,downloaded artifacts plus complete run log had no matching CSV/OK/TIMEOUT/CRASH event for this plan entry,Tier 2,parboil_tpacf,benchmark-results-parboil-tpacf,74088343212,completed,failure,32768,1195,tpacf_rr,32768,,,,,,,,unknown,,,No row-level terminal evidence for this plan entry in current run artifacts/logs; for failed jobs this generally means the workflow loop did not attempt later sizes after the first failure.
known_finished_from_downloaded_benchmark_results_csv_and_run_log_ok,downloaded artifact benchmark-results-md5hash/results_md5hash.csv line 2 plus run log line 53422,Tier 2,md5hash,benchmark-results-md5hash,74088343213,completed,failure,512,1196,md5hash,512,md5hash,512,1,0.007869,0.007869,0.007869,2026-05-03T07:59:16.3744376Z,finished,53422,[OK] md5hash 512 -> 0.007869 ms,Workflow-size invocation finished within the 3600s timeout and emitted a CSV row; matching method=artifact_csv_exact_kernel_size.
known_finished_from_downloaded_benchmark_results_csv_and_run_log_ok,downloaded artifact benchmark-results-md5hash/results_md5hash.csv line 3 plus run log line 53426,Tier 2,md5hash,benchmark-results-md5hash,74088343213,completed,failure,1024,1197,md5hash,1024,md5hash,1024,1,0.007868,0.007868,0.007868,2026-05-03T07:59:18.5706917Z,finished,53426,[OK] md5hash 1024 -> 0.007868 ms,Workflow-size invocation finished within the 3600s timeout and emitted a CSV row; matching method=artifact_csv_exact_kernel_size.
known_finished_from_downloaded_benchmark_results_csv_and_run_log_ok,downloaded artifact benchmark-results-md5hash/results_md5hash.csv line 4 plus run log line 53430,Tier 2,md5hash,benchmark-results-md5hash,74088343213,completed,failure,2048,1198,md5hash,2048,md5hash,2048,1,0.007873,0.007873,0.007873,2026-05-03T07:59:21.9822903Z,finished,53430,[OK] md5hash 2048 -> 0.007873 ms,Workflow-size invocation finished within the 3600s timeout and emitted a CSV row; matching method=artifact_csv_exact_kernel_size.
known_finished_from_downloaded_benchmark_results_csv_and_run_log_ok,downloaded artifact benchmark-results-md5hash/results_md5hash.csv line 5 plus run log line 53434,Tier 2,md5hash,benchmark-results-md5hash,74088343213,completed,failure,4096,1199,md5hash,4096,md5hash,4096,1,0.007872,0.007872,0.007872,2026-05-03T07:59:29.8259536Z,finished,53434,[OK] md5hash 4096 -> 0.007872 ms,Workflow-size invocation finished within the 3600s timeout and emitted a CSV row; matching method=artifact_csv_exact_kernel_size.
known_finished_from_downloaded_benchmark_results_csv_and_run_log_ok,downloaded artifact benchmark-results-md5hash/results_md5hash.csv line 6 plus run log line 53438,Tier 2,md5hash,benchmark-results-md5hash,74088343213,completed,failure,8192,1200,md5hash,8192,md5hash,8192,1,0.007880,0.007880,0.007880,2026-05-03T07:59:47.1284816Z,finished,53438,[OK] md5hash 8192 -> 0.007880 ms,Workflow-size invocation finished within the 3600s timeout and emitted a CSV row; matching method=artifact_csv_exact_kernel_size.
known_finished_from_downloaded_benchmark_results_csv_and_run_log_ok,downloaded artifact benchmark-results-md5hash/results_md5hash.csv line 7 plus run log line 53442,Tier 2,md5hash,benchmark-results-md5hash,74088343213,completed,failure,16384,1201,md5hash,16384,md5hash,16384,1,0.008729,0.008729,0.008729,2026-05-03T08:00:31.8671646Z,finished,53442,[OK] md5hash 16384 -> 0.008729 ms,Workflow-size invocation finished within the 3600s timeout and emitted a CSV row; matching method=artifact_csv_exact_kernel_size.
known_finished_from_downloaded_benchmark_results_csv_and_run_log_ok,downloaded artifact benchmark-results-md5hash/results_md5hash.csv line 8 plus run log line 53446,Tier 2,md5hash,benchmark-results-md5hash,74088343213,completed,failure,32768,1202,md5hash,32768,md5hash,32768,1,0.010350,0.010350,0.010350,2026-05-03T08:02:18.1941964Z,finished,53446,[OK] md5hash 32768 -> 0.010350 ms,Workflow-size invocation finished within the 3600s timeout and emitted a CSV row; matching method=artifact_csv_exact_kernel_size.
known_finished_from_downloaded_benchmark_results_csv_and_run_log_ok,downloaded artifact benchmark-results-md5hash/results_md5hash.csv line 9 plus run log line 53450,Tier 2,md5hash,benchmark-results-md5hash,74088343213,completed,failure,65536,1203,md5hash,65536,md5hash,65536,1,0.013710,0.013710,0.013710,2026-05-03T08:06:50.1234607Z,finished,53450,[OK] md5hash 65536 -> 0.013710 ms,Workflow-size invocation finished within the 3600s timeout and emitted a CSV row; matching method=artifact_csv_exact_kernel_size.
known_finished_from_downloaded_benchmark_results_csv_and_run_log_ok,downloaded artifact benchmark-results-md5hash/results_md5hash.csv line 10 plus run log line 53454,Tier 2,md5hash,benchmark-results-md5hash,74088343213,completed,failure,131072,1204,md5hash,131072,md5hash,131072,1,0.022480,0.022480,0.022480,2026-05-03T08:53:59.5237421Z,finished,53454,[OK] md5hash 131072 -> 0.022480 ms,Workflow-size invocation finished within the 3600s timeout and emitted a CSV row; matching method=artifact_csv_exact_kernel_size.
known_timed_out_3600s_from_run_log,run log line 53458,Tier 2,md5hash,benchmark-results-md5hash,74088343213,completed,failure,262144,1205,md5hash,262144,,,,,,,2026-05-03T09:53:59.5895583Z,timed_out_3600s,53458,##[warning]TIMEOUT: md5hash 262144 (>3600s),Workflow-size invocation failed before a usable CSV row for this plan entry; later entries in this benchmark job stop after first timeout/crash because the workflow loop breaks.
unknown_not_attempted_after_prior_failure_or_no_matching_artifact_log_evidence,downloaded artifacts plus complete run log had no matching CSV/OK/TIMEOUT/CRASH event for this plan entry,Tier 2,md5hash,benchmark-results-md5hash,74088343213,completed,failure,524288,1206,md5hash,524288,,,,,,,,unknown,,,No row-level terminal evidence for this plan entry in current run artifacts/logs; for failed jobs this generally means the workflow loop did not attempt later sizes after the first failure.
unknown_not_attempted_after_prior_failure_or_no_matching_artifact_log_evidence,downloaded artifacts plus complete run log had no matching CSV/OK/TIMEOUT/CRASH event for this plan entry,Tier 2,md5hash,benchmark-results-md5hash,74088343213,completed,failure,1048576,1207,md5hash,1048576,,,,,,,,unknown,,,No row-level terminal evidence for this plan entry in current run artifacts/logs; for failed jobs this generally means the workflow loop did not attempt later sizes after the first failure.
unknown_not_attempted_after_prior_failure_or_no_matching_artifact_log_evidence,downloaded artifacts plus complete run log had no matching CSV/OK/TIMEOUT/CRASH event for this plan entry,Tier 2,md5hash,benchmark-results-md5hash,74088343213,completed,failure,2097152,1208,md5hash,2097152,,,,,,,,unknown,,,No row-level terminal evidence for this plan entry in current run artifacts/logs; for failed jobs this generally means the workflow loop did not attempt later sizes after the first failure.
unknown_not_attempted_after_prior_failure_or_no_matching_artifact_log_evidence,downloaded artifacts plus complete run log had no matching CSV/OK/TIMEOUT/CRASH event for this plan entry,Tier 2,md5hash,benchmark-results-md5hash,74088343213,completed,failure,4194304,1209,md5hash,4194304,,,,,,,,unknown,,,No row-level terminal evidence for this plan entry in current run artifacts/logs; for failed jobs this generally means the workflow loop did not attempt later sizes after the first failure.
unknown_not_attempted_after_prior_failure_or_no_matching_artifact_log_evidence,downloaded artifacts plus complete run log had no matching CSV/OK/TIMEOUT/CRASH event for this plan entry,Tier 2,md5hash,benchmark-results-md5hash,74088343213,completed,failure,8388608,1210,md5hash,8388608,,,,,,,,unknown,,,No row-level terminal evidence for this plan entry in current run artifacts/logs; for failed jobs this generally means the workflow loop did not attempt later sizes after the first failure.
unknown_not_attempted_after_prior_failure_or_no_matching_artifact_log_evidence,downloaded artifacts plus complete run log had no matching CSV/OK/TIMEOUT/CRASH event for this plan entry,Tier 2,md5hash,benchmark-results-md5hash,74088343213,completed,failure,16777216,1211,md5hash,16777216,,,,,,,,unknown,,,No row-level terminal evidence for this plan entry in current run artifacts/logs; for failed jobs this generally means the workflow loop did not attempt later sizes after the first failure.
known_finished_from_downloaded_benchmark_results_csv_and_run_log_ok,downloaded artifact benchmark-results-qtc/results_qtc.csv line 2 plus run log line 54634,Tier 2,qtc,benchmark-results-qtc,74088343220,completed,failure,64,1212,qtc,64,qtc,64,1,0.005447,0.005447,0.005447,2026-05-03T08:03:00.1125479Z,finished,54634,[OK] qtc 64 -> 0.005447 ms,Workflow-size invocation finished within the 3600s timeout and emitted a CSV row; matching method=artifact_csv_exact_kernel_size.
known_finished_from_downloaded_benchmark_results_csv_and_run_log_ok,downloaded artifact benchmark-results-qtc/results_qtc.csv line 3 plus run log line 54638,Tier 2,qtc,benchmark-results-qtc,74088343220,completed,failure,128,1213,qtc,128,qtc,128,1,0.010341,0.010341,0.010341,2026-05-03T08:03:00.4214561Z,finished,54638,[OK] qtc 128 -> 0.010341 ms,Workflow-size invocation finished within the 3600s timeout and emitted a CSV row; matching method=artifact_csv_exact_kernel_size.
known_finished_from_downloaded_benchmark_results_csv_and_run_log_ok,downloaded artifact benchmark-results-qtc/results_qtc.csv line 4 plus run log line 54642,Tier 2,qtc,benchmark-results-qtc,74088343220,completed,failure,192,1214,qtc,192,qtc,192,1,0.015235,0.015235,0.015235,2026-05-03T08:03:00.9352371Z,finished,54642,[OK] qtc 192 -> 0.015235 ms,Workflow-size invocation finished within the 3600s timeout and emitted a CSV row; matching method=artifact_csv_exact_kernel_size.
known_finished_from_downloaded_benchmark_results_csv_and_run_log_ok,downloaded artifact benchmark-results-qtc/results_qtc.csv line 5 plus run log line 54646,Tier 2,qtc,benchmark-results-qtc,74088343220,completed,failure,256,1215,qtc,256,qtc,256,1,0.020238,0.020238,0.020238,2026-05-03T08:03:01.7075437Z,finished,54646,[OK] qtc 256 -> 0.020238 ms,Workflow-size invocation finished within the 3600s timeout and emitted a CSV row; matching method=artifact_csv_exact_kernel_size.
known_finished_from_downloaded_benchmark_results_csv_and_run_log_ok,downloaded artifact benchmark-results-qtc/results_qtc.csv line 6 plus run log line 54650,Tier 2,qtc,benchmark-results-qtc,74088343220,completed,failure,384,1216,qtc,384,qtc,384,1,0.029914,0.029914,0.029914,2026-05-03T08:03:04.4172448Z,finished,54650,[OK] qtc 384 -> 0.029914 ms,Workflow-size invocation finished within the 3600s timeout and emitted a CSV row; matching method=artifact_csv_exact_kernel_size.
known_finished_from_downloaded_benchmark_results_csv_and_run_log_ok,downloaded artifact benchmark-results-qtc/results_qtc.csv line 7 plus run log line 54654,Tier 2,qtc,benchmark-results-qtc,74088343220,completed,failure,512,1217,qtc,512,qtc,512,1,0.039934,0.039934,0.039934,2026-05-03T08:03:08.7337497Z,finished,54654,[OK] qtc 512 -> 0.039934 ms,Workflow-size invocation finished within the 3600s timeout and emitted a CSV row; matching method=artifact_csv_exact_kernel_size.
known_finished_from_downloaded_benchmark_results_csv_and_run_log_ok,downloaded artifact benchmark-results-qtc/results_qtc.csv line 8 plus run log line 54658,Tier 2,qtc,benchmark-results-qtc,74088343220,completed,failure,768,1218,qtc,768,qtc,768,1,0.059638,0.059638,0.059638,2026-05-03T08:03:31.3083495Z,finished,54658,[OK] qtc 768 -> 0.059638 ms,Workflow-size invocation finished within the 3600s timeout and emitted a CSV row; matching method=artifact_csv_exact_kernel_size.
known_finished_from_downloaded_benchmark_results_csv_and_run_log_ok,downloaded artifact benchmark-results-qtc/results_qtc.csv line 9 plus run log line 54662,Tier 2,qtc,benchmark-results-qtc,74088343220,completed,failure,1024,1219,qtc,1024,qtc,1024,1,0.078848,0.078848,0.078848,2026-05-03T08:05:18.6978301Z,finished,54662,[OK] qtc 1024 -> 0.078848 ms,Workflow-size invocation finished within the 3600s timeout and emitted a CSV row; matching method=artifact_csv_exact_kernel_size.
known_finished_from_downloaded_benchmark_results_csv_and_run_log_ok,downloaded artifact benchmark-results-qtc/results_qtc.csv line 10 plus run log line 54666,Tier 2,qtc,benchmark-results-qtc,74088343220,completed,failure,1536,1220,qtc,1536,qtc,1536,1,0.118106,0.118106,0.118106,2026-05-03T08:27:06.1747970Z,finished,54666,[OK] qtc 1536 -> 0.118106 ms,Workflow-size invocation finished within the 3600s timeout and emitted a CSV row; matching method=artifact_csv_exact_kernel_size.
known_finished_from_downloaded_benchmark_results_csv_and_run_log_ok,downloaded artifact benchmark-results-qtc/results_qtc.csv line 11 plus run log line 54670,Tier 2,qtc,benchmark-results-qtc,74088343220,completed,failure,2048,1221,qtc,2048,qtc,2048,1,0.158006,0.158006,0.158006,2026-05-03T09:19:44.9777121Z,finished,54670,[OK] qtc 2048 -> 0.158006 ms,Workflow-size invocation finished within the 3600s timeout and emitted a CSV row; matching method=artifact_csv_exact_kernel_size.
known_timed_out_3600s_from_run_log,run log line 54674,Tier 2,qtc,benchmark-results-qtc,74088343220,completed,failure,3072,1222,qtc,3072,,,,,,,2026-05-03T10:19:45.0153644Z,timed_out_3600s,54674,##[warning]TIMEOUT: qtc 3072 (>3600s),Workflow-size invocation failed before a usable CSV row for this plan entry; later entries in this benchmark job stop after first timeout/crash because the workflow loop breaks.
unknown_not_attempted_after_prior_failure_or_no_matching_artifact_log_evidence,downloaded artifacts plus complete run log had no matching CSV/OK/TIMEOUT/CRASH event for this plan entry,Tier 2,qtc,benchmark-results-qtc,74088343220,completed,failure,4096,1223,qtc,4096,,,,,,,,unknown,,,No row-level terminal evidence for this plan entry in current run artifacts/logs; for failed jobs this generally means the workflow loop did not attempt later sizes after the first failure.
unknown_not_attempted_after_prior_failure_or_no_matching_artifact_log_evidence,downloaded artifacts plus complete run log had no matching CSV/OK/TIMEOUT/CRASH event for this plan entry,Tier 2,qtc,benchmark-results-qtc,74088343220,completed,failure,6144,1224,qtc,6144,,,,,,,,unknown,,,No row-level terminal evidence for this plan entry in current run artifacts/logs; for failed jobs this generally means the workflow loop did not attempt later sizes after the first failure.
unknown_not_attempted_after_prior_failure_or_no_matching_artifact_log_evidence,downloaded artifacts plus complete run log had no matching CSV/OK/TIMEOUT/CRASH event for this plan entry,Tier 2,qtc,benchmark-results-qtc,74088343220,completed,failure,8192,1225,qtc,8192,,,,,,,,unknown,,,No row-level terminal evidence for this plan entry in current run artifacts/logs; for failed jobs this generally means the workflow loop did not attempt later sizes after the first failure.
unknown_not_attempted_after_prior_failure_or_no_matching_artifact_log_evidence,downloaded artifacts plus complete run log had no matching CSV/OK/TIMEOUT/CRASH event for this plan entry,Tier 2,qtc,benchmark-results-qtc,74088343220,completed,failure,12288,1226,qtc,12288,,,,,,,,unknown,,,No row-level terminal evidence for this plan entry in current run artifacts/logs; for failed jobs this generally means the workflow loop did not attempt later sizes after the first failure.
unknown_not_attempted_after_prior_failure_or_no_matching_artifact_log_evidence,downloaded artifacts plus complete run log had no matching CSV/OK/TIMEOUT/CRASH event for this plan entry,Tier 2,qtc,benchmark-results-qtc,74088343220,completed,failure,16384,1227,qtc,16384,,,,,,,,unknown,,,No row-level terminal evidence for this plan entry in current run artifacts/logs; for failed jobs this generally means the workflow loop did not attempt later sizes after the first failure.
known_timed_out_3600s_from_run_log,run log line 55473,Tier 2,gelu,benchmark-results-gelu,74088343223,completed,failure,n16777216_bs256_ept1_gelu,1228,gelu,n16777216_bs256_ept1_gelu,,,,,,,2026-05-03T09:04:30.2000383Z,timed_out_3600s,55473,##[warning]TIMEOUT: gelu n16777216_bs256_ept1_gelu (>3600s),Workflow-size invocation failed before a usable CSV row for this plan entry; later entries in this benchmark job stop after first timeout/crash because the workflow loop breaks.
known_finished_from_downloaded_benchmark_results_csv_and_run_log_ok,downloaded artifact benchmark-results-softmax/results_softmax.csv line 2 plus run log line 56269,Tier 2,softmax,benchmark-results-softmax,74088343230,completed,failure,rows64_cols1024_bs256,1229,softmax,rows64_cols1024_bs256,softmax,rows64_cols1024_bs256,1,0.002755,0.002755,0.002755,2026-05-03T08:08:11.4527906Z,finished,56269,[OK] softmax rows64_cols1024_bs256 -> 0.002755 ms,Workflow-size invocation finished within the 3600s timeout and emitted a CSV row; matching method=artifact_csv_exact_kernel_size.
known_finished_from_downloaded_benchmark_results_csv_and_run_log_ok,downloaded artifact benchmark-results-softmax/results_softmax.csv line 3 plus run log line 56273,Tier 2,softmax,benchmark-results-softmax,74088343230,completed,failure,rows128_cols1024_bs256,1230,softmax,rows128_cols1024_bs256,softmax,rows128_cols1024_bs256,1,0.003145,0.003145,0.003145,2026-05-03T08:08:23.9052866Z,finished,56273,[OK] softmax rows128_cols1024_bs256 -> 0.003145 ms,Workflow-size invocation finished within the 3600s timeout and emitted a CSV row; matching method=artifact_csv_exact_kernel_size.
known_finished_from_downloaded_benchmark_results_csv_and_run_log_ok,downloaded artifact benchmark-results-softmax/results_softmax.csv line 4 plus run log line 56277,Tier 2,softmax,benchmark-results-softmax,74088343230,completed,failure,rows256_cols1024_bs256,1231,softmax,rows256_cols1024_bs256,softmax,rows256_cols1024_bs256,1,0.004592,0.004592,0.004592,2026-05-03T08:08:48.2385108Z,finished,56277,[OK] softmax rows256_cols1024_bs256 -> 0.004592 ms,Workflow-size invocation finished within the 3600s timeout and emitted a CSV row; matching method=artifact_csv_exact_kernel_size.
known_finished_from_downloaded_benchmark_results_csv_and_run_log_ok,downloaded artifact benchmark-results-softmax/results_softmax.csv line 5 plus run log line 56281,Tier 2,softmax,benchmark-results-softmax,74088343230,completed,failure,rows512_cols1024_bs256,1232,softmax,rows512_cols1024_bs256,softmax,rows512_cols1024_bs256,1,0.007831,0.007831,0.007831,2026-05-03T08:09:47.4647456Z,finished,56281,[OK] softmax rows512_cols1024_bs256 -> 0.007831 ms,Workflow-size invocation finished within the 3600s timeout and emitted a CSV row; matching method=artifact_csv_exact_kernel_size.
known_finished_from_downloaded_benchmark_results_csv_and_run_log_ok,downloaded artifact benchmark-results-softmax/results_softmax.csv line 6 plus run log line 56285,Tier 2,softmax,benchmark-results-softmax,74088343230,completed,failure,rows1024_cols1024_bs256,1233,softmax,rows1024_cols1024_bs256,softmax,rows1024_cols1024_bs256,1,0.014409,0.014409,0.014409,2026-05-03T08:12:23.1723894Z,finished,56285,[OK] softmax rows1024_cols1024_bs256 -> 0.014409 ms,Workflow-size invocation finished within the 3600s timeout and emitted a CSV row; matching method=artifact_csv_exact_kernel_size.
known_finished_from_downloaded_benchmark_results_csv_and_run_log_ok,downloaded artifact benchmark-results-softmax/results_softmax.csv line 7 plus run log line 56289,Tier 2,softmax,benchmark-results-softmax,74088343230,completed,failure,rows2048_cols1024_bs256,1234,softmax,rows2048_cols1024_bs256,softmax,rows2048_cols1024_bs256,1,0.027966,0.027966,0.027966,2026-05-03T08:23:23.8443939Z,finished,56289,[OK] softmax rows2048_cols1024_bs256 -> 0.027966 ms,Workflow-size invocation finished within the 3600s timeout and emitted a CSV row; matching method=artifact_csv_exact_kernel_size.
known_timed_out_3600s_from_run_log,run log line 56293,Tier 2,softmax,benchmark-results-softmax,74088343230,completed,failure,rows4096_cols1024_bs256,1235,softmax,rows4096_cols1024_bs256,,,,,,,2026-05-03T09:23:24.0911958Z,timed_out_3600s,56293,##[warning]TIMEOUT: softmax rows4096_cols1024_bs256 (>3600s),Workflow-size invocation failed before a usable CSV row for this plan entry; later entries in this benchmark job stop after first timeout/crash because the workflow loop breaks.
unknown_not_attempted_after_prior_failure_or_no_matching_artifact_log_evidence,downloaded artifacts plus complete run log had no matching CSV/OK/TIMEOUT/CRASH event for this plan entry,Tier 2,softmax,benchmark-results-softmax,74088343230,completed,failure,rows8192_cols1024_bs256,1236,softmax,rows8192_cols1024_bs256,,,,,,,,unknown,,,No row-level terminal evidence for this plan entry in current run artifacts/logs; for failed jobs this generally means the workflow loop did not attempt later sizes after the first failure.
unknown_not_attempted_after_prior_failure_or_no_matching_artifact_log_evidence,downloaded artifacts plus complete run log had no matching CSV/OK/TIMEOUT/CRASH event for this plan entry,Tier 2,softmax,benchmark-results-softmax,74088343230,completed,failure,rows12288_cols1024_bs256,1237,softmax,rows12288_cols1024_bs256,,,,,,,,unknown,,,No row-level terminal evidence for this plan entry in current run artifacts/logs; for failed jobs this generally means the workflow loop did not attempt later sizes after the first failure.
unknown_not_attempted_after_prior_failure_or_no_matching_artifact_log_evidence,downloaded artifacts plus complete run log had no matching CSV/OK/TIMEOUT/CRASH event for this plan entry,Tier 2,softmax,benchmark-results-softmax,74088343230,completed,failure,rows16384_cols1024_bs256,1238,softmax,rows16384_cols1024_bs256,,,,,,,,unknown,,,No row-level terminal evidence for this plan entry in current run artifacts/logs; for failed jobs this generally means the workflow loop did not attempt later sizes after the first failure.
unknown_not_attempted_after_prior_failure_or_no_matching_artifact_log_evidence,downloaded artifacts plus complete run log had no matching CSV/OK/TIMEOUT/CRASH event for this plan entry,Tier 2,softmax,benchmark-results-softmax,74088343230,completed,failure,rows24576_cols1024_bs256,1239,softmax,rows24576_cols1024_bs256,,,,,,,,unknown,,,No row-level terminal evidence for this plan entry in current run artifacts/logs; for failed jobs this generally means the workflow loop did not attempt later sizes after the first failure.
unknown_not_attempted_after_prior_failure_or_no_matching_artifact_log_evidence,downloaded artifacts plus complete run log had no matching CSV/OK/TIMEOUT/CRASH event for this plan entry,Tier 2,softmax,benchmark-results-softmax,74088343230,completed,failure,rows32768_cols1024_bs256,1240,softmax,rows32768_cols1024_bs256,,,,,,,,unknown,,,No row-level terminal evidence for this plan entry in current run artifacts/logs; for failed jobs this generally means the workflow loop did not attempt later sizes after the first failure.
unknown_not_attempted_after_prior_failure_or_no_matching_artifact_log_evidence,downloaded artifacts plus complete run log had no matching CSV/OK/TIMEOUT/CRASH event for this plan entry,Tier 2,softmax,benchmark-results-softmax,74088343230,completed,failure,rows49152_cols1024_bs256,1241,softmax,rows49152_cols1024_bs256,,,,,,,,unknown,,,No row-level terminal evidence for this plan entry in current run artifacts/logs; for failed jobs this generally means the workflow loop did not attempt later sizes after the first failure.
unknown_not_attempted_after_prior_failure_or_no_matching_artifact_log_evidence,downloaded artifacts plus complete run log had no matching CSV/OK/TIMEOUT/CRASH event for this plan entry,Tier 2,softmax,benchmark-results-softmax,74088343230,completed,failure,rows65536_cols1024_bs256,1242,softmax,rows65536_cols1024_bs256,,,,,,,,unknown,,,No row-level terminal evidence for this plan entry in current run artifacts/logs; for failed jobs this generally means the workflow loop did not attempt later sizes after the first failure.
unknown_not_attempted_after_prior_failure_or_no_matching_artifact_log_evidence,downloaded artifacts plus complete run log had no matching CSV/OK/TIMEOUT/CRASH event for this plan entry,Tier 2,softmax,benchmark-results-softmax,74088343230,completed,failure,rows98304_cols1024_bs256,1243,softmax,rows98304_cols1024_bs256,,,,,,,,unknown,,,No row-level terminal evidence for this plan entry in current run artifacts/logs; for failed jobs this generally means the workflow loop did not attempt later sizes after the first failure.
unknown_not_attempted_after_prior_failure_or_no_matching_artifact_log_evidence,downloaded artifacts plus complete run log had no matching CSV/OK/TIMEOUT/CRASH event for this plan entry,Tier 2,softmax,benchmark-results-softmax,74088343230,completed,failure,rows131072_cols1024_bs256,1244,softmax,rows131072_cols1024_bs256,,,,,,,,unknown,,,No row-level terminal evidence for this plan entry in current run artifacts/logs; for failed jobs this generally means the workflow loop did not attempt later sizes after the first failure.
unknown_not_attempted_after_prior_failure_or_no_matching_artifact_log_evidence,downloaded artifacts plus complete run log had no matching CSV/OK/TIMEOUT/CRASH event for this plan entry,Tier 2,softmax,benchmark-results-softmax,74088343230,completed,failure,rows196608_cols1024_bs256,1245,softmax,rows196608_cols1024_bs256,,,,,,,,unknown,,,No row-level terminal evidence for this plan entry in current run artifacts/logs; for failed jobs this generally means the workflow loop did not attempt later sizes after the first failure.
unknown_not_attempted_after_prior_failure_or_no_matching_artifact_log_evidence,downloaded artifacts plus complete run log had no matching CSV/OK/TIMEOUT/CRASH event for this plan entry,Tier 2,softmax,benchmark-results-softmax,74088343230,completed,failure,rows262144_cols1024_bs256,1246,softmax,rows262144_cols1024_bs256,,,,,,,,unknown,,,No row-level terminal evidence for this plan entry in current run artifacts/logs; for failed jobs this generally means the workflow loop did not attempt later sizes after the first failure.
known_finished_from_downloaded_benchmark_results_csv_and_run_log_ok,downloaded artifact benchmark-results-layernorm/results_layernorm.csv line 2 plus run log line 56880,Tier 2,layernorm,benchmark-results-layernorm,74088343263,completed,failure,rows64_hid4096_bs256_layernorm,1247,layernorm,rows64_hid4096_bs256_layernorm,layernorm,rows64_hid4096_bs256_layernorm,1,0.005838,0.005838,0.005838,2026-05-03T08:21:11.6112631Z,finished,56880,[OK] layernorm rows64_hid4096_bs256_layernorm -> 0.005838 ms,Workflow-size invocation finished within the 3600s timeout and emitted a CSV row; matching method=artifact_csv_exact_kernel_size.
known_finished_from_downloaded_benchmark_results_csv_and_run_log_ok,downloaded artifact benchmark-results-layernorm/results_layernorm.csv line 3 plus run log line 56884,Tier 2,layernorm,benchmark-results-layernorm,74088343263,completed,failure,rows128_hid4096_bs256_layernorm,1248,layernorm,rows128_hid4096_bs256_layernorm,layernorm,rows128_hid4096_bs256_layernorm,1,0.008653,0.008653,0.008653,2026-05-03T08:21:53.6152255Z,finished,56884,[OK] layernorm rows128_hid4096_bs256_layernorm -> 0.008653 ms,Workflow-size invocation finished within the 3600s timeout and emitted a CSV row; matching method=artifact_csv_exact_kernel_size.
known_finished_from_downloaded_benchmark_results_csv_and_run_log_ok,downloaded artifact benchmark-results-layernorm/results_layernorm.csv line 4 plus run log line 56888,Tier 2,layernorm,benchmark-results-layernorm,74088343263,completed,failure,rows256_hid4096_bs256_layernorm,1249,layernorm,rows256_hid4096_bs256_layernorm,layernorm,rows256_hid4096_bs256_layernorm,1,0.014008,0.014008,0.014008,2026-05-03T08:23:26.5068584Z,finished,56888,[OK] layernorm rows256_hid4096_bs256_layernorm -> 0.014008 ms,Workflow-size invocation finished within the 3600s timeout and emitted a CSV row; matching method=artifact_csv_exact_kernel_size.
known_finished_from_downloaded_benchmark_results_csv_and_run_log_ok,downloaded artifact benchmark-results-layernorm/results_layernorm.csv line 5 plus run log line 56892,Tier 2,layernorm,benchmark-results-layernorm,74088343263,completed,failure,rows512_hid4096_bs256_layernorm,1250,layernorm,rows512_hid4096_bs256_layernorm,layernorm,rows512_hid4096_bs256_layernorm,1,0.026413,0.026413,0.026413,2026-05-03T08:27:25.0667810Z,finished,56892,[OK] layernorm rows512_hid4096_bs256_layernorm -> 0.026413 ms,Workflow-size invocation finished within the 3600s timeout and emitted a CSV row; matching method=artifact_csv_exact_kernel_size.
known_finished_from_downloaded_benchmark_results_csv_and_run_log_ok,downloaded artifact benchmark-results-layernorm/results_layernorm.csv line 6 plus run log line 56896,Tier 2,layernorm,benchmark-results-layernorm,74088343263,completed,failure,rows1024_hid4096_bs256_layernorm,1251,layernorm,rows1024_hid4096_bs256_layernorm,layernorm,rows1024_hid4096_bs256_layernorm,1,0.052334,0.052334,0.052334,2026-05-03T08:57:53.0995674Z,finished,56896,[OK] layernorm rows1024_hid4096_bs256_layernorm -> 0.052334 ms,Workflow-size invocation finished within the 3600s timeout and emitted a CSV row; matching method=artifact_csv_exact_kernel_size.
known_timed_out_3600s_from_run_log,run log line 56900,Tier 2,layernorm,benchmark-results-layernorm,74088343263,completed,failure,rows2048_hid4096_bs256_layernorm,1252,layernorm,rows2048_hid4096_bs256_layernorm,,,,,,,2026-05-03T09:57:53.3084391Z,timed_out_3600s,56900,##[warning]TIMEOUT: layernorm rows2048_hid4096_bs256_layernorm (>3600s),Workflow-size invocation failed before a usable CSV row for this plan entry; later entries in this benchmark job stop after first timeout/crash because the workflow loop breaks.
unknown_not_attempted_after_prior_failure_or_no_matching_artifact_log_evidence,downloaded artifacts plus complete run log had no matching CSV/OK/TIMEOUT/CRASH event for this plan entry,Tier 2,layernorm,benchmark-results-layernorm,74088343263,completed,failure,rows4096_hid4096_bs256_layernorm,1253,layernorm,rows4096_hid4096_bs256_layernorm,,,,,,,,unknown,,,No row-level terminal evidence for this plan entry in current run artifacts/logs; for failed jobs this generally means the workflow loop did not attempt later sizes after the first failure.
unknown_not_attempted_after_prior_failure_or_no_matching_artifact_log_evidence,downloaded artifacts plus complete run log had no matching CSV/OK/TIMEOUT/CRASH event for this plan entry,Tier 2,layernorm,benchmark-results-layernorm,74088343263,completed,failure,rows6144_hid4096_bs256_layernorm,1254,layernorm,rows6144_hid4096_bs256_layernorm,,,,,,,,unknown,,,No row-level terminal evidence for this plan entry in current run artifacts/logs; for failed jobs this generally means the workflow loop did not attempt later sizes after the first failure.
unknown_not_attempted_after_prior_failure_or_no_matching_artifact_log_evidence,downloaded artifacts plus complete run log had no matching CSV/OK/TIMEOUT/CRASH event for this plan entry,Tier 2,layernorm,benchmark-results-layernorm,74088343263,completed,failure,rows8192_hid4096_bs256_layernorm,1255,layernorm,rows8192_hid4096_bs256_layernorm,,,,,,,,unknown,,,No row-level terminal evidence for this plan entry in current run artifacts/logs; for failed jobs this generally means the workflow loop did not attempt later sizes after the first failure.
unknown_not_attempted_after_prior_failure_or_no_matching_artifact_log_evidence,downloaded artifacts plus complete run log had no matching CSV/OK/TIMEOUT/CRASH event for this plan entry,Tier 2,layernorm,benchmark-results-layernorm,74088343263,completed,failure,rows10240_hid4096_bs256_layernorm,1256,layernorm,rows10240_hid4096_bs256_layernorm,,,,,,,,unknown,,,No row-level terminal evidence for this plan entry in current run artifacts/logs; for failed jobs this generally means the workflow loop did not attempt later sizes after the first failure.
unknown_not_attempted_after_prior_failure_or_no_matching_artifact_log_evidence,downloaded artifacts plus complete run log had no matching CSV/OK/TIMEOUT/CRASH event for this plan entry,Tier 2,layernorm,benchmark-results-layernorm,74088343263,completed,failure,rows12288_hid4096_bs256_layernorm,1257,layernorm,rows12288_hid4096_bs256_layernorm,,,,,,,,unknown,,,No row-level terminal evidence for this plan entry in current run artifacts/logs; for failed jobs this generally means the workflow loop did not attempt later sizes after the first failure.
unknown_not_attempted_after_prior_failure_or_no_matching_artifact_log_evidence,downloaded artifacts plus complete run log had no matching CSV/OK/TIMEOUT/CRASH event for this plan entry,Tier 2,layernorm,benchmark-results-layernorm,74088343263,completed,failure,rows16384_hid4096_bs256_layernorm,1258,layernorm,rows16384_hid4096_bs256_layernorm,,,,,,,,unknown,,,No row-level terminal evidence for this plan entry in current run artifacts/logs; for failed jobs this generally means the workflow loop did not attempt later sizes after the first failure.
unknown_not_attempted_after_prior_failure_or_no_matching_artifact_log_evidence,downloaded artifacts plus complete run log had no matching CSV/OK/TIMEOUT/CRASH event for this plan entry,Tier 2,layernorm,benchmark-results-layernorm,74088343263,completed,failure,rows20480_hid4096_bs256_layernorm,1259,layernorm,rows20480_hid4096_bs256_layernorm,,,,,,,,unknown,,,No row-level terminal evidence for this plan entry in current run artifacts/logs; for failed jobs this generally means the workflow loop did not attempt later sizes after the first failure.
unknown_not_attempted_after_prior_failure_or_no_matching_artifact_log_evidence,downloaded artifacts plus complete run log had no matching CSV/OK/TIMEOUT/CRASH event for this plan entry,Tier 2,layernorm,benchmark-results-layernorm,74088343263,completed,failure,rows24576_hid4096_bs256_layernorm,1260,layernorm,rows24576_hid4096_bs256_layernorm,,,,,,,,unknown,,,No row-level terminal evidence for this plan entry in current run artifacts/logs; for failed jobs this generally means the workflow loop did not attempt later sizes after the first failure.
unknown_not_attempted_after_prior_failure_or_no_matching_artifact_log_evidence,downloaded artifacts plus complete run log had no matching CSV/OK/TIMEOUT/CRASH event for this plan entry,Tier 2,layernorm,benchmark-results-layernorm,74088343263,completed,failure,rows32768_hid4096_bs256_layernorm,1261,layernorm,rows32768_hid4096_bs256_layernorm,,,,,,,,unknown,,,No row-level terminal evidence for this plan entry in current run artifacts/logs; for failed jobs this generally means the workflow loop did not attempt later sizes after the first failure.
unknown_not_attempted_after_prior_failure_or_no_matching_artifact_log_evidence,downloaded artifacts plus complete run log had no matching CSV/OK/TIMEOUT/CRASH event for this plan entry,Tier 2,layernorm,benchmark-results-layernorm,74088343263,completed,failure,rows49152_hid4096_bs256_layernorm,1262,layernorm,rows49152_hid4096_bs256_layernorm,,,,,,,,unknown,,,No row-level terminal evidence for this plan entry in current run artifacts/logs; for failed jobs this generally means the workflow loop did not attempt later sizes after the first failure.
unknown_not_attempted_after_prior_failure_or_no_matching_artifact_log_evidence,downloaded artifacts plus complete run log had no matching CSV/OK/TIMEOUT/CRASH event for this plan entry,Tier 2,layernorm,benchmark-results-layernorm,74088343263,completed,failure,rows65536_hid4096_bs256_layernorm,1263,layernorm,rows65536_hid4096_bs256_layernorm,,,,,,,,unknown,,,No row-level terminal evidence for this plan entry in current run artifacts/logs; for failed jobs this generally means the workflow loop did not attempt later sizes after the first failure.
unknown_not_attempted_after_prior_failure_or_no_matching_artifact_log_evidence,downloaded artifacts plus complete run log had no matching CSV/OK/TIMEOUT/CRASH event for this plan entry,Tier 2,layernorm,benchmark-results-layernorm,74088343263,completed,failure,rows131072_hid4096_bs256_layernorm,1264,layernorm,rows131072_hid4096_bs256_layernorm,,,,,,,,unknown,,,No row-level terminal evidence for this plan entry in current run artifacts/logs; for failed jobs this generally means the workflow loop did not attempt later sizes after the first failure.
known_finished_from_downloaded_benchmark_results_csv_and_run_log_ok,downloaded artifact benchmark-results-fused-swiglu/results_fused_swiglu.csv line 2 plus run log line 57478,Tier 2,fused_swiglu,benchmark-results-fused-swiglu,74088343284,completed,failure,n49152_bs256_ept1_p1,1265,fused_swiglu,n49152_bs256_ept1_p1,fused_swiglu,n49152_bs256_ept1_p1,1,0.001245,0.001245,0.001245,2026-05-03T08:37:10.6917076Z,finished,57478,[OK] fused_swiglu n49152_bs256_ept1_p1 -> 0.001245 ms,Workflow-size invocation finished within the 3600s timeout and emitted a CSV row; matching method=artifact_csv_exact_kernel_size.
known_finished_from_downloaded_benchmark_results_csv_and_run_log_ok,downloaded artifact benchmark-results-fused-swiglu/results_fused_swiglu.csv line 3 plus run log line 57482,Tier 2,fused_swiglu,benchmark-results-fused-swiglu,74088343284,completed,failure,n98304_bs256_ept1_p1,1266,fused_swiglu,n98304_bs256_ept1_p1,fused_swiglu,n98304_bs256_ept1_p1,1,0.002150,0.002150,0.002150,2026-05-03T08:37:13.6340881Z,finished,57482,[OK] fused_swiglu n98304_bs256_ept1_p1 -> 0.002150 ms,Workflow-size invocation finished within the 3600s timeout and emitted a CSV row; matching method=artifact_csv_exact_kernel_size.
known_finished_from_downloaded_benchmark_results_csv_and_run_log_ok,downloaded artifact benchmark-results-fused-swiglu/results_fused_swiglu.csv line 4 plus run log line 57486,Tier 2,fused_swiglu,benchmark-results-fused-swiglu,74088343284,completed,failure,n196608_bs256_ept1_p1,1267,fused_swiglu,n196608_bs256_ept1_p1,fused_swiglu,n196608_bs256_ept1_p1,1,0.003966,0.003966,0.003966,2026-05-03T08:37:23.3110673Z,finished,57486,[OK] fused_swiglu n196608_bs256_ept1_p1 -> 0.003966 ms,Workflow-size invocation finished within the 3600s timeout and emitted a CSV row; matching method=artifact_csv_exact_kernel_size.
known_finished_from_downloaded_benchmark_results_csv_and_run_log_ok,downloaded artifact benchmark-results-fused-swiglu/results_fused_swiglu.csv line 5 plus run log line 57490,Tier 2,fused_swiglu,benchmark-results-fused-swiglu,74088343284,completed,failure,n393216_bs256_ept1_p1,1268,fused_swiglu,n393216_bs256_ept1_p1,fused_swiglu,n393216_bs256_ept1_p1,1,0.007628,0.007628,0.007628,2026-05-03T08:37:45.5553728Z,finished,57490,[OK] fused_swiglu n393216_bs256_ept1_p1 -> 0.007628 ms,Workflow-size invocation finished within the 3600s timeout and emitted a CSV row; matching method=artifact_csv_exact_kernel_size.
known_finished_from_downloaded_benchmark_results_csv_and_run_log_ok,downloaded artifact benchmark-results-fused-swiglu/results_fused_swiglu.csv line 6 plus run log line 57494,Tier 2,fused_swiglu,benchmark-results-fused-swiglu,74088343284,completed,failure,n786432_bs256_ept1_p1,1269,fused_swiglu,n786432_bs256_ept1_p1,fused_swiglu,n786432_bs256_ept1_p1,1,0.014963,0.014963,0.014963,2026-05-03T08:38:50.7006960Z,finished,57494,[OK] fused_swiglu n786432_bs256_ept1_p1 -> 0.014963 ms,Workflow-size invocation finished within the 3600s timeout and emitted a CSV row; matching method=artifact_csv_exact_kernel_size.
known_finished_from_downloaded_benchmark_results_csv_and_run_log_ok,downloaded artifact benchmark-results-fused-swiglu/results_fused_swiglu.csv line 7 plus run log line 57498,Tier 2,fused_swiglu,benchmark-results-fused-swiglu,74088343284,completed,failure,n1572864_bs256_ept1_p1,1270,fused_swiglu,n1572864_bs256_ept1_p1,fused_swiglu,n1572864_bs256_ept1_p1,1,0.029511,0.029511,0.029511,2026-05-03T08:41:09.1270625Z,finished,57498,[OK] fused_swiglu n1572864_bs256_ept1_p1 -> 0.029511 ms,Workflow-size invocation finished within the 3600s timeout and emitted a CSV row; matching method=artifact_csv_exact_kernel_size.
known_finished_from_downloaded_benchmark_results_csv_and_run_log_ok,downloaded artifact benchmark-results-fused-swiglu/results_fused_swiglu.csv line 8 plus run log line 57502,Tier 2,fused_swiglu,benchmark-results-fused-swiglu,74088343284,completed,failure,n3145728_bs256_ept1_p1,1271,fused_swiglu,n3145728_bs256_ept1_p1,fused_swiglu,n3145728_bs256_ept1_p1,1,0.058601,0.058601,0.058601,2026-05-03T08:46:48.2135588Z,finished,57502,[OK] fused_swiglu n3145728_bs256_ept1_p1 -> 0.058601 ms,Workflow-size invocation finished within the 3600s timeout and emitted a CSV row; matching method=artifact_csv_exact_kernel_size.
known_finished_from_downloaded_benchmark_results_csv_and_run_log_ok,downloaded artifact benchmark-results-fused-swiglu/results_fused_swiglu.csv line 9 plus run log line 57506,Tier 2,fused_swiglu,benchmark-results-fused-swiglu,74088343284,completed,failure,n4194304_bs256_ept1_p1,1272,fused_swiglu,n4194304_bs256_ept1_p1,fused_swiglu,n4194304_bs256_ept1_p1,1,0.077988,0.077988,0.077988,2026-05-03T09:01:05.2196939Z,finished,57506,[OK] fused_swiglu n4194304_bs256_ept1_p1 -> 0.077988 ms,Workflow-size invocation finished within the 3600s timeout and emitted a CSV row; matching method=artifact_csv_exact_kernel_size.
known_finished_from_downloaded_benchmark_results_csv_and_run_log_ok,downloaded artifact benchmark-results-fused-swiglu/results_fused_swiglu.csv line 10 plus run log line 57510,Tier 2,fused_swiglu,benchmark-results-fused-swiglu,74088343284,completed,failure,n6291456_bs256_ept1_p1,1273,fused_swiglu,n6291456_bs256_ept1_p1,fused_swiglu,n6291456_bs256_ept1_p1,1,0.116774,0.116774,0.116774,2026-05-03T09:30:50.9736062Z,finished,57510,[OK] fused_swiglu n6291456_bs256_ept1_p1 -> 0.116774 ms,Workflow-size invocation finished within the 3600s timeout and emitted a CSV row; matching method=artifact_csv_exact_kernel_size.
known_timed_out_3600s_from_run_log,run log line 57514,Tier 2,fused_swiglu,benchmark-results-fused-swiglu,74088343284,completed,failure,n8388608_bs256_ept1_p1,1274,fused_swiglu,n8388608_bs256_ept1_p1,,,,,,,2026-05-03T10:30:51.0980689Z,timed_out_3600s,57514,##[warning]TIMEOUT: fused_swiglu n8388608_bs256_ept1_p1 (>3600s),Workflow-size invocation failed before a usable CSV row for this plan entry; later entries in this benchmark job stop after first timeout/crash because the workflow loop breaks.
unknown_not_attempted_after_prior_failure_or_no_matching_artifact_log_evidence,downloaded artifacts plus complete run log had no matching CSV/OK/TIMEOUT/CRASH event for this plan entry,Tier 2,fused_swiglu,benchmark-results-fused-swiglu,74088343284,completed,failure,n11010048_bs256_ept1_p1,1275,fused_swiglu,n11010048_bs256_ept1_p1,,,,,,,,unknown,,,No row-level terminal evidence for this plan entry in current run artifacts/logs; for failed jobs this generally means the workflow loop did not attempt later sizes after the first failure.
unknown_not_attempted_after_prior_failure_or_no_matching_artifact_log_evidence,downloaded artifacts plus complete run log had no matching CSV/OK/TIMEOUT/CRASH event for this plan entry,Tier 2,fused_swiglu,benchmark-results-fused-swiglu,74088343284,completed,failure,n16777216_bs256_ept1_p1,1276,fused_swiglu,n16777216_bs256_ept1_p1,,,,,,,,unknown,,,No row-level terminal evidence for this plan entry in current run artifacts/logs; for failed jobs this generally means the workflow loop did not attempt later sizes after the first failure.
unknown_not_attempted_after_prior_failure_or_no_matching_artifact_log_evidence,downloaded artifacts plus complete run log had no matching CSV/OK/TIMEOUT/CRASH event for this plan entry,Tier 2,fused_swiglu,benchmark-results-fused-swiglu,74088343284,completed,failure,n22020096_bs256_ept1_p1,1277,fused_swiglu,n22020096_bs256_ept1_p1,,,,,,,,unknown,,,No row-level terminal evidence for this plan entry in current run artifacts/logs; for failed jobs this generally means the workflow loop did not attempt later sizes after the first failure.
unknown_not_attempted_after_prior_failure_or_no_matching_artifact_log_evidence,downloaded artifacts plus complete run log had no matching CSV/OK/TIMEOUT/CRASH event for this plan entry,Tier 2,fused_swiglu,benchmark-results-fused-swiglu,74088343284,completed,failure,n33554432_bs256_ept1_p1,1278,fused_swiglu,n33554432_bs256_ept1_p1,,,,,,,,unknown,,,No row-level terminal evidence for this plan entry in current run artifacts/logs; for failed jobs this generally means the workflow loop did not attempt later sizes after the first failure.
unknown_not_attempted_after_prior_failure_or_no_matching_artifact_log_evidence,downloaded artifacts plus complete run log had no matching CSV/OK/TIMEOUT/CRASH event for this plan entry,Tier 2,fused_swiglu,benchmark-results-fused-swiglu,74088343284,completed,failure,n45088768_bs256_ept1_p1,1279,fused_swiglu,n45088768_bs256_ept1_p1,,,,,,,,unknown,,,No row-level terminal evidence for this plan entry in current run artifacts/logs; for failed jobs this generally means the workflow loop did not attempt later sizes after the first failure.
unknown_not_attempted_after_prior_failure_or_no_matching_artifact_log_evidence,downloaded artifacts plus complete run log had no matching CSV/OK/TIMEOUT/CRASH event for this plan entry,Tier 2,fused_swiglu,benchmark-results-fused-swiglu,74088343284,completed,failure,n67108864_bs256_ept1_p1,1280,fused_swiglu,n67108864_bs256_ept1_p1,,,,,,,,unknown,,,No row-level terminal evidence for this plan entry in current run artifacts/logs; for failed jobs this generally means the workflow loop did not attempt later sizes after the first failure.
unknown_not_attempted_after_prior_failure_or_no_matching_artifact_log_evidence,downloaded artifacts plus complete run log had no matching CSV/OK/TIMEOUT/CRASH event for this plan entry,Tier 2,fused_swiglu,benchmark-results-fused-swiglu,74088343284,completed,failure,n90177536_bs256_ept1_p1,1281,fused_swiglu,n90177536_bs256_ept1_p1,,,,,,,,unknown,,,No row-level terminal evidence for this plan entry in current run artifacts/logs; for failed jobs this generally means the workflow loop did not attempt later sizes after the first failure.
unknown_not_attempted_after_prior_failure_or_no_matching_artifact_log_evidence,downloaded artifacts plus complete run log had no matching CSV/OK/TIMEOUT/CRASH event for this plan entry,Tier 2,fused_swiglu,benchmark-results-fused-swiglu,74088343284,completed,failure,n134217728_bs256_ept1_p1,1282,fused_swiglu,n134217728_bs256_ept1_p1,,,,,,,,unknown,,,No row-level terminal evidence for this plan entry in current run artifacts/logs; for failed jobs this generally means the workflow loop did not attempt later sizes after the first failure.
known_finished_from_downloaded_benchmark_results_csv_and_run_log_ok,downloaded artifact benchmark-results-md-lj/results_md_lj.csv line 2 plus run log line 58313,Tier 2,md_lj,benchmark-results-md-lj,74088343329,completed,failure,128,1283,md,128,md,128,1,0.014444,0.014444,0.014444,2026-05-03T09:04:48.7096261Z,finished,58313,[OK] md_lj 128 -> 0.014444 ms,Workflow-size invocation finished within the 3600s timeout and emitted a CSV row; matching method=artifact_csv_exact_kernel_size.
known_finished_from_downloaded_benchmark_results_csv_and_run_log_ok,downloaded artifact benchmark-results-md-lj/results_md_lj.csv line 3 plus run log line 58317,Tier 2,md_lj,benchmark-results-md-lj,74088343329,completed,failure,256,1284,md,256,md,256,1,0.027477,0.027477,0.027477,2026-05-03T09:05:59.8551653Z,finished,58317,[OK] md_lj 256 -> 0.027477 ms,Workflow-size invocation finished within the 3600s timeout and emitted a CSV row; matching method=artifact_csv_exact_kernel_size.
known_finished_from_downloaded_benchmark_results_csv_and_run_log_ok,downloaded artifact benchmark-results-md-lj/results_md_lj.csv line 4 plus run log line 58321,Tier 2,md_lj,benchmark-results-md-lj,74088343329,completed,failure,512,1285,md,512,md,512,1,0.036674,0.036674,0.036674,2026-05-03T09:11:00.9651806Z,finished,58321,[OK] md_lj 512 -> 0.036674 ms,Workflow-size invocation finished within the 3600s timeout and emitted a CSV row; matching method=artifact_csv_exact_kernel_size.
known_finished_from_downloaded_benchmark_results_csv_and_run_log_ok,downloaded artifact benchmark-results-md-lj/results_md_lj.csv line 5 plus run log line 58325,Tier 2,md_lj,benchmark-results-md-lj,74088343329,completed,failure,1024,1286,md,1024,md,1024,1,0.046292,0.046292,0.046292,2026-05-03T09:29:16.3381799Z,finished,58325,[OK] md_lj 1024 -> 0.046292 ms,Workflow-size invocation finished within the 3600s timeout and emitted a CSV row; matching method=artifact_csv_exact_kernel_size.
known_finished_from_downloaded_benchmark_results_csv_and_run_log_ok,downloaded artifact benchmark-results-md-lj/results_md_lj.csv line 6 plus run log line 58329,Tier 2,md_lj,benchmark-results-md-lj,74088343329,completed,failure,2048,1287,md,2048,md,2048,1,0.054280,0.054280,0.054280,2026-05-03T10:19:15.5299959Z,finished,58329,[OK] md_lj 2048 -> 0.054280 ms,Workflow-size invocation finished within the 3600s timeout and emitted a CSV row; matching method=artifact_csv_exact_kernel_size.
known_timed_out_3600s_from_run_log,run log line 58333,Tier 2,md_lj,benchmark-results-md-lj,74088343329,completed,failure,4096,1288,md,4096,,,,,,,2026-05-03T11:19:15.5556236Z,timed_out_3600s,58333,##[warning]TIMEOUT: md_lj 4096 (>3600s),Workflow-size invocation failed before a usable CSV row for this plan entry; later entries in this benchmark job stop after first timeout/crash because the workflow loop breaks.
unknown_not_attempted_after_prior_failure_or_no_matching_artifact_log_evidence,downloaded artifacts plus complete run log had no matching CSV/OK/TIMEOUT/CRASH event for this plan entry,Tier 2,md_lj,benchmark-results-md-lj,74088343329,completed,failure,6144,1289,md,6144,,,,,,,,unknown,,,No row-level terminal evidence for this plan entry in current run artifacts/logs; for failed jobs this generally means the workflow loop did not attempt later sizes after the first failure.
unknown_not_attempted_after_prior_failure_or_no_matching_artifact_log_evidence,downloaded artifacts plus complete run log had no matching CSV/OK/TIMEOUT/CRASH event for this plan entry,Tier 2,md_lj,benchmark-results-md-lj,74088343329,completed,failure,8192,1290,md,8192,,,,,,,,unknown,,,No row-level terminal evidence for this plan entry in current run artifacts/logs; for failed jobs this generally means the workflow loop did not attempt later sizes after the first failure.
unknown_not_attempted_after_prior_failure_or_no_matching_artifact_log_evidence,downloaded artifacts plus complete run log had no matching CSV/OK/TIMEOUT/CRASH event for this plan entry,Tier 2,md_lj,benchmark-results-md-lj,74088343329,completed,failure,12288,1291,md,12288,,,,,,,,unknown,,,No row-level terminal evidence for this plan entry in current run artifacts/logs; for failed jobs this generally means the workflow loop did not attempt later sizes after the first failure.
unknown_not_attempted_after_prior_failure_or_no_matching_artifact_log_evidence,downloaded artifacts plus complete run log had no matching CSV/OK/TIMEOUT/CRASH event for this plan entry,Tier 2,md_lj,benchmark-results-md-lj,74088343329,completed,failure,16384,1292,md,16384,,,,,,,,unknown,,,No row-level terminal evidence for this plan entry in current run artifacts/logs; for failed jobs this generally means the workflow loop did not attempt later sizes after the first failure.
unknown_not_attempted_after_prior_failure_or_no_matching_artifact_log_evidence,downloaded artifacts plus complete run log had no matching CSV/OK/TIMEOUT/CRASH event for this plan entry,Tier 2,md_lj,benchmark-results-md-lj,74088343329,completed,failure,24576,1293,md,24576,,,,,,,,unknown,,,No row-level terminal evidence for this plan entry in current run artifacts/logs; for failed jobs this generally means the workflow loop did not attempt later sizes after the first failure.
unknown_not_attempted_after_prior_failure_or_no_matching_artifact_log_evidence,downloaded artifacts plus complete run log had no matching CSV/OK/TIMEOUT/CRASH event for this plan entry,Tier 2,md_lj,benchmark-results-md-lj,74088343329,completed,failure,32768,1294,md,32768,,,,,,,,unknown,,,No row-level terminal evidence for this plan entry in current run artifacts/logs; for failed jobs this generally means the workflow loop did not attempt later sizes after the first failure.
unknown_not_attempted_after_prior_failure_or_no_matching_artifact_log_evidence,downloaded artifacts plus complete run log had no matching CSV/OK/TIMEOUT/CRASH event for this plan entry,Tier 2,md_lj,benchmark-results-md-lj,74088343329,completed,failure,49152,1295,md,49152,,,,,,,,unknown,,,No row-level terminal evidence for this plan entry in current run artifacts/logs; for failed jobs this generally means the workflow loop did not attempt later sizes after the first failure.
unknown_not_attempted_after_prior_failure_or_no_matching_artifact_log_evidence,downloaded artifacts plus complete run log had no matching CSV/OK/TIMEOUT/CRASH event for this plan entry,Tier 2,md_lj,benchmark-results-md-lj,74088343329,completed,failure,65536,1296,md,65536,,,,,,,,unknown,,,No row-level terminal evidence for this plan entry in current run artifacts/logs; for failed jobs this generally means the workflow loop did not attempt later sizes after the first failure.
unknown_not_attempted_after_prior_failure_or_no_matching_artifact_log_evidence,downloaded artifacts plus complete run log had no matching CSV/OK/TIMEOUT/CRASH event for this plan entry,Tier 2,md_lj,benchmark-results-md-lj,74088343329,completed,failure,98304,1297,md,98304,,,,,,,,unknown,,,No row-level terminal evidence for this plan entry in current run artifacts/logs; for failed jobs this generally means the workflow loop did not attempt later sizes after the first failure.
unknown_not_attempted_after_prior_failure_or_no_matching_artifact_log_evidence,downloaded artifacts plus complete run log had no matching CSV/OK/TIMEOUT/CRASH event for this plan entry,Tier 2,md_lj,benchmark-results-md-lj,74088343329,completed,failure,131072,1298,md,131072,,,,,,,,unknown,,,No row-level terminal evidence for this plan entry in current run artifacts/logs; for failed jobs this generally means the workflow loop did not attempt later sizes after the first failure.
known_finished_from_downloaded_benchmark_results_csv_and_run_log_ok,downloaded artifact benchmark-results-s3d/results_s3d.csv line 2 plus run log line 59134,Tier 2,s3d,benchmark-results-s3d,74088343339,completed,failure,512,1299,s3d,512,s3d,512,1,0.027544,0.027544,0.027544,2026-05-03T09:23:42.4364654Z,finished,59134,[OK] s3d 512 -> 0.027544 ms,Workflow-size invocation finished within the 3600s timeout and emitted a CSV row; matching method=artifact_csv_exact_kernel_size.
known_finished_from_downloaded_benchmark_results_csv_and_run_log_ok,downloaded artifact benchmark-results-s3d/results_s3d.csv line 3 plus run log line 59138,Tier 2,s3d,benchmark-results-s3d,74088343339,completed,failure,1024,1300,s3d,1024,s3d,1024,1,0.034488,0.034488,0.034488,2026-05-03T09:23:59.4356789Z,finished,59138,[OK] s3d 1024 -> 0.034488 ms,Workflow-size invocation finished within the 3600s timeout and emitted a CSV row; matching method=artifact_csv_exact_kernel_size.
known_finished_from_downloaded_benchmark_results_csv_and_run_log_ok,downloaded artifact benchmark-results-s3d/results_s3d.csv line 4 plus run log line 59142,Tier 2,s3d,benchmark-results-s3d,74088343339,completed,failure,2048,1301,s3d,2048,s3d,2048,1,0.042666,0.042666,0.042666,2026-05-03T09:24:23.9802344Z,finished,59142,[OK] s3d 2048 -> 0.042666 ms,Workflow-size invocation finished within the 3600s timeout and emitted a CSV row; matching method=artifact_csv_exact_kernel_size.
known_finished_from_downloaded_benchmark_results_csv_and_run_log_ok,downloaded artifact benchmark-results-s3d/results_s3d.csv line 5 plus run log line 59146,Tier 2,s3d,benchmark-results-s3d,74088343339,completed,failure,4096,1302,s3d,4096,s3d,4096,1,0.046189,0.046189,0.046189,2026-05-03T09:25:00.6359479Z,finished,59146,[OK] s3d 4096 -> 0.046189 ms,Workflow-size invocation finished within the 3600s timeout and emitted a CSV row; matching method=artifact_csv_exact_kernel_size.
known_finished_from_downloaded_benchmark_results_csv_and_run_log_ok,downloaded artifact benchmark-results-s3d/results_s3d.csv line 6 plus run log line 59150,Tier 2,s3d,benchmark-results-s3d,74088343339,completed,failure,8192,1303,s3d,8192,s3d,8192,1,0.047608,0.047608,0.047608,2026-05-03T09:26:16.5586362Z,finished,59150,[OK] s3d 8192 -> 0.047608 ms,Workflow-size invocation finished within the 3600s timeout and emitted a CSV row; matching method=artifact_csv_exact_kernel_size.
known_finished_from_downloaded_benchmark_results_csv_and_run_log_ok,downloaded artifact benchmark-results-s3d/results_s3d.csv line 7 plus run log line 59154,Tier 2,s3d,benchmark-results-s3d,74088343339,completed,failure,16384,1304,s3d,16384,s3d,16384,1,0.048018,0.048018,0.048018,2026-05-03T09:28:40.9939175Z,finished,59154,[OK] s3d 16384 -> 0.048018 ms,Workflow-size invocation finished within the 3600s timeout and emitted a CSV row; matching method=artifact_csv_exact_kernel_size.
known_finished_from_downloaded_benchmark_results_csv_and_run_log_ok,downloaded artifact benchmark-results-s3d/results_s3d.csv line 8 plus run log line 59158,Tier 2,s3d,benchmark-results-s3d,74088343339,completed,failure,32768,1305,s3d,32768,s3d,32768,1,0.051055,0.051055,0.051055,2026-05-03T09:33:37.8065043Z,finished,59158,[OK] s3d 32768 -> 0.051055 ms,Workflow-size invocation finished within the 3600s timeout and emitted a CSV row; matching method=artifact_csv_exact_kernel_size.
known_finished_from_downloaded_benchmark_results_csv_and_run_log_ok,downloaded artifact benchmark-results-s3d/results_s3d.csv line 9 plus run log line 59162,Tier 2,s3d,benchmark-results-s3d,74088343339,completed,failure,65536,1306,s3d,65536,s3d,65536,1,0.057081,0.057081,0.057081,2026-05-03T09:57:01.4598932Z,finished,59162,[OK] s3d 65536 -> 0.057081 ms,Workflow-size invocation finished within the 3600s timeout and emitted a CSV row; matching method=artifact_csv_exact_kernel_size.
known_finished_from_downloaded_benchmark_results_csv_and_run_log_ok,downloaded artifact benchmark-results-s3d/results_s3d.csv line 10 plus run log line 59166,Tier 2,s3d,benchmark-results-s3d,74088343339,completed,failure,131072,1307,s3d,131072,s3d,131072,1,0.059943,0.059943,0.059943,2026-05-03T10:49:22.9575991Z,finished,59166,[OK] s3d 131072 -> 0.059943 ms,Workflow-size invocation finished within the 3600s timeout and emitted a CSV row; matching method=artifact_csv_exact_kernel_size.
known_timed_out_3600s_from_run_log,run log line 59170,Tier 2,s3d,benchmark-results-s3d,74088343339,completed,failure,262144,1308,s3d,262144,,,,,,,2026-05-03T11:49:23.0964947Z,timed_out_3600s,59170,##[warning]TIMEOUT: s3d 262144 (>3600s),Workflow-size invocation failed before a usable CSV row for this plan entry; later entries in this benchmark job stop after first timeout/crash because the workflow loop breaks.
unknown_not_attempted_after_prior_failure_or_no_matching_artifact_log_evidence,downloaded artifacts plus complete run log had no matching CSV/OK/TIMEOUT/CRASH event for this plan entry,Tier 2,s3d,benchmark-results-s3d,74088343339,completed,failure,524288,1309,s3d,524288,,,,,,,,unknown,,,No row-level terminal evidence for this plan entry in current run artifacts/logs; for failed jobs this generally means the workflow loop did not attempt later sizes after the first failure.
unknown_not_attempted_after_prior_failure_or_no_matching_artifact_log_evidence,downloaded artifacts plus complete run log had no matching CSV/OK/TIMEOUT/CRASH event for this plan entry,Tier 2,s3d,benchmark-results-s3d,74088343339,completed,failure,1048576,1310,s3d,1048576,,,,,,,,unknown,,,No row-level terminal evidence for this plan entry in current run artifacts/logs; for failed jobs this generally means the workflow loop did not attempt later sizes after the first failure.
unknown_not_attempted_after_prior_failure_or_no_matching_artifact_log_evidence,downloaded artifacts plus complete run log had no matching CSV/OK/TIMEOUT/CRASH event for this plan entry,Tier 2,s3d,benchmark-results-s3d,74088343339,completed,failure,2097152,1311,s3d,2097152,,,,,,,,unknown,,,No row-level terminal evidence for this plan entry in current run artifacts/logs; for failed jobs this generally means the workflow loop did not attempt later sizes after the first failure.
unknown_not_attempted_after_prior_failure_or_no_matching_artifact_log_evidence,downloaded artifacts plus complete run log had no matching CSV/OK/TIMEOUT/CRASH event for this plan entry,Tier 2,s3d,benchmark-results-s3d,74088343339,completed,failure,4194304,1312,s3d,4194304,,,,,,,,unknown,,,No row-level terminal evidence for this plan entry in current run artifacts/logs; for failed jobs this generally means the workflow loop did not attempt later sizes after the first failure.
unknown_not_attempted_after_prior_failure_or_no_matching_artifact_log_evidence,downloaded artifacts plus complete run log had no matching CSV/OK/TIMEOUT/CRASH event for this plan entry,Tier 2,s3d,benchmark-results-s3d,74088343339,completed,failure,8388608,1313,s3d,8388608,,,,,,,,unknown,,,No row-level terminal evidence for this plan entry in current run artifacts/logs; for failed jobs this generally means the workflow loop did not attempt later sizes after the first failure.
unknown_not_attempted_after_prior_failure_or_no_matching_artifact_log_evidence,downloaded artifacts plus complete run log had no matching CSV/OK/TIMEOUT/CRASH event for this plan entry,Tier 2,s3d,benchmark-results-s3d,74088343339,completed,failure,16777216,1314,s3d,16777216,,,,,,,,unknown,,,No row-level terminal evidence for this plan entry in current run artifacts/logs; for failed jobs this generally means the workflow loop did not attempt later sizes after the first failure.
known_finished_from_downloaded_benchmark_results_csv_and_run_log_ok,downloaded artifact benchmark-results-rope/results_rope.csv line 2 plus run log line 59770,Tier 2,rope,benchmark-results-rope,74088343369,completed,failure,B4_S64_H32_D128_blk256,1315,rope,B4_S64_H32_D128_blk256,rope,B4_S64_H32_D128_blk256,1,0.013318,0.013318,0.013318,2026-05-03T09:25:24.8695945Z,finished,59770,[OK] rope B4_S64_H32_D128_blk256 -> 0.013318 ms,Workflow-size invocation finished within the 3600s timeout and emitted a CSV row; matching method=artifact_csv_exact_kernel_size.
known_finished_from_downloaded_benchmark_results_csv_and_run_log_ok,downloaded artifact benchmark-results-rope/results_rope.csv line 3 plus run log line 59774,Tier 2,rope,benchmark-results-rope,74088343369,completed,failure,B4_S128_H32_D128_blk256,1316,rope,B4_S128_H32_D128_blk256,rope,B4_S128_H32_D128_blk256,1,0.026296,0.026296,0.026296,2026-05-03T09:27:52.8466545Z,finished,59774,[OK] rope B4_S128_H32_D128_blk256 -> 0.026296 ms,Workflow-size invocation finished within the 3600s timeout and emitted a CSV row; matching method=artifact_csv_exact_kernel_size.
known_finished_from_downloaded_benchmark_results_csv_and_run_log_ok,downloaded artifact benchmark-results-rope/results_rope.csv line 4 plus run log line 59778,Tier 2,rope,benchmark-results-rope,74088343369,completed,failure,B4_S256_H32_D128_blk256,1317,rope,B4_S256_H32_D128_blk256,rope,B4_S256_H32_D128_blk256,1,0.052155,0.052155,0.052155,2026-05-03T09:33:07.7875871Z,finished,59778,[OK] rope B4_S256_H32_D128_blk256 -> 0.052155 ms,Workflow-size invocation finished within the 3600s timeout and emitted a CSV row; matching method=artifact_csv_exact_kernel_size.
known_finished_from_downloaded_benchmark_results_csv_and_run_log_ok,downloaded artifact benchmark-results-rope/results_rope.csv line 5 plus run log line 59782,Tier 2,rope,benchmark-results-rope,74088343369,completed,failure,B4_S384_H32_D128_blk256,1318,rope,B4_S384_H32_D128_blk256,rope,B4_S384_H32_D128_blk256,1,0.078012,0.078012,0.078012,2026-05-03T09:43:00.0872777Z,finished,59782,[OK] rope B4_S384_H32_D128_blk256 -> 0.078012 ms,Workflow-size invocation finished within the 3600s timeout and emitted a CSV row; matching method=artifact_csv_exact_kernel_size.
known_finished_from_downloaded_benchmark_results_csv_and_run_log_ok,downloaded artifact benchmark-results-rope/results_rope.csv line 6 plus run log line 59786,Tier 2,rope,benchmark-results-rope,74088343369,completed,failure,B4_S512_H32_D128_blk256,1319,rope,B4_S512_H32_D128_blk256,rope,B4_S512_H32_D128_blk256,1,0.103865,0.103865,0.103865,2026-05-03T10:10:59.4371942Z,finished,59786,[OK] rope B4_S512_H32_D128_blk256 -> 0.103865 ms,Workflow-size invocation finished within the 3600s timeout and emitted a CSV row; matching method=artifact_csv_exact_kernel_size.
known_timed_out_3600s_from_run_log,run log line 59790,Tier 2,rope,benchmark-results-rope,74088343369,completed,failure,B4_S768_H32_D128_blk256,1320,rope,B4_S768_H32_D128_blk256,,,,,,,2026-05-03T11:10:59.7365011Z,timed_out_3600s,59790,##[warning]TIMEOUT: rope B4_S768_H32_D128_blk256 (>3600s),Workflow-size invocation failed before a usable CSV row for this plan entry; later entries in this benchmark job stop after first timeout/crash because the workflow loop breaks.
unknown_not_attempted_after_prior_failure_or_no_matching_artifact_log_evidence,downloaded artifacts plus complete run log had no matching CSV/OK/TIMEOUT/CRASH event for this plan entry,Tier 2,rope,benchmark-results-rope,74088343369,completed,failure,B4_S1024_H32_D128_blk256,1321,rope,B4_S1024_H32_D128_blk256,,,,,,,,unknown,,,No row-level terminal evidence for this plan entry in current run artifacts/logs; for failed jobs this generally means the workflow loop did not attempt later sizes after the first failure.
unknown_not_attempted_after_prior_failure_or_no_matching_artifact_log_evidence,downloaded artifacts plus complete run log had no matching CSV/OK/TIMEOUT/CRASH event for this plan entry,Tier 2,rope,benchmark-results-rope,74088343369,completed,failure,B4_S1536_H32_D128_blk256,1322,rope,B4_S1536_H32_D128_blk256,,,,,,,,unknown,,,No row-level terminal evidence for this plan entry in current run artifacts/logs; for failed jobs this generally means the workflow loop did not attempt later sizes after the first failure.
unknown_not_attempted_after_prior_failure_or_no_matching_artifact_log_evidence,downloaded artifacts plus complete run log had no matching CSV/OK/TIMEOUT/CRASH event for this plan entry,Tier 2,rope,benchmark-results-rope,74088343369,completed,failure,B4_S2048_H32_D128_blk256,1323,rope,B4_S2048_H32_D128_blk256,,,,,,,,unknown,,,No row-level terminal evidence for this plan entry in current run artifacts/logs; for failed jobs this generally means the workflow loop did not attempt later sizes after the first failure.
unknown_not_attempted_after_prior_failure_or_no_matching_artifact_log_evidence,downloaded artifacts plus complete run log had no matching CSV/OK/TIMEOUT/CRASH event for this plan entry,Tier 2,rope,benchmark-results-rope,74088343369,completed,failure,B4_S3072_H32_D128_blk256,1324,rope,B4_S3072_H32_D128_blk256,,,,,,,,unknown,,,No row-level terminal evidence for this plan entry in current run artifacts/logs; for failed jobs this generally means the workflow loop did not attempt later sizes after the first failure.
unknown_not_attempted_after_prior_failure_or_no_matching_artifact_log_evidence,downloaded artifacts plus complete run log had no matching CSV/OK/TIMEOUT/CRASH event for this plan entry,Tier 2,rope,benchmark-results-rope,74088343369,completed,failure,B4_S4096_H32_D128_blk256,1325,rope,B4_S4096_H32_D128_blk256,,,,,,,,unknown,,,No row-level terminal evidence for this plan entry in current run artifacts/logs; for failed jobs this generally means the workflow loop did not attempt later sizes after the first failure.
unknown_not_attempted_after_prior_failure_or_no_matching_artifact_log_evidence,downloaded artifacts plus complete run log had no matching CSV/OK/TIMEOUT/CRASH event for this plan entry,Tier 2,rope,benchmark-results-rope,74088343369,completed,failure,B4_S6144_H32_D128_blk256,1326,rope,B4_S6144_H32_D128_blk256,,,,,,,,unknown,,,No row-level terminal evidence for this plan entry in current run artifacts/logs; for failed jobs this generally means the workflow loop did not attempt later sizes after the first failure.
unknown_not_attempted_after_prior_failure_or_no_matching_artifact_log_evidence,downloaded artifacts plus complete run log had no matching CSV/OK/TIMEOUT/CRASH event for this plan entry,Tier 2,rope,benchmark-results-rope,74088343369,completed,failure,B4_S8192_H32_D128_blk256,1327,rope,B4_S8192_H32_D128_blk256,,,,,,,,unknown,,,No row-level terminal evidence for this plan entry in current run artifacts/logs; for failed jobs this generally means the workflow loop did not attempt later sizes after the first failure.
unknown_not_attempted_after_prior_failure_or_no_matching_artifact_log_evidence,downloaded artifacts plus complete run log had no matching CSV/OK/TIMEOUT/CRASH event for this plan entry,Tier 2,rope,benchmark-results-rope,74088343369,completed,failure,B4_S12288_H32_D128_blk256,1328,rope,B4_S12288_H32_D128_blk256,,,,,,,,unknown,,,No row-level terminal evidence for this plan entry in current run artifacts/logs; for failed jobs this generally means the workflow loop did not attempt later sizes after the first failure.
unknown_not_attempted_after_prior_failure_or_no_matching_artifact_log_evidence,downloaded artifacts plus complete run log had no matching CSV/OK/TIMEOUT/CRASH event for this plan entry,Tier 2,rope,benchmark-results-rope,74088343369,completed,failure,B4_S16384_H32_D128_blk256,1329,rope,B4_S16384_H32_D128_blk256,,,,,,,,unknown,,,No row-level terminal evidence for this plan entry in current run artifacts/logs; for failed jobs this generally means the workflow loop did not attempt later sizes after the first failure.
unknown_not_attempted_after_prior_failure_or_no_matching_artifact_log_evidence,downloaded artifacts plus complete run log had no matching CSV/OK/TIMEOUT/CRASH event for this plan entry,Tier 2,rope,benchmark-results-rope,74088343369,completed,failure,B4_S32768_H32_D128_blk256,1330,rope,B4_S32768_H32_D128_blk256,,,,,,,,unknown,,,No row-level terminal evidence for this plan entry in current run artifacts/logs; for failed jobs this generally means the workflow loop did not attempt later sizes after the first failure.
known_finished_from_downloaded_benchmark_results_csv_and_run_log_ok,downloaded artifact benchmark-results-naive-attention/results_naive_attention.csv line 2 plus run log line 60366,Tier 2,naive_attention,benchmark-results-naive-attention,74088343370,completed,failure,B4_S32_H12_D64_blk256,1331,naive_attention,B4_S32_H12_D64_blk256,naive_attention,B4_S32_H12_D64_blk256,1,0.068667,0.068667,0.068667,2026-05-03T09:25:07.4651198Z,finished,60366,[OK] naive_attention B4_S32_H12_D64_blk256 -> 0.068667 ms,Workflow-size invocation finished within the 3600s timeout and emitted a CSV row; matching method=artifact_csv_exact_kernel_size.
known_finished_from_downloaded_benchmark_results_csv_and_run_log_ok,downloaded artifact benchmark-results-naive-attention/results_naive_attention.csv line 3 plus run log line 60370,Tier 2,naive_attention,benchmark-results-naive-attention,74088343370,completed,failure,B4_S64_H12_D64_blk256,1332,naive_attention,B4_S64_H12_D64_blk256,naive_attention,B4_S64_H12_D64_blk256,1,0.132441,0.132441,0.132441,2026-05-03T09:25:24.1555231Z,finished,60370,[OK] naive_attention B4_S64_H12_D64_blk256 -> 0.132441 ms,Workflow-size invocation finished within the 3600s timeout and emitted a CSV row; matching method=artifact_csv_exact_kernel_size.
known_finished_from_downloaded_benchmark_results_csv_and_run_log_ok,downloaded artifact benchmark-results-naive-attention/results_naive_attention.csv line 4 plus run log line 60374,Tier 2,naive_attention,benchmark-results-naive-attention,74088343370,completed,failure,B4_S96_H12_D64_blk256,1333,naive_attention,B4_S96_H12_D64_blk256,naive_attention,B4_S96_H12_D64_blk256,1,0.193598,0.193598,0.193598,2026-05-03T09:25:58.1843178Z,finished,60374,[OK] naive_attention B4_S96_H12_D64_blk256 -> 0.193598 ms,Workflow-size invocation finished within the 3600s timeout and emitted a CSV row; matching method=artifact_csv_exact_kernel_size.
known_finished_from_downloaded_benchmark_results_csv_and_run_log_ok,downloaded artifact benchmark-results-naive-attention/results_naive_attention.csv line 5 plus run log line 60378,Tier 2,naive_attention,benchmark-results-naive-attention,74088343370,completed,failure,B4_S128_H12_D64_blk256,1334,naive_attention,B4_S128_H12_D64_blk256,naive_attention,B4_S128_H12_D64_blk256,1,0.257308,0.257308,0.257308,2026-05-03T09:26:58.5887917Z,finished,60378,[OK] naive_attention B4_S128_H12_D64_blk256 -> 0.257308 ms,Workflow-size invocation finished within the 3600s timeout and emitted a CSV row; matching method=artifact_csv_exact_kernel_size.
known_finished_from_downloaded_benchmark_results_csv_and_run_log_ok,downloaded artifact benchmark-results-naive-attention/results_naive_attention.csv line 6 plus run log line 60382,Tier 2,naive_attention,benchmark-results-naive-attention,74088343370,completed,failure,B4_S192_H12_D64_blk256,1335,naive_attention,B4_S192_H12_D64_blk256,naive_attention,B4_S192_H12_D64_blk256,1,0.384828,0.384828,0.384828,2026-05-03T09:29:22.9445113Z,finished,60382,[OK] naive_attention B4_S192_H12_D64_blk256 -> 0.384828 ms,Workflow-size invocation finished within the 3600s timeout and emitted a CSV row; matching method=artifact_csv_exact_kernel_size.
known_finished_from_downloaded_benchmark_results_csv_and_run_log_ok,downloaded artifact benchmark-results-naive-attention/results_naive_attention.csv line 7 plus run log line 60386,Tier 2,naive_attention,benchmark-results-naive-attention,74088343370,completed,failure,B4_S256_H12_D64_blk256,1336,naive_attention,B4_S256_H12_D64_blk256,naive_attention,B4_S256_H12_D64_blk256,1,0.512338,0.512338,0.512338,2026-05-03T09:34:11.6069114Z,finished,60386,[OK] naive_attention B4_S256_H12_D64_blk256 -> 0.512338 ms,Workflow-size invocation finished within the 3600s timeout and emitted a CSV row; matching method=artifact_csv_exact_kernel_size.
known_finished_from_downloaded_benchmark_results_csv_and_run_log_ok,downloaded artifact benchmark-results-naive-attention/results_naive_attention.csv line 8 plus run log line 60390,Tier 2,naive_attention,benchmark-results-naive-attention,74088343370,completed,failure,B4_S384_H12_D64_blk256,1337,naive_attention,B4_S384_H12_D64_blk256,naive_attention,B4_S384_H12_D64_blk256,1,0.767552,0.767552,0.767552,2026-05-03T09:48:00.0637429Z,finished,60390,[OK] naive_attention B4_S384_H12_D64_blk256 -> 0.767552 ms,Workflow-size invocation finished within the 3600s timeout and emitted a CSV row; matching method=artifact_csv_exact_kernel_size.
known_finished_from_downloaded_benchmark_results_csv_and_run_log_ok,downloaded artifact benchmark-results-naive-attention/results_naive_attention.csv line 9 plus run log line 60394,Tier 2,naive_attention,benchmark-results-naive-attention,74088343370,completed,failure,B4_S512_H12_D64_blk256,1338,naive_attention,B4_S512_H12_D64_blk256,naive_attention,B4_S512_H12_D64_blk256,1,1.022502,1.022502,1.022502,2026-05-03T10:20:25.4947795Z,finished,60394,[OK] naive_attention B4_S512_H12_D64_blk256 -> 1.022502 ms,Workflow-size invocation finished within the 3600s timeout and emitted a CSV row; matching method=artifact_csv_exact_kernel_size.
known_timed_out_3600s_from_run_log,run log line 60398,Tier 2,naive_attention,benchmark-results-naive-attention,74088343370,completed,failure,B4_S640_H12_D64_blk256,1339,naive_attention,B4_S640_H12_D64_blk256,,,,,,,2026-05-03T11:20:25.6138507Z,timed_out_3600s,60398,##[warning]TIMEOUT: naive_attention B4_S640_H12_D64_blk256 (>3600s),Workflow-size invocation failed before a usable CSV row for this plan entry; later entries in this benchmark job stop after first timeout/crash because the workflow loop breaks.
unknown_not_attempted_after_prior_failure_or_no_matching_artifact_log_evidence,downloaded artifacts plus complete run log had no matching CSV/OK/TIMEOUT/CRASH event for this plan entry,Tier 2,naive_attention,benchmark-results-naive-attention,74088343370,completed,failure,B4_S768_H12_D64_blk256,1340,naive_attention,B4_S768_H12_D64_blk256,,,,,,,,unknown,,,No row-level terminal evidence for this plan entry in current run artifacts/logs; for failed jobs this generally means the workflow loop did not attempt later sizes after the first failure.
unknown_not_attempted_after_prior_failure_or_no_matching_artifact_log_evidence,downloaded artifacts plus complete run log had no matching CSV/OK/TIMEOUT/CRASH event for this plan entry,Tier 2,naive_attention,benchmark-results-naive-attention,74088343370,completed,failure,B4_S1024_H12_D64_blk256,1341,naive_attention,B4_S1024_H12_D64_blk256,,,,,,,,unknown,,,No row-level terminal evidence for this plan entry in current run artifacts/logs; for failed jobs this generally means the workflow loop did not attempt later sizes after the first failure.
unknown_not_attempted_after_prior_failure_or_no_matching_artifact_log_evidence,downloaded artifacts plus complete run log had no matching CSV/OK/TIMEOUT/CRASH event for this plan entry,Tier 2,naive_attention,benchmark-results-naive-attention,74088343370,completed,failure,B4_S1280_H12_D64_blk256,1342,naive_attention,B4_S1280_H12_D64_blk256,,,,,,,,unknown,,,No row-level terminal evidence for this plan entry in current run artifacts/logs; for failed jobs this generally means the workflow loop did not attempt later sizes after the first failure.
unknown_not_attempted_after_prior_failure_or_no_matching_artifact_log_evidence,downloaded artifacts plus complete run log had no matching CSV/OK/TIMEOUT/CRASH event for this plan entry,Tier 2,naive_attention,benchmark-results-naive-attention,74088343370,completed,failure,B4_S1536_H12_D64_blk256,1343,naive_attention,B4_S1536_H12_D64_blk256,,,,,,,,unknown,,,No row-level terminal evidence for this plan entry in current run artifacts/logs; for failed jobs this generally means the workflow loop did not attempt later sizes after the first failure.
unknown_not_attempted_after_prior_failure_or_no_matching_artifact_log_evidence,downloaded artifacts plus complete run log had no matching CSV/OK/TIMEOUT/CRASH event for this plan entry,Tier 2,naive_attention,benchmark-results-naive-attention,74088343370,completed,failure,B4_S2048_H12_D64_blk256,1344,naive_attention,B4_S2048_H12_D64_blk256,,,,,,,,unknown,,,No row-level terminal evidence for this plan entry in current run artifacts/logs; for failed jobs this generally means the workflow loop did not attempt later sizes after the first failure.
unknown_not_attempted_after_prior_failure_or_no_matching_artifact_log_evidence,downloaded artifacts plus complete run log had no matching CSV/OK/TIMEOUT/CRASH event for this plan entry,Tier 2,naive_attention,benchmark-results-naive-attention,74088343370,completed,failure,B4_S2560_H12_D64_blk256,1345,naive_attention,B4_S2560_H12_D64_blk256,,,,,,,,unknown,,,No row-level terminal evidence for this plan entry in current run artifacts/logs; for failed jobs this generally means the workflow loop did not attempt later sizes after the first failure.
unknown_not_attempted_after_prior_failure_or_no_matching_artifact_log_evidence,downloaded artifacts plus complete run log had no matching CSV/OK/TIMEOUT/CRASH event for this plan entry,Tier 2,naive_attention,benchmark-results-naive-attention,74088343370,completed,failure,B4_S3072_H12_D64_blk256,1346,naive_attention,B4_S3072_H12_D64_blk256,,,,,,,,unknown,,,No row-level terminal evidence for this plan entry in current run artifacts/logs; for failed jobs this generally means the workflow loop did not attempt later sizes after the first failure.
unknown_not_attempted_after_prior_failure_or_no_matching_artifact_log_evidence,downloaded artifacts plus complete run log had no matching CSV/OK/TIMEOUT/CRASH event for this plan entry,Tier 2,naive_attention,benchmark-results-naive-attention,74088343370,completed,failure,B4_S4096_H12_D64_blk256,1347,naive_attention,B4_S4096_H12_D64_blk256,,,,,,,,unknown,,,No row-level terminal evidence for this plan entry in current run artifacts/logs; for failed jobs this generally means the workflow loop did not attempt later sizes after the first failure.
known_finished_from_downloaded_benchmark_results_csv_and_run_log_ok,downloaded artifact benchmark-results-tiled-gemm-16/results_tiled_gemm_16.csv line 2 plus run log line 61199,Tier 2,tiled_gemm_16,benchmark-results-tiled-gemm-16,74088343386,completed,failure,M1_N768_K768_tile16,1348,tiled_gemm_16,M1_N768_K768_tile16,tiled_gemm_16,M1_N768_K768_tile16,1,0.020218,0.020218,0.020218,2026-05-03T09:27:02.0989954Z,finished,61199,[OK] tiled_gemm_16 M1_N768_K768_tile16 -> 0.020218 ms,Workflow-size invocation finished within the 3600s timeout and emitted a CSV row; matching method=artifact_csv_exact_kernel_size.
known_finished_from_downloaded_benchmark_results_csv_and_run_log_ok,downloaded artifact benchmark-results-tiled-gemm-16/results_tiled_gemm_16.csv line 3 plus run log line 61203,Tier 2,tiled_gemm_16,benchmark-results-tiled-gemm-16,74088343386,completed,failure,M8_N768_K768_tile16,1349,tiled_gemm_16,M8_N768_K768_tile16,tiled_gemm_16,M8_N768_K768_tile16,1,0.020327,0.020327,0.020327,2026-05-03T09:27:43.8208419Z,finished,61203,[OK] tiled_gemm_16 M8_N768_K768_tile16 -> 0.020327 ms,Workflow-size invocation finished within the 3600s timeout and emitted a CSV row; matching method=artifact_csv_exact_kernel_size.
known_finished_from_downloaded_benchmark_results_csv_and_run_log_ok,downloaded artifact benchmark-results-tiled-gemm-16/results_tiled_gemm_16.csv line 4 plus run log line 61207,Tier 2,tiled_gemm_16,benchmark-results-tiled-gemm-16,74088343386,completed,failure,M32_N768_K768_tile16,1350,tiled_gemm_16,M32_N768_K768_tile16,tiled_gemm_16,M32_N768_K768_tile16,1,0.020755,0.020755,0.020755,2026-05-03T09:29:38.4837348Z,finished,61207,[OK] tiled_gemm_16 M32_N768_K768_tile16 -> 0.020755 ms,Workflow-size invocation finished within the 3600s timeout and emitted a CSV row; matching method=artifact_csv_exact_kernel_size.
known_finished_from_downloaded_benchmark_results_csv_and_run_log_ok,downloaded artifact benchmark-results-tiled-gemm-16/results_tiled_gemm_16.csv line 5 plus run log line 61211,Tier 2,tiled_gemm_16,benchmark-results-tiled-gemm-16,74088343386,completed,failure,M64_N768_K768_tile16,1351,tiled_gemm_16,M64_N768_K768_tile16,tiled_gemm_16,M64_N768_K768_tile16,1,0.020907,0.020907,0.020907,2026-05-03T09:33:41.4625326Z,finished,61211,[OK] tiled_gemm_16 M64_N768_K768_tile16 -> 0.020907 ms,Workflow-size invocation finished within the 3600s timeout and emitted a CSV row; matching method=artifact_csv_exact_kernel_size.
known_finished_from_downloaded_benchmark_results_csv_and_run_log_ok,downloaded artifact benchmark-results-tiled-gemm-16/results_tiled_gemm_16.csv line 6 plus run log line 61215,Tier 2,tiled_gemm_16,benchmark-results-tiled-gemm-16,74088343386,completed,failure,M128_N768_K768_tile16,1352,tiled_gemm_16,M128_N768_K768_tile16,tiled_gemm_16,M128_N768_K768_tile16,1,0.022554,0.022554,0.022554,2026-05-03T09:50:16.3999690Z,finished,61215,[OK] tiled_gemm_16 M128_N768_K768_tile16 -> 0.022554 ms,Workflow-size invocation finished within the 3600s timeout and emitted a CSV row; matching method=artifact_csv_exact_kernel_size.
known_timed_out_3600s_from_run_log,run log line 61219,Tier 2,tiled_gemm_16,benchmark-results-tiled-gemm-16,74088343386,completed,failure,M256_N768_K768_tile16,1353,tiled_gemm_16,M256_N768_K768_tile16,,,,,,,2026-05-03T10:50:16.4934283Z,timed_out_3600s,61219,##[warning]TIMEOUT: tiled_gemm_16 M256_N768_K768_tile16 (>3600s),Workflow-size invocation failed before a usable CSV row for this plan entry; later entries in this benchmark job stop after first timeout/crash because the workflow loop breaks.
unknown_not_attempted_after_prior_failure_or_no_matching_artifact_log_evidence,downloaded artifacts plus complete run log had no matching CSV/OK/TIMEOUT/CRASH event for this plan entry,Tier 2,tiled_gemm_16,benchmark-results-tiled-gemm-16,74088343386,completed,failure,M512_N768_K768_tile16,1354,tiled_gemm_16,M512_N768_K768_tile16,,,,,,,,unknown,,,No row-level terminal evidence for this plan entry in current run artifacts/logs; for failed jobs this generally means the workflow loop did not attempt later sizes after the first failure.
unknown_not_attempted_after_prior_failure_or_no_matching_artifact_log_evidence,downloaded artifacts plus complete run log had no matching CSV/OK/TIMEOUT/CRASH event for this plan entry,Tier 2,tiled_gemm_16,benchmark-results-tiled-gemm-16,74088343386,completed,failure,M1024_N768_K768_tile16,1355,tiled_gemm_16,M1024_N768_K768_tile16,,,,,,,,unknown,,,No row-level terminal evidence for this plan entry in current run artifacts/logs; for failed jobs this generally means the workflow loop did not attempt later sizes after the first failure.
unknown_not_attempted_after_prior_failure_or_no_matching_artifact_log_evidence,downloaded artifacts plus complete run log had no matching CSV/OK/TIMEOUT/CRASH event for this plan entry,Tier 2,tiled_gemm_16,benchmark-results-tiled-gemm-16,74088343386,completed,failure,M2048_N768_K768_tile16,1356,tiled_gemm_16,M2048_N768_K768_tile16,,,,,,,,unknown,,,No row-level terminal evidence for this plan entry in current run artifacts/logs; for failed jobs this generally means the workflow loop did not attempt later sizes after the first failure.
unknown_not_attempted_after_prior_failure_or_no_matching_artifact_log_evidence,downloaded artifacts plus complete run log had no matching CSV/OK/TIMEOUT/CRASH event for this plan entry,Tier 2,tiled_gemm_16,benchmark-results-tiled-gemm-16,74088343386,completed,failure,M4096_N768_K768_tile16,1357,tiled_gemm_16,M4096_N768_K768_tile16,,,,,,,,unknown,,,No row-level terminal evidence for this plan entry in current run artifacts/logs; for failed jobs this generally means the workflow loop did not attempt later sizes after the first failure.
unknown_not_attempted_after_prior_failure_or_no_matching_artifact_log_evidence,downloaded artifacts plus complete run log had no matching CSV/OK/TIMEOUT/CRASH event for this plan entry,Tier 2,tiled_gemm_16,benchmark-results-tiled-gemm-16,74088343386,completed,failure,M6144_N768_K768_tile16,1358,tiled_gemm_16,M6144_N768_K768_tile16,,,,,,,,unknown,,,No row-level terminal evidence for this plan entry in current run artifacts/logs; for failed jobs this generally means the workflow loop did not attempt later sizes after the first failure.
unknown_not_attempted_after_prior_failure_or_no_matching_artifact_log_evidence,downloaded artifacts plus complete run log had no matching CSV/OK/TIMEOUT/CRASH event for this plan entry,Tier 2,tiled_gemm_16,benchmark-results-tiled-gemm-16,74088343386,completed,failure,M8192_N768_K768_tile16,1359,tiled_gemm_16,M8192_N768_K768_tile16,,,,,,,,unknown,,,No row-level terminal evidence for this plan entry in current run artifacts/logs; for failed jobs this generally means the workflow loop did not attempt later sizes after the first failure.
unknown_not_attempted_after_prior_failure_or_no_matching_artifact_log_evidence,downloaded artifacts plus complete run log had no matching CSV/OK/TIMEOUT/CRASH event for this plan entry,Tier 2,tiled_gemm_16,benchmark-results-tiled-gemm-16,74088343386,completed,failure,M10240_N768_K768_tile16,1360,tiled_gemm_16,M10240_N768_K768_tile16,,,,,,,,unknown,,,No row-level terminal evidence for this plan entry in current run artifacts/logs; for failed jobs this generally means the workflow loop did not attempt later sizes after the first failure.
unknown_not_attempted_after_prior_failure_or_no_matching_artifact_log_evidence,downloaded artifacts plus complete run log had no matching CSV/OK/TIMEOUT/CRASH event for this plan entry,Tier 2,tiled_gemm_16,benchmark-results-tiled-gemm-16,74088343386,completed,failure,M12288_N768_K768_tile16,1361,tiled_gemm_16,M12288_N768_K768_tile16,,,,,,,,unknown,,,No row-level terminal evidence for this plan entry in current run artifacts/logs; for failed jobs this generally means the workflow loop did not attempt later sizes after the first failure.
unknown_not_attempted_after_prior_failure_or_no_matching_artifact_log_evidence,downloaded artifacts plus complete run log had no matching CSV/OK/TIMEOUT/CRASH event for this plan entry,Tier 2,tiled_gemm_16,benchmark-results-tiled-gemm-16,74088343386,completed,failure,M16384_N768_K768_tile16,1362,tiled_gemm_16,M16384_N768_K768_tile16,,,,,,,,unknown,,,No row-level terminal evidence for this plan entry in current run artifacts/logs; for failed jobs this generally means the workflow loop did not attempt later sizes after the first failure.
unknown_not_attempted_after_prior_failure_or_no_matching_artifact_log_evidence,downloaded artifacts plus complete run log had no matching CSV/OK/TIMEOUT/CRASH event for this plan entry,Tier 2,tiled_gemm_16,benchmark-results-tiled-gemm-16,74088343386,completed,failure,M20480_N768_K768_tile16,1363,tiled_gemm_16,M20480_N768_K768_tile16,,,,,,,,unknown,,,No row-level terminal evidence for this plan entry in current run artifacts/logs; for failed jobs this generally means the workflow loop did not attempt later sizes after the first failure.
unknown_not_attempted_after_prior_failure_or_no_matching_artifact_log_evidence,downloaded artifacts plus complete run log had no matching CSV/OK/TIMEOUT/CRASH event for this plan entry,Tier 2,tiled_gemm_16,benchmark-results-tiled-gemm-16,74088343386,completed,failure,M24576_N768_K768_tile16,1364,tiled_gemm_16,M24576_N768_K768_tile16,,,,,,,,unknown,,,No row-level terminal evidence for this plan entry in current run artifacts/logs; for failed jobs this generally means the workflow loop did not attempt later sizes after the first failure.
unknown_not_attempted_after_prior_failure_or_no_matching_artifact_log_evidence,downloaded artifacts plus complete run log had no matching CSV/OK/TIMEOUT/CRASH event for this plan entry,Tier 2,tiled_gemm_16,benchmark-results-tiled-gemm-16,74088343386,completed,failure,M32768_N768_K768_tile16,1365,tiled_gemm_16,M32768_N768_K768_tile16,,,,,,,,unknown,,,No row-level terminal evidence for this plan entry in current run artifacts/logs; for failed jobs this generally means the workflow loop did not attempt later sizes after the first failure.
known_finished_from_downloaded_benchmark_results_csv_and_run_log_ok,downloaded artifact benchmark-results-sssp/results_sssp.csv line 2 plus run log line 61832,Tier 2,sssp,benchmark-results-sssp,74088343388,completed,success,1024,1366,sssp,1024,sssp_relax_kernel,1024,1,0.001526,0.001526,0.001526,2026-05-03T09:31:14.9886667Z,finished,61832,[OK] sssp 1024 -> 0.001526 ms,Workflow-size invocation finished within the 3600s timeout and emitted a CSV row; matching method=artifact_csv_unique_workflow_size_alias.
known_finished_from_downloaded_benchmark_results_csv_and_run_log_ok,downloaded artifact benchmark-results-sssp/results_sssp.csv line 3 plus run log line 61836,Tier 2,sssp,benchmark-results-sssp,74088343388,completed,success,2048,1367,sssp,2048,sssp_relax_kernel,2048,1,0.001545,0.001545,0.001545,2026-05-03T09:31:15.1860437Z,finished,61836,[OK] sssp 2048 -> 0.001545 ms,Workflow-size invocation finished within the 3600s timeout and emitted a CSV row; matching method=artifact_csv_unique_workflow_size_alias.
known_finished_from_downloaded_benchmark_results_csv_and_run_log_ok,downloaded artifact benchmark-results-sssp/results_sssp.csv line 4 plus run log line 61840,Tier 2,sssp,benchmark-results-sssp,74088343388,completed,success,4096,1368,sssp,4096,sssp_relax_kernel,4096,1,0.001555,0.001555,0.001555,2026-05-03T09:31:15.5095138Z,finished,61840,[OK] sssp 4096 -> 0.001555 ms,Workflow-size invocation finished within the 3600s timeout and emitted a CSV row; matching method=artifact_csv_unique_workflow_size_alias.
known_finished_from_downloaded_benchmark_results_csv_and_run_log_ok,downloaded artifact benchmark-results-sssp/results_sssp.csv line 5 plus run log line 61844,Tier 2,sssp,benchmark-results-sssp,74088343388,completed,success,8192,1369,sssp,8192,sssp_relax_kernel,8192,1,0.001558,0.001558,0.001558,2026-05-03T09:31:15.7381639Z,finished,61844,[OK] sssp 8192 -> 0.001558 ms,Workflow-size invocation finished within the 3600s timeout and emitted a CSV row; matching method=artifact_csv_unique_workflow_size_alias.
known_finished_from_downloaded_benchmark_results_csv_and_run_log_ok,downloaded artifact benchmark-results-sssp/results_sssp.csv line 6 plus run log line 61848,Tier 2,sssp,benchmark-results-sssp,74088343388,completed,success,16384,1370,sssp,16384,sssp_relax_kernel,16384,1,0.001583,0.001583,0.001583,2026-05-03T09:31:15.9969549Z,finished,61848,[OK] sssp 16384 -> 0.001583 ms,Workflow-size invocation finished within the 3600s timeout and emitted a CSV row; matching method=artifact_csv_unique_workflow_size_alias.
known_finished_from_downloaded_benchmark_results_csv_and_run_log_ok,downloaded artifact benchmark-results-sssp/results_sssp.csv line 7 plus run log line 61852,Tier 2,sssp,benchmark-results-sssp,74088343388,completed,success,32768,1371,sssp,32768,sssp_relax_kernel,32768,1,0.001691,0.001691,0.001691,2026-05-03T09:31:16.4397450Z,finished,61852,[OK] sssp 32768 -> 0.001691 ms,Workflow-size invocation finished within the 3600s timeout and emitted a CSV row; matching method=artifact_csv_unique_workflow_size_alias.
known_finished_from_downloaded_benchmark_results_csv_and_run_log_ok,downloaded artifact benchmark-results-sssp/results_sssp.csv line 8 plus run log line 61856,Tier 2,sssp,benchmark-results-sssp,74088343388,completed,success,65536,1372,sssp,65536,sssp_relax_kernel,65536,1,0.001885,0.001885,0.001885,2026-05-03T09:31:17.3332193Z,finished,61856,[OK] sssp 65536 -> 0.001885 ms,Workflow-size invocation finished within the 3600s timeout and emitted a CSV row; matching method=artifact_csv_unique_workflow_size_alias.
known_finished_from_downloaded_benchmark_results_csv_and_run_log_ok,downloaded artifact benchmark-results-sssp/results_sssp.csv line 9 plus run log line 61860,Tier 2,sssp,benchmark-results-sssp,74088343388,completed,success,131072,1373,sssp,131072,sssp_relax_kernel,131072,1,0.002228,0.002228,0.002228,2026-05-03T09:31:19.2573682Z,finished,61860,[OK] sssp 131072 -> 0.002228 ms,Workflow-size invocation finished within the 3600s timeout and emitted a CSV row; matching method=artifact_csv_unique_workflow_size_alias.
known_finished_from_downloaded_benchmark_results_csv_and_run_log_ok,downloaded artifact benchmark-results-sssp/results_sssp.csv line 10 plus run log line 61864,Tier 2,sssp,benchmark-results-sssp,74088343388,completed,success,196608,1374,sssp,196608,sssp_relax_kernel,196608,1,0.002624,0.002624,0.002624,2026-05-03T09:31:22.5710937Z,finished,61864,[OK] sssp 196608 -> 0.002624 ms,Workflow-size invocation finished within the 3600s timeout and emitted a CSV row; matching method=artifact_csv_unique_workflow_size_alias.
known_finished_from_downloaded_benchmark_results_csv_and_run_log_ok,downloaded artifact benchmark-results-sssp/results_sssp.csv line 11 plus run log line 61868,Tier 2,sssp,benchmark-results-sssp,74088343388,completed,success,262144,1375,sssp,262144,sssp_relax_kernel,262144,1,0.003043,0.003043,0.003043,2026-05-03T09:31:29.9595674Z,finished,61868,[OK] sssp 262144 -> 0.003043 ms,Workflow-size invocation finished within the 3600s timeout and emitted a CSV row; matching method=artifact_csv_unique_workflow_size_alias.
known_finished_from_downloaded_benchmark_results_csv_and_run_log_ok,downloaded artifact benchmark-results-sssp/results_sssp.csv line 12 plus run log line 61872,Tier 2,sssp,benchmark-results-sssp,74088343388,completed,success,524288,1376,sssp,524288,sssp_relax_kernel,524288,1,0.004695,0.004695,0.004695,2026-05-03T09:31:48.7839087Z,finished,61872,[OK] sssp 524288 -> 0.004695 ms,Workflow-size invocation finished within the 3600s timeout and emitted a CSV row; matching method=artifact_csv_unique_workflow_size_alias.
known_finished_from_downloaded_benchmark_results_csv_and_run_log_ok,downloaded artifact benchmark-results-sssp/results_sssp.csv line 13 plus run log line 61876,Tier 2,sssp,benchmark-results-sssp,74088343388,completed,success,786432,1377,sssp,786432,sssp_relax_kernel,786432,1,0.006358,0.006358,0.006358,2026-05-03T09:32:26.6172200Z,finished,61876,[OK] sssp 786432 -> 0.006358 ms,Workflow-size invocation finished within the 3600s timeout and emitted a CSV row; matching method=artifact_csv_unique_workflow_size_alias.
known_finished_from_downloaded_benchmark_results_csv_and_run_log_ok,downloaded artifact benchmark-results-sssp/results_sssp.csv line 14 plus run log line 61880,Tier 2,sssp,benchmark-results-sssp,74088343388,completed,success,1048576,1378,sssp,1048576,sssp_relax_kernel,1048576,1,0.007816,0.007816,0.007816,2026-05-03T09:33:18.0207518Z,finished,61880,[OK] sssp 1048576 -> 0.007816 ms,Workflow-size invocation finished within the 3600s timeout and emitted a CSV row; matching method=artifact_csv_unique_workflow_size_alias.
known_finished_from_downloaded_benchmark_results_csv_and_run_log_ok,downloaded artifact benchmark-results-sssp/results_sssp.csv line 15 plus run log line 61884,Tier 2,sssp,benchmark-results-sssp,74088343388,completed,success,1572864,1379,sssp,1572864,sssp_relax_kernel,1572864,1,0.011049,0.011049,0.011049,2026-05-03T09:34:34.2087865Z,finished,61884,[OK] sssp 1572864 -> 0.011049 ms,Workflow-size invocation finished within the 3600s timeout and emitted a CSV row; matching method=artifact_csv_unique_workflow_size_alias.
known_finished_from_downloaded_benchmark_results_csv_and_run_log_ok,downloaded artifact benchmark-results-sssp/results_sssp.csv line 16 plus run log line 61888,Tier 2,sssp,benchmark-results-sssp,74088343388,completed,success,2097152,1380,sssp,2097152,sssp_relax_kernel,2097152,1,0.014455,0.014455,0.014455,2026-05-03T09:36:21.5206088Z,finished,61888,[OK] sssp 2097152 -> 0.014455 ms,Workflow-size invocation finished within the 3600s timeout and emitted a CSV row; matching method=artifact_csv_unique_workflow_size_alias.
known_finished_from_downloaded_benchmark_results_csv_and_run_log_ok,downloaded artifact benchmark-results-sssp/results_sssp.csv line 17 plus run log line 61892,Tier 2,sssp,benchmark-results-sssp,74088343388,completed,success,2621440,1381,sssp,2621440,sssp_relax_kernel,2621440,1,0.018029,0.018029,0.018029,2026-05-03T09:38:42.8425742Z,finished,61892,[OK] sssp 2621440 -> 0.018029 ms,Workflow-size invocation finished within the 3600s timeout and emitted a CSV row; matching method=artifact_csv_unique_workflow_size_alias.
known_finished_from_downloaded_benchmark_results_csv_and_run_log_ok,downloaded artifact benchmark-results-sssp/results_sssp.csv line 18 plus run log line 61896,Tier 2,sssp,benchmark-results-sssp,74088343388,completed,success,3145728,1382,sssp,3145728,sssp_relax_kernel,3145728,1,0.020530,0.020530,0.020530,2026-05-03T09:41:50.1311356Z,finished,61896,[OK] sssp 3145728 -> 0.020530 ms,Workflow-size invocation finished within the 3600s timeout and emitted a CSV row; matching method=artifact_csv_unique_workflow_size_alias.
known_finished_from_downloaded_benchmark_results_csv_and_run_log_ok,downloaded artifact benchmark-results-sssp/results_sssp.csv line 19 plus run log line 61900,Tier 2,sssp,benchmark-results-sssp,74088343388,completed,success,4194304,1383,sssp,4194304,sssp_relax_kernel,4194304,1,0.026861,0.026861,0.026861,2026-05-03T09:46:53.5524663Z,finished,61900,[OK] sssp 4194304 -> 0.026861 ms,Workflow-size invocation finished within the 3600s timeout and emitted a CSV row; matching method=artifact_csv_unique_workflow_size_alias.
known_finished_from_downloaded_benchmark_results_csv_and_run_log_ok,downloaded artifact benchmark-results-bh/results_bh.csv line 2 plus run log line 62576,Tier 2,bh,benchmark-results-bh,74088343392,completed,failure,256,1384,bh,256,compute_forces_kernel,256,1,0.008805,0.008805,0.008805,2026-05-03T09:47:13.3586472Z,finished,62576,[OK] bh 256 -> 0.008805 ms,Workflow-size invocation finished within the 3600s timeout and emitted a CSV row; matching method=artifact_csv_unique_workflow_size_alias.
known_finished_from_downloaded_benchmark_results_csv_and_run_log_ok,downloaded artifact benchmark-results-bh/results_bh.csv line 3 plus run log line 62580,Tier 2,bh,benchmark-results-bh,74088343392,completed,failure,512,1385,bh,512,compute_forces_kernel,512,1,0.009207,0.009207,0.009207,2026-05-03T09:47:14.0645817Z,finished,62580,[OK] bh 512 -> 0.009207 ms,Workflow-size invocation finished within the 3600s timeout and emitted a CSV row; matching method=artifact_csv_unique_workflow_size_alias.
known_finished_from_downloaded_benchmark_results_csv_and_run_log_ok,downloaded artifact benchmark-results-bh/results_bh.csv line 4 plus run log line 62584,Tier 2,bh,benchmark-results-bh,74088343392,completed,failure,1024,1386,bh,1024,compute_forces_kernel,1024,1,0.009307,0.009307,0.009307,2026-05-03T09:47:15.3634299Z,finished,62584,[OK] bh 1024 -> 0.009307 ms,Workflow-size invocation finished within the 3600s timeout and emitted a CSV row; matching method=artifact_csv_unique_workflow_size_alias.
known_finished_from_downloaded_benchmark_results_csv_and_run_log_ok,downloaded artifact benchmark-results-bh/results_bh.csv line 5 plus run log line 62588,Tier 2,bh,benchmark-results-bh,74088343392,completed,failure,2048,1387,bh,2048,compute_forces_kernel,2048,1,0.009911,0.009911,0.009911,2026-05-03T09:47:17.7665135Z,finished,62588,[OK] bh 2048 -> 0.009911 ms,Workflow-size invocation finished within the 3600s timeout and emitted a CSV row; matching method=artifact_csv_unique_workflow_size_alias.
known_finished_from_downloaded_benchmark_results_csv_and_run_log_ok,downloaded artifact benchmark-results-bh/results_bh.csv line 6 plus run log line 62592,Tier 2,bh,benchmark-results-bh,74088343392,completed,failure,4096,1388,bh,4096,compute_forces_kernel,4096,1,0.011163,0.011163,0.011163,2026-05-03T09:47:23.1628052Z,finished,62592,[OK] bh 4096 -> 0.011163 ms,Workflow-size invocation finished within the 3600s timeout and emitted a CSV row; matching method=artifact_csv_unique_workflow_size_alias.
known_finished_from_downloaded_benchmark_results_csv_and_run_log_ok,downloaded artifact benchmark-results-bh/results_bh.csv line 7 plus run log line 62596,Tier 2,bh,benchmark-results-bh,74088343392,completed,failure,8192,1389,bh,8192,compute_forces_kernel,8192,1,0.011415,0.011415,0.011415,2026-05-03T09:47:42.1493588Z,finished,62596,[OK] bh 8192 -> 0.011415 ms,Workflow-size invocation finished within the 3600s timeout and emitted a CSV row; matching method=artifact_csv_unique_workflow_size_alias.
known_finished_from_downloaded_benchmark_results_csv_and_run_log_ok,downloaded artifact benchmark-results-bh/results_bh.csv line 8 plus run log line 62600,Tier 2,bh,benchmark-results-bh,74088343392,completed,failure,16384,1390,bh,16384,compute_forces_kernel,16384,1,0.012279,0.012279,0.012279,2026-05-03T09:48:42.6104149Z,finished,62600,[OK] bh 16384 -> 0.012279 ms,Workflow-size invocation finished within the 3600s timeout and emitted a CSV row; matching method=artifact_csv_unique_workflow_size_alias.
known_finished_from_downloaded_benchmark_results_csv_and_run_log_ok,downloaded artifact benchmark-results-bh/results_bh.csv line 9 plus run log line 62604,Tier 2,bh,benchmark-results-bh,74088343392,completed,failure,32768,1391,bh,32768,compute_forces_kernel,32768,1,0.013168,0.013168,0.013168,2026-05-03T09:51:02.8654638Z,finished,62604,[OK] bh 32768 -> 0.013168 ms,Workflow-size invocation finished within the 3600s timeout and emitted a CSV row; matching method=artifact_csv_unique_workflow_size_alias.
known_finished_from_downloaded_benchmark_results_csv_and_run_log_ok,downloaded artifact benchmark-results-bh/results_bh.csv line 10 plus run log line 62608,Tier 2,bh,benchmark-results-bh,74088343392,completed,failure,65536,1392,bh,65536,compute_forces_kernel,65536,1,0.013968,0.013968,0.013968,2026-05-03T09:56:38.7637722Z,finished,62608,[OK] bh 65536 -> 0.013968 ms,Workflow-size invocation finished within the 3600s timeout and emitted a CSV row; matching method=artifact_csv_unique_workflow_size_alias.
known_finished_from_downloaded_benchmark_results_csv_and_run_log_ok,downloaded artifact benchmark-results-bh/results_bh.csv line 11 plus run log line 62612,Tier 2,bh,benchmark-results-bh,74088343392,completed,failure,131072,1393,bh,131072,compute_forces_kernel,131072,1,0.018726,0.018726,0.018726,2026-05-03T10:07:29.5798248Z,finished,62612,[OK] bh 131072 -> 0.018726 ms,Workflow-size invocation finished within the 3600s timeout and emitted a CSV row; matching method=artifact_csv_unique_workflow_size_alias.
known_finished_from_downloaded_benchmark_results_csv_and_run_log_ok,downloaded artifact benchmark-results-bh/results_bh.csv line 12 plus run log line 62616,Tier 2,bh,benchmark-results-bh,74088343392,completed,failure,196608,1394,bh,196608,compute_forces_kernel,196608,1,0.022021,0.022021,0.022021,2026-05-03T10:24:03.3368888Z,finished,62616,[OK] bh 196608 -> 0.022021 ms,Workflow-size invocation finished within the 3600s timeout and emitted a CSV row; matching method=artifact_csv_unique_workflow_size_alias.
known_finished_from_downloaded_benchmark_results_csv_and_run_log_ok,downloaded artifact benchmark-results-bh/results_bh.csv line 13 plus run log line 62620,Tier 2,bh,benchmark-results-bh,74088343392,completed,failure,262144,1395,bh,262144,compute_forces_kernel,262144,1,0.024765,0.024765,0.024765,2026-05-03T10:48:44.6748033Z,finished,62620,[OK] bh 262144 -> 0.024765 ms,Workflow-size invocation finished within the 3600s timeout and emitted a CSV row; matching method=artifact_csv_unique_workflow_size_alias.
known_finished_from_downloaded_benchmark_results_csv_and_run_log_ok,downloaded artifact benchmark-results-bh/results_bh.csv line 14 plus run log line 62624,Tier 2,bh,benchmark-results-bh,74088343392,completed,failure,393216,1396,bh,393216,compute_forces_kernel,393216,1,0.030934,0.030934,0.030934,2026-05-03T11:35:32.8160553Z,finished,62624,[OK] bh 393216 -> 0.030934 ms,Workflow-size invocation finished within the 3600s timeout and emitted a CSV row; matching method=artifact_csv_unique_workflow_size_alias.
known_timed_out_3600s_from_run_log,run log line 62628,Tier 2,bh,benchmark-results-bh,74088343392,completed,failure,524288,1397,bh,524288,,,,,,,2026-05-03T12:35:32.8766061Z,timed_out_3600s,62628,##[warning]TIMEOUT: bh 524288 (>3600s),Workflow-size invocation failed before a usable CSV row for this plan entry; later entries in this benchmark job stop after first timeout/crash because the workflow loop breaks.
unknown_not_attempted_after_prior_failure_or_no_matching_artifact_log_evidence,downloaded artifacts plus complete run log had no matching CSV/OK/TIMEOUT/CRASH event for this plan entry,Tier 2,bh,benchmark-results-bh,74088343392,completed,failure,786432,1398,bh,786432,,,,,,,,unknown,,,No row-level terminal evidence for this plan entry in current run artifacts/logs; for failed jobs this generally means the workflow loop did not attempt later sizes after the first failure.
unknown_not_attempted_after_prior_failure_or_no_matching_artifact_log_evidence,downloaded artifacts plus complete run log had no matching CSV/OK/TIMEOUT/CRASH event for this plan entry,Tier 2,bh,benchmark-results-bh,74088343392,completed,failure,1048576,1399,bh,1048576,,,,,,,,unknown,,,No row-level terminal evidence for this plan entry in current run artifacts/logs; for failed jobs this generally means the workflow loop did not attempt later sizes after the first failure.
unknown_not_attempted_after_prior_failure_or_no_matching_artifact_log_evidence,downloaded artifacts plus complete run log had no matching CSV/OK/TIMEOUT/CRASH event for this plan entry,Tier 2,bh,benchmark-results-bh,74088343392,completed,failure,1572864,1400,bh,1572864,,,,,,,,unknown,,,No row-level terminal evidence for this plan entry in current run artifacts/logs; for failed jobs this generally means the workflow loop did not attempt later sizes after the first failure.
unknown_not_attempted_after_prior_failure_or_no_matching_artifact_log_evidence,downloaded artifacts plus complete run log had no matching CSV/OK/TIMEOUT/CRASH event for this plan entry,Tier 2,bh,benchmark-results-bh,74088343392,completed,failure,2097152,1401,bh,2097152,,,,,,,,unknown,,,No row-level terminal evidence for this plan entry in current run artifacts/logs; for failed jobs this generally means the workflow loop did not attempt later sizes after the first failure.
known_finished_from_downloaded_benchmark_results_csv_and_run_log_ok,downloaded artifact benchmark-results-dmr/results_dmr.csv line 2 plus run log line 63486,Tier 2,dmr,benchmark-results-dmr,74088343394,completed,failure,256,1402,dmr,256,identify_bad_triangles,256,1,0.001627,0.001627,0.001627,2026-05-03T09:52:41.2319663Z,finished,63486,[OK] dmr 256 -> 0.001627 ms,Workflow-size invocation finished within the 3600s timeout and emitted a CSV row; matching method=artifact_csv_unique_workflow_size_alias.
known_finished_from_downloaded_benchmark_results_csv_and_run_log_ok,downloaded artifact benchmark-results-dmr/results_dmr.csv line 3 plus run log line 63490,Tier 2,dmr,benchmark-results-dmr,74088343394,completed,failure,512,1403,dmr,512,identify_bad_triangles,512,1,0.001645,0.001645,0.001645,2026-05-03T09:52:41.5473213Z,finished,63490,[OK] dmr 512 -> 0.001645 ms,Workflow-size invocation finished within the 3600s timeout and emitted a CSV row; matching method=artifact_csv_unique_workflow_size_alias.
known_finished_from_downloaded_benchmark_results_csv_and_run_log_ok,downloaded artifact benchmark-results-dmr/results_dmr.csv line 4 plus run log line 63494,Tier 2,dmr,benchmark-results-dmr,74088343394,completed,failure,1024,1404,dmr,1024,identify_bad_triangles,1024,1,0.001628,0.001628,0.001628,2026-05-03T09:52:41.9371033Z,finished,63494,[OK] dmr 1024 -> 0.001628 ms,Workflow-size invocation finished within the 3600s timeout and emitted a CSV row; matching method=artifact_csv_unique_workflow_size_alias.
known_finished_from_downloaded_benchmark_results_csv_and_run_log_ok,downloaded artifact benchmark-results-dmr/results_dmr.csv line 5 plus run log line 63498,Tier 2,dmr,benchmark-results-dmr,74088343394,completed,failure,2048,1405,dmr,2048,identify_bad_triangles,2048,1,0.001631,0.001631,0.001631,2026-05-03T09:52:42.6162407Z,finished,63498,[OK] dmr 2048 -> 0.001631 ms,Workflow-size invocation finished within the 3600s timeout and emitted a CSV row; matching method=artifact_csv_unique_workflow_size_alias.
known_finished_from_downloaded_benchmark_results_csv_and_run_log_ok,downloaded artifact benchmark-results-dmr/results_dmr.csv line 6 plus run log line 63502,Tier 2,dmr,benchmark-results-dmr,74088343394,completed,failure,4096,1406,dmr,4096,identify_bad_triangles,4096,1,0.001625,0.001625,0.001625,2026-05-03T09:52:43.7080236Z,finished,63502,[OK] dmr 4096 -> 0.001625 ms,Workflow-size invocation finished within the 3600s timeout and emitted a CSV row; matching method=artifact_csv_unique_workflow_size_alias.
known_finished_from_downloaded_benchmark_results_csv_and_run_log_ok,downloaded artifact benchmark-results-dmr/results_dmr.csv line 7 plus run log line 63506,Tier 2,dmr,benchmark-results-dmr,74088343394,completed,failure,8192,1407,dmr,8192,identify_bad_triangles,8192,1,0.001837,0.001837,0.001837,2026-05-03T09:52:45.7501732Z,finished,63506,[OK] dmr 8192 -> 0.001837 ms,Workflow-size invocation finished within the 3600s timeout and emitted a CSV row; matching method=artifact_csv_unique_workflow_size_alias.
known_finished_from_downloaded_benchmark_results_csv_and_run_log_ok,downloaded artifact benchmark-results-dmr/results_dmr.csv line 8 plus run log line 63510,Tier 2,dmr,benchmark-results-dmr,74088343394,completed,failure,16384,1408,dmr,16384,identify_bad_triangles,16384,1,0.002352,0.002352,0.002352,2026-05-03T09:52:50.0656122Z,finished,63510,[OK] dmr 16384 -> 0.002352 ms,Workflow-size invocation finished within the 3600s timeout and emitted a CSV row; matching method=artifact_csv_unique_workflow_size_alias.
known_finished_from_downloaded_benchmark_results_csv_and_run_log_ok,downloaded artifact benchmark-results-dmr/results_dmr.csv line 9 plus run log line 63514,Tier 2,dmr,benchmark-results-dmr,74088343394,completed,failure,32768,1409,dmr,32768,identify_bad_triangles,32768,1,0.003302,0.003302,0.003302,2026-05-03T09:52:59.9357267Z,finished,63514,[OK] dmr 32768 -> 0.003302 ms,Workflow-size invocation finished within the 3600s timeout and emitted a CSV row; matching method=artifact_csv_unique_workflow_size_alias.
known_crashed_from_run_log,run log line 63518,Tier 2,dmr,benchmark-results-dmr,74088343394,completed,failure,65536,1410,dmr,65536,,,,,,,2026-05-03T09:53:21.3143989Z,crashed,63518,##[error]CRASH: dmr 65536 (exit 2),Workflow-size invocation failed before a usable CSV row for this plan entry; later entries in this benchmark job stop after first timeout/crash because the workflow loop breaks.
unknown_not_attempted_after_prior_failure_or_no_matching_artifact_log_evidence,downloaded artifacts plus complete run log had no matching CSV/OK/TIMEOUT/CRASH event for this plan entry,Tier 2,dmr,benchmark-results-dmr,74088343394,completed,failure,131072,1411,dmr,131072,,,,,,,,unknown,,,No row-level terminal evidence for this plan entry in current run artifacts/logs; for failed jobs this generally means the workflow loop did not attempt later sizes after the first failure.
unknown_not_attempted_after_prior_failure_or_no_matching_artifact_log_evidence,downloaded artifacts plus complete run log had no matching CSV/OK/TIMEOUT/CRASH event for this plan entry,Tier 2,dmr,benchmark-results-dmr,74088343394,completed,failure,196608,1412,dmr,196608,,,,,,,,unknown,,,No row-level terminal evidence for this plan entry in current run artifacts/logs; for failed jobs this generally means the workflow loop did not attempt later sizes after the first failure.
unknown_not_attempted_after_prior_failure_or_no_matching_artifact_log_evidence,downloaded artifacts plus complete run log had no matching CSV/OK/TIMEOUT/CRASH event for this plan entry,Tier 2,dmr,benchmark-results-dmr,74088343394,completed,failure,262144,1413,dmr,262144,,,,,,,,unknown,,,No row-level terminal evidence for this plan entry in current run artifacts/logs; for failed jobs this generally means the workflow loop did not attempt later sizes after the first failure.
unknown_not_attempted_after_prior_failure_or_no_matching_artifact_log_evidence,downloaded artifacts plus complete run log had no matching CSV/OK/TIMEOUT/CRASH event for this plan entry,Tier 2,dmr,benchmark-results-dmr,74088343394,completed,failure,393216,1414,dmr,393216,,,,,,,,unknown,,,No row-level terminal evidence for this plan entry in current run artifacts/logs; for failed jobs this generally means the workflow loop did not attempt later sizes after the first failure.
unknown_not_attempted_after_prior_failure_or_no_matching_artifact_log_evidence,downloaded artifacts plus complete run log had no matching CSV/OK/TIMEOUT/CRASH event for this plan entry,Tier 2,dmr,benchmark-results-dmr,74088343394,completed,failure,524288,1415,dmr,524288,,,,,,,,unknown,,,No row-level terminal evidence for this plan entry in current run artifacts/logs; for failed jobs this generally means the workflow loop did not attempt later sizes after the first failure.
unknown_not_attempted_after_prior_failure_or_no_matching_artifact_log_evidence,downloaded artifacts plus complete run log had no matching CSV/OK/TIMEOUT/CRASH event for this plan entry,Tier 2,dmr,benchmark-results-dmr,74088343394,completed,failure,786432,1416,dmr,786432,,,,,,,,unknown,,,No row-level terminal evidence for this plan entry in current run artifacts/logs; for failed jobs this generally means the workflow loop did not attempt later sizes after the first failure.
