row_observation,evidence_source,tier,workflow_benchmark,regular_artifact_name,job_id,job_status,job_conclusion,workflow_size_label,plan_index,plan_hardware_kernel_name,plan_hardware_problem_size,emitted_csv_kernel_name,emitted_csv_problem_size,emitted_iterations,emitted_avg_ms,emitted_min_ms,emitted_max_ms,log_timestamp,log_event_type,log_source_line,log_message,note
known_finished_from_downloaded_benchmark_results_csv_and_run_log_ok,downloaded artifact benchmark-results-mem-latency-chase/results_mem_latency_chase.csv plus run log line 6474,Tier 1,mem_latency_chase,benchmark-results-mem-latency-chase,74069637181,completed,failure,256,1,mem_latency_chase,256,mem_latency_chase,256,1,0.005242,0.005242,0.005242,2026-05-02T20:50:21.0638226Z,finished,6474,[OK] mem_latency_chase 256 -> 0.005242 ms,"Workflow-size invocation finished within the 600s timeout and emitted a CSV row. For plan rows sharing one workflow size, this is invocation-level evidence, not independent per-hardware-kernel timing evidence."
known_finished_from_downloaded_benchmark_results_csv_and_run_log_ok,downloaded artifact benchmark-results-mem-latency-chase/results_mem_latency_chase.csv plus run log line 6478,Tier 1,mem_latency_chase,benchmark-results-mem-latency-chase,74069637181,completed,failure,512,2,mem_latency_chase,512,mem_latency_chase,512,1,0.005330,0.005330,0.005330,2026-05-02T20:50:24.6283117Z,finished,6478,[OK] mem_latency_chase 512 -> 0.005330 ms,"Workflow-size invocation finished within the 600s timeout and emitted a CSV row. For plan rows sharing one workflow size, this is invocation-level evidence, not independent per-hardware-kernel timing evidence."
known_finished_from_downloaded_benchmark_results_csv_and_run_log_ok,downloaded artifact benchmark-results-mem-latency-chase/results_mem_latency_chase.csv plus run log line 6482,Tier 1,mem_latency_chase,benchmark-results-mem-latency-chase,74069637181,completed,failure,1024,3,mem_latency_chase,1024,mem_latency_chase,1024,1,0.005320,0.005320,0.005320,2026-05-02T20:50:31.5554814Z,finished,6482,[OK] mem_latency_chase 1024 -> 0.005320 ms,"Workflow-size invocation finished within the 600s timeout and emitted a CSV row. For plan rows sharing one workflow size, this is invocation-level evidence, not independent per-hardware-kernel timing evidence."
known_finished_from_downloaded_benchmark_results_csv_and_run_log_ok,downloaded artifact benchmark-results-mem-latency-chase/results_mem_latency_chase.csv plus run log line 6486,Tier 1,mem_latency_chase,benchmark-results-mem-latency-chase,74069637181,completed,failure,2048,4,mem_latency_chase,2048,mem_latency_chase,2048,1,0.005311,0.005311,0.005311,2026-05-02T20:50:45.7507515Z,finished,6486,[OK] mem_latency_chase 2048 -> 0.005311 ms,"Workflow-size invocation finished within the 600s timeout and emitted a CSV row. For plan rows sharing one workflow size, this is invocation-level evidence, not independent per-hardware-kernel timing evidence."
known_finished_from_downloaded_benchmark_results_csv_and_run_log_ok,downloaded artifact benchmark-results-mem-latency-chase/results_mem_latency_chase.csv plus run log line 6490,Tier 1,mem_latency_chase,benchmark-results-mem-latency-chase,74069637181,completed,failure,4096,5,mem_latency_chase,4096,mem_latency_chase,4096,1,0.005327,0.005327,0.005327,2026-05-02T20:51:16.3781399Z,finished,6490,[OK] mem_latency_chase 4096 -> 0.005327 ms,"Workflow-size invocation finished within the 600s timeout and emitted a CSV row. For plan rows sharing one workflow size, this is invocation-level evidence, not independent per-hardware-kernel timing evidence."
known_finished_from_downloaded_benchmark_results_csv_and_run_log_ok,downloaded artifact benchmark-results-mem-latency-chase/results_mem_latency_chase.csv plus run log line 6494,Tier 1,mem_latency_chase,benchmark-results-mem-latency-chase,74069637181,completed,failure,8192,6,mem_latency_chase,8192,mem_latency_chase,8192,1,0.005331,0.005331,0.005331,2026-05-02T20:52:22.5661884Z,finished,6494,[OK] mem_latency_chase 8192 -> 0.005331 ms,"Workflow-size invocation finished within the 600s timeout and emitted a CSV row. For plan rows sharing one workflow size, this is invocation-level evidence, not independent per-hardware-kernel timing evidence."
known_finished_from_downloaded_benchmark_results_csv_and_run_log_ok,downloaded artifact benchmark-results-mem-latency-chase/results_mem_latency_chase.csv plus run log line 6498,Tier 1,mem_latency_chase,benchmark-results-mem-latency-chase,74069637181,completed,failure,16384,7,mem_latency_chase,16384,mem_latency_chase,16384,1,0.005399,0.005399,0.005399,2026-05-02T20:54:36.2220872Z,finished,6498,[OK] mem_latency_chase 16384 -> 0.005399 ms,"Workflow-size invocation finished within the 600s timeout and emitted a CSV row. For plan rows sharing one workflow size, this is invocation-level evidence, not independent per-hardware-kernel timing evidence."
known_finished_from_downloaded_benchmark_results_csv_and_run_log_ok,downloaded artifact benchmark-results-mem-latency-chase/results_mem_latency_chase.csv plus run log line 6502,Tier 1,mem_latency_chase,benchmark-results-mem-latency-chase,74069637181,completed,failure,32768,8,mem_latency_chase,32768,mem_latency_chase,32768,1,0.005466,0.005466,0.005466,2026-05-02T20:59:03.0986746Z,finished,6502,[OK] mem_latency_chase 32768 -> 0.005466 ms,"Workflow-size invocation finished within the 600s timeout and emitted a CSV row. For plan rows sharing one workflow size, this is invocation-level evidence, not independent per-hardware-kernel timing evidence."
known_finished_from_downloaded_benchmark_results_csv_and_run_log_ok,downloaded artifact benchmark-results-mem-latency-chase/results_mem_latency_chase.csv plus run log line 6506,Tier 1,mem_latency_chase,benchmark-results-mem-latency-chase,74069637181,completed,failure,65536,9,mem_latency_chase,65536,mem_latency_chase,65536,1,0.005723,0.005723,0.005723,2026-05-02T21:08:48.9977887Z,finished,6506,[OK] mem_latency_chase 65536 -> 0.005723 ms,"Workflow-size invocation finished within the 600s timeout and emitted a CSV row. For plan rows sharing one workflow size, this is invocation-level evidence, not independent per-hardware-kernel timing evidence."
known_timed_out_at_600s_from_run_log,run log line 6510,Tier 1,mem_latency_chase,benchmark-results-mem-latency-chase,74069637181,completed,failure,131072,10,mem_latency_chase,131072,,,,,,,2026-05-02T21:18:49.0410828Z,timed_out_600s,6510,##[warning]TIMEOUT: mem_latency_chase 131072 (>600s),The simulator invocation reached the workflow timeout command threshold (>600s); the job loop broke after this failure.
unknown_not_attempted_after_prior_failure,no downloaded CSV row and no OK/TIMEOUT/CRASH log event for this workflow size,Tier 1,mem_latency_chase,benchmark-results-mem-latency-chase,74069637181,completed,failure,262144,11,mem_latency_chase,262144,,,,,,,,,,,No invocation evidence for this later plan entry; benchmark job stopped after first timed_out_600s at size 131072 (plan index 10).
unknown_not_attempted_after_prior_failure,no downloaded CSV row and no OK/TIMEOUT/CRASH log event for this workflow size,Tier 1,mem_latency_chase,benchmark-results-mem-latency-chase,74069637181,completed,failure,524288,12,mem_latency_chase,524288,,,,,,,,,,,No invocation evidence for this later plan entry; benchmark job stopped after first timed_out_600s at size 131072 (plan index 10).
unknown_not_attempted_after_prior_failure,no downloaded CSV row and no OK/TIMEOUT/CRASH log event for this workflow size,Tier 1,mem_latency_chase,benchmark-results-mem-latency-chase,74069637181,completed,failure,1048576,13,mem_latency_chase,1048576,,,,,,,,,,,No invocation evidence for this later plan entry; benchmark job stopped after first timed_out_600s at size 131072 (plan index 10).
unknown_not_attempted_after_prior_failure,no downloaded CSV row and no OK/TIMEOUT/CRASH log event for this workflow size,Tier 1,mem_latency_chase,benchmark-results-mem-latency-chase,74069637181,completed,failure,2097152,14,mem_latency_chase,2097152,,,,,,,,,,,No invocation evidence for this later plan entry; benchmark job stopped after first timed_out_600s at size 131072 (plan index 10).
unknown_not_attempted_after_prior_failure,no downloaded CSV row and no OK/TIMEOUT/CRASH log event for this workflow size,Tier 1,mem_latency_chase,benchmark-results-mem-latency-chase,74069637181,completed,failure,4194304,15,mem_latency_chase,4194304,,,,,,,,,,,No invocation evidence for this later plan entry; benchmark job stopped after first timed_out_600s at size 131072 (plan index 10).
unknown_not_attempted_after_prior_failure,no downloaded CSV row and no OK/TIMEOUT/CRASH log event for this workflow size,Tier 1,mem_latency_chase,benchmark-results-mem-latency-chase,74069637181,completed,failure,8388608,16,mem_latency_chase,8388608,,,,,,,,,,,No invocation evidence for this later plan entry; benchmark job stopped after first timed_out_600s at size 131072 (plan index 10).
known_finished_from_downloaded_benchmark_results_csv_and_run_log_ok,downloaded artifact benchmark-results-l1-cache-bw/results_l1_cache_bw.csv plus run log line 8043,Tier 1,l1_cache_bw,benchmark-results-l1-cache-bw,74069637192,completed,success,1024,17,l1_cache_bw,1024,l1_cache_bw,1024,1,0.008117,0.008117,0.008117,2026-05-02T20:50:24.3922797Z,finished,8043,[OK] l1_cache_bw 1024 -> 0.008117 ms,"Workflow-size invocation finished within the 600s timeout and emitted a CSV row. For plan rows sharing one workflow size, this is invocation-level evidence, not independent per-hardware-kernel timing evidence."
known_finished_from_downloaded_benchmark_results_csv_and_run_log_ok,downloaded artifact benchmark-results-l1-cache-bw/results_l1_cache_bw.csv plus run log line 8047,Tier 1,l1_cache_bw,benchmark-results-l1-cache-bw,74069637192,completed,success,2048,18,l1_cache_bw,2048,l1_cache_bw,2048,1,0.008116,0.008116,0.008116,2026-05-02T20:50:36.5504298Z,finished,8047,[OK] l1_cache_bw 2048 -> 0.008116 ms,"Workflow-size invocation finished within the 600s timeout and emitted a CSV row. For plan rows sharing one workflow size, this is invocation-level evidence, not independent per-hardware-kernel timing evidence."
known_finished_from_downloaded_benchmark_results_csv_and_run_log_ok,downloaded artifact benchmark-results-l1-cache-bw/results_l1_cache_bw.csv plus run log line 8051,Tier 1,l1_cache_bw,benchmark-results-l1-cache-bw,74069637192,completed,success,3072,19,l1_cache_bw,3072,l1_cache_bw,3072,1,0.008120,0.008120,0.008120,2026-05-02T20:50:56.2491493Z,finished,8051,[OK] l1_cache_bw 3072 -> 0.008120 ms,"Workflow-size invocation finished within the 600s timeout and emitted a CSV row. For plan rows sharing one workflow size, this is invocation-level evidence, not independent per-hardware-kernel timing evidence."
known_finished_from_downloaded_benchmark_results_csv_and_run_log_ok,downloaded artifact benchmark-results-l1-cache-bw/results_l1_cache_bw.csv plus run log line 8055,Tier 1,l1_cache_bw,benchmark-results-l1-cache-bw,74069637192,completed,success,4096,20,l1_cache_bw,4096,l1_cache_bw,4096,1,0.008119,0.008119,0.008119,2026-05-02T20:51:23.0351895Z,finished,8055,[OK] l1_cache_bw 4096 -> 0.008119 ms,"Workflow-size invocation finished within the 600s timeout and emitted a CSV row. For plan rows sharing one workflow size, this is invocation-level evidence, not independent per-hardware-kernel timing evidence."
known_finished_from_downloaded_benchmark_results_csv_and_run_log_ok,downloaded artifact benchmark-results-l1-cache-bw/results_l1_cache_bw.csv plus run log line 8059,Tier 1,l1_cache_bw,benchmark-results-l1-cache-bw,74069637192,completed,success,6144,21,l1_cache_bw,6144,l1_cache_bw,6144,1,0.008121,0.008121,0.008121,2026-05-02T20:52:04.9619823Z,finished,8059,[OK] l1_cache_bw 6144 -> 0.008121 ms,"Workflow-size invocation finished within the 600s timeout and emitted a CSV row. For plan rows sharing one workflow size, this is invocation-level evidence, not independent per-hardware-kernel timing evidence."
known_finished_from_downloaded_benchmark_results_csv_and_run_log_ok,downloaded artifact benchmark-results-l1-cache-bw/results_l1_cache_bw.csv plus run log line 8063,Tier 1,l1_cache_bw,benchmark-results-l1-cache-bw,74069637192,completed,success,8192,22,l1_cache_bw,8192,l1_cache_bw,8192,1,0.008123,0.008123,0.008123,2026-05-02T20:53:02.7220107Z,finished,8063,[OK] l1_cache_bw 8192 -> 0.008123 ms,"Workflow-size invocation finished within the 600s timeout and emitted a CSV row. For plan rows sharing one workflow size, this is invocation-level evidence, not independent per-hardware-kernel timing evidence."
known_finished_from_downloaded_benchmark_results_csv_and_run_log_ok,downloaded artifact benchmark-results-l1-cache-bw/results_l1_cache_bw.csv plus run log line 8067,Tier 1,l1_cache_bw,benchmark-results-l1-cache-bw,74069637192,completed,success,10240,23,l1_cache_bw,10240,l1_cache_bw,10240,1,0.008127,0.008127,0.008127,2026-05-02T20:54:16.5118574Z,finished,8067,[OK] l1_cache_bw 10240 -> 0.008127 ms,"Workflow-size invocation finished within the 600s timeout and emitted a CSV row. For plan rows sharing one workflow size, this is invocation-level evidence, not independent per-hardware-kernel timing evidence."
known_finished_from_downloaded_benchmark_results_csv_and_run_log_ok,downloaded artifact benchmark-results-l1-cache-bw/results_l1_cache_bw.csv plus run log line 8071,Tier 1,l1_cache_bw,benchmark-results-l1-cache-bw,74069637192,completed,success,12288,24,l1_cache_bw,12288,l1_cache_bw,12288,1,0.008128,0.008128,0.008128,2026-05-02T20:55:49.4700228Z,finished,8071,[OK] l1_cache_bw 12288 -> 0.008128 ms,"Workflow-size invocation finished within the 600s timeout and emitted a CSV row. For plan rows sharing one workflow size, this is invocation-level evidence, not independent per-hardware-kernel timing evidence."
known_finished_from_downloaded_benchmark_results_csv_and_run_log_ok,downloaded artifact benchmark-results-l1-cache-bw/results_l1_cache_bw.csv plus run log line 8075,Tier 1,l1_cache_bw,benchmark-results-l1-cache-bw,74069637192,completed,success,14336,25,l1_cache_bw,14336,l1_cache_bw,14336,1,0.008129,0.008129,0.008129,2026-05-02T20:57:40.9033504Z,finished,8075,[OK] l1_cache_bw 14336 -> 0.008129 ms,"Workflow-size invocation finished within the 600s timeout and emitted a CSV row. For plan rows sharing one workflow size, this is invocation-level evidence, not independent per-hardware-kernel timing evidence."
known_finished_from_downloaded_benchmark_results_csv_and_run_log_ok,downloaded artifact benchmark-results-l1-cache-bw/results_l1_cache_bw.csv plus run log line 8079,Tier 1,l1_cache_bw,benchmark-results-l1-cache-bw,74069637192,completed,success,16384,26,l1_cache_bw,16384,l1_cache_bw,16384,1,0.008132,0.008132,0.008132,2026-05-02T20:59:51.3833796Z,finished,8079,[OK] l1_cache_bw 16384 -> 0.008132 ms,"Workflow-size invocation finished within the 600s timeout and emitted a CSV row. For plan rows sharing one workflow size, this is invocation-level evidence, not independent per-hardware-kernel timing evidence."
known_finished_from_downloaded_benchmark_results_csv_and_run_log_ok,downloaded artifact benchmark-results-l1-cache-bw/results_l1_cache_bw.csv plus run log line 8083,Tier 1,l1_cache_bw,benchmark-results-l1-cache-bw,74069637192,completed,success,20480,27,l1_cache_bw,20480,l1_cache_bw,20480,1,0.008220,0.008220,0.008220,2026-05-02T21:02:15.0744657Z,finished,8083,[OK] l1_cache_bw 20480 -> 0.008220 ms,"Workflow-size invocation finished within the 600s timeout and emitted a CSV row. For plan rows sharing one workflow size, this is invocation-level evidence, not independent per-hardware-kernel timing evidence."
known_finished_from_downloaded_benchmark_results_csv_and_run_log_ok,downloaded artifact benchmark-results-l1-cache-bw/results_l1_cache_bw.csv plus run log line 8087,Tier 1,l1_cache_bw,benchmark-results-l1-cache-bw,74069637192,completed,success,24576,28,l1_cache_bw,24576,l1_cache_bw,24576,1,0.008225,0.008225,0.008225,2026-05-02T21:05:10.0661504Z,finished,8087,[OK] l1_cache_bw 24576 -> 0.008225 ms,"Workflow-size invocation finished within the 600s timeout and emitted a CSV row. For plan rows sharing one workflow size, this is invocation-level evidence, not independent per-hardware-kernel timing evidence."
known_finished_from_downloaded_benchmark_results_csv_and_run_log_ok,downloaded artifact benchmark-results-l1-cache-bw/results_l1_cache_bw.csv plus run log line 8091,Tier 1,l1_cache_bw,benchmark-results-l1-cache-bw,74069637192,completed,success,28672,29,l1_cache_bw,28672,l1_cache_bw,28672,1,0.008229,0.008229,0.008229,2026-05-02T21:08:08.8496879Z,finished,8091,[OK] l1_cache_bw 28672 -> 0.008229 ms,"Workflow-size invocation finished within the 600s timeout and emitted a CSV row. For plan rows sharing one workflow size, this is invocation-level evidence, not independent per-hardware-kernel timing evidence."
known_finished_from_downloaded_benchmark_results_csv_and_run_log_ok,downloaded artifact benchmark-results-l1-cache-bw/results_l1_cache_bw.csv plus run log line 8095,Tier 1,l1_cache_bw,benchmark-results-l1-cache-bw,74069637192,completed,success,32768,30,l1_cache_bw,32768,l1_cache_bw,32768,1,0.008233,0.008233,0.008233,2026-05-02T21:11:24.9995944Z,finished,8095,[OK] l1_cache_bw 32768 -> 0.008233 ms,"Workflow-size invocation finished within the 600s timeout and emitted a CSV row. For plan rows sharing one workflow size, this is invocation-level evidence, not independent per-hardware-kernel timing evidence."
known_finished_from_downloaded_benchmark_results_csv_and_run_log_ok,downloaded artifact benchmark-results-l1-cache-bw/results_l1_cache_bw.csv plus run log line 8099,Tier 1,l1_cache_bw,benchmark-results-l1-cache-bw,74069637192,completed,success,49152,31,l1_cache_bw,49152,l1_cache_bw,49152,1,0.008335,0.008335,0.008335,2026-05-02T21:16:08.6893409Z,finished,8099,[OK] l1_cache_bw 49152 -> 0.008335 ms,"Workflow-size invocation finished within the 600s timeout and emitted a CSV row. For plan rows sharing one workflow size, this is invocation-level evidence, not independent per-hardware-kernel timing evidence."
known_finished_from_downloaded_benchmark_results_csv_and_run_log_ok,downloaded artifact benchmark-results-l1-cache-bw/results_l1_cache_bw.csv plus run log line 8103,Tier 1,l1_cache_bw,benchmark-results-l1-cache-bw,74069637192,completed,success,65536,32,l1_cache_bw,65536,l1_cache_bw,65536,1,0.008558,0.008558,0.008558,2026-05-02T21:24:02.3441435Z,finished,8103,[OK] l1_cache_bw 65536 -> 0.008558 ms,"Workflow-size invocation finished within the 600s timeout and emitted a CSV row. For plan rows sharing one workflow size, this is invocation-level evidence, not independent per-hardware-kernel timing evidence."
known_finished_from_downloaded_benchmark_results_csv_and_run_log_ok,downloaded artifact benchmark-results-l2-cache-bw/results_l2_cache_bw.csv plus run log line 5850,Tier 1,l2_cache_bw,benchmark-results-l2-cache-bw,74069637180,completed,failure,32768,33,l2_cache_bw,32768,l2_cache_bw,32768,1,0.011168,0.011168,0.011168,2026-05-02T20:51:32.6842385Z,finished,5850,[OK] l2_cache_bw 32768 -> 0.011168 ms,"Workflow-size invocation finished within the 600s timeout and emitted a CSV row. For plan rows sharing one workflow size, this is invocation-level evidence, not independent per-hardware-kernel timing evidence."
known_finished_from_downloaded_benchmark_results_csv_and_run_log_ok,downloaded artifact benchmark-results-l2-cache-bw/results_l2_cache_bw.csv plus run log line 5854,Tier 1,l2_cache_bw,benchmark-results-l2-cache-bw,74069637180,completed,failure,65536,34,l2_cache_bw,65536,l2_cache_bw,65536,1,0.010574,0.010574,0.010574,2026-05-02T20:54:41.8478578Z,finished,5854,[OK] l2_cache_bw 65536 -> 0.010574 ms,"Workflow-size invocation finished within the 600s timeout and emitted a CSV row. For plan rows sharing one workflow size, this is invocation-level evidence, not independent per-hardware-kernel timing evidence."
known_finished_from_downloaded_benchmark_results_csv_and_run_log_ok,downloaded artifact benchmark-results-l2-cache-bw/results_l2_cache_bw.csv plus run log line 5858,Tier 1,l2_cache_bw,benchmark-results-l2-cache-bw,74069637180,completed,failure,131072,35,l2_cache_bw,131072,l2_cache_bw,131072,1,0.010551,0.010551,0.010551,2026-05-02T21:03:20.0337876Z,finished,5858,[OK] l2_cache_bw 131072 -> 0.010551 ms,"Workflow-size invocation finished within the 600s timeout and emitted a CSV row. For plan rows sharing one workflow size, this is invocation-level evidence, not independent per-hardware-kernel timing evidence."
known_timed_out_at_600s_from_run_log,run log line 5862,Tier 1,l2_cache_bw,benchmark-results-l2-cache-bw,74069637180,completed,failure,196608,36,l2_cache_bw,196608,,,,,,,2026-05-02T21:13:20.0784542Z,timed_out_600s,5862,##[warning]TIMEOUT: l2_cache_bw 196608 (>600s),The simulator invocation reached the workflow timeout command threshold (>600s); the job loop broke after this failure.
unknown_not_attempted_after_prior_failure,no downloaded CSV row and no OK/TIMEOUT/CRASH log event for this workflow size,Tier 1,l2_cache_bw,benchmark-results-l2-cache-bw,74069637180,completed,failure,262144,37,l2_cache_bw,262144,,,,,,,,,,,No invocation evidence for this later plan entry; benchmark job stopped after first timed_out_600s at size 196608 (plan index 36).
unknown_not_attempted_after_prior_failure,no downloaded CSV row and no OK/TIMEOUT/CRASH log event for this workflow size,Tier 1,l2_cache_bw,benchmark-results-l2-cache-bw,74069637180,completed,failure,393216,38,l2_cache_bw,393216,,,,,,,,,,,No invocation evidence for this later plan entry; benchmark job stopped after first timed_out_600s at size 196608 (plan index 36).
unknown_not_attempted_after_prior_failure,no downloaded CSV row and no OK/TIMEOUT/CRASH log event for this workflow size,Tier 1,l2_cache_bw,benchmark-results-l2-cache-bw,74069637180,completed,failure,524288,39,l2_cache_bw,524288,,,,,,,,,,,No invocation evidence for this later plan entry; benchmark job stopped after first timed_out_600s at size 196608 (plan index 36).
unknown_not_attempted_after_prior_failure,no downloaded CSV row and no OK/TIMEOUT/CRASH log event for this workflow size,Tier 1,l2_cache_bw,benchmark-results-l2-cache-bw,74069637180,completed,failure,786432,40,l2_cache_bw,786432,,,,,,,,,,,No invocation evidence for this later plan entry; benchmark job stopped after first timed_out_600s at size 196608 (plan index 36).
unknown_not_attempted_after_prior_failure,no downloaded CSV row and no OK/TIMEOUT/CRASH log event for this workflow size,Tier 1,l2_cache_bw,benchmark-results-l2-cache-bw,74069637180,completed,failure,1048576,41,l2_cache_bw,1048576,,,,,,,,,,,No invocation evidence for this later plan entry; benchmark job stopped after first timed_out_600s at size 196608 (plan index 36).
unknown_not_attempted_after_prior_failure,no downloaded CSV row and no OK/TIMEOUT/CRASH log event for this workflow size,Tier 1,l2_cache_bw,benchmark-results-l2-cache-bw,74069637180,completed,failure,1310720,42,l2_cache_bw,1310720,,,,,,,,,,,No invocation evidence for this later plan entry; benchmark job stopped after first timed_out_600s at size 196608 (plan index 36).
unknown_not_attempted_after_prior_failure,no downloaded CSV row and no OK/TIMEOUT/CRASH log event for this workflow size,Tier 1,l2_cache_bw,benchmark-results-l2-cache-bw,74069637180,completed,failure,1572864,43,l2_cache_bw,1572864,,,,,,,,,,,No invocation evidence for this later plan entry; benchmark job stopped after first timed_out_600s at size 196608 (plan index 36).
unknown_not_attempted_after_prior_failure,no downloaded CSV row and no OK/TIMEOUT/CRASH log event for this workflow size,Tier 1,l2_cache_bw,benchmark-results-l2-cache-bw,74069637180,completed,failure,2097152,44,l2_cache_bw,2097152,,,,,,,,,,,No invocation evidence for this later plan entry; benchmark job stopped after first timed_out_600s at size 196608 (plan index 36).
unknown_not_attempted_after_prior_failure,no downloaded CSV row and no OK/TIMEOUT/CRASH log event for this workflow size,Tier 1,l2_cache_bw,benchmark-results-l2-cache-bw,74069637180,completed,failure,2621440,45,l2_cache_bw,2621440,,,,,,,,,,,No invocation evidence for this later plan entry; benchmark job stopped after first timed_out_600s at size 196608 (plan index 36).
unknown_not_attempted_after_prior_failure,no downloaded CSV row and no OK/TIMEOUT/CRASH log event for this workflow size,Tier 1,l2_cache_bw,benchmark-results-l2-cache-bw,74069637180,completed,failure,3145728,46,l2_cache_bw,3145728,,,,,,,,,,,No invocation evidence for this later plan entry; benchmark job stopped after first timed_out_600s at size 196608 (plan index 36).
unknown_not_attempted_after_prior_failure,no downloaded CSV row and no OK/TIMEOUT/CRASH log event for this workflow size,Tier 1,l2_cache_bw,benchmark-results-l2-cache-bw,74069637180,completed,failure,3670016,47,l2_cache_bw,3670016,,,,,,,,,,,No invocation evidence for this later plan entry; benchmark job stopped after first timed_out_600s at size 196608 (plan index 36).
unknown_not_attempted_after_prior_failure,no downloaded CSV row and no OK/TIMEOUT/CRASH log event for this workflow size,Tier 1,l2_cache_bw,benchmark-results-l2-cache-bw,74069637180,completed,failure,4194304,48,l2_cache_bw,4194304,,,,,,,,,,,No invocation evidence for this later plan entry; benchmark job stopped after first timed_out_600s at size 196608 (plan index 36).
known_finished_from_downloaded_benchmark_results_csv_and_run_log_ok,downloaded artifact benchmark-results-shared-bw/results_shared_bw.csv plus run log line 4391,Tier 1,shared_bw,benchmark-results-shared-bw,74069637177,completed,failure,1048576,49,shared_bw,1048576,shared_bw,1048576,1,0.013602,0.013602,0.013602,2026-05-02T20:55:22.6687423Z,finished,4391,[OK] shared_bw 1048576 -> 0.013602 ms,"Workflow-size invocation finished within the 600s timeout and emitted a CSV row. For plan rows sharing one workflow size, this is invocation-level evidence, not independent per-hardware-kernel timing evidence."
known_timed_out_at_600s_from_run_log,run log line 4395,Tier 1,shared_bw,benchmark-results-shared-bw,74069637177,completed,failure,2097152,50,shared_bw,2097152,,,,,,,2026-05-02T21:05:22.7110662Z,timed_out_600s,4395,##[warning]TIMEOUT: shared_bw 2097152 (>600s),The simulator invocation reached the workflow timeout command threshold (>600s); the job loop broke after this failure.
unknown_not_attempted_after_prior_failure,no downloaded CSV row and no OK/TIMEOUT/CRASH log event for this workflow size,Tier 1,shared_bw,benchmark-results-shared-bw,74069637177,completed,failure,4194304,51,shared_bw,4194304,,,,,,,,,,,No invocation evidence for this later plan entry; benchmark job stopped after first timed_out_600s at size 2097152 (plan index 50).
unknown_not_attempted_after_prior_failure,no downloaded CSV row and no OK/TIMEOUT/CRASH log event for this workflow size,Tier 1,shared_bw,benchmark-results-shared-bw,74069637177,completed,failure,8388608,52,shared_bw,8388608,,,,,,,,,,,No invocation evidence for this later plan entry; benchmark job stopped after first timed_out_600s at size 2097152 (plan index 50).
unknown_not_attempted_after_prior_failure,no downloaded CSV row and no OK/TIMEOUT/CRASH log event for this workflow size,Tier 1,shared_bw,benchmark-results-shared-bw,74069637177,completed,failure,12582912,53,shared_bw,12582912,,,,,,,,,,,No invocation evidence for this later plan entry; benchmark job stopped after first timed_out_600s at size 2097152 (plan index 50).
unknown_not_attempted_after_prior_failure,no downloaded CSV row and no OK/TIMEOUT/CRASH log event for this workflow size,Tier 1,shared_bw,benchmark-results-shared-bw,74069637177,completed,failure,16777216,54,shared_bw,16777216,,,,,,,,,,,No invocation evidence for this later plan entry; benchmark job stopped after first timed_out_600s at size 2097152 (plan index 50).
unknown_not_attempted_after_prior_failure,no downloaded CSV row and no OK/TIMEOUT/CRASH log event for this workflow size,Tier 1,shared_bw,benchmark-results-shared-bw,74069637177,completed,failure,25165824,55,shared_bw,25165824,,,,,,,,,,,No invocation evidence for this later plan entry; benchmark job stopped after first timed_out_600s at size 2097152 (plan index 50).
unknown_not_attempted_after_prior_failure,no downloaded CSV row and no OK/TIMEOUT/CRASH log event for this workflow size,Tier 1,shared_bw,benchmark-results-shared-bw,74069637177,completed,failure,33554432,56,shared_bw,33554432,,,,,,,,,,,No invocation evidence for this later plan entry; benchmark job stopped after first timed_out_600s at size 2097152 (plan index 50).
unknown_not_attempted_after_prior_failure,no downloaded CSV row and no OK/TIMEOUT/CRASH log event for this workflow size,Tier 1,shared_bw,benchmark-results-shared-bw,74069637177,completed,failure,50331648,57,shared_bw,50331648,,,,,,,,,,,No invocation evidence for this later plan entry; benchmark job stopped after first timed_out_600s at size 2097152 (plan index 50).
unknown_not_attempted_after_prior_failure,no downloaded CSV row and no OK/TIMEOUT/CRASH log event for this workflow size,Tier 1,shared_bw,benchmark-results-shared-bw,74069637177,completed,failure,67108864,58,shared_bw,67108864,,,,,,,,,,,No invocation evidence for this later plan entry; benchmark job stopped after first timed_out_600s at size 2097152 (plan index 50).
unknown_not_attempted_after_prior_failure,no downloaded CSV row and no OK/TIMEOUT/CRASH log event for this workflow size,Tier 1,shared_bw,benchmark-results-shared-bw,74069637177,completed,failure,100663296,59,shared_bw,100663296,,,,,,,,,,,No invocation evidence for this later plan entry; benchmark job stopped after first timed_out_600s at size 2097152 (plan index 50).
unknown_not_attempted_after_prior_failure,no downloaded CSV row and no OK/TIMEOUT/CRASH log event for this workflow size,Tier 1,shared_bw,benchmark-results-shared-bw,74069637177,completed,failure,134217728,60,shared_bw,134217728,,,,,,,,,,,No invocation evidence for this later plan entry; benchmark job stopped after first timed_out_600s at size 2097152 (plan index 50).
unknown_not_attempted_after_prior_failure,no downloaded CSV row and no OK/TIMEOUT/CRASH log event for this workflow size,Tier 1,shared_bw,benchmark-results-shared-bw,74069637177,completed,failure,201326592,61,shared_bw,201326592,,,,,,,,,,,No invocation evidence for this later plan entry; benchmark job stopped after first timed_out_600s at size 2097152 (plan index 50).
unknown_not_attempted_after_prior_failure,no downloaded CSV row and no OK/TIMEOUT/CRASH log event for this workflow size,Tier 1,shared_bw,benchmark-results-shared-bw,74069637177,completed,failure,268435456,62,shared_bw,268435456,,,,,,,,,,,No invocation evidence for this later plan entry; benchmark job stopped after first timed_out_600s at size 2097152 (plan index 50).
unknown_not_attempted_after_prior_failure,no downloaded CSV row and no OK/TIMEOUT/CRASH log event for this workflow size,Tier 1,shared_bw,benchmark-results-shared-bw,74069637177,completed,failure,402653184,63,shared_bw,402653184,,,,,,,,,,,No invocation evidence for this later plan entry; benchmark job stopped after first timed_out_600s at size 2097152 (plan index 50).
unknown_not_attempted_after_prior_failure,no downloaded CSV row and no OK/TIMEOUT/CRASH log event for this workflow size,Tier 1,shared_bw,benchmark-results-shared-bw,74069637177,completed,failure,536870912,64,shared_bw,536870912,,,,,,,,,,,No invocation evidence for this later plan entry; benchmark job stopped after first timed_out_600s at size 2097152 (plan index 50).
known_finished_from_downloaded_benchmark_results_csv_and_run_log_ok,downloaded artifact benchmark-results-global-bw-copy/results_global_bw_copy.csv plus run log line 5199,Tier 1,global_bw_copy,benchmark-results-global-bw-copy,74069637179,completed,failure,1048576,65,global_bw_copy,1048576,global_bw_copy,1048576,1,0.003569,0.003569,0.003569,2026-05-02T20:50:23.8671691Z,finished,5199,[OK] global_bw_copy 1048576 -> 0.003569 ms,"Workflow-size invocation finished within the 600s timeout and emitted a CSV row. For plan rows sharing one workflow size, this is invocation-level evidence, not independent per-hardware-kernel timing evidence."
known_finished_from_downloaded_benchmark_results_csv_and_run_log_ok,downloaded artifact benchmark-results-global-bw-copy/results_global_bw_copy.csv plus run log line 5203,Tier 1,global_bw_copy,benchmark-results-global-bw-copy,74069637179,completed,failure,2097152,66,global_bw_copy,2097152,global_bw_copy,2097152,1,0.006839,0.006839,0.006839,2026-05-02T20:50:36.2257707Z,finished,5203,[OK] global_bw_copy 2097152 -> 0.006839 ms,"Workflow-size invocation finished within the 600s timeout and emitted a CSV row. For plan rows sharing one workflow size, this is invocation-level evidence, not independent per-hardware-kernel timing evidence."
known_finished_from_downloaded_benchmark_results_csv_and_run_log_ok,downloaded artifact benchmark-results-global-bw-copy/results_global_bw_copy.csv plus run log line 5207,Tier 1,global_bw_copy,benchmark-results-global-bw-copy,74069637179,completed,failure,4194304,67,global_bw_copy,4194304,global_bw_copy,4194304,1,0.013345,0.013345,0.013345,2026-05-02T20:51:14.9879053Z,finished,5207,[OK] global_bw_copy 4194304 -> 0.013345 ms,"Workflow-size invocation finished within the 600s timeout and emitted a CSV row. For plan rows sharing one workflow size, this is invocation-level evidence, not independent per-hardware-kernel timing evidence."
known_finished_from_downloaded_benchmark_results_csv_and_run_log_ok,downloaded artifact benchmark-results-global-bw-copy/results_global_bw_copy.csv plus run log line 5211,Tier 1,global_bw_copy,benchmark-results-global-bw-copy,74069637179,completed,failure,8388608,68,global_bw_copy,8388608,global_bw_copy,8388608,1,0.026275,0.026275,0.026275,2026-05-02T20:52:27.4486229Z,finished,5211,[OK] global_bw_copy 8388608 -> 0.026275 ms,"Workflow-size invocation finished within the 600s timeout and emitted a CSV row. For plan rows sharing one workflow size, this is invocation-level evidence, not independent per-hardware-kernel timing evidence."
known_finished_from_downloaded_benchmark_results_csv_and_run_log_ok,downloaded artifact benchmark-results-global-bw-copy/results_global_bw_copy.csv plus run log line 5215,Tier 1,global_bw_copy,benchmark-results-global-bw-copy,74069637179,completed,failure,12582912,69,global_bw_copy,12582912,global_bw_copy,12582912,1,0.039204,0.039204,0.039204,2026-05-02T20:54:28.2299083Z,finished,5215,[OK] global_bw_copy 12582912 -> 0.039204 ms,"Workflow-size invocation finished within the 600s timeout and emitted a CSV row. For plan rows sharing one workflow size, this is invocation-level evidence, not independent per-hardware-kernel timing evidence."
known_finished_from_downloaded_benchmark_results_csv_and_run_log_ok,downloaded artifact benchmark-results-global-bw-copy/results_global_bw_copy.csv plus run log line 5219,Tier 1,global_bw_copy,benchmark-results-global-bw-copy,74069637179,completed,failure,16777216,70,global_bw_copy,16777216,global_bw_copy,16777216,1,0.052132,0.052132,0.052132,2026-05-02T20:57:39.9330945Z,finished,5219,[OK] global_bw_copy 16777216 -> 0.052132 ms,"Workflow-size invocation finished within the 600s timeout and emitted a CSV row. For plan rows sharing one workflow size, this is invocation-level evidence, not independent per-hardware-kernel timing evidence."
known_timed_out_at_600s_from_run_log,run log line 5223,Tier 1,global_bw_copy,benchmark-results-global-bw-copy,74069637179,completed,failure,25165824,71,global_bw_copy,25165824,,,,,,,2026-05-02T21:07:40.0218701Z,timed_out_600s,5223,##[warning]TIMEOUT: global_bw_copy 25165824 (>600s),The simulator invocation reached the workflow timeout command threshold (>600s); the job loop broke after this failure.
unknown_not_attempted_after_prior_failure,no downloaded CSV row and no OK/TIMEOUT/CRASH log event for this workflow size,Tier 1,global_bw_copy,benchmark-results-global-bw-copy,74069637179,completed,failure,33554432,72,global_bw_copy,33554432,,,,,,,,,,,No invocation evidence for this later plan entry; benchmark job stopped after first timed_out_600s at size 25165824 (plan index 71).
unknown_not_attempted_after_prior_failure,no downloaded CSV row and no OK/TIMEOUT/CRASH log event for this workflow size,Tier 1,global_bw_copy,benchmark-results-global-bw-copy,74069637179,completed,failure,50331648,73,global_bw_copy,50331648,,,,,,,,,,,No invocation evidence for this later plan entry; benchmark job stopped after first timed_out_600s at size 25165824 (plan index 71).
unknown_not_attempted_after_prior_failure,no downloaded CSV row and no OK/TIMEOUT/CRASH log event for this workflow size,Tier 1,global_bw_copy,benchmark-results-global-bw-copy,74069637179,completed,failure,67108864,74,global_bw_copy,67108864,,,,,,,,,,,No invocation evidence for this later plan entry; benchmark job stopped after first timed_out_600s at size 25165824 (plan index 71).
unknown_not_attempted_after_prior_failure,no downloaded CSV row and no OK/TIMEOUT/CRASH log event for this workflow size,Tier 1,global_bw_copy,benchmark-results-global-bw-copy,74069637179,completed,failure,100663296,75,global_bw_copy,100663296,,,,,,,,,,,No invocation evidence for this later plan entry; benchmark job stopped after first timed_out_600s at size 25165824 (plan index 71).
unknown_not_attempted_after_prior_failure,no downloaded CSV row and no OK/TIMEOUT/CRASH log event for this workflow size,Tier 1,global_bw_copy,benchmark-results-global-bw-copy,74069637179,completed,failure,134217728,76,global_bw_copy,134217728,,,,,,,,,,,No invocation evidence for this later plan entry; benchmark job stopped after first timed_out_600s at size 25165824 (plan index 71).
unknown_not_attempted_after_prior_failure,no downloaded CSV row and no OK/TIMEOUT/CRASH log event for this workflow size,Tier 1,global_bw_copy,benchmark-results-global-bw-copy,74069637179,completed,failure,201326592,77,global_bw_copy,201326592,,,,,,,,,,,No invocation evidence for this later plan entry; benchmark job stopped after first timed_out_600s at size 25165824 (plan index 71).
unknown_not_attempted_after_prior_failure,no downloaded CSV row and no OK/TIMEOUT/CRASH log event for this workflow size,Tier 1,global_bw_copy,benchmark-results-global-bw-copy,74069637179,completed,failure,268435456,78,global_bw_copy,268435456,,,,,,,,,,,No invocation evidence for this later plan entry; benchmark job stopped after first timed_out_600s at size 25165824 (plan index 71).
unknown_not_attempted_after_prior_failure,no downloaded CSV row and no OK/TIMEOUT/CRASH log event for this workflow size,Tier 1,global_bw_copy,benchmark-results-global-bw-copy,74069637179,completed,failure,402653184,79,global_bw_copy,402653184,,,,,,,,,,,No invocation evidence for this later plan entry; benchmark job stopped after first timed_out_600s at size 25165824 (plan index 71).
unknown_not_attempted_after_prior_failure,no downloaded CSV row and no OK/TIMEOUT/CRASH log event for this workflow size,Tier 1,global_bw_copy,benchmark-results-global-bw-copy,74069637179,completed,failure,536870912,80,global_bw_copy,536870912,,,,,,,,,,,No invocation evidence for this later plan entry; benchmark job stopped after first timed_out_600s at size 25165824 (plan index 71).
known_finished_from_downloaded_benchmark_results_csv_and_run_log_ok,downloaded artifact benchmark-results-device-memory-read/results_device_memory_read.csv plus run log line 7429,Tier 1,device_memory_read,benchmark-results-device-memory-read,74069637184,completed,failure,1MB,81,devicememory_read,1MB,DeviceMemory_Read,1MB,1,0.003791,0.003791,0.003791,2026-05-02T20:51:34.3908076Z,finished,7429,[OK] device_memory_read 1MB -> 0.003791 ms,"Workflow-size invocation finished within the 600s timeout and emitted a CSV row. For plan rows sharing one workflow size, this is invocation-level evidence, not independent per-hardware-kernel timing evidence."
known_timed_out_at_600s_from_run_log,run log line 7433,Tier 1,device_memory_read,benchmark-results-device-memory-read,74069637184,completed,failure,2MB,82,devicememory_read,2MB,,,,,,,2026-05-02T21:01:34.4844574Z,timed_out_600s,7433,##[warning]TIMEOUT: device_memory_read 2MB (>600s),The simulator invocation reached the workflow timeout command threshold (>600s); the job loop broke after this failure.
unknown_not_attempted_after_prior_failure,no downloaded CSV row and no OK/TIMEOUT/CRASH log event for this workflow size,Tier 1,device_memory_read,benchmark-results-device-memory-read,74069637184,completed,failure,4MB,83,devicememory_read,4MB,,,,,,,,,,,No invocation evidence for this later plan entry; benchmark job stopped after first timed_out_600s at size 2MB (plan index 82).
unknown_not_attempted_after_prior_failure,no downloaded CSV row and no OK/TIMEOUT/CRASH log event for this workflow size,Tier 1,device_memory_read,benchmark-results-device-memory-read,74069637184,completed,failure,8MB,84,devicememory_read,8MB,,,,,,,,,,,No invocation evidence for this later plan entry; benchmark job stopped after first timed_out_600s at size 2MB (plan index 82).
unknown_not_attempted_after_prior_failure,no downloaded CSV row and no OK/TIMEOUT/CRASH log event for this workflow size,Tier 1,device_memory_read,benchmark-results-device-memory-read,74069637184,completed,failure,12MB,85,devicememory_read,12MB,,,,,,,,,,,No invocation evidence for this later plan entry; benchmark job stopped after first timed_out_600s at size 2MB (plan index 82).
unknown_not_attempted_after_prior_failure,no downloaded CSV row and no OK/TIMEOUT/CRASH log event for this workflow size,Tier 1,device_memory_read,benchmark-results-device-memory-read,74069637184,completed,failure,16MB,86,devicememory_read,16MB,,,,,,,,,,,No invocation evidence for this later plan entry; benchmark job stopped after first timed_out_600s at size 2MB (plan index 82).
unknown_not_attempted_after_prior_failure,no downloaded CSV row and no OK/TIMEOUT/CRASH log event for this workflow size,Tier 1,device_memory_read,benchmark-results-device-memory-read,74069637184,completed,failure,24MB,87,devicememory_read,24MB,,,,,,,,,,,No invocation evidence for this later plan entry; benchmark job stopped after first timed_out_600s at size 2MB (plan index 82).
unknown_not_attempted_after_prior_failure,no downloaded CSV row and no OK/TIMEOUT/CRASH log event for this workflow size,Tier 1,device_memory_read,benchmark-results-device-memory-read,74069637184,completed,failure,32MB,88,devicememory_read,32MB,,,,,,,,,,,No invocation evidence for this later plan entry; benchmark job stopped after first timed_out_600s at size 2MB (plan index 82).
unknown_not_attempted_after_prior_failure,no downloaded CSV row and no OK/TIMEOUT/CRASH log event for this workflow size,Tier 1,device_memory_read,benchmark-results-device-memory-read,74069637184,completed,failure,48MB,89,devicememory_read,48MB,,,,,,,,,,,No invocation evidence for this later plan entry; benchmark job stopped after first timed_out_600s at size 2MB (plan index 82).
unknown_not_attempted_after_prior_failure,no downloaded CSV row and no OK/TIMEOUT/CRASH log event for this workflow size,Tier 1,device_memory_read,benchmark-results-device-memory-read,74069637184,completed,failure,64MB,90,devicememory_read,64MB,,,,,,,,,,,No invocation evidence for this later plan entry; benchmark job stopped after first timed_out_600s at size 2MB (plan index 82).
unknown_not_attempted_after_prior_failure,no downloaded CSV row and no OK/TIMEOUT/CRASH log event for this workflow size,Tier 1,device_memory_read,benchmark-results-device-memory-read,74069637184,completed,failure,96MB,91,devicememory_read,96MB,,,,,,,,,,,No invocation evidence for this later plan entry; benchmark job stopped after first timed_out_600s at size 2MB (plan index 82).
unknown_not_attempted_after_prior_failure,no downloaded CSV row and no OK/TIMEOUT/CRASH log event for this workflow size,Tier 1,device_memory_read,benchmark-results-device-memory-read,74069637184,completed,failure,128MB,92,devicememory_read,128MB,,,,,,,,,,,No invocation evidence for this later plan entry; benchmark job stopped after first timed_out_600s at size 2MB (plan index 82).
unknown_not_attempted_after_prior_failure,no downloaded CSV row and no OK/TIMEOUT/CRASH log event for this workflow size,Tier 1,device_memory_read,benchmark-results-device-memory-read,74069637184,completed,failure,192MB,93,devicememory_read,192MB,,,,,,,,,,,No invocation evidence for this later plan entry; benchmark job stopped after first timed_out_600s at size 2MB (plan index 82).
unknown_not_attempted_after_prior_failure,no downloaded CSV row and no OK/TIMEOUT/CRASH log event for this workflow size,Tier 1,device_memory_read,benchmark-results-device-memory-read,74069637184,completed,failure,256MB,94,devicememory_read,256MB,,,,,,,,,,,No invocation evidence for this later plan entry; benchmark job stopped after first timed_out_600s at size 2MB (plan index 82).
unknown_not_attempted_after_prior_failure,no downloaded CSV row and no OK/TIMEOUT/CRASH log event for this workflow size,Tier 1,device_memory_read,benchmark-results-device-memory-read,74069637184,completed,failure,384MB,95,devicememory_read,384MB,,,,,,,,,,,No invocation evidence for this later plan entry; benchmark job stopped after first timed_out_600s at size 2MB (plan index 82).
unknown_not_attempted_after_prior_failure,no downloaded CSV row and no OK/TIMEOUT/CRASH log event for this workflow size,Tier 1,device_memory_read,benchmark-results-device-memory-read,74069637184,completed,failure,512MB,96,devicememory_read,512MB,,,,,,,,,,,No invocation evidence for this later plan entry; benchmark job stopped after first timed_out_600s at size 2MB (plan index 82).
known_finished_from_downloaded_benchmark_results_csv_and_run_log_ok,downloaded artifact benchmark-results-device-memory-write/results_device_memory_write.csv plus run log line 15485,Tier 1,device_memory_write,benchmark-results-device-memory-write,74069637219,completed,failure,1MB,97,devicememory_write,1MB,DeviceMemory_Write,1MB,1,0.001951,0.001951,0.001951,2026-05-02T20:50:23.3492850Z,finished,15485,[OK] device_memory_write 1MB -> 0.001951 ms,"Workflow-size invocation finished within the 600s timeout and emitted a CSV row. For plan rows sharing one workflow size, this is invocation-level evidence, not independent per-hardware-kernel timing evidence."
known_finished_from_downloaded_benchmark_results_csv_and_run_log_ok,downloaded artifact benchmark-results-device-memory-write/results_device_memory_write.csv plus run log line 15489,Tier 1,device_memory_write,benchmark-results-device-memory-write,74069637219,completed,failure,2MB,98,devicememory_write,2MB,DeviceMemory_Write,2MB,1,0.003607,0.003607,0.003607,2026-05-02T20:50:31.8339355Z,finished,15489,[OK] device_memory_write 2MB -> 0.003607 ms,"Workflow-size invocation finished within the 600s timeout and emitted a CSV row. For plan rows sharing one workflow size, this is invocation-level evidence, not independent per-hardware-kernel timing evidence."
known_finished_from_downloaded_benchmark_results_csv_and_run_log_ok,downloaded artifact benchmark-results-device-memory-write/results_device_memory_write.csv plus run log line 15493,Tier 1,device_memory_write,benchmark-results-device-memory-write,74069637219,completed,failure,4MB,99,devicememory_write,4MB,DeviceMemory_Write,4MB,1,0.006879,0.006879,0.006879,2026-05-02T20:50:59.8157898Z,finished,15493,[OK] device_memory_write 4MB -> 0.006879 ms,"Workflow-size invocation finished within the 600s timeout and emitted a CSV row. For plan rows sharing one workflow size, this is invocation-level evidence, not independent per-hardware-kernel timing evidence."
known_finished_from_downloaded_benchmark_results_csv_and_run_log_ok,downloaded artifact benchmark-results-device-memory-write/results_device_memory_write.csv plus run log line 15497,Tier 1,device_memory_write,benchmark-results-device-memory-write,74069637219,completed,failure,8MB,100,devicememory_write,8MB,DeviceMemory_Write,8MB,1,0.013345,0.013345,0.013345,2026-05-02T20:52:01.2561195Z,finished,15497,[OK] device_memory_write 8MB -> 0.013345 ms,"Workflow-size invocation finished within the 600s timeout and emitted a CSV row. For plan rows sharing one workflow size, this is invocation-level evidence, not independent per-hardware-kernel timing evidence."
known_finished_from_downloaded_benchmark_results_csv_and_run_log_ok,downloaded artifact benchmark-results-device-memory-write/results_device_memory_write.csv plus run log line 15501,Tier 1,device_memory_write,benchmark-results-device-memory-write,74069637219,completed,failure,12MB,101,devicememory_write,12MB,DeviceMemory_Write,12MB,1,0.019811,0.019811,0.019811,2026-05-02T20:53:45.2410826Z,finished,15501,[OK] device_memory_write 12MB -> 0.019811 ms,"Workflow-size invocation finished within the 600s timeout and emitted a CSV row. For plan rows sharing one workflow size, this is invocation-level evidence, not independent per-hardware-kernel timing evidence."
known_finished_from_downloaded_benchmark_results_csv_and_run_log_ok,downloaded artifact benchmark-results-device-memory-write/results_device_memory_write.csv plus run log line 15505,Tier 1,device_memory_write,benchmark-results-device-memory-write,74069637219,completed,failure,16MB,102,devicememory_write,16MB,DeviceMemory_Write,16MB,1,0.026275,0.026275,0.026275,2026-05-02T20:56:28.8037972Z,finished,15505,[OK] device_memory_write 16MB -> 0.026275 ms,"Workflow-size invocation finished within the 600s timeout and emitted a CSV row. For plan rows sharing one workflow size, this is invocation-level evidence, not independent per-hardware-kernel timing evidence."
known_finished_from_downloaded_benchmark_results_csv_and_run_log_ok,downloaded artifact benchmark-results-device-memory-write/results_device_memory_write.csv plus run log line 15509,Tier 1,device_memory_write,benchmark-results-device-memory-write,74069637219,completed,failure,24MB,103,devicememory_write,24MB,DeviceMemory_Write,24MB,1,0.039202,0.039202,0.039202,2026-05-02T21:01:34.7386256Z,finished,15509,[OK] device_memory_write 24MB -> 0.039202 ms,"Workflow-size invocation finished within the 600s timeout and emitted a CSV row. For plan rows sharing one workflow size, this is invocation-level evidence, not independent per-hardware-kernel timing evidence."
known_finished_from_downloaded_benchmark_results_csv_and_run_log_ok,downloaded artifact benchmark-results-device-memory-write/results_device_memory_write.csv plus run log line 15513,Tier 1,device_memory_write,benchmark-results-device-memory-write,74069637219,completed,failure,32MB,104,devicememory_write,32MB,DeviceMemory_Write,32MB,1,0.052129,0.052129,0.052129,2026-05-02T21:10:58.1349886Z,finished,15513,[OK] device_memory_write 32MB -> 0.052129 ms,"Workflow-size invocation finished within the 600s timeout and emitted a CSV row. For plan rows sharing one workflow size, this is invocation-level evidence, not independent per-hardware-kernel timing evidence."
known_timed_out_at_600s_from_run_log,run log line 15517,Tier 1,device_memory_write,benchmark-results-device-memory-write,74069637219,completed,failure,48MB,105,devicememory_write,48MB,,,,,,,2026-05-02T21:20:58.2035628Z,timed_out_600s,15517,##[warning]TIMEOUT: device_memory_write 48MB (>600s),The simulator invocation reached the workflow timeout command threshold (>600s); the job loop broke after this failure.
unknown_not_attempted_after_prior_failure,no downloaded CSV row and no OK/TIMEOUT/CRASH log event for this workflow size,Tier 1,device_memory_write,benchmark-results-device-memory-write,74069637219,completed,failure,64MB,106,devicememory_write,64MB,,,,,,,,,,,No invocation evidence for this later plan entry; benchmark job stopped after first timed_out_600s at size 48MB (plan index 105).
unknown_not_attempted_after_prior_failure,no downloaded CSV row and no OK/TIMEOUT/CRASH log event for this workflow size,Tier 1,device_memory_write,benchmark-results-device-memory-write,74069637219,completed,failure,96MB,107,devicememory_write,96MB,,,,,,,,,,,No invocation evidence for this later plan entry; benchmark job stopped after first timed_out_600s at size 48MB (plan index 105).
unknown_not_attempted_after_prior_failure,no downloaded CSV row and no OK/TIMEOUT/CRASH log event for this workflow size,Tier 1,device_memory_write,benchmark-results-device-memory-write,74069637219,completed,failure,128MB,108,devicememory_write,128MB,,,,,,,,,,,No invocation evidence for this later plan entry; benchmark job stopped after first timed_out_600s at size 48MB (plan index 105).
unknown_not_attempted_after_prior_failure,no downloaded CSV row and no OK/TIMEOUT/CRASH log event for this workflow size,Tier 1,device_memory_write,benchmark-results-device-memory-write,74069637219,completed,failure,192MB,109,devicememory_write,192MB,,,,,,,,,,,No invocation evidence for this later plan entry; benchmark job stopped after first timed_out_600s at size 48MB (plan index 105).
unknown_not_attempted_after_prior_failure,no downloaded CSV row and no OK/TIMEOUT/CRASH log event for this workflow size,Tier 1,device_memory_write,benchmark-results-device-memory-write,74069637219,completed,failure,256MB,110,devicememory_write,256MB,,,,,,,,,,,No invocation evidence for this later plan entry; benchmark job stopped after first timed_out_600s at size 48MB (plan index 105).
unknown_not_attempted_after_prior_failure,no downloaded CSV row and no OK/TIMEOUT/CRASH log event for this workflow size,Tier 1,device_memory_write,benchmark-results-device-memory-write,74069637219,completed,failure,384MB,111,devicememory_write,384MB,,,,,,,,,,,No invocation evidence for this later plan entry; benchmark job stopped after first timed_out_600s at size 48MB (plan index 105).
unknown_not_attempted_after_prior_failure,no downloaded CSV row and no OK/TIMEOUT/CRASH log event for this workflow size,Tier 1,device_memory_write,benchmark-results-device-memory-write,74069637219,completed,failure,512MB,112,devicememory_write,512MB,,,,,,,,,,,No invocation evidence for this later plan entry; benchmark job stopped after first timed_out_600s at size 48MB (plan index 105).
known_finished_from_downloaded_benchmark_results_csv_and_run_log_ok,downloaded artifact benchmark-results-bus-speed-download/results_bus_speed_download.csv plus run log line 10550,Tier 1,bus_speed_download,benchmark-results-bus-speed-download,74069637206,completed,failure,1KB,113,busspeeddownload,1KB,BusSpeedDownload,1KB,1,551000000.000000,551000000.000000,551000000.000000,2026-05-02T20:50:19.8760671Z,finished,10550,[OK] bus_speed_download 1KB -> 551000000.000000 ms,"Workflow-size invocation finished within the 600s timeout and emitted a CSV row. For plan rows sharing one workflow size, this is invocation-level evidence, not independent per-hardware-kernel timing evidence."
known_finished_from_downloaded_benchmark_results_csv_and_run_log_ok,downloaded artifact benchmark-results-bus-speed-download/results_bus_speed_download.csv plus run log line 10554,Tier 1,bus_speed_download,benchmark-results-bus-speed-download,74069637206,completed,failure,2KB,114,busspeeddownload,2KB,BusSpeedDownload,2KB,1,549000000.000000,549000000.000000,549000000.000000,2026-05-02T20:50:20.1753277Z,finished,10554,[OK] bus_speed_download 2KB -> 549000000.000000 ms,"Workflow-size invocation finished within the 600s timeout and emitted a CSV row. For plan rows sharing one workflow size, this is invocation-level evidence, not independent per-hardware-kernel timing evidence."
known_finished_from_downloaded_benchmark_results_csv_and_run_log_ok,downloaded artifact benchmark-results-bus-speed-download/results_bus_speed_download.csv plus run log line 10558,Tier 1,bus_speed_download,benchmark-results-bus-speed-download,74069637206,completed,failure,4KB,115,busspeeddownload,4KB,BusSpeedDownload,4KB,1,551000000.000000,551000000.000000,551000000.000000,2026-05-02T20:50:20.4315934Z,finished,10558,[OK] bus_speed_download 4KB -> 551000000.000000 ms,"Workflow-size invocation finished within the 600s timeout and emitted a CSV row. For plan rows sharing one workflow size, this is invocation-level evidence, not independent per-hardware-kernel timing evidence."
known_finished_from_downloaded_benchmark_results_csv_and_run_log_ok,downloaded artifact benchmark-results-bus-speed-download/results_bus_speed_download.csv plus run log line 10562,Tier 1,bus_speed_download,benchmark-results-bus-speed-download,74069637206,completed,failure,8KB,116,busspeeddownload,8KB,BusSpeedDownload,8KB,1,552000000.000000,552000000.000000,552000000.000000,2026-05-02T20:50:20.6532666Z,finished,10562,[OK] bus_speed_download 8KB -> 552000000.000000 ms,"Workflow-size invocation finished within the 600s timeout and emitted a CSV row. For plan rows sharing one workflow size, this is invocation-level evidence, not independent per-hardware-kernel timing evidence."
known_finished_from_downloaded_benchmark_results_csv_and_run_log_ok,downloaded artifact benchmark-results-bus-speed-download/results_bus_speed_download.csv plus run log line 10566,Tier 1,bus_speed_download,benchmark-results-bus-speed-download,74069637206,completed,failure,16KB,117,busspeeddownload,16KB,BusSpeedDownload,16KB,1,554000000.000000,554000000.000000,554000000.000000,2026-05-02T20:50:20.8910426Z,finished,10566,[OK] bus_speed_download 16KB -> 554000000.000000 ms,"Workflow-size invocation finished within the 600s timeout and emitted a CSV row. For plan rows sharing one workflow size, this is invocation-level evidence, not independent per-hardware-kernel timing evidence."
known_finished_from_downloaded_benchmark_results_csv_and_run_log_ok,downloaded artifact benchmark-results-bus-speed-download/results_bus_speed_download.csv plus run log line 10570,Tier 1,bus_speed_download,benchmark-results-bus-speed-download,74069637206,completed,failure,32KB,118,busspeeddownload,32KB,BusSpeedDownload,32KB,1,558000000.000000,558000000.000000,558000000.000000,2026-05-02T20:50:21.1819287Z,finished,10570,[OK] bus_speed_download 32KB -> 558000000.000000 ms,"Workflow-size invocation finished within the 600s timeout and emitted a CSV row. For plan rows sharing one workflow size, this is invocation-level evidence, not independent per-hardware-kernel timing evidence."
known_finished_from_downloaded_benchmark_results_csv_and_run_log_ok,downloaded artifact benchmark-results-bus-speed-download/results_bus_speed_download.csv plus run log line 10574,Tier 1,bus_speed_download,benchmark-results-bus-speed-download,74069637206,completed,failure,64KB,119,busspeeddownload,64KB,BusSpeedDownload,64KB,1,566000000.000000,566000000.000000,566000000.000000,2026-05-02T20:50:21.6267123Z,finished,10574,[OK] bus_speed_download 64KB -> 566000000.000000 ms,"Workflow-size invocation finished within the 600s timeout and emitted a CSV row. For plan rows sharing one workflow size, this is invocation-level evidence, not independent per-hardware-kernel timing evidence."
known_finished_from_downloaded_benchmark_results_csv_and_run_log_ok,downloaded artifact benchmark-results-bus-speed-download/results_bus_speed_download.csv plus run log line 10578,Tier 1,bus_speed_download,benchmark-results-bus-speed-download,74069637206,completed,failure,128KB,120,busspeeddownload,128KB,BusSpeedDownload,128KB,1,738000000.000000,738000000.000000,738000000.000000,2026-05-02T20:50:22.3535731Z,finished,10578,[OK] bus_speed_download 128KB -> 738000000.000000 ms,"Workflow-size invocation finished within the 600s timeout and emitted a CSV row. For plan rows sharing one workflow size, this is invocation-level evidence, not independent per-hardware-kernel timing evidence."
known_finished_from_downloaded_benchmark_results_csv_and_run_log_ok,downloaded artifact benchmark-results-bus-speed-download/results_bus_speed_download.csv plus run log line 10582,Tier 1,bus_speed_download,benchmark-results-bus-speed-download,74069637206,completed,failure,256KB,121,busspeeddownload,256KB,BusSpeedDownload,256KB,1,0.001144,0.001144,0.001144,2026-05-02T20:50:23.6156500Z,finished,10582,[OK] bus_speed_download 256KB -> 0.001144 ms,"Workflow-size invocation finished within the 600s timeout and emitted a CSV row. For plan rows sharing one workflow size, this is invocation-level evidence, not independent per-hardware-kernel timing evidence."
known_finished_from_downloaded_benchmark_results_csv_and_run_log_ok,downloaded artifact benchmark-results-bus-speed-download/results_bus_speed_download.csv plus run log line 10586,Tier 1,bus_speed_download,benchmark-results-bus-speed-download,74069637206,completed,failure,512KB,122,busspeeddownload,512KB,BusSpeedDownload,512KB,1,0.001947,0.001947,0.001947,2026-05-02T20:50:26.4531925Z,finished,10586,[OK] bus_speed_download 512KB -> 0.001947 ms,"Workflow-size invocation finished within the 600s timeout and emitted a CSV row. For plan rows sharing one workflow size, this is invocation-level evidence, not independent per-hardware-kernel timing evidence."
known_finished_from_downloaded_benchmark_results_csv_and_run_log_ok,downloaded artifact benchmark-results-bus-speed-download/results_bus_speed_download.csv plus run log line 10590,Tier 1,bus_speed_download,benchmark-results-bus-speed-download,74069637206,completed,failure,1024KB,123,busspeeddownload,1024KB,BusSpeedDownload,1024KB,1,0.003569,0.003569,0.003569,2026-05-02T20:50:32.6171097Z,finished,10590,[OK] bus_speed_download 1024KB -> 0.003569 ms,"Workflow-size invocation finished within the 600s timeout and emitted a CSV row. For plan rows sharing one workflow size, this is invocation-level evidence, not independent per-hardware-kernel timing evidence."
known_finished_from_downloaded_benchmark_results_csv_and_run_log_ok,downloaded artifact benchmark-results-bus-speed-download/results_bus_speed_download.csv plus run log line 10594,Tier 1,bus_speed_download,benchmark-results-bus-speed-download,74069637206,completed,failure,2048KB,124,busspeeddownload,2048KB,BusSpeedDownload,2048KB,1,0.006839,0.006839,0.006839,2026-05-02T20:50:46.2677638Z,finished,10594,[OK] bus_speed_download 2048KB -> 0.006839 ms,"Workflow-size invocation finished within the 600s timeout and emitted a CSV row. For plan rows sharing one workflow size, this is invocation-level evidence, not independent per-hardware-kernel timing evidence."
known_finished_from_downloaded_benchmark_results_csv_and_run_log_ok,downloaded artifact benchmark-results-bus-speed-download/results_bus_speed_download.csv plus run log line 10598,Tier 1,bus_speed_download,benchmark-results-bus-speed-download,74069637206,completed,failure,4096KB,125,busspeeddownload,4096KB,BusSpeedDownload,4096KB,1,0.013344,0.013344,0.013344,2026-05-02T20:51:26.8641759Z,finished,10598,[OK] bus_speed_download 4096KB -> 0.013344 ms,"Workflow-size invocation finished within the 600s timeout and emitted a CSV row. For plan rows sharing one workflow size, this is invocation-level evidence, not independent per-hardware-kernel timing evidence."
known_finished_from_downloaded_benchmark_results_csv_and_run_log_ok,downloaded artifact benchmark-results-bus-speed-download/results_bus_speed_download.csv plus run log line 10602,Tier 1,bus_speed_download,benchmark-results-bus-speed-download,74069637206,completed,failure,8192KB,126,busspeeddownload,8192KB,BusSpeedDownload,8192KB,1,0.026275,0.026275,0.026275,2026-05-02T20:52:55.2930242Z,finished,10602,[OK] bus_speed_download 8192KB -> 0.026275 ms,"Workflow-size invocation finished within the 600s timeout and emitted a CSV row. For plan rows sharing one workflow size, this is invocation-level evidence, not independent per-hardware-kernel timing evidence."
known_finished_from_downloaded_benchmark_results_csv_and_run_log_ok,downloaded artifact benchmark-results-bus-speed-download/results_bus_speed_download.csv plus run log line 10606,Tier 1,bus_speed_download,benchmark-results-bus-speed-download,74069637206,completed,failure,16384KB,127,busspeeddownload,16384KB,BusSpeedDownload,16384KB,1,0.052127,0.052127,0.052127,2026-05-02T20:57:12.9974877Z,finished,10606,[OK] bus_speed_download 16384KB -> 0.052127 ms,"Workflow-size invocation finished within the 600s timeout and emitted a CSV row. For plan rows sharing one workflow size, this is invocation-level evidence, not independent per-hardware-kernel timing evidence."
known_timed_out_at_600s_from_run_log,run log line 10610,Tier 1,bus_speed_download,benchmark-results-bus-speed-download,74069637206,completed,failure,32768KB,128,busspeeddownload,32768KB,,,,,,,2026-05-02T21:07:13.1291472Z,timed_out_600s,10610,##[warning]TIMEOUT: bus_speed_download 32768KB (>600s),The simulator invocation reached the workflow timeout command threshold (>600s); the job loop broke after this failure.
unknown_not_attempted_after_prior_failure,no downloaded CSV row and no OK/TIMEOUT/CRASH log event for this workflow size,Tier 1,bus_speed_download,benchmark-results-bus-speed-download,74069637206,completed,failure,65536KB,129,busspeeddownload,65536KB,,,,,,,,,,,No invocation evidence for this later plan entry; benchmark job stopped after first timed_out_600s at size 32768KB (plan index 128).
unknown_not_attempted_after_prior_failure,no downloaded CSV row and no OK/TIMEOUT/CRASH log event for this workflow size,Tier 1,bus_speed_download,benchmark-results-bus-speed-download,74069637206,completed,failure,131072KB,130,busspeeddownload,131072KB,,,,,,,,,,,No invocation evidence for this later plan entry; benchmark job stopped after first timed_out_600s at size 32768KB (plan index 128).
unknown_not_attempted_after_prior_failure,no downloaded CSV row and no OK/TIMEOUT/CRASH log event for this workflow size,Tier 1,bus_speed_download,benchmark-results-bus-speed-download,74069637206,completed,failure,262144KB,131,busspeeddownload,262144KB,,,,,,,,,,,No invocation evidence for this later plan entry; benchmark job stopped after first timed_out_600s at size 32768KB (plan index 128).
known_finished_from_downloaded_benchmark_results_csv_and_run_log_ok,downloaded artifact benchmark-results-bus-speed-readback/results_bus_speed_readback.csv plus run log line 8889,Tier 1,bus_speed_readback,benchmark-results-bus-speed-readback,74069637202,completed,failure,1KB,132,busspeedreadback,1KB,BusSpeedReadback,1KB,1,551000000.000000,551000000.000000,551000000.000000,2026-05-02T20:50:19.4050100Z,finished,8889,[OK] bus_speed_readback 1KB -> 551000000.000000 ms,"Workflow-size invocation finished within the 600s timeout and emitted a CSV row. For plan rows sharing one workflow size, this is invocation-level evidence, not independent per-hardware-kernel timing evidence."
known_finished_from_downloaded_benchmark_results_csv_and_run_log_ok,downloaded artifact benchmark-results-bus-speed-readback/results_bus_speed_readback.csv plus run log line 8893,Tier 1,bus_speed_readback,benchmark-results-bus-speed-readback,74069637202,completed,failure,2KB,133,busspeedreadback,2KB,BusSpeedReadback,2KB,1,549000000.000000,549000000.000000,549000000.000000,2026-05-02T20:50:19.6146869Z,finished,8893,[OK] bus_speed_readback 2KB -> 549000000.000000 ms,"Workflow-size invocation finished within the 600s timeout and emitted a CSV row. For plan rows sharing one workflow size, this is invocation-level evidence, not independent per-hardware-kernel timing evidence."
known_finished_from_downloaded_benchmark_results_csv_and_run_log_ok,downloaded artifact benchmark-results-bus-speed-readback/results_bus_speed_readback.csv plus run log line 8897,Tier 1,bus_speed_readback,benchmark-results-bus-speed-readback,74069637202,completed,failure,4KB,134,busspeedreadback,4KB,BusSpeedReadback,4KB,1,551000000.000000,551000000.000000,551000000.000000,2026-05-02T20:50:19.8333790Z,finished,8897,[OK] bus_speed_readback 4KB -> 551000000.000000 ms,"Workflow-size invocation finished within the 600s timeout and emitted a CSV row. For plan rows sharing one workflow size, this is invocation-level evidence, not independent per-hardware-kernel timing evidence."
known_finished_from_downloaded_benchmark_results_csv_and_run_log_ok,downloaded artifact benchmark-results-bus-speed-readback/results_bus_speed_readback.csv plus run log line 8901,Tier 1,bus_speed_readback,benchmark-results-bus-speed-readback,74069637202,completed,failure,8KB,135,busspeedreadback,8KB,BusSpeedReadback,8KB,1,552000000.000000,552000000.000000,552000000.000000,2026-05-02T20:50:20.0405502Z,finished,8901,[OK] bus_speed_readback 8KB -> 552000000.000000 ms,"Workflow-size invocation finished within the 600s timeout and emitted a CSV row. For plan rows sharing one workflow size, this is invocation-level evidence, not independent per-hardware-kernel timing evidence."
known_finished_from_downloaded_benchmark_results_csv_and_run_log_ok,downloaded artifact benchmark-results-bus-speed-readback/results_bus_speed_readback.csv plus run log line 8905,Tier 1,bus_speed_readback,benchmark-results-bus-speed-readback,74069637202,completed,failure,16KB,136,busspeedreadback,16KB,BusSpeedReadback,16KB,1,554000000.000000,554000000.000000,554000000.000000,2026-05-02T20:50:20.2620371Z,finished,8905,[OK] bus_speed_readback 16KB -> 554000000.000000 ms,"Workflow-size invocation finished within the 600s timeout and emitted a CSV row. For plan rows sharing one workflow size, this is invocation-level evidence, not independent per-hardware-kernel timing evidence."
known_finished_from_downloaded_benchmark_results_csv_and_run_log_ok,downloaded artifact benchmark-results-bus-speed-readback/results_bus_speed_readback.csv plus run log line 8909,Tier 1,bus_speed_readback,benchmark-results-bus-speed-readback,74069637202,completed,failure,32KB,137,busspeedreadback,32KB,BusSpeedReadback,32KB,1,558000000.000000,558000000.000000,558000000.000000,2026-05-02T20:50:20.5693425Z,finished,8909,[OK] bus_speed_readback 32KB -> 558000000.000000 ms,"Workflow-size invocation finished within the 600s timeout and emitted a CSV row. For plan rows sharing one workflow size, this is invocation-level evidence, not independent per-hardware-kernel timing evidence."
known_finished_from_downloaded_benchmark_results_csv_and_run_log_ok,downloaded artifact benchmark-results-bus-speed-readback/results_bus_speed_readback.csv plus run log line 8913,Tier 1,bus_speed_readback,benchmark-results-bus-speed-readback,74069637202,completed,failure,64KB,138,busspeedreadback,64KB,BusSpeedReadback,64KB,1,566000000.000000,566000000.000000,566000000.000000,2026-05-02T20:50:20.9188589Z,finished,8913,[OK] bus_speed_readback 64KB -> 566000000.000000 ms,"Workflow-size invocation finished within the 600s timeout and emitted a CSV row. For plan rows sharing one workflow size, this is invocation-level evidence, not independent per-hardware-kernel timing evidence."
known_finished_from_downloaded_benchmark_results_csv_and_run_log_ok,downloaded artifact benchmark-results-bus-speed-readback/results_bus_speed_readback.csv plus run log line 8917,Tier 1,bus_speed_readback,benchmark-results-bus-speed-readback,74069637202,completed,failure,128KB,139,busspeedreadback,128KB,BusSpeedReadback,128KB,1,738000000.000000,738000000.000000,738000000.000000,2026-05-02T20:50:21.4886327Z,finished,8917,[OK] bus_speed_readback 128KB -> 738000000.000000 ms,"Workflow-size invocation finished within the 600s timeout and emitted a CSV row. For plan rows sharing one workflow size, this is invocation-level evidence, not independent per-hardware-kernel timing evidence."
known_finished_from_downloaded_benchmark_results_csv_and_run_log_ok,downloaded artifact benchmark-results-bus-speed-readback/results_bus_speed_readback.csv plus run log line 8921,Tier 1,bus_speed_readback,benchmark-results-bus-speed-readback,74069637202,completed,failure,256KB,140,busspeedreadback,256KB,BusSpeedReadback,256KB,1,0.001144,0.001144,0.001144,2026-05-02T20:50:22.3795884Z,finished,8921,[OK] bus_speed_readback 256KB -> 0.001144 ms,"Workflow-size invocation finished within the 600s timeout and emitted a CSV row. For plan rows sharing one workflow size, this is invocation-level evidence, not independent per-hardware-kernel timing evidence."
known_finished_from_downloaded_benchmark_results_csv_and_run_log_ok,downloaded artifact benchmark-results-bus-speed-readback/results_bus_speed_readback.csv plus run log line 8925,Tier 1,bus_speed_readback,benchmark-results-bus-speed-readback,74069637202,completed,failure,512KB,141,busspeedreadback,512KB,BusSpeedReadback,512KB,1,0.001947,0.001947,0.001947,2026-05-02T20:50:24.2372084Z,finished,8925,[OK] bus_speed_readback 512KB -> 0.001947 ms,"Workflow-size invocation finished within the 600s timeout and emitted a CSV row. For plan rows sharing one workflow size, this is invocation-level evidence, not independent per-hardware-kernel timing evidence."
known_finished_from_downloaded_benchmark_results_csv_and_run_log_ok,downloaded artifact benchmark-results-bus-speed-readback/results_bus_speed_readback.csv plus run log line 8929,Tier 1,bus_speed_readback,benchmark-results-bus-speed-readback,74069637202,completed,failure,1024KB,142,busspeedreadback,1024KB,BusSpeedReadback,1024KB,1,0.003569,0.003569,0.003569,2026-05-02T20:50:28.2591034Z,finished,8929,[OK] bus_speed_readback 1024KB -> 0.003569 ms,"Workflow-size invocation finished within the 600s timeout and emitted a CSV row. For plan rows sharing one workflow size, this is invocation-level evidence, not independent per-hardware-kernel timing evidence."
known_finished_from_downloaded_benchmark_results_csv_and_run_log_ok,downloaded artifact benchmark-results-bus-speed-readback/results_bus_speed_readback.csv plus run log line 8933,Tier 1,bus_speed_readback,benchmark-results-bus-speed-readback,74069637202,completed,failure,2048KB,143,busspeedreadback,2048KB,BusSpeedReadback,2048KB,1,0.006839,0.006839,0.006839,2026-05-02T20:50:38.3052215Z,finished,8933,[OK] bus_speed_readback 2048KB -> 0.006839 ms,"Workflow-size invocation finished within the 600s timeout and emitted a CSV row. For plan rows sharing one workflow size, this is invocation-level evidence, not independent per-hardware-kernel timing evidence."
known_finished_from_downloaded_benchmark_results_csv_and_run_log_ok,downloaded artifact benchmark-results-bus-speed-readback/results_bus_speed_readback.csv plus run log line 8937,Tier 1,bus_speed_readback,benchmark-results-bus-speed-readback,74069637202,completed,failure,4096KB,144,busspeedreadback,4096KB,BusSpeedReadback,4096KB,1,0.013344,0.013344,0.013344,2026-05-02T20:51:10.4506084Z,finished,8937,[OK] bus_speed_readback 4096KB -> 0.013344 ms,"Workflow-size invocation finished within the 600s timeout and emitted a CSV row. For plan rows sharing one workflow size, this is invocation-level evidence, not independent per-hardware-kernel timing evidence."
known_finished_from_downloaded_benchmark_results_csv_and_run_log_ok,downloaded artifact benchmark-results-bus-speed-readback/results_bus_speed_readback.csv plus run log line 8941,Tier 1,bus_speed_readback,benchmark-results-bus-speed-readback,74069637202,completed,failure,8192KB,145,busspeedreadback,8192KB,BusSpeedReadback,8192KB,1,0.026275,0.026275,0.026275,2026-05-02T20:52:23.1311837Z,finished,8941,[OK] bus_speed_readback 8192KB -> 0.026275 ms,"Workflow-size invocation finished within the 600s timeout and emitted a CSV row. For plan rows sharing one workflow size, this is invocation-level evidence, not independent per-hardware-kernel timing evidence."
known_finished_from_downloaded_benchmark_results_csv_and_run_log_ok,downloaded artifact benchmark-results-bus-speed-readback/results_bus_speed_readback.csv plus run log line 8945,Tier 1,bus_speed_readback,benchmark-results-bus-speed-readback,74069637202,completed,failure,16384KB,146,busspeedreadback,16384KB,BusSpeedReadback,16384KB,1,0.052127,0.052127,0.052127,2026-05-02T20:55:48.6050018Z,finished,8945,[OK] bus_speed_readback 16384KB -> 0.052127 ms,"Workflow-size invocation finished within the 600s timeout and emitted a CSV row. For plan rows sharing one workflow size, this is invocation-level evidence, not independent per-hardware-kernel timing evidence."
known_timed_out_at_600s_from_run_log,run log line 8949,Tier 1,bus_speed_readback,benchmark-results-bus-speed-readback,74069637202,completed,failure,32768KB,147,busspeedreadback,32768KB,,,,,,,2026-05-02T21:05:48.6670051Z,timed_out_600s,8949,##[warning]TIMEOUT: bus_speed_readback 32768KB (>600s),The simulator invocation reached the workflow timeout command threshold (>600s); the job loop broke after this failure.
unknown_not_attempted_after_prior_failure,no downloaded CSV row and no OK/TIMEOUT/CRASH log event for this workflow size,Tier 1,bus_speed_readback,benchmark-results-bus-speed-readback,74069637202,completed,failure,65536KB,148,busspeedreadback,65536KB,,,,,,,,,,,No invocation evidence for this later plan entry; benchmark job stopped after first timed_out_600s at size 32768KB (plan index 147).
unknown_not_attempted_after_prior_failure,no downloaded CSV row and no OK/TIMEOUT/CRASH log event for this workflow size,Tier 1,bus_speed_readback,benchmark-results-bus-speed-readback,74069637202,completed,failure,131072KB,149,busspeedreadback,131072KB,,,,,,,,,,,No invocation evidence for this later plan entry; benchmark job stopped after first timed_out_600s at size 32768KB (plan index 147).
unknown_not_attempted_after_prior_failure,no downloaded CSV row and no OK/TIMEOUT/CRASH log event for this workflow size,Tier 1,bus_speed_readback,benchmark-results-bus-speed-readback,74069637202,completed,failure,262144KB,150,busspeedreadback,262144KB,,,,,,,,,,,No invocation evidence for this later plan entry; benchmark job stopped after first timed_out_600s at size 32768KB (plan index 147).
known_finished_from_downloaded_benchmark_results_csv_and_run_log_ok,downloaded artifact benchmark-results-max-flops/results_max_flops.csv plus run log line 9641,Tier 1,max_flops,benchmark-results-max-flops,74069637205,completed,failure,512,151,maxflops,512,MaxFlops,512,1,0.006158,0.006158,0.006158,2026-05-02T20:50:19.1266732Z,finished,9641,[OK] max_flops 512 -> 0.006158 ms,"Workflow-size invocation finished within the 600s timeout and emitted a CSV row. For plan rows sharing one workflow size, this is invocation-level evidence, not independent per-hardware-kernel timing evidence."
known_finished_from_downloaded_benchmark_results_csv_and_run_log_ok,downloaded artifact benchmark-results-max-flops/results_max_flops.csv plus run log line 9645,Tier 1,max_flops,benchmark-results-max-flops,74069637205,completed,failure,1024,152,maxflops,1024,MaxFlops,1024,1,0.006158,0.006158,0.006158,2026-05-02T20:50:19.6107208Z,finished,9645,[OK] max_flops 1024 -> 0.006158 ms,"Workflow-size invocation finished within the 600s timeout and emitted a CSV row. For plan rows sharing one workflow size, this is invocation-level evidence, not independent per-hardware-kernel timing evidence."
known_finished_from_downloaded_benchmark_results_csv_and_run_log_ok,downloaded artifact benchmark-results-max-flops/results_max_flops.csv plus run log line 9649,Tier 1,max_flops,benchmark-results-max-flops,74069637205,completed,failure,2048,153,maxflops,2048,MaxFlops,2048,1,0.006112,0.006112,0.006112,2026-05-02T20:50:20.4590689Z,finished,9649,[OK] max_flops 2048 -> 0.006112 ms,"Workflow-size invocation finished within the 600s timeout and emitted a CSV row. For plan rows sharing one workflow size, this is invocation-level evidence, not independent per-hardware-kernel timing evidence."
known_finished_from_downloaded_benchmark_results_csv_and_run_log_ok,downloaded artifact benchmark-results-max-flops/results_max_flops.csv plus run log line 9653,Tier 1,max_flops,benchmark-results-max-flops,74069637205,completed,failure,4096,154,maxflops,4096,MaxFlops,4096,1,0.006161,0.006161,0.006161,2026-05-02T20:50:22.0266868Z,finished,9653,[OK] max_flops 4096 -> 0.006161 ms,"Workflow-size invocation finished within the 600s timeout and emitted a CSV row. For plan rows sharing one workflow size, this is invocation-level evidence, not independent per-hardware-kernel timing evidence."
known_finished_from_downloaded_benchmark_results_csv_and_run_log_ok,downloaded artifact benchmark-results-max-flops/results_max_flops.csv plus run log line 9657,Tier 1,max_flops,benchmark-results-max-flops,74069637205,completed,failure,8192,155,maxflops,8192,MaxFlops,8192,1,0.006164,0.006164,0.006164,2026-05-02T20:50:25.6836226Z,finished,9657,[OK] max_flops 8192 -> 0.006164 ms,"Workflow-size invocation finished within the 600s timeout and emitted a CSV row. For plan rows sharing one workflow size, this is invocation-level evidence, not independent per-hardware-kernel timing evidence."
known_finished_from_downloaded_benchmark_results_csv_and_run_log_ok,downloaded artifact benchmark-results-max-flops/results_max_flops.csv plus run log line 9661,Tier 1,max_flops,benchmark-results-max-flops,74069637205,completed,failure,16384,156,maxflops,16384,MaxFlops,16384,1,0.006172,0.006172,0.006172,2026-05-02T20:50:35.6102611Z,finished,9661,[OK] max_flops 16384 -> 0.006172 ms,"Workflow-size invocation finished within the 600s timeout and emitted a CSV row. For plan rows sharing one workflow size, this is invocation-level evidence, not independent per-hardware-kernel timing evidence."
known_finished_from_downloaded_benchmark_results_csv_and_run_log_ok,downloaded artifact benchmark-results-max-flops/results_max_flops.csv plus run log line 9665,Tier 1,max_flops,benchmark-results-max-flops,74069637205,completed,failure,32768,157,maxflops,32768,MaxFlops,32768,1,0.006274,0.006274,0.006274,2026-05-02T20:50:59.2297883Z,finished,9665,[OK] max_flops 32768 -> 0.006274 ms,"Workflow-size invocation finished within the 600s timeout and emitted a CSV row. For plan rows sharing one workflow size, this is invocation-level evidence, not independent per-hardware-kernel timing evidence."
known_finished_from_downloaded_benchmark_results_csv_and_run_log_ok,downloaded artifact benchmark-results-max-flops/results_max_flops.csv plus run log line 9669,Tier 1,max_flops,benchmark-results-max-flops,74069637205,completed,failure,65536,158,maxflops,65536,MaxFlops,65536,1,0.006470,0.006470,0.006470,2026-05-02T20:51:57.8178939Z,finished,9669,[OK] max_flops 65536 -> 0.006470 ms,"Workflow-size invocation finished within the 600s timeout and emitted a CSV row. For plan rows sharing one workflow size, this is invocation-level evidence, not independent per-hardware-kernel timing evidence."
known_finished_from_downloaded_benchmark_results_csv_and_run_log_ok,downloaded artifact benchmark-results-max-flops/results_max_flops.csv plus run log line 9673,Tier 1,max_flops,benchmark-results-max-flops,74069637205,completed,failure,131072,159,maxflops,131072,MaxFlops,131072,1,0.006838,0.006838,0.006838,2026-05-02T20:54:28.0136749Z,finished,9673,[OK] max_flops 131072 -> 0.006838 ms,"Workflow-size invocation finished within the 600s timeout and emitted a CSV row. For plan rows sharing one workflow size, this is invocation-level evidence, not independent per-hardware-kernel timing evidence."
known_finished_from_downloaded_benchmark_results_csv_and_run_log_ok,downloaded artifact benchmark-results-max-flops/results_max_flops.csv plus run log line 9677,Tier 1,max_flops,benchmark-results-max-flops,74069637205,completed,failure,262144,160,maxflops,262144,MaxFlops,262144,1,0.008691,0.008691,0.008691,2026-05-02T21:02:02.7679564Z,finished,9677,[OK] max_flops 262144 -> 0.008691 ms,"Workflow-size invocation finished within the 600s timeout and emitted a CSV row. For plan rows sharing one workflow size, this is invocation-level evidence, not independent per-hardware-kernel timing evidence."
known_timed_out_at_600s_from_run_log,run log line 9681,Tier 1,max_flops,benchmark-results-max-flops,74069637205,completed,failure,524288,161,maxflops,524288,,,,,,,2026-05-02T21:12:02.8054186Z,timed_out_600s,9681,##[warning]TIMEOUT: max_flops 524288 (>600s),The simulator invocation reached the workflow timeout command threshold (>600s); the job loop broke after this failure.
unknown_not_attempted_after_prior_failure,no downloaded CSV row and no OK/TIMEOUT/CRASH log event for this workflow size,Tier 1,max_flops,benchmark-results-max-flops,74069637205,completed,failure,1048576,162,maxflops,1048576,,,,,,,,,,,No invocation evidence for this later plan entry; benchmark job stopped after first timed_out_600s at size 524288 (plan index 161).
unknown_not_attempted_after_prior_failure,no downloaded CSV row and no OK/TIMEOUT/CRASH log event for this workflow size,Tier 1,max_flops,benchmark-results-max-flops,74069637205,completed,failure,2097152,163,maxflops,2097152,,,,,,,,,,,No invocation evidence for this later plan entry; benchmark job stopped after first timed_out_600s at size 524288 (plan index 161).
unknown_not_attempted_after_prior_failure,no downloaded CSV row and no OK/TIMEOUT/CRASH log event for this workflow size,Tier 1,max_flops,benchmark-results-max-flops,74069637205,completed,failure,4194304,164,maxflops,4194304,,,,,,,,,,,No invocation evidence for this later plan entry; benchmark job stopped after first timed_out_600s at size 524288 (plan index 161).
unknown_not_attempted_after_prior_failure,no downloaded CSV row and no OK/TIMEOUT/CRASH log event for this workflow size,Tier 1,max_flops,benchmark-results-max-flops,74069637205,completed,failure,8388608,165,maxflops,8388608,,,,,,,,,,,No invocation evidence for this later plan entry; benchmark job stopped after first timed_out_600s at size 524288 (plan index 161).
unknown_not_attempted_after_prior_failure,no downloaded CSV row and no OK/TIMEOUT/CRASH log event for this workflow size,Tier 1,max_flops,benchmark-results-max-flops,74069637205,completed,failure,16777216,166,maxflops,16777216,,,,,,,,,,,No invocation evidence for this later plan entry; benchmark job stopped after first timed_out_600s at size 524288 (plan index 161).
known_timed_out_at_600s_from_run_log,run log line 13261,Tier 1,fp32_fma,benchmark-results-fp32-fma,74069637215,completed,failure,1024,167,fp32_fma,1024,,,,,,,2026-05-02T21:00:18.5855473Z,timed_out_600s,13261,##[warning]TIMEOUT: fp32_fma 1024 (>600s),The simulator invocation reached the workflow timeout command threshold (>600s); the job loop broke after this failure.
unknown_not_attempted_after_prior_failure,no downloaded CSV row and no OK/TIMEOUT/CRASH log event for this workflow size,Tier 1,fp32_fma,benchmark-results-fp32-fma,74069637215,completed,failure,2048,168,fp32_fma,2048,,,,,,,,,,,No invocation evidence for this later plan entry; benchmark job stopped after first timed_out_600s at size 1024 (plan index 167).
unknown_not_attempted_after_prior_failure,no downloaded CSV row and no OK/TIMEOUT/CRASH log event for this workflow size,Tier 1,fp32_fma,benchmark-results-fp32-fma,74069637215,completed,failure,4096,169,fp32_fma,4096,,,,,,,,,,,No invocation evidence for this later plan entry; benchmark job stopped after first timed_out_600s at size 1024 (plan index 167).
unknown_not_attempted_after_prior_failure,no downloaded CSV row and no OK/TIMEOUT/CRASH log event for this workflow size,Tier 1,fp32_fma,benchmark-results-fp32-fma,74069637215,completed,failure,8192,170,fp32_fma,8192,,,,,,,,,,,No invocation evidence for this later plan entry; benchmark job stopped after first timed_out_600s at size 1024 (plan index 167).
unknown_not_attempted_after_prior_failure,no downloaded CSV row and no OK/TIMEOUT/CRASH log event for this workflow size,Tier 1,fp32_fma,benchmark-results-fp32-fma,74069637215,completed,failure,16384,171,fp32_fma,16384,,,,,,,,,,,No invocation evidence for this later plan entry; benchmark job stopped after first timed_out_600s at size 1024 (plan index 167).
unknown_not_attempted_after_prior_failure,no downloaded CSV row and no OK/TIMEOUT/CRASH log event for this workflow size,Tier 1,fp32_fma,benchmark-results-fp32-fma,74069637215,completed,failure,32768,172,fp32_fma,32768,,,,,,,,,,,No invocation evidence for this later plan entry; benchmark job stopped after first timed_out_600s at size 1024 (plan index 167).
unknown_not_attempted_after_prior_failure,no downloaded CSV row and no OK/TIMEOUT/CRASH log event for this workflow size,Tier 1,fp32_fma,benchmark-results-fp32-fma,74069637215,completed,failure,65536,173,fp32_fma,65536,,,,,,,,,,,No invocation evidence for this later plan entry; benchmark job stopped after first timed_out_600s at size 1024 (plan index 167).
unknown_not_attempted_after_prior_failure,no downloaded CSV row and no OK/TIMEOUT/CRASH log event for this workflow size,Tier 1,fp32_fma,benchmark-results-fp32-fma,74069637215,completed,failure,131072,174,fp32_fma,131072,,,,,,,,,,,No invocation evidence for this later plan entry; benchmark job stopped after first timed_out_600s at size 1024 (plan index 167).
unknown_not_attempted_after_prior_failure,no downloaded CSV row and no OK/TIMEOUT/CRASH log event for this workflow size,Tier 1,fp32_fma,benchmark-results-fp32-fma,74069637215,completed,failure,262144,175,fp32_fma,262144,,,,,,,,,,,No invocation evidence for this later plan entry; benchmark job stopped after first timed_out_600s at size 1024 (plan index 167).
unknown_not_attempted_after_prior_failure,no downloaded CSV row and no OK/TIMEOUT/CRASH log event for this workflow size,Tier 1,fp32_fma,benchmark-results-fp32-fma,74069637215,completed,failure,524288,176,fp32_fma,524288,,,,,,,,,,,No invocation evidence for this later plan entry; benchmark job stopped after first timed_out_600s at size 1024 (plan index 167).
unknown_not_attempted_after_prior_failure,no downloaded CSV row and no OK/TIMEOUT/CRASH log event for this workflow size,Tier 1,fp32_fma,benchmark-results-fp32-fma,74069637215,completed,failure,1048576,177,fp32_fma,1048576,,,,,,,,,,,No invocation evidence for this later plan entry; benchmark job stopped after first timed_out_600s at size 1024 (plan index 167).
unknown_not_attempted_after_prior_failure,no downloaded CSV row and no OK/TIMEOUT/CRASH log event for this workflow size,Tier 1,fp32_fma,benchmark-results-fp32-fma,74069637215,completed,failure,2097152,178,fp32_fma,2097152,,,,,,,,,,,No invocation evidence for this later plan entry; benchmark job stopped after first timed_out_600s at size 1024 (plan index 167).
unknown_not_attempted_after_prior_failure,no downloaded CSV row and no OK/TIMEOUT/CRASH log event for this workflow size,Tier 1,fp32_fma,benchmark-results-fp32-fma,74069637215,completed,failure,4194304,179,fp32_fma,4194304,,,,,,,,,,,No invocation evidence for this later plan entry; benchmark job stopped after first timed_out_600s at size 1024 (plan index 167).
unknown_not_attempted_after_prior_failure,no downloaded CSV row and no OK/TIMEOUT/CRASH log event for this workflow size,Tier 1,fp32_fma,benchmark-results-fp32-fma,74069637215,completed,failure,8388608,180,fp32_fma,8388608,,,,,,,,,,,No invocation evidence for this later plan entry; benchmark job stopped after first timed_out_600s at size 1024 (plan index 167).
unknown_not_attempted_after_prior_failure,no downloaded CSV row and no OK/TIMEOUT/CRASH log event for this workflow size,Tier 1,fp32_fma,benchmark-results-fp32-fma,74069637215,completed,failure,16777216,181,fp32_fma,16777216,,,,,,,,,,,No invocation evidence for this later plan entry; benchmark job stopped after first timed_out_600s at size 1024 (plan index 167).
unknown_not_attempted_after_prior_failure,no downloaded CSV row and no OK/TIMEOUT/CRASH log event for this workflow size,Tier 1,fp32_fma,benchmark-results-fp32-fma,74069637215,completed,failure,33554432,182,fp32_fma,33554432,,,,,,,,,,,No invocation evidence for this later plan entry; benchmark job stopped after first timed_out_600s at size 1024 (plan index 167).
known_timed_out_at_600s_from_run_log,run log line 11235,Tier 1,fp64_fma,benchmark-results-fp64-fma,74069637207,completed,failure,1024,183,fp64_fma,1024,,,,,,,2026-05-02T21:00:19.3790056Z,timed_out_600s,11235,##[warning]TIMEOUT: fp64_fma 1024 (>600s),The simulator invocation reached the workflow timeout command threshold (>600s); the job loop broke after this failure.
unknown_not_attempted_after_prior_failure,no downloaded CSV row and no OK/TIMEOUT/CRASH log event for this workflow size,Tier 1,fp64_fma,benchmark-results-fp64-fma,74069637207,completed,failure,2048,184,fp64_fma,2048,,,,,,,,,,,No invocation evidence for this later plan entry; benchmark job stopped after first timed_out_600s at size 1024 (plan index 183).
unknown_not_attempted_after_prior_failure,no downloaded CSV row and no OK/TIMEOUT/CRASH log event for this workflow size,Tier 1,fp64_fma,benchmark-results-fp64-fma,74069637207,completed,failure,4096,185,fp64_fma,4096,,,,,,,,,,,No invocation evidence for this later plan entry; benchmark job stopped after first timed_out_600s at size 1024 (plan index 183).
unknown_not_attempted_after_prior_failure,no downloaded CSV row and no OK/TIMEOUT/CRASH log event for this workflow size,Tier 1,fp64_fma,benchmark-results-fp64-fma,74069637207,completed,failure,8192,186,fp64_fma,8192,,,,,,,,,,,No invocation evidence for this later plan entry; benchmark job stopped after first timed_out_600s at size 1024 (plan index 183).
unknown_not_attempted_after_prior_failure,no downloaded CSV row and no OK/TIMEOUT/CRASH log event for this workflow size,Tier 1,fp64_fma,benchmark-results-fp64-fma,74069637207,completed,failure,16384,187,fp64_fma,16384,,,,,,,,,,,No invocation evidence for this later plan entry; benchmark job stopped after first timed_out_600s at size 1024 (plan index 183).
unknown_not_attempted_after_prior_failure,no downloaded CSV row and no OK/TIMEOUT/CRASH log event for this workflow size,Tier 1,fp64_fma,benchmark-results-fp64-fma,74069637207,completed,failure,32768,188,fp64_fma,32768,,,,,,,,,,,No invocation evidence for this later plan entry; benchmark job stopped after first timed_out_600s at size 1024 (plan index 183).
unknown_not_attempted_after_prior_failure,no downloaded CSV row and no OK/TIMEOUT/CRASH log event for this workflow size,Tier 1,fp64_fma,benchmark-results-fp64-fma,74069637207,completed,failure,65536,189,fp64_fma,65536,,,,,,,,,,,No invocation evidence for this later plan entry; benchmark job stopped after first timed_out_600s at size 1024 (plan index 183).
unknown_not_attempted_after_prior_failure,no downloaded CSV row and no OK/TIMEOUT/CRASH log event for this workflow size,Tier 1,fp64_fma,benchmark-results-fp64-fma,74069637207,completed,failure,131072,190,fp64_fma,131072,,,,,,,,,,,No invocation evidence for this later plan entry; benchmark job stopped after first timed_out_600s at size 1024 (plan index 183).
unknown_not_attempted_after_prior_failure,no downloaded CSV row and no OK/TIMEOUT/CRASH log event for this workflow size,Tier 1,fp64_fma,benchmark-results-fp64-fma,74069637207,completed,failure,262144,191,fp64_fma,262144,,,,,,,,,,,No invocation evidence for this later plan entry; benchmark job stopped after first timed_out_600s at size 1024 (plan index 183).
unknown_not_attempted_after_prior_failure,no downloaded CSV row and no OK/TIMEOUT/CRASH log event for this workflow size,Tier 1,fp64_fma,benchmark-results-fp64-fma,74069637207,completed,failure,524288,192,fp64_fma,524288,,,,,,,,,,,No invocation evidence for this later plan entry; benchmark job stopped after first timed_out_600s at size 1024 (plan index 183).
unknown_not_attempted_after_prior_failure,no downloaded CSV row and no OK/TIMEOUT/CRASH log event for this workflow size,Tier 1,fp64_fma,benchmark-results-fp64-fma,74069637207,completed,failure,1048576,193,fp64_fma,1048576,,,,,,,,,,,No invocation evidence for this later plan entry; benchmark job stopped after first timed_out_600s at size 1024 (plan index 183).
unknown_not_attempted_after_prior_failure,no downloaded CSV row and no OK/TIMEOUT/CRASH log event for this workflow size,Tier 1,fp64_fma,benchmark-results-fp64-fma,74069637207,completed,failure,2097152,194,fp64_fma,2097152,,,,,,,,,,,No invocation evidence for this later plan entry; benchmark job stopped after first timed_out_600s at size 1024 (plan index 183).
unknown_not_attempted_after_prior_failure,no downloaded CSV row and no OK/TIMEOUT/CRASH log event for this workflow size,Tier 1,fp64_fma,benchmark-results-fp64-fma,74069637207,completed,failure,4194304,195,fp64_fma,4194304,,,,,,,,,,,No invocation evidence for this later plan entry; benchmark job stopped after first timed_out_600s at size 1024 (plan index 183).
unknown_not_attempted_after_prior_failure,no downloaded CSV row and no OK/TIMEOUT/CRASH log event for this workflow size,Tier 1,fp64_fma,benchmark-results-fp64-fma,74069637207,completed,failure,8388608,196,fp64_fma,8388608,,,,,,,,,,,No invocation evidence for this later plan entry; benchmark job stopped after first timed_out_600s at size 1024 (plan index 183).
unknown_not_attempted_after_prior_failure,no downloaded CSV row and no OK/TIMEOUT/CRASH log event for this workflow size,Tier 1,fp64_fma,benchmark-results-fp64-fma,74069637207,completed,failure,16777216,197,fp64_fma,16777216,,,,,,,,,,,No invocation evidence for this later plan entry; benchmark job stopped after first timed_out_600s at size 1024 (plan index 183).
unknown_not_attempted_after_prior_failure,no downloaded CSV row and no OK/TIMEOUT/CRASH log event for this workflow size,Tier 1,fp64_fma,benchmark-results-fp64-fma,74069637207,completed,failure,33554432,198,fp64_fma,33554432,,,,,,,,,,,No invocation evidence for this later plan entry; benchmark job stopped after first timed_out_600s at size 1024 (plan index 183).
known_timed_out_at_600s_from_run_log,run log line 13836,Tier 1,int_mad,benchmark-results-int-mad,74069637216,completed,failure,1024,199,int_mad,1024,,,,,,,2026-05-02T21:00:18.6520149Z,timed_out_600s,13836,##[warning]TIMEOUT: int_mad 1024 (>600s),The simulator invocation reached the workflow timeout command threshold (>600s); the job loop broke after this failure.
unknown_not_attempted_after_prior_failure,no downloaded CSV row and no OK/TIMEOUT/CRASH log event for this workflow size,Tier 1,int_mad,benchmark-results-int-mad,74069637216,completed,failure,2048,200,int_mad,2048,,,,,,,,,,,No invocation evidence for this later plan entry; benchmark job stopped after first timed_out_600s at size 1024 (plan index 199).
unknown_not_attempted_after_prior_failure,no downloaded CSV row and no OK/TIMEOUT/CRASH log event for this workflow size,Tier 1,int_mad,benchmark-results-int-mad,74069637216,completed,failure,4096,201,int_mad,4096,,,,,,,,,,,No invocation evidence for this later plan entry; benchmark job stopped after first timed_out_600s at size 1024 (plan index 199).
unknown_not_attempted_after_prior_failure,no downloaded CSV row and no OK/TIMEOUT/CRASH log event for this workflow size,Tier 1,int_mad,benchmark-results-int-mad,74069637216,completed,failure,8192,202,int_mad,8192,,,,,,,,,,,No invocation evidence for this later plan entry; benchmark job stopped after first timed_out_600s at size 1024 (plan index 199).
unknown_not_attempted_after_prior_failure,no downloaded CSV row and no OK/TIMEOUT/CRASH log event for this workflow size,Tier 1,int_mad,benchmark-results-int-mad,74069637216,completed,failure,16384,203,int_mad,16384,,,,,,,,,,,No invocation evidence for this later plan entry; benchmark job stopped after first timed_out_600s at size 1024 (plan index 199).
unknown_not_attempted_after_prior_failure,no downloaded CSV row and no OK/TIMEOUT/CRASH log event for this workflow size,Tier 1,int_mad,benchmark-results-int-mad,74069637216,completed,failure,32768,204,int_mad,32768,,,,,,,,,,,No invocation evidence for this later plan entry; benchmark job stopped after first timed_out_600s at size 1024 (plan index 199).
unknown_not_attempted_after_prior_failure,no downloaded CSV row and no OK/TIMEOUT/CRASH log event for this workflow size,Tier 1,int_mad,benchmark-results-int-mad,74069637216,completed,failure,65536,205,int_mad,65536,,,,,,,,,,,No invocation evidence for this later plan entry; benchmark job stopped after first timed_out_600s at size 1024 (plan index 199).
unknown_not_attempted_after_prior_failure,no downloaded CSV row and no OK/TIMEOUT/CRASH log event for this workflow size,Tier 1,int_mad,benchmark-results-int-mad,74069637216,completed,failure,131072,206,int_mad,131072,,,,,,,,,,,No invocation evidence for this later plan entry; benchmark job stopped after first timed_out_600s at size 1024 (plan index 199).
unknown_not_attempted_after_prior_failure,no downloaded CSV row and no OK/TIMEOUT/CRASH log event for this workflow size,Tier 1,int_mad,benchmark-results-int-mad,74069637216,completed,failure,262144,207,int_mad,262144,,,,,,,,,,,No invocation evidence for this later plan entry; benchmark job stopped after first timed_out_600s at size 1024 (plan index 199).
unknown_not_attempted_after_prior_failure,no downloaded CSV row and no OK/TIMEOUT/CRASH log event for this workflow size,Tier 1,int_mad,benchmark-results-int-mad,74069637216,completed,failure,524288,208,int_mad,524288,,,,,,,,,,,No invocation evidence for this later plan entry; benchmark job stopped after first timed_out_600s at size 1024 (plan index 199).
unknown_not_attempted_after_prior_failure,no downloaded CSV row and no OK/TIMEOUT/CRASH log event for this workflow size,Tier 1,int_mad,benchmark-results-int-mad,74069637216,completed,failure,1048576,209,int_mad,1048576,,,,,,,,,,,No invocation evidence for this later plan entry; benchmark job stopped after first timed_out_600s at size 1024 (plan index 199).
unknown_not_attempted_after_prior_failure,no downloaded CSV row and no OK/TIMEOUT/CRASH log event for this workflow size,Tier 1,int_mad,benchmark-results-int-mad,74069637216,completed,failure,2097152,210,int_mad,2097152,,,,,,,,,,,No invocation evidence for this later plan entry; benchmark job stopped after first timed_out_600s at size 1024 (plan index 199).
unknown_not_attempted_after_prior_failure,no downloaded CSV row and no OK/TIMEOUT/CRASH log event for this workflow size,Tier 1,int_mad,benchmark-results-int-mad,74069637216,completed,failure,4194304,211,int_mad,4194304,,,,,,,,,,,No invocation evidence for this later plan entry; benchmark job stopped after first timed_out_600s at size 1024 (plan index 199).
unknown_not_attempted_after_prior_failure,no downloaded CSV row and no OK/TIMEOUT/CRASH log event for this workflow size,Tier 1,int_mad,benchmark-results-int-mad,74069637216,completed,failure,8388608,212,int_mad,8388608,,,,,,,,,,,No invocation evidence for this later plan entry; benchmark job stopped after first timed_out_600s at size 1024 (plan index 199).
unknown_not_attempted_after_prior_failure,no downloaded CSV row and no OK/TIMEOUT/CRASH log event for this workflow size,Tier 1,int_mad,benchmark-results-int-mad,74069637216,completed,failure,16777216,213,int_mad,16777216,,,,,,,,,,,No invocation evidence for this later plan entry; benchmark job stopped after first timed_out_600s at size 1024 (plan index 199).
unknown_not_attempted_after_prior_failure,no downloaded CSV row and no OK/TIMEOUT/CRASH log event for this workflow size,Tier 1,int_mad,benchmark-results-int-mad,74069637216,completed,failure,33554432,214,int_mad,33554432,,,,,,,,,,,No invocation evidence for this later plan entry; benchmark job stopped after first timed_out_600s at size 1024 (plan index 199).
known_timed_out_at_600s_from_run_log,run log line 14630,Tier 1,sfun_sin,benchmark-results-sfun-sin,74069637218,completed,failure,1024,215,sfun_sin,1024,,,,,,,2026-05-02T21:00:18.7860632Z,timed_out_600s,14630,##[warning]TIMEOUT: sfun_sin 1024 (>600s),The simulator invocation reached the workflow timeout command threshold (>600s); the job loop broke after this failure.
unknown_not_attempted_after_prior_failure,no downloaded CSV row and no OK/TIMEOUT/CRASH log event for this workflow size,Tier 1,sfun_sin,benchmark-results-sfun-sin,74069637218,completed,failure,2048,216,sfun_sin,2048,,,,,,,,,,,No invocation evidence for this later plan entry; benchmark job stopped after first timed_out_600s at size 1024 (plan index 215).
unknown_not_attempted_after_prior_failure,no downloaded CSV row and no OK/TIMEOUT/CRASH log event for this workflow size,Tier 1,sfun_sin,benchmark-results-sfun-sin,74069637218,completed,failure,4096,217,sfun_sin,4096,,,,,,,,,,,No invocation evidence for this later plan entry; benchmark job stopped after first timed_out_600s at size 1024 (plan index 215).
unknown_not_attempted_after_prior_failure,no downloaded CSV row and no OK/TIMEOUT/CRASH log event for this workflow size,Tier 1,sfun_sin,benchmark-results-sfun-sin,74069637218,completed,failure,8192,218,sfun_sin,8192,,,,,,,,,,,No invocation evidence for this later plan entry; benchmark job stopped after first timed_out_600s at size 1024 (plan index 215).
unknown_not_attempted_after_prior_failure,no downloaded CSV row and no OK/TIMEOUT/CRASH log event for this workflow size,Tier 1,sfun_sin,benchmark-results-sfun-sin,74069637218,completed,failure,16384,219,sfun_sin,16384,,,,,,,,,,,No invocation evidence for this later plan entry; benchmark job stopped after first timed_out_600s at size 1024 (plan index 215).
unknown_not_attempted_after_prior_failure,no downloaded CSV row and no OK/TIMEOUT/CRASH log event for this workflow size,Tier 1,sfun_sin,benchmark-results-sfun-sin,74069637218,completed,failure,32768,220,sfun_sin,32768,,,,,,,,,,,No invocation evidence for this later plan entry; benchmark job stopped after first timed_out_600s at size 1024 (plan index 215).
unknown_not_attempted_after_prior_failure,no downloaded CSV row and no OK/TIMEOUT/CRASH log event for this workflow size,Tier 1,sfun_sin,benchmark-results-sfun-sin,74069637218,completed,failure,65536,221,sfun_sin,65536,,,,,,,,,,,No invocation evidence for this later plan entry; benchmark job stopped after first timed_out_600s at size 1024 (plan index 215).
unknown_not_attempted_after_prior_failure,no downloaded CSV row and no OK/TIMEOUT/CRASH log event for this workflow size,Tier 1,sfun_sin,benchmark-results-sfun-sin,74069637218,completed,failure,131072,222,sfun_sin,131072,,,,,,,,,,,No invocation evidence for this later plan entry; benchmark job stopped after first timed_out_600s at size 1024 (plan index 215).
unknown_not_attempted_after_prior_failure,no downloaded CSV row and no OK/TIMEOUT/CRASH log event for this workflow size,Tier 1,sfun_sin,benchmark-results-sfun-sin,74069637218,completed,failure,262144,223,sfun_sin,262144,,,,,,,,,,,No invocation evidence for this later plan entry; benchmark job stopped after first timed_out_600s at size 1024 (plan index 215).
unknown_not_attempted_after_prior_failure,no downloaded CSV row and no OK/TIMEOUT/CRASH log event for this workflow size,Tier 1,sfun_sin,benchmark-results-sfun-sin,74069637218,completed,failure,524288,224,sfun_sin,524288,,,,,,,,,,,No invocation evidence for this later plan entry; benchmark job stopped after first timed_out_600s at size 1024 (plan index 215).
unknown_not_attempted_after_prior_failure,no downloaded CSV row and no OK/TIMEOUT/CRASH log event for this workflow size,Tier 1,sfun_sin,benchmark-results-sfun-sin,74069637218,completed,failure,1048576,225,sfun_sin,1048576,,,,,,,,,,,No invocation evidence for this later plan entry; benchmark job stopped after first timed_out_600s at size 1024 (plan index 215).
unknown_not_attempted_after_prior_failure,no downloaded CSV row and no OK/TIMEOUT/CRASH log event for this workflow size,Tier 1,sfun_sin,benchmark-results-sfun-sin,74069637218,completed,failure,2097152,226,sfun_sin,2097152,,,,,,,,,,,No invocation evidence for this later plan entry; benchmark job stopped after first timed_out_600s at size 1024 (plan index 215).
unknown_not_attempted_after_prior_failure,no downloaded CSV row and no OK/TIMEOUT/CRASH log event for this workflow size,Tier 1,sfun_sin,benchmark-results-sfun-sin,74069637218,completed,failure,4194304,227,sfun_sin,4194304,,,,,,,,,,,No invocation evidence for this later plan entry; benchmark job stopped after first timed_out_600s at size 1024 (plan index 215).
unknown_not_attempted_after_prior_failure,no downloaded CSV row and no OK/TIMEOUT/CRASH log event for this workflow size,Tier 1,sfun_sin,benchmark-results-sfun-sin,74069637218,completed,failure,8388608,228,sfun_sin,8388608,,,,,,,,,,,No invocation evidence for this later plan entry; benchmark job stopped after first timed_out_600s at size 1024 (plan index 215).
unknown_not_attempted_after_prior_failure,no downloaded CSV row and no OK/TIMEOUT/CRASH log event for this workflow size,Tier 1,sfun_sin,benchmark-results-sfun-sin,74069637218,completed,failure,16777216,229,sfun_sin,16777216,,,,,,,,,,,No invocation evidence for this later plan entry; benchmark job stopped after first timed_out_600s at size 1024 (plan index 215).
known_finished_from_downloaded_benchmark_results_csv_and_run_log_ok,downloaded artifact benchmark-results-occupancy-fma/results_occupancy_fma.csv plus run log line 12588,Tier 1,occupancy_fma,benchmark-results-occupancy-fma,74069637214,completed,failure,1024,230,occupancy_fma,1024,occupancy_fma,1024,1,0.012537,0.012537,0.012537,2026-05-02T21:00:26.4309476Z,finished,12588,[OK] occupancy_fma 1024 -> 0.012537 ms,"Workflow-size invocation finished within the 600s timeout and emitted a CSV row. For plan rows sharing one workflow size, this is invocation-level evidence, not independent per-hardware-kernel timing evidence."
known_finished_from_downloaded_benchmark_results_csv_and_run_log_ok,downloaded artifact benchmark-results-occupancy-fma/results_occupancy_fma.csv plus run log line 12592,Tier 1,occupancy_fma,benchmark-results-occupancy-fma,74069637214,completed,failure,2048,231,occupancy_fma,2048,occupancy_fma,2048,1,0.012472,0.012472,0.012472,2026-05-02T21:00:28.0892563Z,finished,12592,[OK] occupancy_fma 2048 -> 0.012472 ms,"Workflow-size invocation finished within the 600s timeout and emitted a CSV row. For plan rows sharing one workflow size, this is invocation-level evidence, not independent per-hardware-kernel timing evidence."
known_finished_from_downloaded_benchmark_results_csv_and_run_log_ok,downloaded artifact benchmark-results-occupancy-fma/results_occupancy_fma.csv plus run log line 12596,Tier 1,occupancy_fma,benchmark-results-occupancy-fma,74069637214,completed,failure,4096,232,occupancy_fma,4096,occupancy_fma,4096,1,0.012540,0.012540,0.012540,2026-05-02T21:00:31.3585573Z,finished,12596,[OK] occupancy_fma 4096 -> 0.012540 ms,"Workflow-size invocation finished within the 600s timeout and emitted a CSV row. For plan rows sharing one workflow size, this is invocation-level evidence, not independent per-hardware-kernel timing evidence."
known_finished_from_downloaded_benchmark_results_csv_and_run_log_ok,downloaded artifact benchmark-results-occupancy-fma/results_occupancy_fma.csv plus run log line 12600,Tier 1,occupancy_fma,benchmark-results-occupancy-fma,74069637214,completed,failure,8192,233,occupancy_fma,8192,occupancy_fma,8192,1,0.012542,0.012542,0.012542,2026-05-02T21:00:41.7401612Z,finished,12600,[OK] occupancy_fma 8192 -> 0.012542 ms,"Workflow-size invocation finished within the 600s timeout and emitted a CSV row. For plan rows sharing one workflow size, this is invocation-level evidence, not independent per-hardware-kernel timing evidence."
known_finished_from_downloaded_benchmark_results_csv_and_run_log_ok,downloaded artifact benchmark-results-occupancy-fma/results_occupancy_fma.csv plus run log line 12604,Tier 1,occupancy_fma,benchmark-results-occupancy-fma,74069637214,completed,failure,16384,234,occupancy_fma,16384,occupancy_fma,16384,1,0.012551,0.012551,0.012551,2026-05-02T21:01:08.6127889Z,finished,12604,[OK] occupancy_fma 16384 -> 0.012551 ms,"Workflow-size invocation finished within the 600s timeout and emitted a CSV row. For plan rows sharing one workflow size, this is invocation-level evidence, not independent per-hardware-kernel timing evidence."
known_finished_from_downloaded_benchmark_results_csv_and_run_log_ok,downloaded artifact benchmark-results-occupancy-fma/results_occupancy_fma.csv plus run log line 12608,Tier 1,occupancy_fma,benchmark-results-occupancy-fma,74069637214,completed,failure,32768,235,occupancy_fma,32768,occupancy_fma,32768,1,0.012649,0.012649,0.012649,2026-05-02T21:02:21.8765619Z,finished,12608,[OK] occupancy_fma 32768 -> 0.012649 ms,"Workflow-size invocation finished within the 600s timeout and emitted a CSV row. For plan rows sharing one workflow size, this is invocation-level evidence, not independent per-hardware-kernel timing evidence."
known_finished_from_downloaded_benchmark_results_csv_and_run_log_ok,downloaded artifact benchmark-results-occupancy-fma/results_occupancy_fma.csv plus run log line 12612,Tier 1,occupancy_fma,benchmark-results-occupancy-fma,74069637214,completed,failure,65536,236,occupancy_fma,65536,occupancy_fma,65536,1,0.012837,0.012837,0.012837,2026-05-02T21:05:25.3090948Z,finished,12612,[OK] occupancy_fma 65536 -> 0.012837 ms,"Workflow-size invocation finished within the 600s timeout and emitted a CSV row. For plan rows sharing one workflow size, this is invocation-level evidence, not independent per-hardware-kernel timing evidence."
known_finished_from_downloaded_benchmark_results_csv_and_run_log_ok,downloaded artifact benchmark-results-occupancy-fma/results_occupancy_fma.csv plus run log line 12616,Tier 1,occupancy_fma,benchmark-results-occupancy-fma,74069637214,completed,failure,131072,237,occupancy_fma,131072,occupancy_fma,131072,1,0.012559,0.012559,0.012559,2026-05-02T21:13:46.1188121Z,finished,12616,[OK] occupancy_fma 131072 -> 0.012559 ms,"Workflow-size invocation finished within the 600s timeout and emitted a CSV row. For plan rows sharing one workflow size, this is invocation-level evidence, not independent per-hardware-kernel timing evidence."
known_timed_out_at_600s_from_run_log,run log line 12620,Tier 1,occupancy_fma,benchmark-results-occupancy-fma,74069637214,completed,failure,262144,238,occupancy_fma,262144,,,,,,,2026-05-02T21:23:46.1902039Z,timed_out_600s,12620,##[warning]TIMEOUT: occupancy_fma 262144 (>600s),The simulator invocation reached the workflow timeout command threshold (>600s); the job loop broke after this failure.
unknown_not_attempted_after_prior_failure,no downloaded CSV row and no OK/TIMEOUT/CRASH log event for this workflow size,Tier 1,occupancy_fma,benchmark-results-occupancy-fma,74069637214,completed,failure,524288,239,occupancy_fma,524288,,,,,,,,,,,No invocation evidence for this later plan entry; benchmark job stopped after first timed_out_600s at size 262144 (plan index 238).
unknown_not_attempted_after_prior_failure,no downloaded CSV row and no OK/TIMEOUT/CRASH log event for this workflow size,Tier 1,occupancy_fma,benchmark-results-occupancy-fma,74069637214,completed,failure,1048576,240,occupancy_fma,1048576,,,,,,,,,,,No invocation evidence for this later plan entry; benchmark job stopped after first timed_out_600s at size 262144 (plan index 238).
unknown_not_attempted_after_prior_failure,no downloaded CSV row and no OK/TIMEOUT/CRASH log event for this workflow size,Tier 1,occupancy_fma,benchmark-results-occupancy-fma,74069637214,completed,failure,2097152,241,occupancy_fma,2097152,,,,,,,,,,,No invocation evidence for this later plan entry; benchmark job stopped after first timed_out_600s at size 262144 (plan index 238).
unknown_not_attempted_after_prior_failure,no downloaded CSV row and no OK/TIMEOUT/CRASH log event for this workflow size,Tier 1,occupancy_fma,benchmark-results-occupancy-fma,74069637214,completed,failure,4194304,242,occupancy_fma,4194304,,,,,,,,,,,No invocation evidence for this later plan entry; benchmark job stopped after first timed_out_600s at size 262144 (plan index 238).
unknown_not_attempted_after_prior_failure,no downloaded CSV row and no OK/TIMEOUT/CRASH log event for this workflow size,Tier 1,occupancy_fma,benchmark-results-occupancy-fma,74069637214,completed,failure,8388608,243,occupancy_fma,8388608,,,,,,,,,,,No invocation evidence for this later plan entry; benchmark job stopped after first timed_out_600s at size 262144 (plan index 238).
unknown_not_attempted_after_prior_failure,no downloaded CSV row and no OK/TIMEOUT/CRASH log event for this workflow size,Tier 1,occupancy_fma,benchmark-results-occupancy-fma,74069637214,completed,failure,16777216,244,occupancy_fma,16777216,,,,,,,,,,,No invocation evidence for this later plan entry; benchmark job stopped after first timed_out_600s at size 262144 (plan index 238).
unknown_not_attempted_after_prior_failure,no downloaded CSV row and no OK/TIMEOUT/CRASH log event for this workflow size,Tier 1,occupancy_fma,benchmark-results-occupancy-fma,74069637214,completed,failure,33554432,245,occupancy_fma,33554432,,,,,,,,,,,No invocation evidence for this later plan entry; benchmark job stopped after first timed_out_600s at size 262144 (plan index 238).
known_timed_out_at_600s_from_run_log,run log line 12027,Tier 1,atomic_throughput,benchmark-results-atomic-throughput,74069637213,completed,failure,1024,246,atomic_throughput,1024,,,,,,,2026-05-02T21:10:26.2859003Z,timed_out_600s,12027,##[warning]TIMEOUT: atomic_throughput 1024 (>600s),The simulator invocation reached the workflow timeout command threshold (>600s); the job loop broke after this failure.
unknown_not_attempted_after_prior_failure,no downloaded CSV row and no OK/TIMEOUT/CRASH log event for this workflow size,Tier 1,atomic_throughput,benchmark-results-atomic-throughput,74069637213,completed,failure,2048,247,atomic_throughput,2048,,,,,,,,,,,No invocation evidence for this later plan entry; benchmark job stopped after first timed_out_600s at size 1024 (plan index 246).
unknown_not_attempted_after_prior_failure,no downloaded CSV row and no OK/TIMEOUT/CRASH log event for this workflow size,Tier 1,atomic_throughput,benchmark-results-atomic-throughput,74069637213,completed,failure,4096,248,atomic_throughput,4096,,,,,,,,,,,No invocation evidence for this later plan entry; benchmark job stopped after first timed_out_600s at size 1024 (plan index 246).
unknown_not_attempted_after_prior_failure,no downloaded CSV row and no OK/TIMEOUT/CRASH log event for this workflow size,Tier 1,atomic_throughput,benchmark-results-atomic-throughput,74069637213,completed,failure,8192,249,atomic_throughput,8192,,,,,,,,,,,No invocation evidence for this later plan entry; benchmark job stopped after first timed_out_600s at size 1024 (plan index 246).
unknown_not_attempted_after_prior_failure,no downloaded CSV row and no OK/TIMEOUT/CRASH log event for this workflow size,Tier 1,atomic_throughput,benchmark-results-atomic-throughput,74069637213,completed,failure,16384,250,atomic_throughput,16384,,,,,,,,,,,No invocation evidence for this later plan entry; benchmark job stopped after first timed_out_600s at size 1024 (plan index 246).
unknown_not_attempted_after_prior_failure,no downloaded CSV row and no OK/TIMEOUT/CRASH log event for this workflow size,Tier 1,atomic_throughput,benchmark-results-atomic-throughput,74069637213,completed,failure,32768,251,atomic_throughput,32768,,,,,,,,,,,No invocation evidence for this later plan entry; benchmark job stopped after first timed_out_600s at size 1024 (plan index 246).
unknown_not_attempted_after_prior_failure,no downloaded CSV row and no OK/TIMEOUT/CRASH log event for this workflow size,Tier 1,atomic_throughput,benchmark-results-atomic-throughput,74069637213,completed,failure,65536,252,atomic_throughput,65536,,,,,,,,,,,No invocation evidence for this later plan entry; benchmark job stopped after first timed_out_600s at size 1024 (plan index 246).
unknown_not_attempted_after_prior_failure,no downloaded CSV row and no OK/TIMEOUT/CRASH log event for this workflow size,Tier 1,atomic_throughput,benchmark-results-atomic-throughput,74069637213,completed,failure,131072,253,atomic_throughput,131072,,,,,,,,,,,No invocation evidence for this later plan entry; benchmark job stopped after first timed_out_600s at size 1024 (plan index 246).
unknown_not_attempted_after_prior_failure,no downloaded CSV row and no OK/TIMEOUT/CRASH log event for this workflow size,Tier 1,atomic_throughput,benchmark-results-atomic-throughput,74069637213,completed,failure,262144,254,atomic_throughput,262144,,,,,,,,,,,No invocation evidence for this later plan entry; benchmark job stopped after first timed_out_600s at size 1024 (plan index 246).
unknown_not_attempted_after_prior_failure,no downloaded CSV row and no OK/TIMEOUT/CRASH log event for this workflow size,Tier 1,atomic_throughput,benchmark-results-atomic-throughput,74069637213,completed,failure,524288,255,atomic_throughput,524288,,,,,,,,,,,No invocation evidence for this later plan entry; benchmark job stopped after first timed_out_600s at size 1024 (plan index 246).
unknown_not_attempted_after_prior_failure,no downloaded CSV row and no OK/TIMEOUT/CRASH log event for this workflow size,Tier 1,atomic_throughput,benchmark-results-atomic-throughput,74069637213,completed,failure,1048576,256,atomic_throughput,1048576,,,,,,,,,,,No invocation evidence for this later plan entry; benchmark job stopped after first timed_out_600s at size 1024 (plan index 246).
known_finished_from_downloaded_benchmark_results_csv_and_run_log_ok,downloaded artifact benchmark-results-branch-div-50pct/results_branch_div_50pct.csv plus run log line 16088,Tier 1,branch_div_50pct,benchmark-results-branch-div-50pct,74069637220,completed,failure,1024,257,branch_div_50pct,1024,branch_div_50pct,1024,1,0.003396,0.003396,0.003396,2026-05-02T21:00:25.7778312Z,finished,16088,[OK] branch_div_50pct 1024 -> 0.003396 ms,"Workflow-size invocation finished within the 600s timeout and emitted a CSV row. For plan rows sharing one workflow size, this is invocation-level evidence, not independent per-hardware-kernel timing evidence."
known_finished_from_downloaded_benchmark_results_csv_and_run_log_ok,downloaded artifact benchmark-results-branch-div-50pct/results_branch_div_50pct.csv plus run log line 16092,Tier 1,branch_div_50pct,benchmark-results-branch-div-50pct,74069637220,completed,failure,2048,258,branch_div_50pct,2048,branch_div_50pct,2048,1,0.003368,0.003368,0.003368,2026-05-02T21:00:26.2662541Z,finished,16092,[OK] branch_div_50pct 2048 -> 0.003368 ms,"Workflow-size invocation finished within the 600s timeout and emitted a CSV row. For plan rows sharing one workflow size, this is invocation-level evidence, not independent per-hardware-kernel timing evidence."
known_finished_from_downloaded_benchmark_results_csv_and_run_log_ok,downloaded artifact benchmark-results-branch-div-50pct/results_branch_div_50pct.csv plus run log line 16096,Tier 1,branch_div_50pct,benchmark-results-branch-div-50pct,74069637220,completed,failure,4096,259,branch_div_50pct,4096,branch_div_50pct,4096,1,0.003395,0.003395,0.003395,2026-05-02T21:00:27.0479216Z,finished,16096,[OK] branch_div_50pct 4096 -> 0.003395 ms,"Workflow-size invocation finished within the 600s timeout and emitted a CSV row. For plan rows sharing one workflow size, this is invocation-level evidence, not independent per-hardware-kernel timing evidence."
known_finished_from_downloaded_benchmark_results_csv_and_run_log_ok,downloaded artifact benchmark-results-branch-div-50pct/results_branch_div_50pct.csv plus run log line 16100,Tier 1,branch_div_50pct,benchmark-results-branch-div-50pct,74069637220,completed,failure,8192,260,branch_div_50pct,8192,branch_div_50pct,8192,1,0.003402,0.003402,0.003402,2026-05-02T21:00:28.5048594Z,finished,16100,[OK] branch_div_50pct 8192 -> 0.003402 ms,"Workflow-size invocation finished within the 600s timeout and emitted a CSV row. For plan rows sharing one workflow size, this is invocation-level evidence, not independent per-hardware-kernel timing evidence."
known_finished_from_downloaded_benchmark_results_csv_and_run_log_ok,downloaded artifact benchmark-results-branch-div-50pct/results_branch_div_50pct.csv plus run log line 16104,Tier 1,branch_div_50pct,benchmark-results-branch-div-50pct,74069637220,completed,failure,16384,261,branch_div_50pct,16384,branch_div_50pct,16384,1,0.003402,0.003402,0.003402,2026-05-02T21:00:32.0356161Z,finished,16104,[OK] branch_div_50pct 16384 -> 0.003402 ms,"Workflow-size invocation finished within the 600s timeout and emitted a CSV row. For plan rows sharing one workflow size, this is invocation-level evidence, not independent per-hardware-kernel timing evidence."
known_finished_from_downloaded_benchmark_results_csv_and_run_log_ok,downloaded artifact benchmark-results-branch-div-50pct/results_branch_div_50pct.csv plus run log line 16108,Tier 1,branch_div_50pct,benchmark-results-branch-div-50pct,74069637220,completed,failure,32768,262,branch_div_50pct,32768,branch_div_50pct,32768,1,0.003500,0.003500,0.003500,2026-05-02T21:00:42.0635851Z,finished,16108,[OK] branch_div_50pct 32768 -> 0.003500 ms,"Workflow-size invocation finished within the 600s timeout and emitted a CSV row. For plan rows sharing one workflow size, this is invocation-level evidence, not independent per-hardware-kernel timing evidence."
known_finished_from_downloaded_benchmark_results_csv_and_run_log_ok,downloaded artifact benchmark-results-branch-div-50pct/results_branch_div_50pct.csv plus run log line 16112,Tier 1,branch_div_50pct,benchmark-results-branch-div-50pct,74069637220,completed,failure,65536,263,branch_div_50pct,65536,branch_div_50pct,65536,1,0.003698,0.003698,0.003698,2026-05-02T21:01:07.6955003Z,finished,16112,[OK] branch_div_50pct 65536 -> 0.003698 ms,"Workflow-size invocation finished within the 600s timeout and emitted a CSV row. For plan rows sharing one workflow size, this is invocation-level evidence, not independent per-hardware-kernel timing evidence."
known_finished_from_downloaded_benchmark_results_csv_and_run_log_ok,downloaded artifact benchmark-results-branch-div-50pct/results_branch_div_50pct.csv plus run log line 16116,Tier 1,branch_div_50pct,benchmark-results-branch-div-50pct,74069637220,completed,failure,131072,264,branch_div_50pct,131072,branch_div_50pct,131072,1,0.004030,0.004030,0.004030,2026-05-02T21:02:16.0495225Z,finished,16116,[OK] branch_div_50pct 131072 -> 0.004030 ms,"Workflow-size invocation finished within the 600s timeout and emitted a CSV row. For plan rows sharing one workflow size, this is invocation-level evidence, not independent per-hardware-kernel timing evidence."
known_finished_from_downloaded_benchmark_results_csv_and_run_log_ok,downloaded artifact benchmark-results-branch-div-50pct/results_branch_div_50pct.csv plus run log line 16120,Tier 1,branch_div_50pct,benchmark-results-branch-div-50pct,74069637220,completed,failure,262144,265,branch_div_50pct,262144,branch_div_50pct,262144,1,0.005623,0.005623,0.005623,2026-05-02T21:06:10.0942975Z,finished,16120,[OK] branch_div_50pct 262144 -> 0.005623 ms,"Workflow-size invocation finished within the 600s timeout and emitted a CSV row. For plan rows sharing one workflow size, this is invocation-level evidence, not independent per-hardware-kernel timing evidence."
known_timed_out_at_600s_from_run_log,run log line 16124,Tier 1,branch_div_50pct,benchmark-results-branch-div-50pct,74069637220,completed,failure,524288,266,branch_div_50pct,524288,,,,,,,2026-05-02T21:16:10.1271241Z,timed_out_600s,16124,##[warning]TIMEOUT: branch_div_50pct 524288 (>600s),The simulator invocation reached the workflow timeout command threshold (>600s); the job loop broke after this failure.
unknown_not_attempted_after_prior_failure,no downloaded CSV row and no OK/TIMEOUT/CRASH log event for this workflow size,Tier 1,branch_div_50pct,benchmark-results-branch-div-50pct,74069637220,completed,failure,1048576,267,branch_div_50pct,1048576,,,,,,,,,,,No invocation evidence for this later plan entry; benchmark job stopped after first timed_out_600s at size 524288 (plan index 266).
unknown_not_attempted_after_prior_failure,no downloaded CSV row and no OK/TIMEOUT/CRASH log event for this workflow size,Tier 1,branch_div_50pct,benchmark-results-branch-div-50pct,74069637220,completed,failure,2097152,268,branch_div_50pct,2097152,,,,,,,,,,,No invocation evidence for this later plan entry; benchmark job stopped after first timed_out_600s at size 524288 (plan index 266).
unknown_not_attempted_after_prior_failure,no downloaded CSV row and no OK/TIMEOUT/CRASH log event for this workflow size,Tier 1,branch_div_50pct,benchmark-results-branch-div-50pct,74069637220,completed,failure,4194304,269,branch_div_50pct,4194304,,,,,,,,,,,No invocation evidence for this later plan entry; benchmark job stopped after first timed_out_600s at size 524288 (plan index 266).
unknown_not_attempted_after_prior_failure,no downloaded CSV row and no OK/TIMEOUT/CRASH log event for this workflow size,Tier 1,branch_div_50pct,benchmark-results-branch-div-50pct,74069637220,completed,failure,8388608,270,branch_div_50pct,8388608,,,,,,,,,,,No invocation evidence for this later plan entry; benchmark job stopped after first timed_out_600s at size 524288 (plan index 266).
unknown_not_attempted_after_prior_failure,no downloaded CSV row and no OK/TIMEOUT/CRASH log event for this workflow size,Tier 1,branch_div_50pct,benchmark-results-branch-div-50pct,74069637220,completed,failure,16777216,271,branch_div_50pct,16777216,,,,,,,,,,,No invocation evidence for this later plan entry; benchmark job stopped after first timed_out_600s at size 524288 (plan index 266).
unknown_not_attempted_after_prior_failure,no downloaded CSV row and no OK/TIMEOUT/CRASH log event for this workflow size,Tier 1,branch_div_50pct,benchmark-results-branch-div-50pct,74069637220,completed,failure,33554432,272,branch_div_50pct,33554432,,,,,,,,,,,No invocation evidence for this later plan entry; benchmark job stopped after first timed_out_600s at size 524288 (plan index 266).
known_finished_from_downloaded_benchmark_results_csv_and_run_log_ok,downloaded artifact benchmark-results-triad/results_triad.csv plus run log line 16698,Tier 1,triad,benchmark-results-triad,74069637221,completed,failure,1024,273,triad,1024,triad,1024,1,559000000.000000,559000000.000000,559000000.000000,2026-05-02T21:00:26.5105983Z,finished,16698,[OK] triad 1024 -> 559000000.000000 ms,"Workflow-size invocation finished within the 600s timeout and emitted a CSV row. For plan rows sharing one workflow size, this is invocation-level evidence, not independent per-hardware-kernel timing evidence."
known_finished_from_downloaded_benchmark_results_csv_and_run_log_ok,downloaded artifact benchmark-results-triad/results_triad.csv plus run log line 16702,Tier 1,triad,benchmark-results-triad,74069637221,completed,failure,2048,274,triad,2048,triad,2048,1,560000000.000000,560000000.000000,560000000.000000,2026-05-02T21:00:26.7217081Z,finished,16702,[OK] triad 2048 -> 560000000.000000 ms,"Workflow-size invocation finished within the 600s timeout and emitted a CSV row. For plan rows sharing one workflow size, this is invocation-level evidence, not independent per-hardware-kernel timing evidence."
known_finished_from_downloaded_benchmark_results_csv_and_run_log_ok,downloaded artifact benchmark-results-triad/results_triad.csv plus run log line 16706,Tier 1,triad,benchmark-results-triad,74069637221,completed,failure,4096,275,triad,4096,triad,4096,1,565000000.000000,565000000.000000,565000000.000000,2026-05-02T21:00:26.9632720Z,finished,16706,[OK] triad 4096 -> 565000000.000000 ms,"Workflow-size invocation finished within the 600s timeout and emitted a CSV row. For plan rows sharing one workflow size, this is invocation-level evidence, not independent per-hardware-kernel timing evidence."
known_finished_from_downloaded_benchmark_results_csv_and_run_log_ok,downloaded artifact benchmark-results-triad/results_triad.csv plus run log line 16710,Tier 1,triad,benchmark-results-triad,74069637221,completed,failure,8192,276,triad,8192,triad,8192,1,571000000.000000,571000000.000000,571000000.000000,2026-05-02T21:00:27.2562423Z,finished,16710,[OK] triad 8192 -> 571000000.000000 ms,"Workflow-size invocation finished within the 600s timeout and emitted a CSV row. For plan rows sharing one workflow size, this is invocation-level evidence, not independent per-hardware-kernel timing evidence."
known_finished_from_downloaded_benchmark_results_csv_and_run_log_ok,downloaded artifact benchmark-results-triad/results_triad.csv plus run log line 16714,Tier 1,triad,benchmark-results-triad,74069637221,completed,failure,16384,277,triad,16384,triad,16384,1,672000000.000000,672000000.000000,672000000.000000,2026-05-02T21:00:27.6614791Z,finished,16714,[OK] triad 16384 -> 672000000.000000 ms,"Workflow-size invocation finished within the 600s timeout and emitted a CSV row. For plan rows sharing one workflow size, this is invocation-level evidence, not independent per-hardware-kernel timing evidence."
known_finished_from_downloaded_benchmark_results_csv_and_run_log_ok,downloaded artifact benchmark-results-triad/results_triad.csv plus run log line 16718,Tier 1,triad,benchmark-results-triad,74069637221,completed,failure,32768,278,triad,32768,triad,32768,1,946000000.000000,946000000.000000,946000000.000000,2026-05-02T21:00:28.3094121Z,finished,16718,[OK] triad 32768 -> 946000000.000000 ms,"Workflow-size invocation finished within the 600s timeout and emitted a CSV row. For plan rows sharing one workflow size, this is invocation-level evidence, not independent per-hardware-kernel timing evidence."
known_finished_from_downloaded_benchmark_results_csv_and_run_log_ok,downloaded artifact benchmark-results-triad/results_triad.csv plus run log line 16722,Tier 1,triad,benchmark-results-triad,74069637221,completed,failure,65536,279,triad,65536,triad,65536,1,0.001544,0.001544,0.001544,2026-05-02T21:00:29.5051284Z,finished,16722,[OK] triad 65536 -> 0.001544 ms,"Workflow-size invocation finished within the 600s timeout and emitted a CSV row. For plan rows sharing one workflow size, this is invocation-level evidence, not independent per-hardware-kernel timing evidence."
known_finished_from_downloaded_benchmark_results_csv_and_run_log_ok,downloaded artifact benchmark-results-triad/results_triad.csv plus run log line 16726,Tier 1,triad,benchmark-results-triad,74069637221,completed,failure,131072,280,triad,131072,triad,131072,1,0.002755,0.002755,0.002755,2026-05-02T21:00:32.1644459Z,finished,16726,[OK] triad 131072 -> 0.002755 ms,"Workflow-size invocation finished within the 600s timeout and emitted a CSV row. For plan rows sharing one workflow size, this is invocation-level evidence, not independent per-hardware-kernel timing evidence."
known_finished_from_downloaded_benchmark_results_csv_and_run_log_ok,downloaded artifact benchmark-results-triad/results_triad.csv plus run log line 16730,Tier 1,triad,benchmark-results-triad,74069637221,completed,failure,262144,281,triad,262144,triad,262144,1,0.005181,0.005181,0.005181,2026-05-02T21:00:38.0836138Z,finished,16730,[OK] triad 262144 -> 0.005181 ms,"Workflow-size invocation finished within the 600s timeout and emitted a CSV row. For plan rows sharing one workflow size, this is invocation-level evidence, not independent per-hardware-kernel timing evidence."
known_finished_from_downloaded_benchmark_results_csv_and_run_log_ok,downloaded artifact benchmark-results-triad/results_triad.csv plus run log line 16734,Tier 1,triad,benchmark-results-triad,74069637221,completed,failure,524288,282,triad,524288,triad,524288,1,0.010071,0.010071,0.010071,2026-05-02T21:00:55.2102681Z,finished,16734,[OK] triad 524288 -> 0.010071 ms,"Workflow-size invocation finished within the 600s timeout and emitted a CSV row. For plan rows sharing one workflow size, this is invocation-level evidence, not independent per-hardware-kernel timing evidence."
known_finished_from_downloaded_benchmark_results_csv_and_run_log_ok,downloaded artifact benchmark-results-triad/results_triad.csv plus run log line 16738,Tier 1,triad,benchmark-results-triad,74069637221,completed,failure,1048576,283,triad,1048576,triad,1048576,1,0.019816,0.019816,0.019816,2026-05-02T21:01:48.6258958Z,finished,16738,[OK] triad 1048576 -> 0.019816 ms,"Workflow-size invocation finished within the 600s timeout and emitted a CSV row. For plan rows sharing one workflow size, this is invocation-level evidence, not independent per-hardware-kernel timing evidence."
known_finished_from_downloaded_benchmark_results_csv_and_run_log_ok,downloaded artifact benchmark-results-triad/results_triad.csv plus run log line 16742,Tier 1,triad,benchmark-results-triad,74069637221,completed,failure,2097152,284,triad,2097152,triad,2097152,1,0.039202,0.039202,0.039202,2026-05-02T21:03:47.6070287Z,finished,16742,[OK] triad 2097152 -> 0.039202 ms,"Workflow-size invocation finished within the 600s timeout and emitted a CSV row. For plan rows sharing one workflow size, this is invocation-level evidence, not independent per-hardware-kernel timing evidence."
known_finished_from_downloaded_benchmark_results_csv_and_run_log_ok,downloaded artifact benchmark-results-triad/results_triad.csv plus run log line 16746,Tier 1,triad,benchmark-results-triad,74069637221,completed,failure,4194304,285,triad,4194304,triad,4194304,1,0.077992,0.077992,0.077992,2026-05-02T21:12:52.2996966Z,finished,16746,[OK] triad 4194304 -> 0.077992 ms,"Workflow-size invocation finished within the 600s timeout and emitted a CSV row. For plan rows sharing one workflow size, this is invocation-level evidence, not independent per-hardware-kernel timing evidence."
known_timed_out_at_600s_from_run_log,run log line 16750,Tier 1,triad,benchmark-results-triad,74069637221,completed,failure,8388608,286,triad,8388608,,,,,,,2026-05-02T21:22:52.3539674Z,timed_out_600s,16750,##[warning]TIMEOUT: triad 8388608 (>600s),The simulator invocation reached the workflow timeout command threshold (>600s); the job loop broke after this failure.
unknown_not_attempted_after_prior_failure,no downloaded CSV row and no OK/TIMEOUT/CRASH log event for this workflow size,Tier 1,triad,benchmark-results-triad,74069637221,completed,failure,16777216,287,triad,16777216,,,,,,,,,,,No invocation evidence for this later plan entry; benchmark job stopped after first timed_out_600s at size 8388608 (plan index 286).
unknown_not_attempted_after_prior_failure,no downloaded CSV row and no OK/TIMEOUT/CRASH log event for this workflow size,Tier 1,triad,benchmark-results-triad,74069637221,completed,failure,33554432,288,triad,33554432,,,,,,,,,,,No invocation evidence for this later plan entry; benchmark job stopped after first timed_out_600s at size 8388608 (plan index 286).
unknown_not_attempted_after_prior_failure,no downloaded CSV row and no OK/TIMEOUT/CRASH log event for this workflow size,Tier 1,triad,benchmark-results-triad,74069637221,completed,failure,67108864,289,triad,67108864,,,,,,,,,,,No invocation evidence for this later plan entry; benchmark job stopped after first timed_out_600s at size 8388608 (plan index 286).
unknown_not_attempted_after_prior_failure,no downloaded CSV row and no OK/TIMEOUT/CRASH log event for this workflow size,Tier 1,triad,benchmark-results-triad,74069637221,completed,failure,134217728,290,triad,134217728,,,,,,,,,,,No invocation evidence for this later plan entry; benchmark job stopped after first timed_out_600s at size 8388608 (plan index 286).
known_finished_from_downloaded_benchmark_results_csv_and_run_log_ok,downloaded artifact benchmark-results-reduction/results_reduction.csv plus run log line 17553,Tier 1,reduction,benchmark-results-reduction,74069637230,completed,failure,512,291,reduction,512,reduction,512,1,0.001045,0.001045,0.001045,2026-05-02T21:01:42.3459488Z,finished,17553,[OK] reduction 512 -> 0.001045 ms,"Workflow-size invocation finished within the 600s timeout and emitted a CSV row. For plan rows sharing one workflow size, this is invocation-level evidence, not independent per-hardware-kernel timing evidence."
known_finished_from_downloaded_benchmark_results_csv_and_run_log_ok,downloaded artifact benchmark-results-reduction/results_reduction.csv plus run log line 17557,Tier 1,reduction,benchmark-results-reduction,74069637230,completed,failure,1024,292,reduction,1024,reduction,1024,1,0.001863,0.001863,0.001863,2026-05-02T21:01:42.5449001Z,finished,17557,[OK] reduction 1024 -> 0.001863 ms,"Workflow-size invocation finished within the 600s timeout and emitted a CSV row. For plan rows sharing one workflow size, this is invocation-level evidence, not independent per-hardware-kernel timing evidence."
known_finished_from_downloaded_benchmark_results_csv_and_run_log_ok,downloaded artifact benchmark-results-reduction/results_reduction.csv plus run log line 17561,Tier 1,reduction,benchmark-results-reduction,74069637230,completed,failure,2048,293,reduction,2048,reduction,2048,1,0.001867,0.001867,0.001867,2026-05-02T21:01:42.8317456Z,finished,17561,[OK] reduction 2048 -> 0.001867 ms,"Workflow-size invocation finished within the 600s timeout and emitted a CSV row. For plan rows sharing one workflow size, this is invocation-level evidence, not independent per-hardware-kernel timing evidence."
known_finished_from_downloaded_benchmark_results_csv_and_run_log_ok,downloaded artifact benchmark-results-reduction/results_reduction.csv plus run log line 17565,Tier 1,reduction,benchmark-results-reduction,74069637230,completed,failure,4096,294,reduction,4096,reduction,4096,1,0.001863,0.001863,0.001863,2026-05-02T21:01:43.0812949Z,finished,17565,[OK] reduction 4096 -> 0.001863 ms,"Workflow-size invocation finished within the 600s timeout and emitted a CSV row. For plan rows sharing one workflow size, this is invocation-level evidence, not independent per-hardware-kernel timing evidence."
known_finished_from_downloaded_benchmark_results_csv_and_run_log_ok,downloaded artifact benchmark-results-reduction/results_reduction.csv plus run log line 17569,Tier 1,reduction,benchmark-results-reduction,74069637230,completed,failure,8192,295,reduction,8192,reduction,8192,1,0.001864,0.001864,0.001864,2026-05-02T21:01:43.3999633Z,finished,17569,[OK] reduction 8192 -> 0.001864 ms,"Workflow-size invocation finished within the 600s timeout and emitted a CSV row. For plan rows sharing one workflow size, this is invocation-level evidence, not independent per-hardware-kernel timing evidence."
known_finished_from_downloaded_benchmark_results_csv_and_run_log_ok,downloaded artifact benchmark-results-reduction/results_reduction.csv plus run log line 17573,Tier 1,reduction,benchmark-results-reduction,74069637230,completed,failure,16384,296,reduction,16384,reduction,16384,1,0.001865,0.001865,0.001865,2026-05-02T21:01:43.8699039Z,finished,17573,[OK] reduction 16384 -> 0.001865 ms,"Workflow-size invocation finished within the 600s timeout and emitted a CSV row. For plan rows sharing one workflow size, this is invocation-level evidence, not independent per-hardware-kernel timing evidence."
known_finished_from_downloaded_benchmark_results_csv_and_run_log_ok,downloaded artifact benchmark-results-reduction/results_reduction.csv plus run log line 17577,Tier 1,reduction,benchmark-results-reduction,74069637230,completed,failure,32768,297,reduction,32768,reduction,32768,1,0.001890,0.001890,0.001890,2026-05-02T21:01:44.7098679Z,finished,17577,[OK] reduction 32768 -> 0.001890 ms,"Workflow-size invocation finished within the 600s timeout and emitted a CSV row. For plan rows sharing one workflow size, this is invocation-level evidence, not independent per-hardware-kernel timing evidence."
known_finished_from_downloaded_benchmark_results_csv_and_run_log_ok,downloaded artifact benchmark-results-reduction/results_reduction.csv plus run log line 17581,Tier 1,reduction,benchmark-results-reduction,74069637230,completed,failure,65536,298,reduction,65536,reduction,65536,1,0.002086,0.002086,0.002086,2026-05-02T21:01:46.3670759Z,finished,17581,[OK] reduction 65536 -> 0.002086 ms,"Workflow-size invocation finished within the 600s timeout and emitted a CSV row. For plan rows sharing one workflow size, this is invocation-level evidence, not independent per-hardware-kernel timing evidence."
known_finished_from_downloaded_benchmark_results_csv_and_run_log_ok,downloaded artifact benchmark-results-reduction/results_reduction.csv plus run log line 17585,Tier 1,reduction,benchmark-results-reduction,74069637230,completed,failure,131072,299,reduction,131072,reduction,131072,1,0.002518,0.002518,0.002518,2026-05-02T21:01:49.6630607Z,finished,17585,[OK] reduction 131072 -> 0.002518 ms,"Workflow-size invocation finished within the 600s timeout and emitted a CSV row. For plan rows sharing one workflow size, this is invocation-level evidence, not independent per-hardware-kernel timing evidence."
known_finished_from_downloaded_benchmark_results_csv_and_run_log_ok,downloaded artifact benchmark-results-reduction/results_reduction.csv plus run log line 17589,Tier 1,reduction,benchmark-results-reduction,74069637230,completed,failure,262144,300,reduction,262144,reduction,262144,1,0.003398,0.003398,0.003398,2026-05-02T21:01:57.1499431Z,finished,17589,[OK] reduction 262144 -> 0.003398 ms,"Workflow-size invocation finished within the 600s timeout and emitted a CSV row. For plan rows sharing one workflow size, this is invocation-level evidence, not independent per-hardware-kernel timing evidence."
known_finished_from_downloaded_benchmark_results_csv_and_run_log_ok,downloaded artifact benchmark-results-reduction/results_reduction.csv plus run log line 17593,Tier 1,reduction,benchmark-results-reduction,74069637230,completed,failure,524288,301,reduction,524288,reduction,524288,1,0.006026,0.006026,0.006026,2026-05-02T21:02:16.8651418Z,finished,17593,[OK] reduction 524288 -> 0.006026 ms,"Workflow-size invocation finished within the 600s timeout and emitted a CSV row. For plan rows sharing one workflow size, this is invocation-level evidence, not independent per-hardware-kernel timing evidence."
known_finished_from_downloaded_benchmark_results_csv_and_run_log_ok,downloaded artifact benchmark-results-reduction/results_reduction.csv plus run log line 17597,Tier 1,reduction,benchmark-results-reduction,74069637230,completed,failure,1048576,302,reduction,1048576,reduction,1048576,1,0.009598,0.009598,0.009598,2026-05-02T21:03:20.6390636Z,finished,17597,[OK] reduction 1048576 -> 0.009598 ms,"Workflow-size invocation finished within the 600s timeout and emitted a CSV row. For plan rows sharing one workflow size, this is invocation-level evidence, not independent per-hardware-kernel timing evidence."
known_finished_from_downloaded_benchmark_results_csv_and_run_log_ok,downloaded artifact benchmark-results-reduction/results_reduction.csv plus run log line 17601,Tier 1,reduction,benchmark-results-reduction,74069637230,completed,failure,2097152,303,reduction,2097152,reduction,2097152,1,0.016297,0.016297,0.016297,2026-05-02T21:08:22.1461502Z,finished,17601,[OK] reduction 2097152 -> 0.016297 ms,"Workflow-size invocation finished within the 600s timeout and emitted a CSV row. For plan rows sharing one workflow size, this is invocation-level evidence, not independent per-hardware-kernel timing evidence."
known_timed_out_at_600s_from_run_log,run log line 17605,Tier 1,reduction,benchmark-results-reduction,74069637230,completed,failure,4194304,304,reduction,4194304,,,,,,,2026-05-02T21:18:22.1812458Z,timed_out_600s,17605,##[warning]TIMEOUT: reduction 4194304 (>600s),The simulator invocation reached the workflow timeout command threshold (>600s); the job loop broke after this failure.
unknown_not_attempted_after_prior_failure,no downloaded CSV row and no OK/TIMEOUT/CRASH log event for this workflow size,Tier 1,reduction,benchmark-results-reduction,74069637230,completed,failure,8388608,305,reduction,8388608,,,,,,,,,,,No invocation evidence for this later plan entry; benchmark job stopped after first timed_out_600s at size 4194304 (plan index 304).
unknown_not_attempted_after_prior_failure,no downloaded CSV row and no OK/TIMEOUT/CRASH log event for this workflow size,Tier 1,reduction,benchmark-results-reduction,74069637230,completed,failure,16777216,306,reduction,16777216,,,,,,,,,,,No invocation evidence for this later plan entry; benchmark job stopped after first timed_out_600s at size 4194304 (plan index 304).
unknown_not_attempted_after_prior_failure,no downloaded CSV row and no OK/TIMEOUT/CRASH log event for this workflow size,Tier 1,reduction,benchmark-results-reduction,74069637230,completed,failure,33554432,307,reduction,33554432,,,,,,,,,,,No invocation evidence for this later plan entry; benchmark job stopped after first timed_out_600s at size 4194304 (plan index 304).
unknown_not_attempted_after_prior_failure,no downloaded CSV row and no OK/TIMEOUT/CRASH log event for this workflow size,Tier 1,reduction,benchmark-results-reduction,74069637230,completed,failure,67108864,308,reduction,67108864,,,,,,,,,,,No invocation evidence for this later plan entry; benchmark job stopped after first timed_out_600s at size 4194304 (plan index 304).
known_finished_from_downloaded_benchmark_results_csv_and_run_log_ok,downloaded artifact benchmark-results-3dconvolution/results_3dconvolution.csv plus run log line 20482,Tier 2,3dconvolution,benchmark-results-3dconvolution,74071319954,completed,failure,32x32x32,309,3dconvolution,32x32x32,3DConvolution,32x32x32,1,976000000.000000,976000000.000000,976000000.000000,2026-05-02T21:24:24.2485411Z,finished,20482,[OK] 3dconvolution 32x32x32 -> 976000000.000000 ms,"Workflow-size invocation finished within the 600s timeout and emitted a CSV row. For plan rows sharing one workflow size, this is invocation-level evidence, not independent per-hardware-kernel timing evidence."
known_finished_from_downloaded_benchmark_results_csv_and_run_log_ok,downloaded artifact benchmark-results-3dconvolution/results_3dconvolution.csv plus run log line 20486,Tier 2,3dconvolution,benchmark-results-3dconvolution,74071319954,completed,failure,48x48x48,310,3dconvolution,48x48x48,3DConvolution,48x48x48,1,0.001796,0.001796,0.001796,2026-05-02T21:24:46.2690621Z,finished,20486,[OK] 3dconvolution 48x48x48 -> 0.001796 ms,"Workflow-size invocation finished within the 600s timeout and emitted a CSV row. For plan rows sharing one workflow size, this is invocation-level evidence, not independent per-hardware-kernel timing evidence."
known_finished_from_downloaded_benchmark_results_csv_and_run_log_ok,downloaded artifact benchmark-results-3dconvolution/results_3dconvolution.csv plus run log line 20490,Tier 2,3dconvolution,benchmark-results-3dconvolution,74071319954,completed,failure,64x64x64,311,3dconvolution,64x64x64,3DConvolution,64x64x64,1,0.003661,0.003661,0.003661,2026-05-02T21:26:04.9793063Z,finished,20490,[OK] 3dconvolution 64x64x64 -> 0.003661 ms,"Workflow-size invocation finished within the 600s timeout and emitted a CSV row. For plan rows sharing one workflow size, this is invocation-level evidence, not independent per-hardware-kernel timing evidence."
known_timed_out_at_600s_from_run_log,run log line 20494,Tier 2,3dconvolution,benchmark-results-3dconvolution,74071319954,completed,failure,80x80x80,312,3dconvolution,80x80x80,,,,,,,2026-05-02T21:36:05.0295643Z,timed_out_600s,20494,##[warning]TIMEOUT: 3dconvolution 80x80x80 (>600s),The simulator invocation reached the workflow timeout command threshold (>600s); the job loop broke after this failure.
unknown_not_attempted_after_prior_failure,no downloaded CSV row and no OK/TIMEOUT/CRASH log event for this workflow size,Tier 2,3dconvolution,benchmark-results-3dconvolution,74071319954,completed,failure,96x96x96,313,3dconvolution,96x96x96,,,,,,,,,,,No invocation evidence for this later plan entry; benchmark job stopped after first timed_out_600s at size 80x80x80 (plan index 312).
unknown_not_attempted_after_prior_failure,no downloaded CSV row and no OK/TIMEOUT/CRASH log event for this workflow size,Tier 2,3dconvolution,benchmark-results-3dconvolution,74071319954,completed,failure,112x112x112,314,3dconvolution,112x112x112,,,,,,,,,,,No invocation evidence for this later plan entry; benchmark job stopped after first timed_out_600s at size 80x80x80 (plan index 312).
unknown_not_attempted_after_prior_failure,no downloaded CSV row and no OK/TIMEOUT/CRASH log event for this workflow size,Tier 2,3dconvolution,benchmark-results-3dconvolution,74071319954,completed,failure,128x128x128,315,3dconvolution,128x128x128,,,,,,,,,,,No invocation evidence for this later plan entry; benchmark job stopped after first timed_out_600s at size 80x80x80 (plan index 312).
unknown_not_attempted_after_prior_failure,no downloaded CSV row and no OK/TIMEOUT/CRASH log event for this workflow size,Tier 2,3dconvolution,benchmark-results-3dconvolution,74071319954,completed,failure,160x160x160,316,3dconvolution,160x160x160,,,,,,,,,,,No invocation evidence for this later plan entry; benchmark job stopped after first timed_out_600s at size 80x80x80 (plan index 312).
unknown_not_attempted_after_prior_failure,no downloaded CSV row and no OK/TIMEOUT/CRASH log event for this workflow size,Tier 2,3dconvolution,benchmark-results-3dconvolution,74071319954,completed,failure,192x192x192,317,3dconvolution,192x192x192,,,,,,,,,,,No invocation evidence for this later plan entry; benchmark job stopped after first timed_out_600s at size 80x80x80 (plan index 312).
unknown_not_attempted_after_prior_failure,no downloaded CSV row and no OK/TIMEOUT/CRASH log event for this workflow size,Tier 2,3dconvolution,benchmark-results-3dconvolution,74071319954,completed,failure,224x224x224,318,3dconvolution,224x224x224,,,,,,,,,,,No invocation evidence for this later plan entry; benchmark job stopped after first timed_out_600s at size 80x80x80 (plan index 312).
unknown_not_attempted_after_prior_failure,no downloaded CSV row and no OK/TIMEOUT/CRASH log event for this workflow size,Tier 2,3dconvolution,benchmark-results-3dconvolution,74071319954,completed,failure,256x256x256,319,3dconvolution,256x256x256,,,,,,,,,,,No invocation evidence for this later plan entry; benchmark job stopped after first timed_out_600s at size 80x80x80 (plan index 312).
unknown_not_attempted_after_prior_failure,no downloaded CSV row and no OK/TIMEOUT/CRASH log event for this workflow size,Tier 2,3dconvolution,benchmark-results-3dconvolution,74071319954,completed,failure,320x320x320,320,3dconvolution,320x320x320,,,,,,,,,,,No invocation evidence for this later plan entry; benchmark job stopped after first timed_out_600s at size 80x80x80 (plan index 312).
unknown_not_attempted_after_prior_failure,no downloaded CSV row and no OK/TIMEOUT/CRASH log event for this workflow size,Tier 2,3dconvolution,benchmark-results-3dconvolution,74071319954,completed,failure,384x384x384,321,3dconvolution,384x384x384,,,,,,,,,,,No invocation evidence for this later plan entry; benchmark job stopped after first timed_out_600s at size 80x80x80 (plan index 312).
unknown_not_attempted_after_prior_failure,no downloaded CSV row and no OK/TIMEOUT/CRASH log event for this workflow size,Tier 2,3dconvolution,benchmark-results-3dconvolution,74071319954,completed,failure,448x448x448,322,3dconvolution,448x448x448,,,,,,,,,,,No invocation evidence for this later plan entry; benchmark job stopped after first timed_out_600s at size 80x80x80 (plan index 312).
unknown_not_attempted_after_prior_failure,no downloaded CSV row and no OK/TIMEOUT/CRASH log event for this workflow size,Tier 2,3dconvolution,benchmark-results-3dconvolution,74071319954,completed,failure,512x512x512,323,3dconvolution,512x512x512,,,,,,,,,,,No invocation evidence for this later plan entry; benchmark job stopped after first timed_out_600s at size 80x80x80 (plan index 312).
known_finished_from_downloaded_benchmark_results_csv_and_run_log_ok,downloaded artifact benchmark-results-2dconvolution/results_2dconvolution.csv plus run log line 21898,Tier 2,2dconvolution,benchmark-results-2dconvolution,74071319962,completed,failure,64x64,324,2dconvolution,64x64,2DConvolution,64x64,1,684000000.000000,684000000.000000,684000000.000000,2026-05-02T21:24:18.7687315Z,finished,21898,[OK] 2dconvolution 64x64 -> 684000000.000000 ms,"Workflow-size invocation finished within the 600s timeout and emitted a CSV row. For plan rows sharing one workflow size, this is invocation-level evidence, not independent per-hardware-kernel timing evidence."
known_finished_from_downloaded_benchmark_results_csv_and_run_log_ok,downloaded artifact benchmark-results-2dconvolution/results_2dconvolution.csv plus run log line 21902,Tier 2,2dconvolution,benchmark-results-2dconvolution,74071319962,completed,failure,128x128,325,2dconvolution,128x128,2DConvolution,128x128,1,697000000.000000,697000000.000000,697000000.000000,2026-05-02T21:24:19.9031485Z,finished,21902,[OK] 2dconvolution 128x128 -> 697000000.000000 ms,"Workflow-size invocation finished within the 600s timeout and emitted a CSV row. For plan rows sharing one workflow size, this is invocation-level evidence, not independent per-hardware-kernel timing evidence."
known_finished_from_downloaded_benchmark_results_csv_and_run_log_ok,downloaded artifact benchmark-results-2dconvolution/results_2dconvolution.csv plus run log line 21906,Tier 2,2dconvolution,benchmark-results-2dconvolution,74071319962,completed,failure,192x192,326,2dconvolution,192x192,2DConvolution,192x192,1,958000000.000000,958000000.000000,958000000.000000,2026-05-02T21:24:22.1006233Z,finished,21906,[OK] 2dconvolution 192x192 -> 958000000.000000 ms,"Workflow-size invocation finished within the 600s timeout and emitted a CSV row. For plan rows sharing one workflow size, this is invocation-level evidence, not independent per-hardware-kernel timing evidence."
known_finished_from_downloaded_benchmark_results_csv_and_run_log_ok,downloaded artifact benchmark-results-2dconvolution/results_2dconvolution.csv plus run log line 21910,Tier 2,2dconvolution,benchmark-results-2dconvolution,74071319962,completed,failure,256x256,327,2dconvolution,256x256,2DConvolution,256x256,1,0.001172,0.001172,0.001172,2026-05-02T21:24:26.4340146Z,finished,21910,[OK] 2dconvolution 256x256 -> 0.001172 ms,"Workflow-size invocation finished within the 600s timeout and emitted a CSV row. For plan rows sharing one workflow size, this is invocation-level evidence, not independent per-hardware-kernel timing evidence."
known_finished_from_downloaded_benchmark_results_csv_and_run_log_ok,downloaded artifact benchmark-results-2dconvolution/results_2dconvolution.csv plus run log line 21914,Tier 2,2dconvolution,benchmark-results-2dconvolution,74071319962,completed,failure,384x384,328,2dconvolution,384x384,2DConvolution,384x384,1,0.002180,0.002180,0.002180,2026-05-02T21:24:39.7753179Z,finished,21914,[OK] 2dconvolution 384x384 -> 0.002180 ms,"Workflow-size invocation finished within the 600s timeout and emitted a CSV row. For plan rows sharing one workflow size, this is invocation-level evidence, not independent per-hardware-kernel timing evidence."
known_finished_from_downloaded_benchmark_results_csv_and_run_log_ok,downloaded artifact benchmark-results-2dconvolution/results_2dconvolution.csv plus run log line 21918,Tier 2,2dconvolution,benchmark-results-2dconvolution,74071319962,completed,failure,512x512,329,2dconvolution,512x512,2DConvolution,512x512,1,0.003592,0.003592,0.003592,2026-05-02T21:25:11.5143935Z,finished,21918,[OK] 2dconvolution 512x512 -> 0.003592 ms,"Workflow-size invocation finished within the 600s timeout and emitted a CSV row. For plan rows sharing one workflow size, this is invocation-level evidence, not independent per-hardware-kernel timing evidence."
known_finished_from_downloaded_benchmark_results_csv_and_run_log_ok,downloaded artifact benchmark-results-2dconvolution/results_2dconvolution.csv plus run log line 21922,Tier 2,2dconvolution,benchmark-results-2dconvolution,74071319962,completed,failure,640x640,330,2dconvolution,640x640,2DConvolution,640x640,1,0.005413,0.005413,0.005413,2026-05-02T21:26:13.0358425Z,finished,21922,[OK] 2dconvolution 640x640 -> 0.005413 ms,"Workflow-size invocation finished within the 600s timeout and emitted a CSV row. For plan rows sharing one workflow size, this is invocation-level evidence, not independent per-hardware-kernel timing evidence."
known_finished_from_downloaded_benchmark_results_csv_and_run_log_ok,downloaded artifact benchmark-results-2dconvolution/results_2dconvolution.csv plus run log line 21926,Tier 2,2dconvolution,benchmark-results-2dconvolution,74071319962,completed,failure,768x768,331,2dconvolution,768x768,2DConvolution,768x768,1,0.007660,0.007660,0.007660,2026-05-02T21:28:01.4731859Z,finished,21926,[OK] 2dconvolution 768x768 -> 0.007660 ms,"Workflow-size invocation finished within the 600s timeout and emitted a CSV row. For plan rows sharing one workflow size, this is invocation-level evidence, not independent per-hardware-kernel timing evidence."
known_timed_out_at_600s_from_run_log,run log line 21930,Tier 2,2dconvolution,benchmark-results-2dconvolution,74071319962,completed,failure,896x896,332,2dconvolution,896x896,,,,,,,2026-05-02T21:38:01.5381577Z,timed_out_600s,21930,##[warning]TIMEOUT: 2dconvolution 896x896 (>600s),The simulator invocation reached the workflow timeout command threshold (>600s); the job loop broke after this failure.
unknown_not_attempted_after_prior_failure,no downloaded CSV row and no OK/TIMEOUT/CRASH log event for this workflow size,Tier 2,2dconvolution,benchmark-results-2dconvolution,74071319962,completed,failure,1024x1024,333,2dconvolution,1024x1024,,,,,,,,,,,No invocation evidence for this later plan entry; benchmark job stopped after first timed_out_600s at size 896x896 (plan index 332).
unknown_not_attempted_after_prior_failure,no downloaded CSV row and no OK/TIMEOUT/CRASH log event for this workflow size,Tier 2,2dconvolution,benchmark-results-2dconvolution,74071319962,completed,failure,1280x1280,334,2dconvolution,1280x1280,,,,,,,,,,,No invocation evidence for this later plan entry; benchmark job stopped after first timed_out_600s at size 896x896 (plan index 332).
unknown_not_attempted_after_prior_failure,no downloaded CSV row and no OK/TIMEOUT/CRASH log event for this workflow size,Tier 2,2dconvolution,benchmark-results-2dconvolution,74071319962,completed,failure,1536x1536,335,2dconvolution,1536x1536,,,,,,,,,,,No invocation evidence for this later plan entry; benchmark job stopped after first timed_out_600s at size 896x896 (plan index 332).
unknown_not_attempted_after_prior_failure,no downloaded CSV row and no OK/TIMEOUT/CRASH log event for this workflow size,Tier 2,2dconvolution,benchmark-results-2dconvolution,74071319962,completed,failure,1792x1792,336,2dconvolution,1792x1792,,,,,,,,,,,No invocation evidence for this later plan entry; benchmark job stopped after first timed_out_600s at size 896x896 (plan index 332).
unknown_not_attempted_after_prior_failure,no downloaded CSV row and no OK/TIMEOUT/CRASH log event for this workflow size,Tier 2,2dconvolution,benchmark-results-2dconvolution,74071319962,completed,failure,2048x2048,337,2dconvolution,2048x2048,,,,,,,,,,,No invocation evidence for this later plan entry; benchmark job stopped after first timed_out_600s at size 896x896 (plan index 332).
unknown_not_attempted_after_prior_failure,no downloaded CSV row and no OK/TIMEOUT/CRASH log event for this workflow size,Tier 2,2dconvolution,benchmark-results-2dconvolution,74071319962,completed,failure,2560x2560,338,2dconvolution,2560x2560,,,,,,,,,,,No invocation evidence for this later plan entry; benchmark job stopped after first timed_out_600s at size 896x896 (plan index 332).
unknown_not_attempted_after_prior_failure,no downloaded CSV row and no OK/TIMEOUT/CRASH log event for this workflow size,Tier 2,2dconvolution,benchmark-results-2dconvolution,74071319962,completed,failure,3072x3072,339,2dconvolution,3072x3072,,,,,,,,,,,No invocation evidence for this later plan entry; benchmark job stopped after first timed_out_600s at size 896x896 (plan index 332).
unknown_not_attempted_after_prior_failure,no downloaded CSV row and no OK/TIMEOUT/CRASH log event for this workflow size,Tier 2,2dconvolution,benchmark-results-2dconvolution,74071319962,completed,failure,3584x3584,340,2dconvolution,3584x3584,,,,,,,,,,,No invocation evidence for this later plan entry; benchmark job stopped after first timed_out_600s at size 896x896 (plan index 332).
unknown_not_attempted_after_prior_failure,no downloaded CSV row and no OK/TIMEOUT/CRASH log event for this workflow size,Tier 2,2dconvolution,benchmark-results-2dconvolution,74071319962,completed,failure,4096x4096,341,2dconvolution,4096x4096,,,,,,,,,,,No invocation evidence for this later plan entry; benchmark job stopped after first timed_out_600s at size 896x896 (plan index 332).
known_finished_from_downloaded_benchmark_results_csv_and_run_log_ok,downloaded artifact benchmark-results-parboil-spmv/results_parboil_spmv.csv plus run log line 21285,Tier 2,parboil_spmv,benchmark-results-parboil-spmv,74071319958,completed,failure,1024,342,spmv_csr,1024,spmv_csr,1024,1,0.001108,0.001108,0.001108,2026-05-02T21:24:17.9278385Z,finished,21285,[OK] parboil_spmv 1024 -> 0.001108 ms,"Workflow-size invocation finished within the 600s timeout and emitted a CSV row. For plan rows sharing one workflow size, this is invocation-level evidence, not independent per-hardware-kernel timing evidence."
known_finished_from_downloaded_benchmark_results_csv_and_run_log_ok,downloaded artifact benchmark-results-parboil-spmv/results_parboil_spmv.csv plus run log line 21289,Tier 2,parboil_spmv,benchmark-results-parboil-spmv,74071319958,completed,failure,2048,343,spmv_csr,2048,spmv_csr,2048,1,0.001109,0.001109,0.001109,2026-05-02T21:24:18.3601682Z,finished,21289,[OK] parboil_spmv 2048 -> 0.001109 ms,"Workflow-size invocation finished within the 600s timeout and emitted a CSV row. For plan rows sharing one workflow size, this is invocation-level evidence, not independent per-hardware-kernel timing evidence."
known_finished_from_downloaded_benchmark_results_csv_and_run_log_ok,downloaded artifact benchmark-results-parboil-spmv/results_parboil_spmv.csv plus run log line 21293,Tier 2,parboil_spmv,benchmark-results-parboil-spmv,74071319958,completed,failure,4096,344,spmv_csr,4096,spmv_csr,4096,1,0.001115,0.001115,0.001115,2026-05-02T21:24:19.1150654Z,finished,21293,[OK] parboil_spmv 4096 -> 0.001115 ms,"Workflow-size invocation finished within the 600s timeout and emitted a CSV row. For plan rows sharing one workflow size, this is invocation-level evidence, not independent per-hardware-kernel timing evidence."
known_finished_from_downloaded_benchmark_results_csv_and_run_log_ok,downloaded artifact benchmark-results-parboil-spmv/results_parboil_spmv.csv plus run log line 21297,Tier 2,parboil_spmv,benchmark-results-parboil-spmv,74071319958,completed,failure,8192,345,spmv_csr,8192,spmv_csr,8192,1,0.001282,0.001282,0.001282,2026-05-02T21:24:20.4582199Z,finished,21297,[OK] parboil_spmv 8192 -> 0.001282 ms,"Workflow-size invocation finished within the 600s timeout and emitted a CSV row. For plan rows sharing one workflow size, this is invocation-level evidence, not independent per-hardware-kernel timing evidence."
known_finished_from_downloaded_benchmark_results_csv_and_run_log_ok,downloaded artifact benchmark-results-parboil-spmv/results_parboil_spmv.csv plus run log line 21301,Tier 2,parboil_spmv,benchmark-results-parboil-spmv,74071319958,completed,failure,16384,346,spmv_csr,16384,spmv_csr,16384,1,0.001621,0.001621,0.001621,2026-05-02T21:24:22.7958068Z,finished,21301,[OK] parboil_spmv 16384 -> 0.001621 ms,"Workflow-size invocation finished within the 600s timeout and emitted a CSV row. For plan rows sharing one workflow size, this is invocation-level evidence, not independent per-hardware-kernel timing evidence."
known_finished_from_downloaded_benchmark_results_csv_and_run_log_ok,downloaded artifact benchmark-results-parboil-spmv/results_parboil_spmv.csv plus run log line 21305,Tier 2,parboil_spmv,benchmark-results-parboil-spmv,74071319958,completed,failure,32768,347,spmv_csr,32768,spmv_csr,32768,1,0.002429,0.002429,0.002429,2026-05-02T21:24:27.3226430Z,finished,21305,[OK] parboil_spmv 32768 -> 0.002429 ms,"Workflow-size invocation finished within the 600s timeout and emitted a CSV row. For plan rows sharing one workflow size, this is invocation-level evidence, not independent per-hardware-kernel timing evidence."
known_finished_from_downloaded_benchmark_results_csv_and_run_log_ok,downloaded artifact benchmark-results-parboil-spmv/results_parboil_spmv.csv plus run log line 21309,Tier 2,parboil_spmv,benchmark-results-parboil-spmv,74071319958,completed,failure,65536,348,spmv_csr,65536,spmv_csr,65536,1,0.004191,0.004191,0.004191,2026-05-02T21:24:36.9655551Z,finished,21309,[OK] parboil_spmv 65536 -> 0.004191 ms,"Workflow-size invocation finished within the 600s timeout and emitted a CSV row. For plan rows sharing one workflow size, this is invocation-level evidence, not independent per-hardware-kernel timing evidence."
known_finished_from_downloaded_benchmark_results_csv_and_run_log_ok,downloaded artifact benchmark-results-parboil-spmv/results_parboil_spmv.csv plus run log line 21313,Tier 2,parboil_spmv,benchmark-results-parboil-spmv,74071319958,completed,failure,131072,349,spmv_csr,131072,spmv_csr,131072,1,0.007692,0.007692,0.007692,2026-05-02T21:25:01.3616106Z,finished,21313,[OK] parboil_spmv 131072 -> 0.007692 ms,"Workflow-size invocation finished within the 600s timeout and emitted a CSV row. For plan rows sharing one workflow size, this is invocation-level evidence, not independent per-hardware-kernel timing evidence."
known_finished_from_downloaded_benchmark_results_csv_and_run_log_ok,downloaded artifact benchmark-results-parboil-spmv/results_parboil_spmv.csv plus run log line 21317,Tier 2,parboil_spmv,benchmark-results-parboil-spmv,74071319958,completed,failure,262144,350,spmv_csr,262144,spmv_csr,262144,1,0.014966,0.014966,0.014966,2026-05-02T21:26:17.6673487Z,finished,21317,[OK] parboil_spmv 262144 -> 0.014966 ms,"Workflow-size invocation finished within the 600s timeout and emitted a CSV row. For plan rows sharing one workflow size, this is invocation-level evidence, not independent per-hardware-kernel timing evidence."
known_finished_from_downloaded_benchmark_results_csv_and_run_log_ok,downloaded artifact benchmark-results-parboil-spmv/results_parboil_spmv.csv plus run log line 21321,Tier 2,parboil_spmv,benchmark-results-parboil-spmv,74071319958,completed,failure,524288,351,spmv_csr,524288,spmv_csr,524288,1,0.029550,0.029550,0.029550,2026-05-02T21:31:05.2774057Z,finished,21321,[OK] parboil_spmv 524288 -> 0.029550 ms,"Workflow-size invocation finished within the 600s timeout and emitted a CSV row. For plan rows sharing one workflow size, this is invocation-level evidence, not independent per-hardware-kernel timing evidence."
known_timed_out_at_600s_from_run_log,run log line 21325,Tier 2,parboil_spmv,benchmark-results-parboil-spmv,74071319958,completed,failure,1048576,352,spmv_csr,1048576,,,,,,,2026-05-02T21:41:05.3464857Z,timed_out_600s,21325,##[warning]TIMEOUT: parboil_spmv 1048576 (>600s),The simulator invocation reached the workflow timeout command threshold (>600s); the job loop broke after this failure.
unknown_not_attempted_after_prior_failure,no downloaded CSV row and no OK/TIMEOUT/CRASH log event for this workflow size,Tier 2,parboil_spmv,benchmark-results-parboil-spmv,74071319958,completed,failure,1572864,353,spmv_csr,1572864,,,,,,,,,,,No invocation evidence for this later plan entry; benchmark job stopped after first timed_out_600s at size 1048576 (plan index 352).
unknown_not_attempted_after_prior_failure,no downloaded CSV row and no OK/TIMEOUT/CRASH log event for this workflow size,Tier 2,parboil_spmv,benchmark-results-parboil-spmv,74071319958,completed,failure,2097152,354,spmv_csr,2097152,,,,,,,,,,,No invocation evidence for this later plan entry; benchmark job stopped after first timed_out_600s at size 1048576 (plan index 352).
unknown_not_attempted_after_prior_failure,no downloaded CSV row and no OK/TIMEOUT/CRASH log event for this workflow size,Tier 2,parboil_spmv,benchmark-results-parboil-spmv,74071319958,completed,failure,2621440,355,spmv_csr,2621440,,,,,,,,,,,No invocation evidence for this later plan entry; benchmark job stopped after first timed_out_600s at size 1048576 (plan index 352).
unknown_not_attempted_after_prior_failure,no downloaded CSV row and no OK/TIMEOUT/CRASH log event for this workflow size,Tier 2,parboil_spmv,benchmark-results-parboil-spmv,74071319958,completed,failure,3145728,356,spmv_csr,3145728,,,,,,,,,,,No invocation evidence for this later plan entry; benchmark job stopped after first timed_out_600s at size 1048576 (plan index 352).
unknown_not_attempted_after_prior_failure,no downloaded CSV row and no OK/TIMEOUT/CRASH log event for this workflow size,Tier 2,parboil_spmv,benchmark-results-parboil-spmv,74071319958,completed,failure,4194304,357,spmv_csr,4194304,,,,,,,,,,,No invocation evidence for this later plan entry; benchmark job stopped after first timed_out_600s at size 1048576 (plan index 352).
known_finished_from_downloaded_benchmark_results_csv_and_run_log_ok,downloaded artifact benchmark-results-bs/results_bs.csv plus run log line 18408,Tier 2,bs,benchmark-results-bs,74071319944,completed,failure,512,358,bs,512,bs,512,1,0.001101,0.001101,0.001101,2026-05-02T21:24:18.2759695Z,finished,18408,[OK] bs 512 -> 0.001101 ms,"Workflow-size invocation finished within the 600s timeout and emitted a CSV row. For plan rows sharing one workflow size, this is invocation-level evidence, not independent per-hardware-kernel timing evidence."
known_finished_from_downloaded_benchmark_results_csv_and_run_log_ok,downloaded artifact benchmark-results-bs/results_bs.csv plus run log line 18412,Tier 2,bs,benchmark-results-bs,74071319944,completed,failure,1024,359,bs,1024,bs,1024,1,0.001114,0.001114,0.001114,2026-05-02T21:24:18.4858147Z,finished,18412,[OK] bs 1024 -> 0.001114 ms,"Workflow-size invocation finished within the 600s timeout and emitted a CSV row. For plan rows sharing one workflow size, this is invocation-level evidence, not independent per-hardware-kernel timing evidence."
known_finished_from_downloaded_benchmark_results_csv_and_run_log_ok,downloaded artifact benchmark-results-bs/results_bs.csv plus run log line 18416,Tier 2,bs,benchmark-results-bs,74071319944,completed,failure,2048,360,bs,2048,bs,2048,1,0.001102,0.001102,0.001102,2026-05-02T21:24:18.7487775Z,finished,18416,[OK] bs 2048 -> 0.001102 ms,"Workflow-size invocation finished within the 600s timeout and emitted a CSV row. For plan rows sharing one workflow size, this is invocation-level evidence, not independent per-hardware-kernel timing evidence."
known_finished_from_downloaded_benchmark_results_csv_and_run_log_ok,downloaded artifact benchmark-results-bs/results_bs.csv plus run log line 18420,Tier 2,bs,benchmark-results-bs,74071319944,completed,failure,4096,361,bs,4096,bs,4096,1,0.001112,0.001112,0.001112,2026-05-02T21:24:19.1315887Z,finished,18420,[OK] bs 4096 -> 0.001112 ms,"Workflow-size invocation finished within the 600s timeout and emitted a CSV row. For plan rows sharing one workflow size, this is invocation-level evidence, not independent per-hardware-kernel timing evidence."
known_finished_from_downloaded_benchmark_results_csv_and_run_log_ok,downloaded artifact benchmark-results-bs/results_bs.csv plus run log line 18424,Tier 2,bs,benchmark-results-bs,74071319944,completed,failure,8192,362,bs,8192,bs,8192,1,0.001205,0.001205,0.001205,2026-05-02T21:24:19.7106235Z,finished,18424,[OK] bs 8192 -> 0.001205 ms,"Workflow-size invocation finished within the 600s timeout and emitted a CSV row. For plan rows sharing one workflow size, this is invocation-level evidence, not independent per-hardware-kernel timing evidence."
known_finished_from_downloaded_benchmark_results_csv_and_run_log_ok,downloaded artifact benchmark-results-bs/results_bs.csv plus run log line 18428,Tier 2,bs,benchmark-results-bs,74071319944,completed,failure,16384,363,bs,16384,bs,16384,1,0.001319,0.001319,0.001319,2026-05-02T21:24:20.6971493Z,finished,18428,[OK] bs 16384 -> 0.001319 ms,"Workflow-size invocation finished within the 600s timeout and emitted a CSV row. For plan rows sharing one workflow size, this is invocation-level evidence, not independent per-hardware-kernel timing evidence."
known_finished_from_downloaded_benchmark_results_csv_and_run_log_ok,downloaded artifact benchmark-results-bs/results_bs.csv plus run log line 18432,Tier 2,bs,benchmark-results-bs,74071319944,completed,failure,32768,364,bs,32768,bs,32768,1,0.001673,0.001673,0.001673,2026-05-02T21:24:22.7512160Z,finished,18432,[OK] bs 32768 -> 0.001673 ms,"Workflow-size invocation finished within the 600s timeout and emitted a CSV row. For plan rows sharing one workflow size, this is invocation-level evidence, not independent per-hardware-kernel timing evidence."
known_finished_from_downloaded_benchmark_results_csv_and_run_log_ok,downloaded artifact benchmark-results-bs/results_bs.csv plus run log line 18436,Tier 2,bs,benchmark-results-bs,74071319944,completed,failure,65536,365,bs,65536,bs,65536,1,0.002392,0.002392,0.002392,2026-05-02T21:24:27.0605858Z,finished,18436,[OK] bs 65536 -> 0.002392 ms,"Workflow-size invocation finished within the 600s timeout and emitted a CSV row. For plan rows sharing one workflow size, this is invocation-level evidence, not independent per-hardware-kernel timing evidence."
known_finished_from_downloaded_benchmark_results_csv_and_run_log_ok,downloaded artifact benchmark-results-bs/results_bs.csv plus run log line 18440,Tier 2,bs,benchmark-results-bs,74071319944,completed,failure,131072,366,bs,131072,bs,131072,1,0.004369,0.004369,0.004369,2026-05-02T21:24:37.2735588Z,finished,18440,[OK] bs 131072 -> 0.004369 ms,"Workflow-size invocation finished within the 600s timeout and emitted a CSV row. For plan rows sharing one workflow size, this is invocation-level evidence, not independent per-hardware-kernel timing evidence."
known_finished_from_downloaded_benchmark_results_csv_and_run_log_ok,downloaded artifact benchmark-results-bs/results_bs.csv plus run log line 18444,Tier 2,bs,benchmark-results-bs,74071319944,completed,failure,262144,367,bs,262144,bs,262144,1,0.008413,0.008413,0.008413,2026-05-02T21:25:04.6103358Z,finished,18444,[OK] bs 262144 -> 0.008413 ms,"Workflow-size invocation finished within the 600s timeout and emitted a CSV row. For plan rows sharing one workflow size, this is invocation-level evidence, not independent per-hardware-kernel timing evidence."
known_finished_from_downloaded_benchmark_results_csv_and_run_log_ok,downloaded artifact benchmark-results-bs/results_bs.csv plus run log line 18448,Tier 2,bs,benchmark-results-bs,74071319944,completed,failure,524288,368,bs,524288,bs,524288,1,0.252368,0.252368,0.252368,2026-05-02T21:27:04.4279777Z,finished,18448,[OK] bs 524288 -> 0.252368 ms,"Workflow-size invocation finished within the 600s timeout and emitted a CSV row. For plan rows sharing one workflow size, this is invocation-level evidence, not independent per-hardware-kernel timing evidence."
known_timed_out_at_600s_from_run_log,run log line 18452,Tier 2,bs,benchmark-results-bs,74071319944,completed,failure,1048576,369,bs,1048576,,,,,,,2026-05-02T21:37:04.4990124Z,timed_out_600s,18452,##[warning]TIMEOUT: bs 1048576 (>600s),The simulator invocation reached the workflow timeout command threshold (>600s); the job loop broke after this failure.
unknown_not_attempted_after_prior_failure,no downloaded CSV row and no OK/TIMEOUT/CRASH log event for this workflow size,Tier 2,bs,benchmark-results-bs,74071319944,completed,failure,2097152,370,bs,2097152,,,,,,,,,,,No invocation evidence for this later plan entry; benchmark job stopped after first timed_out_600s at size 1048576 (plan index 369).
unknown_not_attempted_after_prior_failure,no downloaded CSV row and no OK/TIMEOUT/CRASH log event for this workflow size,Tier 2,bs,benchmark-results-bs,74071319944,completed,failure,4194304,371,bs,4194304,,,,,,,,,,,No invocation evidence for this later plan entry; benchmark job stopped after first timed_out_600s at size 1048576 (plan index 369).
unknown_not_attempted_after_prior_failure,no downloaded CSV row and no OK/TIMEOUT/CRASH log event for this workflow size,Tier 2,bs,benchmark-results-bs,74071319944,completed,failure,8388608,372,bs,8388608,,,,,,,,,,,No invocation evidence for this later plan entry; benchmark job stopped after first timed_out_600s at size 1048576 (plan index 369).
unknown_not_attempted_after_prior_failure,no downloaded CSV row and no OK/TIMEOUT/CRASH log event for this workflow size,Tier 2,bs,benchmark-results-bs,74071319944,completed,failure,16777216,373,bs,16777216,,,,,,,,,,,No invocation evidence for this later plan entry; benchmark job stopped after first timed_out_600s at size 1048576 (plan index 369).
known_finished_from_downloaded_benchmark_results_csv_and_run_log_ok,downloaded artifact benchmark-results-nn/results_nn.csv plus run log line 19856,Tier 2,nn,benchmark-results-nn,74071319950,completed,failure,1024,374,nn,1024,nn,1024,1,619000000.000000,619000000.000000,619000000.000000,2026-05-02T21:24:18.4892388Z,finished,19856,[OK] nn 1024 -> 619000000.000000 ms,"Workflow-size invocation finished within the 600s timeout and emitted a CSV row. For plan rows sharing one workflow size, this is invocation-level evidence, not independent per-hardware-kernel timing evidence."
known_finished_from_downloaded_benchmark_results_csv_and_run_log_ok,downloaded artifact benchmark-results-nn/results_nn.csv plus run log line 19860,Tier 2,nn,benchmark-results-nn,74071319950,completed,failure,2048,375,nn,2048,nn,2048,1,619000000.000000,619000000.000000,619000000.000000,2026-05-02T21:24:18.7326927Z,finished,19860,[OK] nn 2048 -> 619000000.000000 ms,"Workflow-size invocation finished within the 600s timeout and emitted a CSV row. For plan rows sharing one workflow size, this is invocation-level evidence, not independent per-hardware-kernel timing evidence."
known_finished_from_downloaded_benchmark_results_csv_and_run_log_ok,downloaded artifact benchmark-results-nn/results_nn.csv plus run log line 19864,Tier 2,nn,benchmark-results-nn,74071319950,completed,failure,4096,376,nn,4096,nn,4096,1,621000000.000000,621000000.000000,621000000.000000,2026-05-02T21:24:19.2040442Z,finished,19864,[OK] nn 4096 -> 621000000.000000 ms,"Workflow-size invocation finished within the 600s timeout and emitted a CSV row. For plan rows sharing one workflow size, this is invocation-level evidence, not independent per-hardware-kernel timing evidence."
known_finished_from_downloaded_benchmark_results_csv_and_run_log_ok,downloaded artifact benchmark-results-nn/results_nn.csv plus run log line 19868,Tier 2,nn,benchmark-results-nn,74071319950,completed,failure,8192,377,nn,8192,nn,8192,1,630000000.000000,630000000.000000,630000000.000000,2026-05-02T21:24:19.5639032Z,finished,19868,[OK] nn 8192 -> 630000000.000000 ms,"Workflow-size invocation finished within the 600s timeout and emitted a CSV row. For plan rows sharing one workflow size, this is invocation-level evidence, not independent per-hardware-kernel timing evidence."
known_finished_from_downloaded_benchmark_results_csv_and_run_log_ok,downloaded artifact benchmark-results-nn/results_nn.csv plus run log line 19872,Tier 2,nn,benchmark-results-nn,74071319950,completed,failure,16384,378,nn,16384,nn,16384,1,728000000.000000,728000000.000000,728000000.000000,2026-05-02T21:24:20.0443025Z,finished,19872,[OK] nn 16384 -> 728000000.000000 ms,"Workflow-size invocation finished within the 600s timeout and emitted a CSV row. For plan rows sharing one workflow size, this is invocation-level evidence, not independent per-hardware-kernel timing evidence."
known_finished_from_downloaded_benchmark_results_csv_and_run_log_ok,downloaded artifact benchmark-results-nn/results_nn.csv plus run log line 19876,Tier 2,nn,benchmark-results-nn,74071319950,completed,failure,32768,379,nn,32768,nn,32768,1,944000000.000000,944000000.000000,944000000.000000,2026-05-02T21:24:20.9704751Z,finished,19876,[OK] nn 32768 -> 944000000.000000 ms,"Workflow-size invocation finished within the 600s timeout and emitted a CSV row. For plan rows sharing one workflow size, this is invocation-level evidence, not independent per-hardware-kernel timing evidence."
known_finished_from_downloaded_benchmark_results_csv_and_run_log_ok,downloaded artifact benchmark-results-nn/results_nn.csv plus run log line 19880,Tier 2,nn,benchmark-results-nn,74071319950,completed,failure,65536,380,nn,65536,nn,65536,1,0.001543,0.001543,0.001543,2026-05-02T21:24:22.5802041Z,finished,19880,[OK] nn 65536 -> 0.001543 ms,"Workflow-size invocation finished within the 600s timeout and emitted a CSV row. For plan rows sharing one workflow size, this is invocation-level evidence, not independent per-hardware-kernel timing evidence."
known_finished_from_downloaded_benchmark_results_csv_and_run_log_ok,downloaded artifact benchmark-results-nn/results_nn.csv plus run log line 19884,Tier 2,nn,benchmark-results-nn,74071319950,completed,failure,131072,381,nn,131072,nn,131072,1,0.002753,0.002753,0.002753,2026-05-02T21:24:26.3795523Z,finished,19884,[OK] nn 131072 -> 0.002753 ms,"Workflow-size invocation finished within the 600s timeout and emitted a CSV row. For plan rows sharing one workflow size, this is invocation-level evidence, not independent per-hardware-kernel timing evidence."
known_finished_from_downloaded_benchmark_results_csv_and_run_log_ok,downloaded artifact benchmark-results-nn/results_nn.csv plus run log line 19888,Tier 2,nn,benchmark-results-nn,74071319950,completed,failure,262144,382,nn,262144,nn,262144,1,0.005179,0.005179,0.005179,2026-05-02T21:24:34.9432369Z,finished,19888,[OK] nn 262144 -> 0.005179 ms,"Workflow-size invocation finished within the 600s timeout and emitted a CSV row. For plan rows sharing one workflow size, this is invocation-level evidence, not independent per-hardware-kernel timing evidence."
known_finished_from_downloaded_benchmark_results_csv_and_run_log_ok,downloaded artifact benchmark-results-nn/results_nn.csv plus run log line 19892,Tier 2,nn,benchmark-results-nn,74071319950,completed,failure,524288,383,nn,524288,nn,524288,1,0.010070,0.010070,0.010070,2026-05-02T21:25:02.0801152Z,finished,19892,[OK] nn 524288 -> 0.010070 ms,"Workflow-size invocation finished within the 600s timeout and emitted a CSV row. For plan rows sharing one workflow size, this is invocation-level evidence, not independent per-hardware-kernel timing evidence."
known_finished_from_downloaded_benchmark_results_csv_and_run_log_ok,downloaded artifact benchmark-results-nn/results_nn.csv plus run log line 19896,Tier 2,nn,benchmark-results-nn,74071319950,completed,failure,1048576,384,nn,1048576,nn,1048576,1,0.019817,0.019817,0.019817,2026-05-02T21:26:20.7382019Z,finished,19896,[OK] nn 1048576 -> 0.019817 ms,"Workflow-size invocation finished within the 600s timeout and emitted a CSV row. For plan rows sharing one workflow size, this is invocation-level evidence, not independent per-hardware-kernel timing evidence."
known_finished_from_downloaded_benchmark_results_csv_and_run_log_ok,downloaded artifact benchmark-results-nn/results_nn.csv plus run log line 19900,Tier 2,nn,benchmark-results-nn,74071319950,completed,failure,2097152,385,nn,2097152,nn,2097152,1,0.039209,0.039209,0.039209,2026-05-02T21:28:57.9436775Z,finished,19900,[OK] nn 2097152 -> 0.039209 ms,"Workflow-size invocation finished within the 600s timeout and emitted a CSV row. For plan rows sharing one workflow size, this is invocation-level evidence, not independent per-hardware-kernel timing evidence."
known_finished_from_downloaded_benchmark_results_csv_and_run_log_ok,downloaded artifact benchmark-results-nn/results_nn.csv plus run log line 19904,Tier 2,nn,benchmark-results-nn,74071319950,completed,failure,3145728,386,nn,3145728,nn,3145728,1,0.058600,0.058600,0.058600,2026-05-02T21:33:35.9071405Z,finished,19904,[OK] nn 3145728 -> 0.058600 ms,"Workflow-size invocation finished within the 600s timeout and emitted a CSV row. For plan rows sharing one workflow size, this is invocation-level evidence, not independent per-hardware-kernel timing evidence."
known_timed_out_at_600s_from_run_log,run log line 19908,Tier 2,nn,benchmark-results-nn,74071319950,completed,failure,4194304,387,nn,4194304,,,,,,,2026-05-02T21:43:35.9784953Z,timed_out_600s,19908,##[warning]TIMEOUT: nn 4194304 (>600s),The simulator invocation reached the workflow timeout command threshold (>600s); the job loop broke after this failure.
unknown_not_attempted_after_prior_failure,no downloaded CSV row and no OK/TIMEOUT/CRASH log event for this workflow size,Tier 2,nn,benchmark-results-nn,74071319950,completed,failure,6291456,388,nn,6291456,,,,,,,,,,,No invocation evidence for this later plan entry; benchmark job stopped after first timed_out_600s at size 4194304 (plan index 387).
unknown_not_attempted_after_prior_failure,no downloaded CSV row and no OK/TIMEOUT/CRASH log event for this workflow size,Tier 2,nn,benchmark-results-nn,74071319950,completed,failure,8388608,389,nn,8388608,,,,,,,,,,,No invocation evidence for this later plan entry; benchmark job stopped after first timed_out_600s at size 4194304 (plan index 387).
known_finished_from_downloaded_benchmark_results_csv_and_run_log_ok,downloaded artifact benchmark-results-gemm/results_gemm.csv plus run log line 19033,Tier 2,gemm,benchmark-results-gemm,74071319949,completed,failure,32,390,gemm,32,gemm,32,1,0.001868,0.001868,0.001868,2026-05-02T21:24:19.3666332Z,finished,19033,[OK] gemm 32 -> 0.001868 ms,"Workflow-size invocation finished within the 600s timeout and emitted a CSV row. For plan rows sharing one workflow size, this is invocation-level evidence, not independent per-hardware-kernel timing evidence."
known_finished_from_downloaded_benchmark_results_csv_and_run_log_ok,downloaded artifact benchmark-results-gemm/results_gemm.csv plus run log line 19037,Tier 2,gemm,benchmark-results-gemm,74071319949,completed,failure,48,391,gemm,48,gemm,48,1,0.002660,0.002660,0.002660,2026-05-02T21:24:20.5741079Z,finished,19037,[OK] gemm 48 -> 0.002660 ms,"Workflow-size invocation finished within the 600s timeout and emitted a CSV row. For plan rows sharing one workflow size, this is invocation-level evidence, not independent per-hardware-kernel timing evidence."
known_finished_from_downloaded_benchmark_results_csv_and_run_log_ok,downloaded artifact benchmark-results-gemm/results_gemm.csv plus run log line 19041,Tier 2,gemm,benchmark-results-gemm,74071319949,completed,failure,64,392,gemm,64,gemm,64,1,0.003426,0.003426,0.003426,2026-05-02T21:24:24.8387966Z,finished,19041,[OK] gemm 64 -> 0.003426 ms,"Workflow-size invocation finished within the 600s timeout and emitted a CSV row. For plan rows sharing one workflow size, this is invocation-level evidence, not independent per-hardware-kernel timing evidence."
known_finished_from_downloaded_benchmark_results_csv_and_run_log_ok,downloaded artifact benchmark-results-gemm/results_gemm.csv plus run log line 19045,Tier 2,gemm,benchmark-results-gemm,74071319949,completed,failure,96,393,gemm,96,gemm,96,1,0.004963,0.004963,0.004963,2026-05-02T21:24:37.1894387Z,finished,19045,[OK] gemm 96 -> 0.004963 ms,"Workflow-size invocation finished within the 600s timeout and emitted a CSV row. For plan rows sharing one workflow size, this is invocation-level evidence, not independent per-hardware-kernel timing evidence."
known_finished_from_downloaded_benchmark_results_csv_and_run_log_ok,downloaded artifact benchmark-results-gemm/results_gemm.csv plus run log line 19049,Tier 2,gemm,benchmark-results-gemm,74071319949,completed,failure,128,394,gemm,128,gemm,128,1,0.007177,0.007177,0.007177,2026-05-02T21:25:14.3117644Z,finished,19049,[OK] gemm 128 -> 0.007177 ms,"Workflow-size invocation finished within the 600s timeout and emitted a CSV row. For plan rows sharing one workflow size, this is invocation-level evidence, not independent per-hardware-kernel timing evidence."
known_finished_from_downloaded_benchmark_results_csv_and_run_log_ok,downloaded artifact benchmark-results-gemm/results_gemm.csv plus run log line 19053,Tier 2,gemm,benchmark-results-gemm,74071319949,completed,failure,192,395,gemm,192,gemm,192,1,0.011564,0.011564,0.011564,2026-05-02T21:28:25.6252729Z,finished,19053,[OK] gemm 192 -> 0.011564 ms,"Workflow-size invocation finished within the 600s timeout and emitted a CSV row. For plan rows sharing one workflow size, this is invocation-level evidence, not independent per-hardware-kernel timing evidence."
known_timed_out_at_600s_from_run_log,run log line 19057,Tier 2,gemm,benchmark-results-gemm,74071319949,completed,failure,256,396,gemm,256,,,,,,,2026-05-02T21:38:25.6797412Z,timed_out_600s,19057,##[warning]TIMEOUT: gemm 256 (>600s),The simulator invocation reached the workflow timeout command threshold (>600s); the job loop broke after this failure.
unknown_not_attempted_after_prior_failure,no downloaded CSV row and no OK/TIMEOUT/CRASH log event for this workflow size,Tier 2,gemm,benchmark-results-gemm,74071319949,completed,failure,384,397,gemm,384,,,,,,,,,,,No invocation evidence for this later plan entry; benchmark job stopped after first timed_out_600s at size 256 (plan index 396).
unknown_not_attempted_after_prior_failure,no downloaded CSV row and no OK/TIMEOUT/CRASH log event for this workflow size,Tier 2,gemm,benchmark-results-gemm,74071319949,completed,failure,512,398,gemm,512,,,,,,,,,,,No invocation evidence for this later plan entry; benchmark job stopped after first timed_out_600s at size 256 (plan index 396).
unknown_not_attempted_after_prior_failure,no downloaded CSV row and no OK/TIMEOUT/CRASH log event for this workflow size,Tier 2,gemm,benchmark-results-gemm,74071319949,completed,failure,640,399,gemm,640,,,,,,,,,,,No invocation evidence for this later plan entry; benchmark job stopped after first timed_out_600s at size 256 (plan index 396).
unknown_not_attempted_after_prior_failure,no downloaded CSV row and no OK/TIMEOUT/CRASH log event for this workflow size,Tier 2,gemm,benchmark-results-gemm,74071319949,completed,failure,768,400,gemm,768,,,,,,,,,,,No invocation evidence for this later plan entry; benchmark job stopped after first timed_out_600s at size 256 (plan index 396).
unknown_not_attempted_after_prior_failure,no downloaded CSV row and no OK/TIMEOUT/CRASH log event for this workflow size,Tier 2,gemm,benchmark-results-gemm,74071319949,completed,failure,896,401,gemm,896,,,,,,,,,,,No invocation evidence for this later plan entry; benchmark job stopped after first timed_out_600s at size 256 (plan index 396).
unknown_not_attempted_after_prior_failure,no downloaded CSV row and no OK/TIMEOUT/CRASH log event for this workflow size,Tier 2,gemm,benchmark-results-gemm,74071319949,completed,failure,1024,402,gemm,1024,,,,,,,,,,,No invocation evidence for this later plan entry; benchmark job stopped after first timed_out_600s at size 256 (plan index 396).
unknown_not_attempted_after_prior_failure,no downloaded CSV row and no OK/TIMEOUT/CRASH log event for this workflow size,Tier 2,gemm,benchmark-results-gemm,74071319949,completed,failure,1280,403,gemm,1280,,,,,,,,,,,No invocation evidence for this later plan entry; benchmark job stopped after first timed_out_600s at size 256 (plan index 396).
unknown_not_attempted_after_prior_failure,no downloaded CSV row and no OK/TIMEOUT/CRASH log event for this workflow size,Tier 2,gemm,benchmark-results-gemm,74071319949,completed,failure,1536,404,gemm,1536,,,,,,,,,,,No invocation evidence for this later plan entry; benchmark job stopped after first timed_out_600s at size 256 (plan index 396).
unknown_not_attempted_after_prior_failure,no downloaded CSV row and no OK/TIMEOUT/CRASH log event for this workflow size,Tier 2,gemm,benchmark-results-gemm,74071319949,completed,failure,1792,405,gemm,1792,,,,,,,,,,,No invocation evidence for this later plan entry; benchmark job stopped after first timed_out_600s at size 256 (plan index 396).
unknown_not_attempted_after_prior_failure,no downloaded CSV row and no OK/TIMEOUT/CRASH log event for this workflow size,Tier 2,gemm,benchmark-results-gemm,74071319949,completed,failure,2048,406,gemm,2048,,,,,,,,,,,No invocation evidence for this later plan entry; benchmark job stopped after first timed_out_600s at size 256 (plan index 396).
unknown_not_attempted_after_prior_failure,no downloaded CSV row and no OK/TIMEOUT/CRASH log event for this workflow size,Tier 2,gemm,benchmark-results-gemm,74071319949,completed,failure,2560,407,gemm,2560,,,,,,,,,,,No invocation evidence for this later plan entry; benchmark job stopped after first timed_out_600s at size 256 (plan index 396).
unknown_not_attempted_after_prior_failure,no downloaded CSV row and no OK/TIMEOUT/CRASH log event for this workflow size,Tier 2,gemm,benchmark-results-gemm,74071319949,completed,failure,3072,408,gemm,3072,,,,,,,,,,,No invocation evidence for this later plan entry; benchmark job stopped after first timed_out_600s at size 256 (plan index 396).
unknown_not_attempted_after_prior_failure,no downloaded CSV row and no OK/TIMEOUT/CRASH log event for this workflow size,Tier 2,gemm,benchmark-results-gemm,74071319949,completed,failure,3584,409,gemm,3584,,,,,,,,,,,No invocation evidence for this later plan entry; benchmark job stopped after first timed_out_600s at size 256 (plan index 396).
unknown_not_attempted_after_prior_failure,no downloaded CSV row and no OK/TIMEOUT/CRASH log event for this workflow size,Tier 2,gemm,benchmark-results-gemm,74071319949,completed,failure,4096,410,gemm,4096,,,,,,,,,,,No invocation evidence for this later plan entry; benchmark job stopped after first timed_out_600s at size 256 (plan index 396).
unknown_not_attempted_after_prior_failure,no downloaded CSV row and no OK/TIMEOUT/CRASH log event for this workflow size,Tier 2,gemm,benchmark-results-gemm,74071319949,completed,failure,6144,411,gemm,6144,,,,,,,,,,,No invocation evidence for this later plan entry; benchmark job stopped after first timed_out_600s at size 256 (plan index 396).
known_finished_from_downloaded_benchmark_results_csv_and_run_log_ok,downloaded artifact benchmark-results-scan/results_scan.csv plus run log line 23340,Tier 2,scan,benchmark-results-scan,74071319982,completed,failure,1024,412,scan,1024,scan,1024,1,0.004434,0.004434,0.004434,2026-05-02T21:24:18.0055878Z,finished,23340,[OK] scan 1024 -> 0.004434 ms,"Workflow-size invocation finished within the 600s timeout and emitted a CSV row. For plan rows sharing one workflow size, this is invocation-level evidence, not independent per-hardware-kernel timing evidence."
known_finished_from_downloaded_benchmark_results_csv_and_run_log_ok,downloaded artifact benchmark-results-scan/results_scan.csv plus run log line 23344,Tier 2,scan,benchmark-results-scan,74071319982,completed,failure,2048,413,scan,2048,scan,2048,1,0.004399,0.004399,0.004399,2026-05-02T21:24:18.3473072Z,finished,23344,[OK] scan 2048 -> 0.004399 ms,"Workflow-size invocation finished within the 600s timeout and emitted a CSV row. For plan rows sharing one workflow size, this is invocation-level evidence, not independent per-hardware-kernel timing evidence."
known_finished_from_downloaded_benchmark_results_csv_and_run_log_ok,downloaded artifact benchmark-results-scan/results_scan.csv plus run log line 23348,Tier 2,scan,benchmark-results-scan,74071319982,completed,failure,4096,414,scan,4096,scan,4096,1,0.004404,0.004404,0.004404,2026-05-02T21:24:18.7344593Z,finished,23348,[OK] scan 4096 -> 0.004404 ms,"Workflow-size invocation finished within the 600s timeout and emitted a CSV row. For plan rows sharing one workflow size, this is invocation-level evidence, not independent per-hardware-kernel timing evidence."
known_finished_from_downloaded_benchmark_results_csv_and_run_log_ok,downloaded artifact benchmark-results-scan/results_scan.csv plus run log line 23352,Tier 2,scan,benchmark-results-scan,74071319982,completed,failure,8192,415,scan,8192,scan,8192,1,0.004401,0.004401,0.004401,2026-05-02T21:24:19.3891418Z,finished,23352,[OK] scan 8192 -> 0.004401 ms,"Workflow-size invocation finished within the 600s timeout and emitted a CSV row. For plan rows sharing one workflow size, this is invocation-level evidence, not independent per-hardware-kernel timing evidence."
known_finished_from_downloaded_benchmark_results_csv_and_run_log_ok,downloaded artifact benchmark-results-scan/results_scan.csv plus run log line 23356,Tier 2,scan,benchmark-results-scan,74071319982,completed,failure,16384,416,scan,16384,scan,16384,1,0.004419,0.004419,0.004419,2026-05-02T21:24:20.3695423Z,finished,23356,[OK] scan 16384 -> 0.004419 ms,"Workflow-size invocation finished within the 600s timeout and emitted a CSV row. For plan rows sharing one workflow size, this is invocation-level evidence, not independent per-hardware-kernel timing evidence."
known_finished_from_downloaded_benchmark_results_csv_and_run_log_ok,downloaded artifact benchmark-results-scan/results_scan.csv plus run log line 23360,Tier 2,scan,benchmark-results-scan,74071319982,completed,failure,32768,417,scan,32768,scan,32768,1,0.004518,0.004518,0.004518,2026-05-02T21:24:22.3130119Z,finished,23360,[OK] scan 32768 -> 0.004518 ms,"Workflow-size invocation finished within the 600s timeout and emitted a CSV row. For plan rows sharing one workflow size, this is invocation-level evidence, not independent per-hardware-kernel timing evidence."
known_finished_from_downloaded_benchmark_results_csv_and_run_log_ok,downloaded artifact benchmark-results-scan/results_scan.csv plus run log line 23364,Tier 2,scan,benchmark-results-scan,74071319982,completed,failure,65536,418,scan,65536,scan,65536,1,0.004723,0.004723,0.004723,2026-05-02T21:24:26.9611474Z,finished,23364,[OK] scan 65536 -> 0.004723 ms,"Workflow-size invocation finished within the 600s timeout and emitted a CSV row. For plan rows sharing one workflow size, this is invocation-level evidence, not independent per-hardware-kernel timing evidence."
known_finished_from_downloaded_benchmark_results_csv_and_run_log_ok,downloaded artifact benchmark-results-scan/results_scan.csv plus run log line 23368,Tier 2,scan,benchmark-results-scan,74071319982,completed,failure,131072,419,scan,131072,scan,131072,1,0.005299,0.005299,0.005299,2026-05-02T21:24:38.5478756Z,finished,23368,[OK] scan 131072 -> 0.005299 ms,"Workflow-size invocation finished within the 600s timeout and emitted a CSV row. For plan rows sharing one workflow size, this is invocation-level evidence, not independent per-hardware-kernel timing evidence."
known_finished_from_downloaded_benchmark_results_csv_and_run_log_ok,downloaded artifact benchmark-results-scan/results_scan.csv plus run log line 23372,Tier 2,scan,benchmark-results-scan,74071319982,completed,failure,262144,420,scan,262144,scan,262144,1,0.006706,0.006706,0.006706,2026-05-02T21:25:10.9458000Z,finished,23372,[OK] scan 262144 -> 0.006706 ms,"Workflow-size invocation finished within the 600s timeout and emitted a CSV row. For plan rows sharing one workflow size, this is invocation-level evidence, not independent per-hardware-kernel timing evidence."
known_finished_from_downloaded_benchmark_results_csv_and_run_log_ok,downloaded artifact benchmark-results-scan/results_scan.csv plus run log line 23376,Tier 2,scan,benchmark-results-scan,74071319982,completed,failure,524288,421,scan,524288,scan,524288,1,0.012172,0.012172,0.012172,2026-05-02T21:26:37.1255725Z,finished,23376,[OK] scan 524288 -> 0.012172 ms,"Workflow-size invocation finished within the 600s timeout and emitted a CSV row. For plan rows sharing one workflow size, this is invocation-level evidence, not independent per-hardware-kernel timing evidence."
known_finished_from_downloaded_benchmark_results_csv_and_run_log_ok,downloaded artifact benchmark-results-scan/results_scan.csv plus run log line 23380,Tier 2,scan,benchmark-results-scan,74071319982,completed,failure,1048576,422,scan,1048576,scan,1048576,1,0.018877,0.018877,0.018877,2026-05-02T21:32:04.0967615Z,finished,23380,[OK] scan 1048576 -> 0.018877 ms,"Workflow-size invocation finished within the 600s timeout and emitted a CSV row. For plan rows sharing one workflow size, this is invocation-level evidence, not independent per-hardware-kernel timing evidence."
known_timed_out_at_600s_from_run_log,run log line 23384,Tier 2,scan,benchmark-results-scan,74071319982,completed,failure,2097152,423,scan,2097152,,,,,,,2026-05-02T21:42:04.1373264Z,timed_out_600s,23384,##[warning]TIMEOUT: scan 2097152 (>600s),The simulator invocation reached the workflow timeout command threshold (>600s); the job loop broke after this failure.
unknown_not_attempted_after_prior_failure,no downloaded CSV row and no OK/TIMEOUT/CRASH log event for this workflow size,Tier 2,scan,benchmark-results-scan,74071319982,completed,failure,4194304,424,scan,4194304,,,,,,,,,,,No invocation evidence for this later plan entry; benchmark job stopped after first timed_out_600s at size 2097152 (plan index 423).
known_finished_from_downloaded_benchmark_results_csv_and_run_log_ok,downloaded artifact benchmark-results-parboil-mri-q/results_parboil_mri_q.csv plus run log line 22514,Tier 2,parboil_mri_q,benchmark-results-parboil-mri-q,74071319977,completed,failure,256,425,computeq,256,ComputeQ,256,1,0.024802,0.024802,0.024802,2026-05-02T21:24:18.8047646Z,finished,22514,[OK] parboil_mri_q 256 -> 0.024802 ms,"Workflow-size invocation finished within the 600s timeout and emitted a CSV row. For plan rows sharing one workflow size, this is invocation-level evidence, not independent per-hardware-kernel timing evidence."
known_finished_from_downloaded_benchmark_results_csv_and_run_log_ok,downloaded artifact benchmark-results-parboil-mri-q/results_parboil_mri_q.csv plus run log line 22518,Tier 2,parboil_mri_q,benchmark-results-parboil-mri-q,74071319977,completed,failure,512,426,computeq,512,ComputeQ,512,1,0.025143,0.025143,0.025143,2026-05-02T21:24:21.0682465Z,finished,22518,[OK] parboil_mri_q 512 -> 0.025143 ms,"Workflow-size invocation finished within the 600s timeout and emitted a CSV row. For plan rows sharing one workflow size, this is invocation-level evidence, not independent per-hardware-kernel timing evidence."
known_finished_from_downloaded_benchmark_results_csv_and_run_log_ok,downloaded artifact benchmark-results-parboil-mri-q/results_parboil_mri_q.csv plus run log line 22522,Tier 2,parboil_mri_q,benchmark-results-parboil-mri-q,74071319977,completed,failure,1024,427,computeq,1024,ComputeQ,1024,1,0.030580,0.030580,0.030580,2026-05-02T21:24:27.6396931Z,finished,22522,[OK] parboil_mri_q 1024 -> 0.030580 ms,"Workflow-size invocation finished within the 600s timeout and emitted a CSV row. For plan rows sharing one workflow size, this is invocation-level evidence, not independent per-hardware-kernel timing evidence."
known_finished_from_downloaded_benchmark_results_csv_and_run_log_ok,downloaded artifact benchmark-results-parboil-mri-q/results_parboil_mri_q.csv plus run log line 22526,Tier 2,parboil_mri_q,benchmark-results-parboil-mri-q,74071319977,completed,failure,2048,428,computeq,2048,ComputeQ,2048,1,0.026394,0.026394,0.026394,2026-05-02T21:24:54.5882504Z,finished,22526,[OK] parboil_mri_q 2048 -> 0.026394 ms,"Workflow-size invocation finished within the 600s timeout and emitted a CSV row. For plan rows sharing one workflow size, this is invocation-level evidence, not independent per-hardware-kernel timing evidence."
known_finished_from_downloaded_benchmark_results_csv_and_run_log_ok,downloaded artifact benchmark-results-parboil-mri-q/results_parboil_mri_q.csv plus run log line 22530,Tier 2,parboil_mri_q,benchmark-results-parboil-mri-q,74071319977,completed,failure,4096,429,computeq,4096,ComputeQ,4096,1,0.030554,0.030554,0.030554,2026-05-02T21:26:04.9300844Z,finished,22530,[OK] parboil_mri_q 4096 -> 0.030554 ms,"Workflow-size invocation finished within the 600s timeout and emitted a CSV row. For plan rows sharing one workflow size, this is invocation-level evidence, not independent per-hardware-kernel timing evidence."
known_finished_from_downloaded_benchmark_results_csv_and_run_log_ok,downloaded artifact benchmark-results-parboil-mri-q/results_parboil_mri_q.csv plus run log line 22534,Tier 2,parboil_mri_q,benchmark-results-parboil-mri-q,74071319977,completed,failure,8192,430,computeq,8192,ComputeQ,8192,1,0.026496,0.026496,0.026496,2026-05-02T21:30:03.7916041Z,finished,22534,[OK] parboil_mri_q 8192 -> 0.026496 ms,"Workflow-size invocation finished within the 600s timeout and emitted a CSV row. For plan rows sharing one workflow size, this is invocation-level evidence, not independent per-hardware-kernel timing evidence."
known_finished_from_downloaded_benchmark_results_csv_and_run_log_ok,downloaded artifact benchmark-results-parboil-mri-q/results_parboil_mri_q.csv plus run log line 22538,Tier 2,parboil_mri_q,benchmark-results-parboil-mri-q,74071319977,completed,failure,16384,431,computeq,16384,ComputeQ,16384,1,0.030806,0.030806,0.030806,2026-05-02T21:38:59.9324972Z,finished,22538,[OK] parboil_mri_q 16384 -> 0.030806 ms,"Workflow-size invocation finished within the 600s timeout and emitted a CSV row. For plan rows sharing one workflow size, this is invocation-level evidence, not independent per-hardware-kernel timing evidence."
known_timed_out_at_600s_from_run_log,run log line 22542,Tier 2,parboil_mri_q,benchmark-results-parboil-mri-q,74071319977,completed,failure,32768,432,computeq,32768,,,,,,,2026-05-02T21:48:59.9644409Z,timed_out_600s,22542,##[warning]TIMEOUT: parboil_mri_q 32768 (>600s),The simulator invocation reached the workflow timeout command threshold (>600s); the job loop broke after this failure.
unknown_not_attempted_after_prior_failure,no downloaded CSV row and no OK/TIMEOUT/CRASH log event for this workflow size,Tier 2,parboil_mri_q,benchmark-results-parboil-mri-q,74071319977,completed,failure,65536,433,computeq,65536,,,,,,,,,,,No invocation evidence for this later plan entry; benchmark job stopped after first timed_out_600s at size 32768 (plan index 432).
unknown_not_attempted_after_prior_failure,no downloaded CSV row and no OK/TIMEOUT/CRASH log event for this workflow size,Tier 2,parboil_mri_q,benchmark-results-parboil-mri-q,74071319977,completed,failure,131072,434,computeq,131072,,,,,,,,,,,No invocation evidence for this later plan entry; benchmark job stopped after first timed_out_600s at size 32768 (plan index 432).
unknown_not_attempted_after_prior_failure,no downloaded CSV row and no OK/TIMEOUT/CRASH log event for this workflow size,Tier 2,parboil_mri_q,benchmark-results-parboil-mri-q,74071319977,completed,failure,262144,435,computeq,262144,,,,,,,,,,,No invocation evidence for this later plan entry; benchmark job stopped after first timed_out_600s at size 32768 (plan index 432).
unknown_not_attempted_after_prior_failure,no downloaded CSV row and no OK/TIMEOUT/CRASH log event for this workflow size,Tier 2,parboil_mri_q,benchmark-results-parboil-mri-q,74071319977,completed,failure,524288,436,computeq,524288,,,,,,,,,,,No invocation evidence for this later plan entry; benchmark job stopped after first timed_out_600s at size 32768 (plan index 432).
unknown_not_attempted_after_prior_failure,no downloaded CSV row and no OK/TIMEOUT/CRASH log event for this workflow size,Tier 2,parboil_mri_q,benchmark-results-parboil-mri-q,74071319977,completed,failure,1048576,437,computeq,1048576,,,,,,,,,,,No invocation evidence for this later plan entry; benchmark job stopped after first timed_out_600s at size 32768 (plan index 432).
unknown_not_attempted_after_prior_failure,no downloaded CSV row and no OK/TIMEOUT/CRASH log event for this workflow size,Tier 2,parboil_mri_q,benchmark-results-parboil-mri-q,74071319977,completed,failure,1572864,438,computeq,1572864,,,,,,,,,,,No invocation evidence for this later plan entry; benchmark job stopped after first timed_out_600s at size 32768 (plan index 432).
unknown_not_attempted_after_prior_failure,no downloaded CSV row and no OK/TIMEOUT/CRASH log event for this workflow size,Tier 2,parboil_mri_q,benchmark-results-parboil-mri-q,74071319977,completed,failure,2097152,439,computeq,2097152,,,,,,,,,,,No invocation evidence for this later plan entry; benchmark job stopped after first timed_out_600s at size 32768 (plan index 432).
unknown_not_attempted_after_prior_failure,no downloaded CSV row and no OK/TIMEOUT/CRASH log event for this workflow size,Tier 2,parboil_mri_q,benchmark-results-parboil-mri-q,74071319977,completed,failure,2621440,440,computeq,2621440,,,,,,,,,,,No invocation evidence for this later plan entry; benchmark job stopped after first timed_out_600s at size 32768 (plan index 432).
unknown_not_attempted_after_prior_failure,no downloaded CSV row and no OK/TIMEOUT/CRASH log event for this workflow size,Tier 2,parboil_mri_q,benchmark-results-parboil-mri-q,74071319977,completed,failure,3145728,441,computeq,3145728,,,,,,,,,,,No invocation evidence for this later plan entry; benchmark job stopped after first timed_out_600s at size 32768 (plan index 432).
known_finished_from_downloaded_benchmark_results_csv_and_run_log_ok,downloaded artifact benchmark-results-ep/results_ep.csv plus run log line 24188,Tier 2,ep,benchmark-results-ep,74071319983,completed,failure,512,442,ep,512,ep,512,1,0.002128,0.002128,0.002128,2026-05-02T21:24:18.3300173Z,finished,24188,[OK] ep 512 -> 0.002128 ms,"Workflow-size invocation finished within the 600s timeout and emitted a CSV row. For plan rows sharing one workflow size, this is invocation-level evidence, not independent per-hardware-kernel timing evidence."
known_finished_from_downloaded_benchmark_results_csv_and_run_log_ok,downloaded artifact benchmark-results-ep/results_ep.csv plus run log line 24192,Tier 2,ep,benchmark-results-ep,74071319983,completed,failure,1024,443,ep,1024,ep,1024,1,0.004420,0.004420,0.004420,2026-05-02T21:24:18.5959874Z,finished,24192,[OK] ep 1024 -> 0.004420 ms,"Workflow-size invocation finished within the 600s timeout and emitted a CSV row. For plan rows sharing one workflow size, this is invocation-level evidence, not independent per-hardware-kernel timing evidence."
known_finished_from_downloaded_benchmark_results_csv_and_run_log_ok,downloaded artifact benchmark-results-ep/results_ep.csv plus run log line 24196,Tier 2,ep,benchmark-results-ep,74071319983,completed,failure,2048,444,ep,2048,ep,2048,1,0.004422,0.004422,0.004422,2026-05-02T21:24:18.9074793Z,finished,24196,[OK] ep 2048 -> 0.004422 ms,"Workflow-size invocation finished within the 600s timeout and emitted a CSV row. For plan rows sharing one workflow size, this is invocation-level evidence, not independent per-hardware-kernel timing evidence."
known_finished_from_downloaded_benchmark_results_csv_and_run_log_ok,downloaded artifact benchmark-results-ep/results_ep.csv plus run log line 24200,Tier 2,ep,benchmark-results-ep,74071319983,completed,failure,4096,445,ep,4096,ep,4096,1,0.004413,0.004413,0.004413,2026-05-02T21:24:19.3454317Z,finished,24200,[OK] ep 4096 -> 0.004413 ms,"Workflow-size invocation finished within the 600s timeout and emitted a CSV row. For plan rows sharing one workflow size, this is invocation-level evidence, not independent per-hardware-kernel timing evidence."
known_finished_from_downloaded_benchmark_results_csv_and_run_log_ok,downloaded artifact benchmark-results-ep/results_ep.csv plus run log line 24204,Tier 2,ep,benchmark-results-ep,74071319983,completed,failure,8192,446,ep,8192,ep,8192,1,0.004419,0.004419,0.004419,2026-05-02T21:24:19.9548545Z,finished,24204,[OK] ep 8192 -> 0.004419 ms,"Workflow-size invocation finished within the 600s timeout and emitted a CSV row. For plan rows sharing one workflow size, this is invocation-level evidence, not independent per-hardware-kernel timing evidence."
known_finished_from_downloaded_benchmark_results_csv_and_run_log_ok,downloaded artifact benchmark-results-ep/results_ep.csv plus run log line 24208,Tier 2,ep,benchmark-results-ep,74071319983,completed,failure,16384,447,ep,16384,ep,16384,1,0.004424,0.004424,0.004424,2026-05-02T21:24:21.0177719Z,finished,24208,[OK] ep 16384 -> 0.004424 ms,"Workflow-size invocation finished within the 600s timeout and emitted a CSV row. For plan rows sharing one workflow size, this is invocation-level evidence, not independent per-hardware-kernel timing evidence."
known_finished_from_downloaded_benchmark_results_csv_and_run_log_ok,downloaded artifact benchmark-results-ep/results_ep.csv plus run log line 24212,Tier 2,ep,benchmark-results-ep,74071319983,completed,failure,32768,448,ep,32768,ep,32768,1,0.004526,0.004526,0.004526,2026-05-02T21:24:23.2575992Z,finished,24212,[OK] ep 32768 -> 0.004526 ms,"Workflow-size invocation finished within the 600s timeout and emitted a CSV row. For plan rows sharing one workflow size, this is invocation-level evidence, not independent per-hardware-kernel timing evidence."
known_finished_from_downloaded_benchmark_results_csv_and_run_log_ok,downloaded artifact benchmark-results-ep/results_ep.csv plus run log line 24216,Tier 2,ep,benchmark-results-ep,74071319983,completed,failure,65536,449,ep,65536,ep,65536,1,0.004746,0.004746,0.004746,2026-05-02T21:24:28.2981033Z,finished,24216,[OK] ep 65536 -> 0.004746 ms,"Workflow-size invocation finished within the 600s timeout and emitted a CSV row. For plan rows sharing one workflow size, this is invocation-level evidence, not independent per-hardware-kernel timing evidence."
known_finished_from_downloaded_benchmark_results_csv_and_run_log_ok,downloaded artifact benchmark-results-ep/results_ep.csv plus run log line 24220,Tier 2,ep,benchmark-results-ep,74071319983,completed,failure,131072,450,ep,131072,ep,131072,1,0.005327,0.005327,0.005327,2026-05-02T21:24:41.5827264Z,finished,24220,[OK] ep 131072 -> 0.005327 ms,"Workflow-size invocation finished within the 600s timeout and emitted a CSV row. For plan rows sharing one workflow size, this is invocation-level evidence, not independent per-hardware-kernel timing evidence."
known_finished_from_downloaded_benchmark_results_csv_and_run_log_ok,downloaded artifact benchmark-results-ep/results_ep.csv plus run log line 24224,Tier 2,ep,benchmark-results-ep,74071319983,completed,failure,262144,451,ep,262144,ep,262144,1,0.006799,0.006799,0.006799,2026-05-02T21:25:17.8911296Z,finished,24224,[OK] ep 262144 -> 0.006799 ms,"Workflow-size invocation finished within the 600s timeout and emitted a CSV row. For plan rows sharing one workflow size, this is invocation-level evidence, not independent per-hardware-kernel timing evidence."
known_finished_from_downloaded_benchmark_results_csv_and_run_log_ok,downloaded artifact benchmark-results-ep/results_ep.csv plus run log line 24228,Tier 2,ep,benchmark-results-ep,74071319983,completed,failure,524288,452,ep,524288,ep,524288,1,0.012205,0.012205,0.012205,2026-05-02T21:26:50.7776860Z,finished,24228,[OK] ep 524288 -> 0.012205 ms,"Workflow-size invocation finished within the 600s timeout and emitted a CSV row. For plan rows sharing one workflow size, this is invocation-level evidence, not independent per-hardware-kernel timing evidence."
known_finished_from_downloaded_benchmark_results_csv_and_run_log_ok,downloaded artifact benchmark-results-ep/results_ep.csv plus run log line 24232,Tier 2,ep,benchmark-results-ep,74071319983,completed,failure,1048576,453,ep,1048576,ep,1048576,1,0.018960,0.018960,0.018960,2026-05-02T21:32:18.1973905Z,finished,24232,[OK] ep 1048576 -> 0.018960 ms,"Workflow-size invocation finished within the 600s timeout and emitted a CSV row. For plan rows sharing one workflow size, this is invocation-level evidence, not independent per-hardware-kernel timing evidence."
known_timed_out_at_600s_from_run_log,run log line 24236,Tier 2,ep,benchmark-results-ep,74071319983,completed,failure,2097152,454,ep,2097152,,,,,,,2026-05-02T21:42:18.2369418Z,timed_out_600s,24236,##[warning]TIMEOUT: ep 2097152 (>600s),The simulator invocation reached the workflow timeout command threshold (>600s); the job loop broke after this failure.
known_finished_from_downloaded_benchmark_results_csv_and_run_log_ok,downloaded artifact benchmark-results-2mm/results_2mm.csv plus run log line 25433,Tier 2,2mm,benchmark-results-2mm,74071319991,completed,failure,64,455,2mm,64,2mm,64,1,0.006793,0.006793,0.006793,2026-05-02T21:24:24.0577609Z,finished,25433,[OK] 2mm 64 -> 0.006793 ms,"Workflow-size invocation finished within the 600s timeout and emitted a CSV row. For plan rows sharing one workflow size, this is invocation-level evidence, not independent per-hardware-kernel timing evidence."
known_finished_from_downloaded_benchmark_results_csv_and_run_log_ok,downloaded artifact benchmark-results-2mm/results_2mm.csv plus run log line 25437,Tier 2,2mm,benchmark-results-2mm,74071319991,completed,failure,128,456,2mm,128,2mm,128,1,0.014398,0.014398,0.014398,2026-05-02T21:25:43.1659018Z,finished,25437,[OK] 2mm 128 -> 0.014398 ms,"Workflow-size invocation finished within the 600s timeout and emitted a CSV row. For plan rows sharing one workflow size, this is invocation-level evidence, not independent per-hardware-kernel timing evidence."
known_timed_out_at_600s_from_run_log,run log line 25441,Tier 2,2mm,benchmark-results-2mm,74071319991,completed,failure,192,457,2mm,192,,,,,,,2026-05-02T21:35:43.2190510Z,timed_out_600s,25441,##[warning]TIMEOUT: 2mm 192 (>600s),The simulator invocation reached the workflow timeout command threshold (>600s); the job loop broke after this failure.
unknown_not_attempted_after_prior_failure,no downloaded CSV row and no OK/TIMEOUT/CRASH log event for this workflow size,Tier 2,2mm,benchmark-results-2mm,74071319991,completed,failure,256,458,2mm,256,,,,,,,,,,,No invocation evidence for this later plan entry; benchmark job stopped after first timed_out_600s at size 192 (plan index 457).
unknown_not_attempted_after_prior_failure,no downloaded CSV row and no OK/TIMEOUT/CRASH log event for this workflow size,Tier 2,2mm,benchmark-results-2mm,74071319991,completed,failure,384,459,2mm,384,,,,,,,,,,,No invocation evidence for this later plan entry; benchmark job stopped after first timed_out_600s at size 192 (plan index 457).
unknown_not_attempted_after_prior_failure,no downloaded CSV row and no OK/TIMEOUT/CRASH log event for this workflow size,Tier 2,2mm,benchmark-results-2mm,74071319991,completed,failure,512,460,2mm,512,,,,,,,,,,,No invocation evidence for this later plan entry; benchmark job stopped after first timed_out_600s at size 192 (plan index 457).
unknown_not_attempted_after_prior_failure,no downloaded CSV row and no OK/TIMEOUT/CRASH log event for this workflow size,Tier 2,2mm,benchmark-results-2mm,74071319991,completed,failure,640,461,2mm,640,,,,,,,,,,,No invocation evidence for this later plan entry; benchmark job stopped after first timed_out_600s at size 192 (plan index 457).
unknown_not_attempted_after_prior_failure,no downloaded CSV row and no OK/TIMEOUT/CRASH log event for this workflow size,Tier 2,2mm,benchmark-results-2mm,74071319991,completed,failure,768,462,2mm,768,,,,,,,,,,,No invocation evidence for this later plan entry; benchmark job stopped after first timed_out_600s at size 192 (plan index 457).
unknown_not_attempted_after_prior_failure,no downloaded CSV row and no OK/TIMEOUT/CRASH log event for this workflow size,Tier 2,2mm,benchmark-results-2mm,74071319991,completed,failure,896,463,2mm,896,,,,,,,,,,,No invocation evidence for this later plan entry; benchmark job stopped after first timed_out_600s at size 192 (plan index 457).
unknown_not_attempted_after_prior_failure,no downloaded CSV row and no OK/TIMEOUT/CRASH log event for this workflow size,Tier 2,2mm,benchmark-results-2mm,74071319991,completed,failure,1024,464,2mm,1024,,,,,,,,,,,No invocation evidence for this later plan entry; benchmark job stopped after first timed_out_600s at size 192 (plan index 457).
unknown_not_attempted_after_prior_failure,no downloaded CSV row and no OK/TIMEOUT/CRASH log event for this workflow size,Tier 2,2mm,benchmark-results-2mm,74071319991,completed,failure,1280,465,2mm,1280,,,,,,,,,,,No invocation evidence for this later plan entry; benchmark job stopped after first timed_out_600s at size 192 (plan index 457).
unknown_not_attempted_after_prior_failure,no downloaded CSV row and no OK/TIMEOUT/CRASH log event for this workflow size,Tier 2,2mm,benchmark-results-2mm,74071319991,completed,failure,1536,466,2mm,1536,,,,,,,,,,,No invocation evidence for this later plan entry; benchmark job stopped after first timed_out_600s at size 192 (plan index 457).
unknown_not_attempted_after_prior_failure,no downloaded CSV row and no OK/TIMEOUT/CRASH log event for this workflow size,Tier 2,2mm,benchmark-results-2mm,74071319991,completed,failure,1792,467,2mm,1792,,,,,,,,,,,No invocation evidence for this later plan entry; benchmark job stopped after first timed_out_600s at size 192 (plan index 457).
unknown_not_attempted_after_prior_failure,no downloaded CSV row and no OK/TIMEOUT/CRASH log event for this workflow size,Tier 2,2mm,benchmark-results-2mm,74071319991,completed,failure,2048,468,2mm,2048,,,,,,,,,,,No invocation evidence for this later plan entry; benchmark job stopped after first timed_out_600s at size 192 (plan index 457).
unknown_not_attempted_after_prior_failure,no downloaded CSV row and no OK/TIMEOUT/CRASH log event for this workflow size,Tier 2,2mm,benchmark-results-2mm,74071319991,completed,failure,2560,469,2mm,2560,,,,,,,,,,,No invocation evidence for this later plan entry; benchmark job stopped after first timed_out_600s at size 192 (plan index 457).
unknown_not_attempted_after_prior_failure,no downloaded CSV row and no OK/TIMEOUT/CRASH log event for this workflow size,Tier 2,2mm,benchmark-results-2mm,74071319991,completed,failure,3072,470,2mm,3072,,,,,,,,,,,No invocation evidence for this later plan entry; benchmark job stopped after first timed_out_600s at size 192 (plan index 457).
unknown_not_attempted_after_prior_failure,no downloaded CSV row and no OK/TIMEOUT/CRASH log event for this workflow size,Tier 2,2mm,benchmark-results-2mm,74071319991,completed,failure,3584,471,2mm,3584,,,,,,,,,,,No invocation evidence for this later plan entry; benchmark job stopped after first timed_out_600s at size 192 (plan index 457).
unknown_not_attempted_after_prior_failure,no downloaded CSV row and no OK/TIMEOUT/CRASH log event for this workflow size,Tier 2,2mm,benchmark-results-2mm,74071319991,completed,failure,4096,472,2mm,4096,,,,,,,,,,,No invocation evidence for this later plan entry; benchmark job stopped after first timed_out_600s at size 192 (plan index 457).
known_finished_from_downloaded_benchmark_results_csv_and_run_log_ok,downloaded artifact benchmark-results-hotspot/results_hotspot.csv plus run log line 33608,Tier 2,hotspot,benchmark-results-hotspot,74071320018,completed,failure,32,473,hotspot,32,hotspot,32,1,0.004429,0.004429,0.004429,2026-05-02T21:24:18.5705521Z,finished,33608,[OK] hotspot 32 -> 0.004429 ms,"Workflow-size invocation finished within the 600s timeout and emitted a CSV row. For plan rows sharing one workflow size, this is invocation-level evidence, not independent per-hardware-kernel timing evidence."
known_finished_from_downloaded_benchmark_results_csv_and_run_log_ok,downloaded artifact benchmark-results-hotspot/results_hotspot.csv plus run log line 33612,Tier 2,hotspot,benchmark-results-hotspot,74071320018,completed,failure,48,474,hotspot,48,hotspot,48,1,0.004508,0.004508,0.004508,2026-05-02T21:24:19.6083409Z,finished,33612,[OK] hotspot 48 -> 0.004508 ms,"Workflow-size invocation finished within the 600s timeout and emitted a CSV row. For plan rows sharing one workflow size, this is invocation-level evidence, not independent per-hardware-kernel timing evidence."
known_finished_from_downloaded_benchmark_results_csv_and_run_log_ok,downloaded artifact benchmark-results-hotspot/results_hotspot.csv plus run log line 33616,Tier 2,hotspot,benchmark-results-hotspot,74071320018,completed,failure,64,475,hotspot,64,hotspot,64,1,0.004545,0.004545,0.004545,2026-05-02T21:24:21.3300200Z,finished,33616,[OK] hotspot 64 -> 0.004545 ms,"Workflow-size invocation finished within the 600s timeout and emitted a CSV row. For plan rows sharing one workflow size, this is invocation-level evidence, not independent per-hardware-kernel timing evidence."
known_finished_from_downloaded_benchmark_results_csv_and_run_log_ok,downloaded artifact benchmark-results-hotspot/results_hotspot.csv plus run log line 33620,Tier 2,hotspot,benchmark-results-hotspot,74071320018,completed,failure,96,476,hotspot,96,hotspot,96,1,0.004447,0.004447,0.004447,2026-05-02T21:24:25.3720529Z,finished,33620,[OK] hotspot 96 -> 0.004447 ms,"Workflow-size invocation finished within the 600s timeout and emitted a CSV row. For plan rows sharing one workflow size, this is invocation-level evidence, not independent per-hardware-kernel timing evidence."
known_finished_from_downloaded_benchmark_results_csv_and_run_log_ok,downloaded artifact benchmark-results-hotspot/results_hotspot.csv plus run log line 33624,Tier 2,hotspot,benchmark-results-hotspot,74071320018,completed,failure,128,477,hotspot,128,hotspot,128,1,0.004449,0.004449,0.004449,2026-05-02T21:24:35.1137544Z,finished,33624,[OK] hotspot 128 -> 0.004449 ms,"Workflow-size invocation finished within the 600s timeout and emitted a CSV row. For plan rows sharing one workflow size, this is invocation-level evidence, not independent per-hardware-kernel timing evidence."
known_finished_from_downloaded_benchmark_results_csv_and_run_log_ok,downloaded artifact benchmark-results-hotspot/results_hotspot.csv plus run log line 33628,Tier 2,hotspot,benchmark-results-hotspot,74071320018,completed,failure,192,478,hotspot,192,hotspot,192,1,0.004591,0.004591,0.004591,2026-05-02T21:25:07.2523775Z,finished,33628,[OK] hotspot 192 -> 0.004591 ms,"Workflow-size invocation finished within the 600s timeout and emitted a CSV row. For plan rows sharing one workflow size, this is invocation-level evidence, not independent per-hardware-kernel timing evidence."
known_finished_from_downloaded_benchmark_results_csv_and_run_log_ok,downloaded artifact benchmark-results-hotspot/results_hotspot.csv plus run log line 33632,Tier 2,hotspot,benchmark-results-hotspot,74071320018,completed,failure,256,479,hotspot,256,hotspot,256,1,0.005678,0.005678,0.005678,2026-05-02T21:26:31.1621809Z,finished,33632,[OK] hotspot 256 -> 0.005678 ms,"Workflow-size invocation finished within the 600s timeout and emitted a CSV row. For plan rows sharing one workflow size, this is invocation-level evidence, not independent per-hardware-kernel timing evidence."
known_finished_from_downloaded_benchmark_results_csv_and_run_log_ok,downloaded artifact benchmark-results-hotspot/results_hotspot.csv plus run log line 33636,Tier 2,hotspot,benchmark-results-hotspot,74071320018,completed,failure,384,480,hotspot,384,hotspot,384,1,0.007363,0.007363,0.007363,2026-05-02T21:31:07.1756192Z,finished,33636,[OK] hotspot 384 -> 0.007363 ms,"Workflow-size invocation finished within the 600s timeout and emitted a CSV row. For plan rows sharing one workflow size, this is invocation-level evidence, not independent per-hardware-kernel timing evidence."
known_timed_out_at_600s_from_run_log,run log line 33640,Tier 2,hotspot,benchmark-results-hotspot,74071320018,completed,failure,512,481,hotspot,512,,,,,,,2026-05-02T21:41:07.2437422Z,timed_out_600s,33640,##[warning]TIMEOUT: hotspot 512 (>600s),The simulator invocation reached the workflow timeout command threshold (>600s); the job loop broke after this failure.
unknown_not_attempted_after_prior_failure,no downloaded CSV row and no OK/TIMEOUT/CRASH log event for this workflow size,Tier 2,hotspot,benchmark-results-hotspot,74071320018,completed,failure,640,482,hotspot,640,,,,,,,,,,,No invocation evidence for this later plan entry; benchmark job stopped after first timed_out_600s at size 512 (plan index 481).
unknown_not_attempted_after_prior_failure,no downloaded CSV row and no OK/TIMEOUT/CRASH log event for this workflow size,Tier 2,hotspot,benchmark-results-hotspot,74071320018,completed,failure,768,483,hotspot,768,,,,,,,,,,,No invocation evidence for this later plan entry; benchmark job stopped after first timed_out_600s at size 512 (plan index 481).
unknown_not_attempted_after_prior_failure,no downloaded CSV row and no OK/TIMEOUT/CRASH log event for this workflow size,Tier 2,hotspot,benchmark-results-hotspot,74071320018,completed,failure,1024,484,hotspot,1024,,,,,,,,,,,No invocation evidence for this later plan entry; benchmark job stopped after first timed_out_600s at size 512 (plan index 481).
unknown_not_attempted_after_prior_failure,no downloaded CSV row and no OK/TIMEOUT/CRASH log event for this workflow size,Tier 2,hotspot,benchmark-results-hotspot,74071320018,completed,failure,1280,485,hotspot,1280,,,,,,,,,,,No invocation evidence for this later plan entry; benchmark job stopped after first timed_out_600s at size 512 (plan index 481).
unknown_not_attempted_after_prior_failure,no downloaded CSV row and no OK/TIMEOUT/CRASH log event for this workflow size,Tier 2,hotspot,benchmark-results-hotspot,74071320018,completed,failure,1536,486,hotspot,1536,,,,,,,,,,,No invocation evidence for this later plan entry; benchmark job stopped after first timed_out_600s at size 512 (plan index 481).
unknown_not_attempted_after_prior_failure,no downloaded CSV row and no OK/TIMEOUT/CRASH log event for this workflow size,Tier 2,hotspot,benchmark-results-hotspot,74071320018,completed,failure,2048,487,hotspot,2048,,,,,,,,,,,No invocation evidence for this later plan entry; benchmark job stopped after first timed_out_600s at size 512 (plan index 481).
unknown_not_attempted_after_prior_failure,no downloaded CSV row and no OK/TIMEOUT/CRASH log event for this workflow size,Tier 2,hotspot,benchmark-results-hotspot,74071320018,completed,failure,2560,488,hotspot,2560,,,,,,,,,,,No invocation evidence for this later plan entry; benchmark job stopped after first timed_out_600s at size 512 (plan index 481).
unknown_not_attempted_after_prior_failure,no downloaded CSV row and no OK/TIMEOUT/CRASH log event for this workflow size,Tier 2,hotspot,benchmark-results-hotspot,74071320018,completed,failure,3072,489,hotspot,3072,,,,,,,,,,,No invocation evidence for this later plan entry; benchmark job stopped after first timed_out_600s at size 512 (plan index 481).
unknown_not_attempted_after_prior_failure,no downloaded CSV row and no OK/TIMEOUT/CRASH log event for this workflow size,Tier 2,hotspot,benchmark-results-hotspot,74071320018,completed,failure,3584,490,hotspot,3584,,,,,,,,,,,No invocation evidence for this later plan entry; benchmark job stopped after first timed_out_600s at size 512 (plan index 481).
unknown_not_attempted_after_prior_failure,no downloaded CSV row and no OK/TIMEOUT/CRASH log event for this workflow size,Tier 2,hotspot,benchmark-results-hotspot,74071320018,completed,failure,4096,491,hotspot,4096,,,,,,,,,,,No invocation evidence for this later plan entry; benchmark job stopped after first timed_out_600s at size 512 (plan index 481).
known_finished_from_downloaded_benchmark_results_csv_and_run_log_ok,downloaded artifact benchmark-results-parboil-sgemm/results_parboil_sgemm.csv plus run log line 24814,Tier 2,parboil_sgemm,benchmark-results-parboil-sgemm,74071319989,completed,failure,64,492,sgemm_tiled,64,sgemm_tiled,64,1,0.002332,0.002332,0.002332,2026-05-02T21:24:18.4240489Z,finished,24814,[OK] parboil_sgemm 64 -> 0.002332 ms,"Workflow-size invocation finished within the 600s timeout and emitted a CSV row. For plan rows sharing one workflow size, this is invocation-level evidence, not independent per-hardware-kernel timing evidence."
known_finished_from_downloaded_benchmark_results_csv_and_run_log_ok,downloaded artifact benchmark-results-parboil-sgemm/results_parboil_sgemm.csv plus run log line 24818,Tier 2,parboil_sgemm,benchmark-results-parboil-sgemm,74071319989,completed,failure,128,493,sgemm_tiled,128,sgemm_tiled,128,1,0.004023,0.004023,0.004023,2026-05-02T21:24:21.7769351Z,finished,24818,[OK] parboil_sgemm 128 -> 0.004023 ms,"Workflow-size invocation finished within the 600s timeout and emitted a CSV row. For plan rows sharing one workflow size, this is invocation-level evidence, not independent per-hardware-kernel timing evidence."
known_finished_from_downloaded_benchmark_results_csv_and_run_log_ok,downloaded artifact benchmark-results-parboil-sgemm/results_parboil_sgemm.csv plus run log line 24822,Tier 2,parboil_sgemm,benchmark-results-parboil-sgemm,74071319989,completed,failure,192,494,sgemm_tiled,192,sgemm_tiled,192,1,0.005970,0.005970,0.005970,2026-05-02T21:24:36.3412624Z,finished,24822,[OK] parboil_sgemm 192 -> 0.005970 ms,"Workflow-size invocation finished within the 600s timeout and emitted a CSV row. For plan rows sharing one workflow size, this is invocation-level evidence, not independent per-hardware-kernel timing evidence."
known_finished_from_downloaded_benchmark_results_csv_and_run_log_ok,downloaded artifact benchmark-results-parboil-sgemm/results_parboil_sgemm.csv plus run log line 24826,Tier 2,parboil_sgemm,benchmark-results-parboil-sgemm,74071319989,completed,failure,256,495,sgemm_tiled,256,sgemm_tiled,256,1,0.008194,0.008194,0.008194,2026-05-02T21:25:27.9737734Z,finished,24826,[OK] parboil_sgemm 256 -> 0.008194 ms,"Workflow-size invocation finished within the 600s timeout and emitted a CSV row. For plan rows sharing one workflow size, this is invocation-level evidence, not independent per-hardware-kernel timing evidence."
known_finished_from_downloaded_benchmark_results_csv_and_run_log_ok,downloaded artifact benchmark-results-parboil-sgemm/results_parboil_sgemm.csv plus run log line 24830,Tier 2,parboil_sgemm,benchmark-results-parboil-sgemm,74071319989,completed,failure,320,496,sgemm_tiled,320,sgemm_tiled,320,1,0.010298,0.010298,0.010298,2026-05-02T21:28:21.7994409Z,finished,24830,[OK] parboil_sgemm 320 -> 0.010298 ms,"Workflow-size invocation finished within the 600s timeout and emitted a CSV row. For plan rows sharing one workflow size, this is invocation-level evidence, not independent per-hardware-kernel timing evidence."
known_finished_from_downloaded_benchmark_results_csv_and_run_log_ok,downloaded artifact benchmark-results-parboil-sgemm/results_parboil_sgemm.csv plus run log line 24834,Tier 2,parboil_sgemm,benchmark-results-parboil-sgemm,74071319989,completed,failure,384,497,sgemm_tiled,384,sgemm_tiled,384,1,0.013761,0.013761,0.013761,2026-05-02T21:34:00.0876710Z,finished,24834,[OK] parboil_sgemm 384 -> 0.013761 ms,"Workflow-size invocation finished within the 600s timeout and emitted a CSV row. For plan rows sharing one workflow size, this is invocation-level evidence, not independent per-hardware-kernel timing evidence."
known_timed_out_at_600s_from_run_log,run log line 24838,Tier 2,parboil_sgemm,benchmark-results-parboil-sgemm,74071319989,completed,failure,448,498,sgemm_tiled,448,,,,,,,2026-05-02T21:44:00.1333376Z,timed_out_600s,24838,##[warning]TIMEOUT: parboil_sgemm 448 (>600s),The simulator invocation reached the workflow timeout command threshold (>600s); the job loop broke after this failure.
unknown_not_attempted_after_prior_failure,no downloaded CSV row and no OK/TIMEOUT/CRASH log event for this workflow size,Tier 2,parboil_sgemm,benchmark-results-parboil-sgemm,74071319989,completed,failure,512,499,sgemm_tiled,512,,,,,,,,,,,No invocation evidence for this later plan entry; benchmark job stopped after first timed_out_600s at size 448 (plan index 498).
unknown_not_attempted_after_prior_failure,no downloaded CSV row and no OK/TIMEOUT/CRASH log event for this workflow size,Tier 2,parboil_sgemm,benchmark-results-parboil-sgemm,74071319989,completed,failure,576,500,sgemm_tiled,576,,,,,,,,,,,No invocation evidence for this later plan entry; benchmark job stopped after first timed_out_600s at size 448 (plan index 498).
unknown_not_attempted_after_prior_failure,no downloaded CSV row and no OK/TIMEOUT/CRASH log event for this workflow size,Tier 2,parboil_sgemm,benchmark-results-parboil-sgemm,74071319989,completed,failure,640,501,sgemm_tiled,640,,,,,,,,,,,No invocation evidence for this later plan entry; benchmark job stopped after first timed_out_600s at size 448 (plan index 498).
unknown_not_attempted_after_prior_failure,no downloaded CSV row and no OK/TIMEOUT/CRASH log event for this workflow size,Tier 2,parboil_sgemm,benchmark-results-parboil-sgemm,74071319989,completed,failure,704,502,sgemm_tiled,704,,,,,,,,,,,No invocation evidence for this later plan entry; benchmark job stopped after first timed_out_600s at size 448 (plan index 498).
unknown_not_attempted_after_prior_failure,no downloaded CSV row and no OK/TIMEOUT/CRASH log event for this workflow size,Tier 2,parboil_sgemm,benchmark-results-parboil-sgemm,74071319989,completed,failure,768,503,sgemm_tiled,768,,,,,,,,,,,No invocation evidence for this later plan entry; benchmark job stopped after first timed_out_600s at size 448 (plan index 498).
unknown_not_attempted_after_prior_failure,no downloaded CSV row and no OK/TIMEOUT/CRASH log event for this workflow size,Tier 2,parboil_sgemm,benchmark-results-parboil-sgemm,74071319989,completed,failure,832,504,sgemm_tiled,832,,,,,,,,,,,No invocation evidence for this later plan entry; benchmark job stopped after first timed_out_600s at size 448 (plan index 498).
unknown_not_attempted_after_prior_failure,no downloaded CSV row and no OK/TIMEOUT/CRASH log event for this workflow size,Tier 2,parboil_sgemm,benchmark-results-parboil-sgemm,74071319989,completed,failure,896,505,sgemm_tiled,896,,,,,,,,,,,No invocation evidence for this later plan entry; benchmark job stopped after first timed_out_600s at size 448 (plan index 498).
unknown_not_attempted_after_prior_failure,no downloaded CSV row and no OK/TIMEOUT/CRASH log event for this workflow size,Tier 2,parboil_sgemm,benchmark-results-parboil-sgemm,74071319989,completed,failure,960,506,sgemm_tiled,960,,,,,,,,,,,No invocation evidence for this later plan entry; benchmark job stopped after first timed_out_600s at size 448 (plan index 498).
unknown_not_attempted_after_prior_failure,no downloaded CSV row and no OK/TIMEOUT/CRASH log event for this workflow size,Tier 2,parboil_sgemm,benchmark-results-parboil-sgemm,74071319989,completed,failure,1024,507,sgemm_tiled,1024,,,,,,,,,,,No invocation evidence for this later plan entry; benchmark job stopped after first timed_out_600s at size 448 (plan index 498).
unknown_not_attempted_after_prior_failure,no downloaded CSV row and no OK/TIMEOUT/CRASH log event for this workflow size,Tier 2,parboil_sgemm,benchmark-results-parboil-sgemm,74071319989,completed,failure,1088,508,sgemm_tiled,1088,,,,,,,,,,,No invocation evidence for this later plan entry; benchmark job stopped after first timed_out_600s at size 448 (plan index 498).
unknown_not_attempted_after_prior_failure,no downloaded CSV row and no OK/TIMEOUT/CRASH log event for this workflow size,Tier 2,parboil_sgemm,benchmark-results-parboil-sgemm,74071319989,completed,failure,1152,509,sgemm_tiled,1152,,,,,,,,,,,No invocation evidence for this later plan entry; benchmark job stopped after first timed_out_600s at size 448 (plan index 498).
unknown_not_attempted_after_prior_failure,no downloaded CSV row and no OK/TIMEOUT/CRASH log event for this workflow size,Tier 2,parboil_sgemm,benchmark-results-parboil-sgemm,74071319989,completed,failure,1216,510,sgemm_tiled,1216,,,,,,,,,,,No invocation evidence for this later plan entry; benchmark job stopped after first timed_out_600s at size 448 (plan index 498).
unknown_not_attempted_after_prior_failure,no downloaded CSV row and no OK/TIMEOUT/CRASH log event for this workflow size,Tier 2,parboil_sgemm,benchmark-results-parboil-sgemm,74071319989,completed,failure,1280,511,sgemm_tiled,1280,,,,,,,,,,,No invocation evidence for this later plan entry; benchmark job stopped after first timed_out_600s at size 448 (plan index 498).
known_timed_out_at_600s_from_run_log,run log line 28860,Tier 2,dwt2d,benchmark-results-dwt2d,74071320001,completed,failure,32x32,512,dwt2d,32x32,,,,,,,2026-05-02T21:34:19.6715935Z,timed_out_600s,28860,##[warning]TIMEOUT: dwt2d 32x32 (>600s),The simulator invocation reached the workflow timeout command threshold (>600s); the job loop broke after this failure.
unknown_not_attempted_after_prior_failure,no downloaded CSV row and no OK/TIMEOUT/CRASH log event for this workflow size,Tier 2,dwt2d,benchmark-results-dwt2d,74071320001,completed,failure,64x64,513,dwt2d,64x64,,,,,,,,,,,No invocation evidence for this later plan entry; benchmark job stopped after first timed_out_600s at size 32x32 (plan index 512).
unknown_not_attempted_after_prior_failure,no downloaded CSV row and no OK/TIMEOUT/CRASH log event for this workflow size,Tier 2,dwt2d,benchmark-results-dwt2d,74071320001,completed,failure,128x128,514,dwt2d,128x128,,,,,,,,,,,No invocation evidence for this later plan entry; benchmark job stopped after first timed_out_600s at size 32x32 (plan index 512).
unknown_not_attempted_after_prior_failure,no downloaded CSV row and no OK/TIMEOUT/CRASH log event for this workflow size,Tier 2,dwt2d,benchmark-results-dwt2d,74071320001,completed,failure,256x256,515,dwt2d,256x256,,,,,,,,,,,No invocation evidence for this later plan entry; benchmark job stopped after first timed_out_600s at size 32x32 (plan index 512).
unknown_not_attempted_after_prior_failure,no downloaded CSV row and no OK/TIMEOUT/CRASH log event for this workflow size,Tier 2,dwt2d,benchmark-results-dwt2d,74071320001,completed,failure,384x384,516,dwt2d,384x384,,,,,,,,,,,No invocation evidence for this later plan entry; benchmark job stopped after first timed_out_600s at size 32x32 (plan index 512).
unknown_not_attempted_after_prior_failure,no downloaded CSV row and no OK/TIMEOUT/CRASH log event for this workflow size,Tier 2,dwt2d,benchmark-results-dwt2d,74071320001,completed,failure,512x512,517,dwt2d,512x512,,,,,,,,,,,No invocation evidence for this later plan entry; benchmark job stopped after first timed_out_600s at size 32x32 (plan index 512).
unknown_not_attempted_after_prior_failure,no downloaded CSV row and no OK/TIMEOUT/CRASH log event for this workflow size,Tier 2,dwt2d,benchmark-results-dwt2d,74071320001,completed,failure,768x768,518,dwt2d,768x768,,,,,,,,,,,No invocation evidence for this later plan entry; benchmark job stopped after first timed_out_600s at size 32x32 (plan index 512).
unknown_not_attempted_after_prior_failure,no downloaded CSV row and no OK/TIMEOUT/CRASH log event for this workflow size,Tier 2,dwt2d,benchmark-results-dwt2d,74071320001,completed,failure,1024x1024,519,dwt2d,1024x1024,,,,,,,,,,,No invocation evidence for this later plan entry; benchmark job stopped after first timed_out_600s at size 32x32 (plan index 512).
unknown_not_attempted_after_prior_failure,no downloaded CSV row and no OK/TIMEOUT/CRASH log event for this workflow size,Tier 2,dwt2d,benchmark-results-dwt2d,74071320001,completed,failure,1280x1280,520,dwt2d,1280x1280,,,,,,,,,,,No invocation evidence for this later plan entry; benchmark job stopped after first timed_out_600s at size 32x32 (plan index 512).
unknown_not_attempted_after_prior_failure,no downloaded CSV row and no OK/TIMEOUT/CRASH log event for this workflow size,Tier 2,dwt2d,benchmark-results-dwt2d,74071320001,completed,failure,1536x1536,521,dwt2d,1536x1536,,,,,,,,,,,No invocation evidence for this later plan entry; benchmark job stopped after first timed_out_600s at size 32x32 (plan index 512).
unknown_not_attempted_after_prior_failure,no downloaded CSV row and no OK/TIMEOUT/CRASH log event for this workflow size,Tier 2,dwt2d,benchmark-results-dwt2d,74071320001,completed,failure,2048x2048,522,dwt2d,2048x2048,,,,,,,,,,,No invocation evidence for this later plan entry; benchmark job stopped after first timed_out_600s at size 32x32 (plan index 512).
unknown_not_attempted_after_prior_failure,no downloaded CSV row and no OK/TIMEOUT/CRASH log event for this workflow size,Tier 2,dwt2d,benchmark-results-dwt2d,74071320001,completed,failure,2560x2560,523,dwt2d,2560x2560,,,,,,,,,,,No invocation evidence for this later plan entry; benchmark job stopped after first timed_out_600s at size 32x32 (plan index 512).
unknown_not_attempted_after_prior_failure,no downloaded CSV row and no OK/TIMEOUT/CRASH log event for this workflow size,Tier 2,dwt2d,benchmark-results-dwt2d,74071320001,completed,failure,3072x3072,524,dwt2d,3072x3072,,,,,,,,,,,No invocation evidence for this later plan entry; benchmark job stopped after first timed_out_600s at size 32x32 (plan index 512).
unknown_not_attempted_after_prior_failure,no downloaded CSV row and no OK/TIMEOUT/CRASH log event for this workflow size,Tier 2,dwt2d,benchmark-results-dwt2d,74071320001,completed,failure,4096x4096,525,dwt2d,4096x4096,,,,,,,,,,,No invocation evidence for this later plan entry; benchmark job stopped after first timed_out_600s at size 32x32 (plan index 512).
unknown_not_attempted_after_prior_failure,no downloaded CSV row and no OK/TIMEOUT/CRASH log event for this workflow size,Tier 2,dwt2d,benchmark-results-dwt2d,74071320001,completed,failure,5120x5120,526,dwt2d,5120x5120,,,,,,,,,,,No invocation evidence for this later plan entry; benchmark job stopped after first timed_out_600s at size 32x32 (plan index 512).
unknown_not_attempted_after_prior_failure,no downloaded CSV row and no OK/TIMEOUT/CRASH log event for this workflow size,Tier 2,dwt2d,benchmark-results-dwt2d,74071320001,completed,failure,6144x6144,527,dwt2d,6144x6144,,,,,,,,,,,No invocation evidence for this later plan entry; benchmark job stopped after first timed_out_600s at size 32x32 (plan index 512).
unknown_not_attempted_after_prior_failure,no downloaded CSV row and no OK/TIMEOUT/CRASH log event for this workflow size,Tier 2,dwt2d,benchmark-results-dwt2d,74071320001,completed,failure,7168x7168,528,dwt2d,7168x7168,,,,,,,,,,,No invocation evidence for this later plan entry; benchmark job stopped after first timed_out_600s at size 32x32 (plan index 512).
unknown_not_attempted_after_prior_failure,no downloaded CSV row and no OK/TIMEOUT/CRASH log event for this workflow size,Tier 2,dwt2d,benchmark-results-dwt2d,74071320001,completed,failure,8192x8192,529,dwt2d,8192x8192,,,,,,,,,,,No invocation evidence for this later plan entry; benchmark job stopped after first timed_out_600s at size 32x32 (plan index 512).
known_finished_from_downloaded_benchmark_results_csv_and_run_log_ok,downloaded artifact benchmark-results-atax/results_atax.csv plus run log line 30744,Tier 2,atax,benchmark-results-atax,74071320009,completed,failure,64x64,530,atax,64x64,atax,64x64,1,0.008627,0.008627,0.008627,2026-05-02T21:24:20.3491042Z,finished,30744,[OK] atax 64x64 -> 0.008627 ms,"Workflow-size invocation finished within the 600s timeout and emitted a CSV row. For plan rows sharing one workflow size, this is invocation-level evidence, not independent per-hardware-kernel timing evidence."
known_finished_from_downloaded_benchmark_results_csv_and_run_log_ok,downloaded artifact benchmark-results-atax/results_atax.csv plus run log line 30748,Tier 2,atax,benchmark-results-atax,74071320009,completed,failure,128x128,531,atax,128x128,atax,128x128,1,0.024673,0.024673,0.024673,2026-05-02T21:24:49.6719919Z,finished,30748,[OK] atax 128x128 -> 0.024673 ms,"Workflow-size invocation finished within the 600s timeout and emitted a CSV row. For plan rows sharing one workflow size, this is invocation-level evidence, not independent per-hardware-kernel timing evidence."
known_finished_from_downloaded_benchmark_results_csv_and_run_log_ok,downloaded artifact benchmark-results-atax/results_atax.csv plus run log line 30752,Tier 2,atax,benchmark-results-atax,74071320009,completed,failure,192x192,532,atax,192x192,atax,192x192,1,0.048321,0.048321,0.048321,2026-05-02T21:27:11.7312097Z,finished,30752,[OK] atax 192x192 -> 0.048321 ms,"Workflow-size invocation finished within the 600s timeout and emitted a CSV row. For plan rows sharing one workflow size, this is invocation-level evidence, not independent per-hardware-kernel timing evidence."
known_finished_from_downloaded_benchmark_results_csv_and_run_log_ok,downloaded artifact benchmark-results-atax/results_atax.csv plus run log line 30756,Tier 2,atax,benchmark-results-atax,74071320009,completed,failure,256x256,533,atax,256x256,atax,256x256,1,0.080102,0.080102,0.080102,2026-05-02T21:34:57.4377643Z,finished,30756,[OK] atax 256x256 -> 0.080102 ms,"Workflow-size invocation finished within the 600s timeout and emitted a CSV row. For plan rows sharing one workflow size, this is invocation-level evidence, not independent per-hardware-kernel timing evidence."
known_timed_out_at_600s_from_run_log,run log line 30760,Tier 2,atax,benchmark-results-atax,74071320009,completed,failure,384x384,534,atax,384x384,,,,,,,2026-05-02T21:44:57.4517586Z,timed_out_600s,30760,##[warning]TIMEOUT: atax 384x384 (>600s),The simulator invocation reached the workflow timeout command threshold (>600s); the job loop broke after this failure.
unknown_not_attempted_after_prior_failure,no downloaded CSV row and no OK/TIMEOUT/CRASH log event for this workflow size,Tier 2,atax,benchmark-results-atax,74071320009,completed,failure,512x512,535,atax,512x512,,,,,,,,,,,No invocation evidence for this later plan entry; benchmark job stopped after first timed_out_600s at size 384x384 (plan index 534).
unknown_not_attempted_after_prior_failure,no downloaded CSV row and no OK/TIMEOUT/CRASH log event for this workflow size,Tier 2,atax,benchmark-results-atax,74071320009,completed,failure,640x640,536,atax,640x640,,,,,,,,,,,No invocation evidence for this later plan entry; benchmark job stopped after first timed_out_600s at size 384x384 (plan index 534).
unknown_not_attempted_after_prior_failure,no downloaded CSV row and no OK/TIMEOUT/CRASH log event for this workflow size,Tier 2,atax,benchmark-results-atax,74071320009,completed,failure,768x768,537,atax,768x768,,,,,,,,,,,No invocation evidence for this later plan entry; benchmark job stopped after first timed_out_600s at size 384x384 (plan index 534).
unknown_not_attempted_after_prior_failure,no downloaded CSV row and no OK/TIMEOUT/CRASH log event for this workflow size,Tier 2,atax,benchmark-results-atax,74071320009,completed,failure,896x896,538,atax,896x896,,,,,,,,,,,No invocation evidence for this later plan entry; benchmark job stopped after first timed_out_600s at size 384x384 (plan index 534).
unknown_not_attempted_after_prior_failure,no downloaded CSV row and no OK/TIMEOUT/CRASH log event for this workflow size,Tier 2,atax,benchmark-results-atax,74071320009,completed,failure,1024x1024,539,atax,1024x1024,,,,,,,,,,,No invocation evidence for this later plan entry; benchmark job stopped after first timed_out_600s at size 384x384 (plan index 534).
unknown_not_attempted_after_prior_failure,no downloaded CSV row and no OK/TIMEOUT/CRASH log event for this workflow size,Tier 2,atax,benchmark-results-atax,74071320009,completed,failure,1280x1280,540,atax,1280x1280,,,,,,,,,,,No invocation evidence for this later plan entry; benchmark job stopped after first timed_out_600s at size 384x384 (plan index 534).
unknown_not_attempted_after_prior_failure,no downloaded CSV row and no OK/TIMEOUT/CRASH log event for this workflow size,Tier 2,atax,benchmark-results-atax,74071320009,completed,failure,1536x1536,541,atax,1536x1536,,,,,,,,,,,No invocation evidence for this later plan entry; benchmark job stopped after first timed_out_600s at size 384x384 (plan index 534).
unknown_not_attempted_after_prior_failure,no downloaded CSV row and no OK/TIMEOUT/CRASH log event for this workflow size,Tier 2,atax,benchmark-results-atax,74071320009,completed,failure,1792x1792,542,atax,1792x1792,,,,,,,,,,,No invocation evidence for this later plan entry; benchmark job stopped after first timed_out_600s at size 384x384 (plan index 534).
unknown_not_attempted_after_prior_failure,no downloaded CSV row and no OK/TIMEOUT/CRASH log event for this workflow size,Tier 2,atax,benchmark-results-atax,74071320009,completed,failure,2048x2048,543,atax,2048x2048,,,,,,,,,,,No invocation evidence for this later plan entry; benchmark job stopped after first timed_out_600s at size 384x384 (plan index 534).
unknown_not_attempted_after_prior_failure,no downloaded CSV row and no OK/TIMEOUT/CRASH log event for this workflow size,Tier 2,atax,benchmark-results-atax,74071320009,completed,failure,2560x2560,544,atax,2560x2560,,,,,,,,,,,No invocation evidence for this later plan entry; benchmark job stopped after first timed_out_600s at size 384x384 (plan index 534).
unknown_not_attempted_after_prior_failure,no downloaded CSV row and no OK/TIMEOUT/CRASH log event for this workflow size,Tier 2,atax,benchmark-results-atax,74071320009,completed,failure,3072x3072,545,atax,3072x3072,,,,,,,,,,,No invocation evidence for this later plan entry; benchmark job stopped after first timed_out_600s at size 384x384 (plan index 534).
unknown_not_attempted_after_prior_failure,no downloaded CSV row and no OK/TIMEOUT/CRASH log event for this workflow size,Tier 2,atax,benchmark-results-atax,74071320009,completed,failure,3584x3584,546,atax,3584x3584,,,,,,,,,,,No invocation evidence for this later plan entry; benchmark job stopped after first timed_out_600s at size 384x384 (plan index 534).
unknown_not_attempted_after_prior_failure,no downloaded CSV row and no OK/TIMEOUT/CRASH log event for this workflow size,Tier 2,atax,benchmark-results-atax,74071320009,completed,failure,4096x4096,547,atax,4096x4096,,,,,,,,,,,No invocation evidence for this later plan entry; benchmark job stopped after first timed_out_600s at size 384x384 (plan index 534).
known_finished_from_downloaded_benchmark_results_csv_and_run_log_ok,downloaded artifact benchmark-results-bicg/results_bicg.csv plus run log line 27450,Tier 2,bicg,benchmark-results-bicg,74071319996,completed,failure,64x64,548,bicg,64x64,bicg,64x64,1,0.008956,0.008956,0.008956,2026-05-02T21:34:46.8343834Z,finished,27450,[OK] bicg 64x64 -> 0.008956 ms,"Workflow-size invocation finished within the 600s timeout and emitted a CSV row. For plan rows sharing one workflow size, this is invocation-level evidence, not independent per-hardware-kernel timing evidence."
known_finished_from_downloaded_benchmark_results_csv_and_run_log_ok,downloaded artifact benchmark-results-bicg/results_bicg.csv plus run log line 27454,Tier 2,bicg,benchmark-results-bicg,74071319996,completed,failure,128x128,549,bicg,128x128,bicg,128x128,1,0.025249,0.025249,0.025249,2026-05-02T21:35:19.4986074Z,finished,27454,[OK] bicg 128x128 -> 0.025249 ms,"Workflow-size invocation finished within the 600s timeout and emitted a CSV row. For plan rows sharing one workflow size, this is invocation-level evidence, not independent per-hardware-kernel timing evidence."
known_finished_from_downloaded_benchmark_results_csv_and_run_log_ok,downloaded artifact benchmark-results-bicg/results_bicg.csv plus run log line 27458,Tier 2,bicg,benchmark-results-bicg,74071319996,completed,failure,192x192,550,bicg,192x192,bicg,192x192,1,0.049130,0.049130,0.049130,2026-05-02T21:38:03.1508182Z,finished,27458,[OK] bicg 192x192 -> 0.049130 ms,"Workflow-size invocation finished within the 600s timeout and emitted a CSV row. For plan rows sharing one workflow size, this is invocation-level evidence, not independent per-hardware-kernel timing evidence."
known_timed_out_at_600s_from_run_log,run log line 27462,Tier 2,bicg,benchmark-results-bicg,74071319996,completed,failure,256x256,551,bicg,256x256,,,,,,,2026-05-02T21:48:03.1821232Z,timed_out_600s,27462,##[warning]TIMEOUT: bicg 256x256 (>600s),The simulator invocation reached the workflow timeout command threshold (>600s); the job loop broke after this failure.
unknown_not_attempted_after_prior_failure,no downloaded CSV row and no OK/TIMEOUT/CRASH log event for this workflow size,Tier 2,bicg,benchmark-results-bicg,74071319996,completed,failure,384x384,552,bicg,384x384,,,,,,,,,,,No invocation evidence for this later plan entry; benchmark job stopped after first timed_out_600s at size 256x256 (plan index 551).
unknown_not_attempted_after_prior_failure,no downloaded CSV row and no OK/TIMEOUT/CRASH log event for this workflow size,Tier 2,bicg,benchmark-results-bicg,74071319996,completed,failure,512x512,553,bicg,512x512,,,,,,,,,,,No invocation evidence for this later plan entry; benchmark job stopped after first timed_out_600s at size 256x256 (plan index 551).
unknown_not_attempted_after_prior_failure,no downloaded CSV row and no OK/TIMEOUT/CRASH log event for this workflow size,Tier 2,bicg,benchmark-results-bicg,74071319996,completed,failure,640x640,554,bicg,640x640,,,,,,,,,,,No invocation evidence for this later plan entry; benchmark job stopped after first timed_out_600s at size 256x256 (plan index 551).
unknown_not_attempted_after_prior_failure,no downloaded CSV row and no OK/TIMEOUT/CRASH log event for this workflow size,Tier 2,bicg,benchmark-results-bicg,74071319996,completed,failure,768x768,555,bicg,768x768,,,,,,,,,,,No invocation evidence for this later plan entry; benchmark job stopped after first timed_out_600s at size 256x256 (plan index 551).
unknown_not_attempted_after_prior_failure,no downloaded CSV row and no OK/TIMEOUT/CRASH log event for this workflow size,Tier 2,bicg,benchmark-results-bicg,74071319996,completed,failure,896x896,556,bicg,896x896,,,,,,,,,,,No invocation evidence for this later plan entry; benchmark job stopped after first timed_out_600s at size 256x256 (plan index 551).
unknown_not_attempted_after_prior_failure,no downloaded CSV row and no OK/TIMEOUT/CRASH log event for this workflow size,Tier 2,bicg,benchmark-results-bicg,74071319996,completed,failure,1024x1024,557,bicg,1024x1024,,,,,,,,,,,No invocation evidence for this later plan entry; benchmark job stopped after first timed_out_600s at size 256x256 (plan index 551).
unknown_not_attempted_after_prior_failure,no downloaded CSV row and no OK/TIMEOUT/CRASH log event for this workflow size,Tier 2,bicg,benchmark-results-bicg,74071319996,completed,failure,1280x1280,558,bicg,1280x1280,,,,,,,,,,,No invocation evidence for this later plan entry; benchmark job stopped after first timed_out_600s at size 256x256 (plan index 551).
unknown_not_attempted_after_prior_failure,no downloaded CSV row and no OK/TIMEOUT/CRASH log event for this workflow size,Tier 2,bicg,benchmark-results-bicg,74071319996,completed,failure,1536x1536,559,bicg,1536x1536,,,,,,,,,,,No invocation evidence for this later plan entry; benchmark job stopped after first timed_out_600s at size 256x256 (plan index 551).
unknown_not_attempted_after_prior_failure,no downloaded CSV row and no OK/TIMEOUT/CRASH log event for this workflow size,Tier 2,bicg,benchmark-results-bicg,74071319996,completed,failure,1792x1792,560,bicg,1792x1792,,,,,,,,,,,No invocation evidence for this later plan entry; benchmark job stopped after first timed_out_600s at size 256x256 (plan index 551).
unknown_not_attempted_after_prior_failure,no downloaded CSV row and no OK/TIMEOUT/CRASH log event for this workflow size,Tier 2,bicg,benchmark-results-bicg,74071319996,completed,failure,2048x2048,561,bicg,2048x2048,,,,,,,,,,,No invocation evidence for this later plan entry; benchmark job stopped after first timed_out_600s at size 256x256 (plan index 551).
unknown_not_attempted_after_prior_failure,no downloaded CSV row and no OK/TIMEOUT/CRASH log event for this workflow size,Tier 2,bicg,benchmark-results-bicg,74071319996,completed,failure,2560x2560,562,bicg,2560x2560,,,,,,,,,,,No invocation evidence for this later plan entry; benchmark job stopped after first timed_out_600s at size 256x256 (plan index 551).
unknown_not_attempted_after_prior_failure,no downloaded CSV row and no OK/TIMEOUT/CRASH log event for this workflow size,Tier 2,bicg,benchmark-results-bicg,74071319996,completed,failure,3072x3072,563,bicg,3072x3072,,,,,,,,,,,No invocation evidence for this later plan entry; benchmark job stopped after first timed_out_600s at size 256x256 (plan index 551).
unknown_not_attempted_after_prior_failure,no downloaded CSV row and no OK/TIMEOUT/CRASH log event for this workflow size,Tier 2,bicg,benchmark-results-bicg,74071319996,completed,failure,3584x3584,564,bicg,3584x3584,,,,,,,,,,,No invocation evidence for this later plan entry; benchmark job stopped after first timed_out_600s at size 256x256 (plan index 551).
unknown_not_attempted_after_prior_failure,no downloaded CSV row and no OK/TIMEOUT/CRASH log event for this workflow size,Tier 2,bicg,benchmark-results-bicg,74071319996,completed,failure,4096x4096,565,bicg,4096x4096,,,,,,,,,,,No invocation evidence for this later plan entry; benchmark job stopped after first timed_out_600s at size 256x256 (plan index 551).
known_finished_from_downloaded_benchmark_results_csv_and_run_log_ok,downloaded artifact benchmark-results-bitonicsort/results_bitonicsort.csv plus run log line 26033,Tier 2,bitonicsort,benchmark-results-bitonicsort,74071319993,completed,failure,1024,566,sort,1024,bitonicsort,1024,1,0.013677,0.013677,0.013677,2026-05-02T21:36:41.8870628Z,finished,26033,[OK] bitonicsort 1024 -> 0.013677 ms,"Workflow-size invocation finished within the 600s timeout and emitted a CSV row. For plan rows sharing one workflow size, this is invocation-level evidence, not independent per-hardware-kernel timing evidence."
known_finished_from_downloaded_benchmark_results_csv_and_run_log_ok,downloaded artifact benchmark-results-bitonicsort/results_bitonicsort.csv plus run log line 26037,Tier 2,bitonicsort,benchmark-results-bitonicsort,74071319993,completed,failure,2048,567,sort,2048,bitonicsort,2048,1,0.016388,0.016388,0.016388,2026-05-02T21:36:44.1086085Z,finished,26037,[OK] bitonicsort 2048 -> 0.016388 ms,"Workflow-size invocation finished within the 600s timeout and emitted a CSV row. For plan rows sharing one workflow size, this is invocation-level evidence, not independent per-hardware-kernel timing evidence."
known_finished_from_downloaded_benchmark_results_csv_and_run_log_ok,downloaded artifact benchmark-results-bitonicsort/results_bitonicsort.csv plus run log line 26041,Tier 2,bitonicsort,benchmark-results-bitonicsort,74071319993,completed,failure,4096,568,sort,4096,bitonicsort,4096,1,0.019300,0.019300,0.019300,2026-05-02T21:36:50.9191772Z,finished,26041,[OK] bitonicsort 4096 -> 0.019300 ms,"Workflow-size invocation finished within the 600s timeout and emitted a CSV row. For plan rows sharing one workflow size, this is invocation-level evidence, not independent per-hardware-kernel timing evidence."
known_finished_from_downloaded_benchmark_results_csv_and_run_log_ok,downloaded artifact benchmark-results-bitonicsort/results_bitonicsort.csv plus run log line 26045,Tier 2,bitonicsort,benchmark-results-bitonicsort,74071319993,completed,failure,8192,569,sort,8192,bitonicsort,8192,1,0.022474,0.022474,0.022474,2026-05-02T21:37:08.8386123Z,finished,26045,[OK] bitonicsort 8192 -> 0.022474 ms,"Workflow-size invocation finished within the 600s timeout and emitted a CSV row. For plan rows sharing one workflow size, this is invocation-level evidence, not independent per-hardware-kernel timing evidence."
known_finished_from_downloaded_benchmark_results_csv_and_run_log_ok,downloaded artifact benchmark-results-bitonicsort/results_bitonicsort.csv plus run log line 26049,Tier 2,bitonicsort,benchmark-results-bitonicsort,74071319993,completed,failure,16384,570,sort,16384,bitonicsort,16384,1,0.025920,0.025920,0.025920,2026-05-02T21:38:13.1040703Z,finished,26049,[OK] bitonicsort 16384 -> 0.025920 ms,"Workflow-size invocation finished within the 600s timeout and emitted a CSV row. For plan rows sharing one workflow size, this is invocation-level evidence, not independent per-hardware-kernel timing evidence."
known_finished_from_downloaded_benchmark_results_csv_and_run_log_ok,downloaded artifact benchmark-results-bitonicsort/results_bitonicsort.csv plus run log line 26053,Tier 2,bitonicsort,benchmark-results-bitonicsort,74071319993,completed,failure,32768,571,sort,32768,bitonicsort,32768,1,0.029364,0.029364,0.029364,2026-05-02T21:42:35.8489674Z,finished,26053,[OK] bitonicsort 32768 -> 0.029364 ms,"Workflow-size invocation finished within the 600s timeout and emitted a CSV row. For plan rows sharing one workflow size, this is invocation-level evidence, not independent per-hardware-kernel timing evidence."
known_timed_out_at_600s_from_run_log,run log line 26057,Tier 2,bitonicsort,benchmark-results-bitonicsort,74071319993,completed,failure,65536,572,sort,65536,,,,,,,2026-05-02T21:52:35.9185510Z,timed_out_600s,26057,##[warning]TIMEOUT: bitonicsort 65536 (>600s),The simulator invocation reached the workflow timeout command threshold (>600s); the job loop broke after this failure.
unknown_not_attempted_after_prior_failure,no downloaded CSV row and no OK/TIMEOUT/CRASH log event for this workflow size,Tier 2,bitonicsort,benchmark-results-bitonicsort,74071319993,completed,failure,131072,573,sort,131072,,,,,,,,,,,No invocation evidence for this later plan entry; benchmark job stopped after first timed_out_600s at size 65536 (plan index 572).
unknown_not_attempted_after_prior_failure,no downloaded CSV row and no OK/TIMEOUT/CRASH log event for this workflow size,Tier 2,bitonicsort,benchmark-results-bitonicsort,74071319993,completed,failure,262144,574,sort,262144,,,,,,,,,,,No invocation evidence for this later plan entry; benchmark job stopped after first timed_out_600s at size 65536 (plan index 572).
unknown_not_attempted_after_prior_failure,no downloaded CSV row and no OK/TIMEOUT/CRASH log event for this workflow size,Tier 2,bitonicsort,benchmark-results-bitonicsort,74071319993,completed,failure,524288,575,sort,524288,,,,,,,,,,,No invocation evidence for this later plan entry; benchmark job stopped after first timed_out_600s at size 65536 (plan index 572).
unknown_not_attempted_after_prior_failure,no downloaded CSV row and no OK/TIMEOUT/CRASH log event for this workflow size,Tier 2,bitonicsort,benchmark-results-bitonicsort,74071319993,completed,failure,1048576,576,sort,1048576,,,,,,,,,,,No invocation evidence for this later plan entry; benchmark job stopped after first timed_out_600s at size 65536 (plan index 572).
unknown_not_attempted_after_prior_failure,no downloaded CSV row and no OK/TIMEOUT/CRASH log event for this workflow size,Tier 2,bitonicsort,benchmark-results-bitonicsort,74071319993,completed,failure,2097152,577,sort,2097152,,,,,,,,,,,No invocation evidence for this later plan entry; benchmark job stopped after first timed_out_600s at size 65536 (plan index 572).
unknown_not_attempted_after_prior_failure,no downloaded CSV row and no OK/TIMEOUT/CRASH log event for this workflow size,Tier 2,bitonicsort,benchmark-results-bitonicsort,74071319993,completed,failure,4194304,578,sort,4194304,,,,,,,,,,,No invocation evidence for this later plan entry; benchmark job stopped after first timed_out_600s at size 65536 (plan index 572).
unknown_not_attempted_after_prior_failure,no downloaded CSV row and no OK/TIMEOUT/CRASH log event for this workflow size,Tier 2,bitonicsort,benchmark-results-bitonicsort,74071319993,completed,failure,8388608,579,sort,8388608,,,,,,,,,,,No invocation evidence for this later plan entry; benchmark job stopped after first timed_out_600s at size 65536 (plan index 572).
unknown_not_attempted_after_prior_failure,no downloaded CSV row and no OK/TIMEOUT/CRASH log event for this workflow size,Tier 2,bitonicsort,benchmark-results-bitonicsort,74071319993,completed,failure,16777216,580,sort,16777216,,,,,,,,,,,No invocation evidence for this later plan entry; benchmark job stopped after first timed_out_600s at size 65536 (plan index 572).
known_finished_from_downloaded_benchmark_results_csv_and_run_log_ok,downloaded artifact benchmark-results-nw/results_nw.csv plus run log line 28026,Tier 2,nw,benchmark-results-nw,74071319998,completed,failure,64,581,nw,64,nw,64,1,0.041897,0.041897,0.041897,2026-05-02T21:36:12.8819649Z,finished,28026,[OK] nw 64 -> 0.041897 ms,"Workflow-size invocation finished within the 600s timeout and emitted a CSV row. For plan rows sharing one workflow size, this is invocation-level evidence, not independent per-hardware-kernel timing evidence."
known_finished_from_downloaded_benchmark_results_csv_and_run_log_ok,downloaded artifact benchmark-results-nw/results_nw.csv plus run log line 28030,Tier 2,nw,benchmark-results-nw,74071319998,completed,failure,128,582,nw,128,nw,128,1,0.084088,0.084088,0.084088,2026-05-02T21:36:15.5564499Z,finished,28030,[OK] nw 128 -> 0.084088 ms,"Workflow-size invocation finished within the 600s timeout and emitted a CSV row. For plan rows sharing one workflow size, this is invocation-level evidence, not independent per-hardware-kernel timing evidence."
known_finished_from_downloaded_benchmark_results_csv_and_run_log_ok,downloaded artifact benchmark-results-nw/results_nw.csv plus run log line 28034,Tier 2,nw,benchmark-results-nw,74071319998,completed,failure,192,583,nw,192,nw,192,1,0.127238,0.127238,0.127238,2026-05-02T21:36:20.1147185Z,finished,28034,[OK] nw 192 -> 0.127238 ms,"Workflow-size invocation finished within the 600s timeout and emitted a CSV row. For plan rows sharing one workflow size, this is invocation-level evidence, not independent per-hardware-kernel timing evidence."
known_finished_from_downloaded_benchmark_results_csv_and_run_log_ok,downloaded artifact benchmark-results-nw/results_nw.csv plus run log line 28038,Tier 2,nw,benchmark-results-nw,74071319998,completed,failure,256,584,nw,256,nw,256,1,0.171555,0.171555,0.171555,2026-05-02T21:36:27.3819101Z,finished,28038,[OK] nw 256 -> 0.171555 ms,"Workflow-size invocation finished within the 600s timeout and emitted a CSV row. For plan rows sharing one workflow size, this is invocation-level evidence, not independent per-hardware-kernel timing evidence."
known_finished_from_downloaded_benchmark_results_csv_and_run_log_ok,downloaded artifact benchmark-results-nw/results_nw.csv plus run log line 28042,Tier 2,nw,benchmark-results-nw,74071319998,completed,failure,512,585,nw,512,nw,512,1,0.359700,0.359700,0.359700,2026-05-02T21:36:54.2334168Z,finished,28042,[OK] nw 512 -> 0.359700 ms,"Workflow-size invocation finished within the 600s timeout and emitted a CSV row. For plan rows sharing one workflow size, this is invocation-level evidence, not independent per-hardware-kernel timing evidence."
known_finished_from_downloaded_benchmark_results_csv_and_run_log_ok,downloaded artifact benchmark-results-nw/results_nw.csv plus run log line 28046,Tier 2,nw,benchmark-results-nw,74071319998,completed,failure,768,586,nw,768,nw,768,1,0.562273,0.562273,0.562273,2026-05-02T21:37:47.1617804Z,finished,28046,[OK] nw 768 -> 0.562273 ms,"Workflow-size invocation finished within the 600s timeout and emitted a CSV row. For plan rows sharing one workflow size, this is invocation-level evidence, not independent per-hardware-kernel timing evidence."
known_finished_from_downloaded_benchmark_results_csv_and_run_log_ok,downloaded artifact benchmark-results-nw/results_nw.csv plus run log line 28050,Tier 2,nw,benchmark-results-nw,74071319998,completed,failure,1024,587,nw,1024,nw,1024,1,0.781289,0.781289,0.781289,2026-05-02T21:39:41.9021008Z,finished,28050,[OK] nw 1024 -> 0.781289 ms,"Workflow-size invocation finished within the 600s timeout and emitted a CSV row. For plan rows sharing one workflow size, this is invocation-level evidence, not independent per-hardware-kernel timing evidence."
known_finished_from_downloaded_benchmark_results_csv_and_run_log_ok,downloaded artifact benchmark-results-nw/results_nw.csv plus run log line 28054,Tier 2,nw,benchmark-results-nw,74071319998,completed,failure,1536,588,nw,1536,nw,1536,1,1.252003,1.252003,1.252003,2026-05-02T21:47:33.6347598Z,finished,28054,[OK] nw 1536 -> 1.252003 ms,"Workflow-size invocation finished within the 600s timeout and emitted a CSV row. For plan rows sharing one workflow size, this is invocation-level evidence, not independent per-hardware-kernel timing evidence."
known_timed_out_at_600s_from_run_log,run log line 28058,Tier 2,nw,benchmark-results-nw,74071319998,completed,failure,2048,589,nw,2048,,,,,,,2026-05-02T21:57:33.6775890Z,timed_out_600s,28058,##[warning]TIMEOUT: nw 2048 (>600s),The simulator invocation reached the workflow timeout command threshold (>600s); the job loop broke after this failure.
unknown_not_attempted_after_prior_failure,no downloaded CSV row and no OK/TIMEOUT/CRASH log event for this workflow size,Tier 2,nw,benchmark-results-nw,74071319998,completed,failure,3072,590,nw,3072,,,,,,,,,,,No invocation evidence for this later plan entry; benchmark job stopped after first timed_out_600s at size 2048 (plan index 589).
unknown_not_attempted_after_prior_failure,no downloaded CSV row and no OK/TIMEOUT/CRASH log event for this workflow size,Tier 2,nw,benchmark-results-nw,74071319998,completed,failure,4096,591,nw,4096,,,,,,,,,,,No invocation evidence for this later plan entry; benchmark job stopped after first timed_out_600s at size 2048 (plan index 589).
unknown_not_attempted_after_prior_failure,no downloaded CSV row and no OK/TIMEOUT/CRASH log event for this workflow size,Tier 2,nw,benchmark-results-nw,74071319998,completed,failure,5120,592,nw,5120,,,,,,,,,,,No invocation evidence for this later plan entry; benchmark job stopped after first timed_out_600s at size 2048 (plan index 589).
unknown_not_attempted_after_prior_failure,no downloaded CSV row and no OK/TIMEOUT/CRASH log event for this workflow size,Tier 2,nw,benchmark-results-nw,74071319998,completed,failure,6144,593,nw,6144,,,,,,,,,,,No invocation evidence for this later plan entry; benchmark job stopped after first timed_out_600s at size 2048 (plan index 589).
unknown_not_attempted_after_prior_failure,no downloaded CSV row and no OK/TIMEOUT/CRASH log event for this workflow size,Tier 2,nw,benchmark-results-nw,74071319998,completed,failure,8192,594,nw,8192,,,,,,,,,,,No invocation evidence for this later plan entry; benchmark job stopped after first timed_out_600s at size 2048 (plan index 589).
unknown_not_attempted_after_prior_failure,no downloaded CSV row and no OK/TIMEOUT/CRASH log event for this workflow size,Tier 2,nw,benchmark-results-nw,74071319998,completed,failure,10240,595,nw,10240,,,,,,,,,,,No invocation evidence for this later plan entry; benchmark job stopped after first timed_out_600s at size 2048 (plan index 589).
unknown_not_attempted_after_prior_failure,no downloaded CSV row and no OK/TIMEOUT/CRASH log event for this workflow size,Tier 2,nw,benchmark-results-nw,74071319998,completed,failure,12288,596,nw,12288,,,,,,,,,,,No invocation evidence for this later plan entry; benchmark job stopped after first timed_out_600s at size 2048 (plan index 589).
unknown_not_attempted_after_prior_failure,no downloaded CSV row and no OK/TIMEOUT/CRASH log event for this workflow size,Tier 2,nw,benchmark-results-nw,74071319998,completed,failure,16384,597,nw,16384,,,,,,,,,,,No invocation evidence for this later plan entry; benchmark job stopped after first timed_out_600s at size 2048 (plan index 589).
known_finished_from_downloaded_benchmark_results_csv_and_run_log_ok,downloaded artifact benchmark-results-pagerank/results_pagerank.csv plus run log line 30094,Tier 2,pagerank,benchmark-results-pagerank,74071320006,completed,failure,128,598,pagerank,128,pagerank,128,1,0.001623,0.001623,0.001623,2026-05-02T21:37:13.1932890Z,finished,30094,[OK] pagerank 128 -> 0.001623 ms,"Workflow-size invocation finished within the 600s timeout and emitted a CSV row. For plan rows sharing one workflow size, this is invocation-level evidence, not independent per-hardware-kernel timing evidence."
known_finished_from_downloaded_benchmark_results_csv_and_run_log_ok,downloaded artifact benchmark-results-pagerank/results_pagerank.csv plus run log line 30098,Tier 2,pagerank,benchmark-results-pagerank,74071320006,completed,failure,256,599,pagerank,256,pagerank,256,1,0.061930,0.061930,0.061930,2026-05-02T21:37:41.0302754Z,finished,30098,[OK] pagerank 256 -> 0.061930 ms,"Workflow-size invocation finished within the 600s timeout and emitted a CSV row. For plan rows sharing one workflow size, this is invocation-level evidence, not independent per-hardware-kernel timing evidence."
known_finished_from_downloaded_benchmark_results_csv_and_run_log_ok,downloaded artifact benchmark-results-pagerank/results_pagerank.csv plus run log line 30102,Tier 2,pagerank,benchmark-results-pagerank,74071320006,completed,failure,512,600,pagerank,512,pagerank,512,1,0.004547,0.004547,0.004547,2026-05-02T21:37:55.6824723Z,finished,30102,[OK] pagerank 512 -> 0.004547 ms,"Workflow-size invocation finished within the 600s timeout and emitted a CSV row. For plan rows sharing one workflow size, this is invocation-level evidence, not independent per-hardware-kernel timing evidence."
known_timed_out_at_600s_from_run_log,run log line 30106,Tier 2,pagerank,benchmark-results-pagerank,74071320006,completed,failure,1024,601,pagerank,1024,,,,,,,2026-05-02T21:47:55.7055230Z,timed_out_600s,30106,##[warning]TIMEOUT: pagerank 1024 (>600s),The simulator invocation reached the workflow timeout command threshold (>600s); the job loop broke after this failure.
unknown_not_attempted_after_prior_failure,no downloaded CSV row and no OK/TIMEOUT/CRASH log event for this workflow size,Tier 2,pagerank,benchmark-results-pagerank,74071320006,completed,failure,2048,602,pagerank,2048,,,,,,,,,,,No invocation evidence for this later plan entry; benchmark job stopped after first timed_out_600s at size 1024 (plan index 601).
unknown_not_attempted_after_prior_failure,no downloaded CSV row and no OK/TIMEOUT/CRASH log event for this workflow size,Tier 2,pagerank,benchmark-results-pagerank,74071320006,completed,failure,4096,603,pagerank,4096,,,,,,,,,,,No invocation evidence for this later plan entry; benchmark job stopped after first timed_out_600s at size 1024 (plan index 601).
unknown_not_attempted_after_prior_failure,no downloaded CSV row and no OK/TIMEOUT/CRASH log event for this workflow size,Tier 2,pagerank,benchmark-results-pagerank,74071320006,completed,failure,6144,604,pagerank,6144,,,,,,,,,,,No invocation evidence for this later plan entry; benchmark job stopped after first timed_out_600s at size 1024 (plan index 601).
unknown_not_attempted_after_prior_failure,no downloaded CSV row and no OK/TIMEOUT/CRASH log event for this workflow size,Tier 2,pagerank,benchmark-results-pagerank,74071320006,completed,failure,8192,605,pagerank,8192,,,,,,,,,,,No invocation evidence for this later plan entry; benchmark job stopped after first timed_out_600s at size 1024 (plan index 601).
unknown_not_attempted_after_prior_failure,no downloaded CSV row and no OK/TIMEOUT/CRASH log event for this workflow size,Tier 2,pagerank,benchmark-results-pagerank,74071320006,completed,failure,12288,606,pagerank,12288,,,,,,,,,,,No invocation evidence for this later plan entry; benchmark job stopped after first timed_out_600s at size 1024 (plan index 601).
unknown_not_attempted_after_prior_failure,no downloaded CSV row and no OK/TIMEOUT/CRASH log event for this workflow size,Tier 2,pagerank,benchmark-results-pagerank,74071320006,completed,failure,16384,607,pagerank,16384,,,,,,,,,,,No invocation evidence for this later plan entry; benchmark job stopped after first timed_out_600s at size 1024 (plan index 601).
unknown_not_attempted_after_prior_failure,no downloaded CSV row and no OK/TIMEOUT/CRASH log event for this workflow size,Tier 2,pagerank,benchmark-results-pagerank,74071320006,completed,failure,24576,608,pagerank,24576,,,,,,,,,,,No invocation evidence for this later plan entry; benchmark job stopped after first timed_out_600s at size 1024 (plan index 601).
unknown_not_attempted_after_prior_failure,no downloaded CSV row and no OK/TIMEOUT/CRASH log event for this workflow size,Tier 2,pagerank,benchmark-results-pagerank,74071320006,completed,failure,32768,609,pagerank,32768,,,,,,,,,,,No invocation evidence for this later plan entry; benchmark job stopped after first timed_out_600s at size 1024 (plan index 601).
unknown_not_attempted_after_prior_failure,no downloaded CSV row and no OK/TIMEOUT/CRASH log event for this workflow size,Tier 2,pagerank,benchmark-results-pagerank,74071320006,completed,failure,49152,610,pagerank,49152,,,,,,,,,,,No invocation evidence for this later plan entry; benchmark job stopped after first timed_out_600s at size 1024 (plan index 601).
unknown_not_attempted_after_prior_failure,no downloaded CSV row and no OK/TIMEOUT/CRASH log event for this workflow size,Tier 2,pagerank,benchmark-results-pagerank,74071320006,completed,failure,65536,611,pagerank,65536,,,,,,,,,,,No invocation evidence for this later plan entry; benchmark job stopped after first timed_out_600s at size 1024 (plan index 601).
unknown_not_attempted_after_prior_failure,no downloaded CSV row and no OK/TIMEOUT/CRASH log event for this workflow size,Tier 2,pagerank,benchmark-results-pagerank,74071320006,completed,failure,98304,612,pagerank,98304,,,,,,,,,,,No invocation evidence for this later plan entry; benchmark job stopped after first timed_out_600s at size 1024 (plan index 601).
unknown_not_attempted_after_prior_failure,no downloaded CSV row and no OK/TIMEOUT/CRASH log event for this workflow size,Tier 2,pagerank,benchmark-results-pagerank,74071320006,completed,failure,262144,613,pagerank,262144,,,,,,,,,,,No invocation evidence for this later plan entry; benchmark job stopped after first timed_out_600s at size 1024 (plan index 601).
known_finished_from_downloaded_benchmark_results_csv_and_run_log_ok,downloaded artifact benchmark-results-kmeans/results_kmeans.csv plus run log line 26626,Tier 2,kmeans,benchmark-results-kmeans,74071319994,completed,failure,1024,614,kmeans,1024,kmeans,1024,1,0.011799,0.011799,0.011799,2026-05-02T21:38:10.8099843Z,finished,26626,[OK] kmeans 1024 -> 0.011799 ms,"Workflow-size invocation finished within the 600s timeout and emitted a CSV row. For plan rows sharing one workflow size, this is invocation-level evidence, not independent per-hardware-kernel timing evidence."
known_finished_from_downloaded_benchmark_results_csv_and_run_log_ok,downloaded artifact benchmark-results-kmeans/results_kmeans.csv plus run log line 26630,Tier 2,kmeans,benchmark-results-kmeans,74071319994,completed,failure,2048,615,kmeans,2048,kmeans,2048,1,0.012474,0.012474,0.012474,2026-05-02T21:38:16.4103240Z,finished,26630,[OK] kmeans 2048 -> 0.012474 ms,"Workflow-size invocation finished within the 600s timeout and emitted a CSV row. For plan rows sharing one workflow size, this is invocation-level evidence, not independent per-hardware-kernel timing evidence."
known_finished_from_downloaded_benchmark_results_csv_and_run_log_ok,downloaded artifact benchmark-results-kmeans/results_kmeans.csv plus run log line 26634,Tier 2,kmeans,benchmark-results-kmeans,74071319994,completed,failure,4096,616,kmeans,4096,kmeans,4096,1,0.012568,0.012568,0.012568,2026-05-02T21:38:27.9786620Z,finished,26634,[OK] kmeans 4096 -> 0.012568 ms,"Workflow-size invocation finished within the 600s timeout and emitted a CSV row. For plan rows sharing one workflow size, this is invocation-level evidence, not independent per-hardware-kernel timing evidence."
known_finished_from_downloaded_benchmark_results_csv_and_run_log_ok,downloaded artifact benchmark-results-kmeans/results_kmeans.csv plus run log line 26638,Tier 2,kmeans,benchmark-results-kmeans,74071319994,completed,failure,8192,617,kmeans,8192,kmeans,8192,1,0.012775,0.012775,0.012775,2026-05-02T21:38:58.6430962Z,finished,26638,[OK] kmeans 8192 -> 0.012775 ms,"Workflow-size invocation finished within the 600s timeout and emitted a CSV row. For plan rows sharing one workflow size, this is invocation-level evidence, not independent per-hardware-kernel timing evidence."
known_finished_from_downloaded_benchmark_results_csv_and_run_log_ok,downloaded artifact benchmark-results-kmeans/results_kmeans.csv plus run log line 26642,Tier 2,kmeans,benchmark-results-kmeans,74071319994,completed,failure,16384,618,kmeans,16384,kmeans,16384,1,0.013161,0.013161,0.013161,2026-05-02T21:40:29.0487072Z,finished,26642,[OK] kmeans 16384 -> 0.013161 ms,"Workflow-size invocation finished within the 600s timeout and emitted a CSV row. For plan rows sharing one workflow size, this is invocation-level evidence, not independent per-hardware-kernel timing evidence."
known_finished_from_downloaded_benchmark_results_csv_and_run_log_ok,downloaded artifact benchmark-results-kmeans/results_kmeans.csv plus run log line 26646,Tier 2,kmeans,benchmark-results-kmeans,74071319994,completed,failure,32768,619,kmeans,32768,kmeans,32768,1,0.014693,0.014693,0.014693,2026-05-02T21:44:56.2914643Z,finished,26646,[OK] kmeans 32768 -> 0.014693 ms,"Workflow-size invocation finished within the 600s timeout and emitted a CSV row. For plan rows sharing one workflow size, this is invocation-level evidence, not independent per-hardware-kernel timing evidence."
known_timed_out_at_600s_from_run_log,run log line 26650,Tier 2,kmeans,benchmark-results-kmeans,74071319994,completed,failure,65536,620,kmeans,65536,,,,,,,2026-05-02T21:54:56.3655404Z,timed_out_600s,26650,##[warning]TIMEOUT: kmeans 65536 (>600s),The simulator invocation reached the workflow timeout command threshold (>600s); the job loop broke after this failure.
unknown_not_attempted_after_prior_failure,no downloaded CSV row and no OK/TIMEOUT/CRASH log event for this workflow size,Tier 2,kmeans,benchmark-results-kmeans,74071319994,completed,failure,131072,621,kmeans,131072,,,,,,,,,,,No invocation evidence for this later plan entry; benchmark job stopped after first timed_out_600s at size 65536 (plan index 620).
unknown_not_attempted_after_prior_failure,no downloaded CSV row and no OK/TIMEOUT/CRASH log event for this workflow size,Tier 2,kmeans,benchmark-results-kmeans,74071319994,completed,failure,262144,622,kmeans,262144,,,,,,,,,,,No invocation evidence for this later plan entry; benchmark job stopped after first timed_out_600s at size 65536 (plan index 620).
unknown_not_attempted_after_prior_failure,no downloaded CSV row and no OK/TIMEOUT/CRASH log event for this workflow size,Tier 2,kmeans,benchmark-results-kmeans,74071319994,completed,failure,524288,623,kmeans,524288,,,,,,,,,,,No invocation evidence for this later plan entry; benchmark job stopped after first timed_out_600s at size 65536 (plan index 620).
unknown_not_attempted_after_prior_failure,no downloaded CSV row and no OK/TIMEOUT/CRASH log event for this workflow size,Tier 2,kmeans,benchmark-results-kmeans,74071319994,completed,failure,786432,624,kmeans,786432,,,,,,,,,,,No invocation evidence for this later plan entry; benchmark job stopped after first timed_out_600s at size 65536 (plan index 620).
unknown_not_attempted_after_prior_failure,no downloaded CSV row and no OK/TIMEOUT/CRASH log event for this workflow size,Tier 2,kmeans,benchmark-results-kmeans,74071319994,completed,failure,1048576,625,kmeans,1048576,,,,,,,,,,,No invocation evidence for this later plan entry; benchmark job stopped after first timed_out_600s at size 65536 (plan index 620).
unknown_not_attempted_after_prior_failure,no downloaded CSV row and no OK/TIMEOUT/CRASH log event for this workflow size,Tier 2,kmeans,benchmark-results-kmeans,74071319994,completed,failure,1572864,626,kmeans,1572864,,,,,,,,,,,No invocation evidence for this later plan entry; benchmark job stopped after first timed_out_600s at size 65536 (plan index 620).
unknown_not_attempted_after_prior_failure,no downloaded CSV row and no OK/TIMEOUT/CRASH log event for this workflow size,Tier 2,kmeans,benchmark-results-kmeans,74071319994,completed,failure,2097152,627,kmeans,2097152,,,,,,,,,,,No invocation evidence for this later plan entry; benchmark job stopped after first timed_out_600s at size 65536 (plan index 620).
unknown_not_attempted_after_prior_failure,no downloaded CSV row and no OK/TIMEOUT/CRASH log event for this workflow size,Tier 2,kmeans,benchmark-results-kmeans,74071319994,completed,failure,3145728,628,kmeans,3145728,,,,,,,,,,,No invocation evidence for this later plan entry; benchmark job stopped after first timed_out_600s at size 65536 (plan index 620).
unknown_not_attempted_after_prior_failure,no downloaded CSV row and no OK/TIMEOUT/CRASH log event for this workflow size,Tier 2,kmeans,benchmark-results-kmeans,74071319994,completed,failure,4194304,629,kmeans,4194304,,,,,,,,,,,No invocation evidence for this later plan entry; benchmark job stopped after first timed_out_600s at size 65536 (plan index 620).
known_finished_from_downloaded_benchmark_results_csv_and_run_log_ok,downloaded artifact benchmark-results-bfs/results_bfs.csv plus run log line 29430,Tier 2,bfs,benchmark-results-bfs,74071320003,completed,failure,1024,630,bfs,1024,bfs,1024,1,0.002946,0.002946,0.002946,2026-05-02T21:38:34.3315020Z,finished,29430,[OK] bfs 1024 -> 0.002946 ms,"Workflow-size invocation finished within the 600s timeout and emitted a CSV row. For plan rows sharing one workflow size, this is invocation-level evidence, not independent per-hardware-kernel timing evidence."
known_finished_from_downloaded_benchmark_results_csv_and_run_log_ok,downloaded artifact benchmark-results-bfs/results_bfs.csv plus run log line 29434,Tier 2,bfs,benchmark-results-bfs,74071320003,completed,failure,2048,631,bfs,2048,bfs,2048,1,0.002942,0.002942,0.002942,2026-05-02T21:38:35.3593787Z,finished,29434,[OK] bfs 2048 -> 0.002942 ms,"Workflow-size invocation finished within the 600s timeout and emitted a CSV row. For plan rows sharing one workflow size, this is invocation-level evidence, not independent per-hardware-kernel timing evidence."
known_finished_from_downloaded_benchmark_results_csv_and_run_log_ok,downloaded artifact benchmark-results-bfs/results_bfs.csv plus run log line 29438,Tier 2,bfs,benchmark-results-bfs,74071320003,completed,failure,4096,632,bfs,4096,bfs,4096,1,0.003463,0.003463,0.003463,2026-05-02T21:38:36.4349714Z,finished,29438,[OK] bfs 4096 -> 0.003463 ms,"Workflow-size invocation finished within the 600s timeout and emitted a CSV row. For plan rows sharing one workflow size, this is invocation-level evidence, not independent per-hardware-kernel timing evidence."
known_finished_from_downloaded_benchmark_results_csv_and_run_log_ok,downloaded artifact benchmark-results-bfs/results_bfs.csv plus run log line 29442,Tier 2,bfs,benchmark-results-bfs,74071320003,completed,failure,8192,633,bfs,8192,bfs,8192,1,0.003369,0.003369,0.003369,2026-05-02T21:38:39.4791208Z,finished,29442,[OK] bfs 8192 -> 0.003369 ms,"Workflow-size invocation finished within the 600s timeout and emitted a CSV row. For plan rows sharing one workflow size, this is invocation-level evidence, not independent per-hardware-kernel timing evidence."
known_finished_from_downloaded_benchmark_results_csv_and_run_log_ok,downloaded artifact benchmark-results-bfs/results_bfs.csv plus run log line 29446,Tier 2,bfs,benchmark-results-bfs,74071320003,completed,failure,16384,634,bfs,16384,bfs,16384,1,0.003393,0.003393,0.003393,2026-05-02T21:38:45.2205830Z,finished,29446,[OK] bfs 16384 -> 0.003393 ms,"Workflow-size invocation finished within the 600s timeout and emitted a CSV row. For plan rows sharing one workflow size, this is invocation-level evidence, not independent per-hardware-kernel timing evidence."
known_finished_from_downloaded_benchmark_results_csv_and_run_log_ok,downloaded artifact benchmark-results-bfs/results_bfs.csv plus run log line 29450,Tier 2,bfs,benchmark-results-bfs,74071320003,completed,failure,32768,635,bfs,32768,bfs,32768,1,0.003501,0.003501,0.003501,2026-05-02T21:39:00.3253042Z,finished,29450,[OK] bfs 32768 -> 0.003501 ms,"Workflow-size invocation finished within the 600s timeout and emitted a CSV row. For plan rows sharing one workflow size, this is invocation-level evidence, not independent per-hardware-kernel timing evidence."
known_finished_from_downloaded_benchmark_results_csv_and_run_log_ok,downloaded artifact benchmark-results-bfs/results_bfs.csv plus run log line 29454,Tier 2,bfs,benchmark-results-bfs,74071320003,completed,failure,65536,636,bfs,65536,bfs,65536,1,0.003689,0.003689,0.003689,2026-05-02T21:39:36.4744153Z,finished,29454,[OK] bfs 65536 -> 0.003689 ms,"Workflow-size invocation finished within the 600s timeout and emitted a CSV row. For plan rows sharing one workflow size, this is invocation-level evidence, not independent per-hardware-kernel timing evidence."
known_finished_from_downloaded_benchmark_results_csv_and_run_log_ok,downloaded artifact benchmark-results-bfs/results_bfs.csv plus run log line 29458,Tier 2,bfs,benchmark-results-bfs,74071320003,completed,failure,131072,637,bfs,131072,bfs,131072,1,0.004028,0.004028,0.004028,2026-05-02T21:40:58.4332475Z,finished,29458,[OK] bfs 131072 -> 0.004028 ms,"Workflow-size invocation finished within the 600s timeout and emitted a CSV row. For plan rows sharing one workflow size, this is invocation-level evidence, not independent per-hardware-kernel timing evidence."
known_finished_from_downloaded_benchmark_results_csv_and_run_log_ok,downloaded artifact benchmark-results-bfs/results_bfs.csv plus run log line 29462,Tier 2,bfs,benchmark-results-bfs,74071320003,completed,failure,196608,638,bfs,196608,bfs,196608,1,0.004452,0.004452,0.004452,2026-05-02T21:43:09.7844892Z,finished,29462,[OK] bfs 196608 -> 0.004452 ms,"Workflow-size invocation finished within the 600s timeout and emitted a CSV row. For plan rows sharing one workflow size, this is invocation-level evidence, not independent per-hardware-kernel timing evidence."
known_finished_from_downloaded_benchmark_results_csv_and_run_log_ok,downloaded artifact benchmark-results-bfs/results_bfs.csv plus run log line 29466,Tier 2,bfs,benchmark-results-bfs,74071320003,completed,failure,262144,639,bfs,262144,bfs,262144,1,0.005567,0.005567,0.005567,2026-05-02T21:46:14.0617667Z,finished,29466,[OK] bfs 262144 -> 0.005567 ms,"Workflow-size invocation finished within the 600s timeout and emitted a CSV row. For plan rows sharing one workflow size, this is invocation-level evidence, not independent per-hardware-kernel timing evidence."
known_finished_from_downloaded_benchmark_results_csv_and_run_log_ok,downloaded artifact benchmark-results-bfs/results_bfs.csv plus run log line 29470,Tier 2,bfs,benchmark-results-bfs,74071320003,completed,failure,524288,640,bfs,524288,bfs,524288,1,0.008648,0.008648,0.008648,2026-05-02T21:54:29.3165087Z,finished,29470,[OK] bfs 524288 -> 0.008648 ms,"Workflow-size invocation finished within the 600s timeout and emitted a CSV row. For plan rows sharing one workflow size, this is invocation-level evidence, not independent per-hardware-kernel timing evidence."
known_timed_out_at_600s_from_run_log,run log line 29474,Tier 2,bfs,benchmark-results-bfs,74071320003,completed,failure,786432,641,bfs,786432,,,,,,,2026-05-02T22:04:29.3920362Z,timed_out_600s,29474,##[warning]TIMEOUT: bfs 786432 (>600s),The simulator invocation reached the workflow timeout command threshold (>600s); the job loop broke after this failure.
unknown_not_attempted_after_prior_failure,no downloaded CSV row and no OK/TIMEOUT/CRASH log event for this workflow size,Tier 2,bfs,benchmark-results-bfs,74071320003,completed,failure,1048576,642,bfs,1048576,,,,,,,,,,,No invocation evidence for this later plan entry; benchmark job stopped after first timed_out_600s at size 786432 (plan index 641).
unknown_not_attempted_after_prior_failure,no downloaded CSV row and no OK/TIMEOUT/CRASH log event for this workflow size,Tier 2,bfs,benchmark-results-bfs,74071320003,completed,failure,1572864,643,bfs,1572864,,,,,,,,,,,No invocation evidence for this later plan entry; benchmark job stopped after first timed_out_600s at size 786432 (plan index 641).
unknown_not_attempted_after_prior_failure,no downloaded CSV row and no OK/TIMEOUT/CRASH log event for this workflow size,Tier 2,bfs,benchmark-results-bfs,74071320003,completed,failure,2097152,644,bfs,2097152,,,,,,,,,,,No invocation evidence for this later plan entry; benchmark job stopped after first timed_out_600s at size 786432 (plan index 641).
unknown_not_attempted_after_prior_failure,no downloaded CSV row and no OK/TIMEOUT/CRASH log event for this workflow size,Tier 2,bfs,benchmark-results-bfs,74071320003,completed,failure,2621440,645,bfs,2621440,,,,,,,,,,,No invocation evidence for this later plan entry; benchmark job stopped after first timed_out_600s at size 786432 (plan index 641).
unknown_not_attempted_after_prior_failure,no downloaded CSV row and no OK/TIMEOUT/CRASH log event for this workflow size,Tier 2,bfs,benchmark-results-bfs,74071320003,completed,failure,3145728,646,bfs,3145728,,,,,,,,,,,No invocation evidence for this later plan entry; benchmark job stopped after first timed_out_600s at size 786432 (plan index 641).
unknown_not_attempted_after_prior_failure,no downloaded CSV row and no OK/TIMEOUT/CRASH log event for this workflow size,Tier 2,bfs,benchmark-results-bfs,74071320003,completed,failure,4194304,647,bfs,4194304,,,,,,,,,,,No invocation evidence for this later plan entry; benchmark job stopped after first timed_out_600s at size 786432 (plan index 641).
known_finished_from_downloaded_benchmark_results_csv_and_run_log_ok,downloaded artifact benchmark-results-3mm/results_3mm.csv plus run log line 32364,Tier 2,3mm,benchmark-results-3mm,74071320014,completed,failure,64,648,3mm,64,3mm,64,1,0.009800,0.009800,0.009800,2026-05-02T21:41:22.6586004Z,finished,32364,[OK] 3mm 64 -> 0.009800 ms,"Workflow-size invocation finished within the 600s timeout and emitted a CSV row. For plan rows sharing one workflow size, this is invocation-level evidence, not independent per-hardware-kernel timing evidence."
known_finished_from_downloaded_benchmark_results_csv_and_run_log_ok,downloaded artifact benchmark-results-3mm/results_3mm.csv plus run log line 32368,Tier 2,3mm,benchmark-results-3mm,74071320014,completed,failure,128,649,3mm,128,3mm,128,1,0.019733,0.019733,0.019733,2026-05-02T21:43:14.6111728Z,finished,32368,[OK] 3mm 128 -> 0.019733 ms,"Workflow-size invocation finished within the 600s timeout and emitted a CSV row. For plan rows sharing one workflow size, this is invocation-level evidence, not independent per-hardware-kernel timing evidence."
known_timed_out_at_600s_from_run_log,run log line 32372,Tier 2,3mm,benchmark-results-3mm,74071320014,completed,failure,192,650,3mm,192,,,,,,,2026-05-02T21:53:14.6534297Z,timed_out_600s,32372,##[warning]TIMEOUT: 3mm 192 (>600s),The simulator invocation reached the workflow timeout command threshold (>600s); the job loop broke after this failure.
unknown_not_attempted_after_prior_failure,no downloaded CSV row and no OK/TIMEOUT/CRASH log event for this workflow size,Tier 2,3mm,benchmark-results-3mm,74071320014,completed,failure,256,651,3mm,256,,,,,,,,,,,No invocation evidence for this later plan entry; benchmark job stopped after first timed_out_600s at size 192 (plan index 650).
unknown_not_attempted_after_prior_failure,no downloaded CSV row and no OK/TIMEOUT/CRASH log event for this workflow size,Tier 2,3mm,benchmark-results-3mm,74071320014,completed,failure,384,652,3mm,384,,,,,,,,,,,No invocation evidence for this later plan entry; benchmark job stopped after first timed_out_600s at size 192 (plan index 650).
unknown_not_attempted_after_prior_failure,no downloaded CSV row and no OK/TIMEOUT/CRASH log event for this workflow size,Tier 2,3mm,benchmark-results-3mm,74071320014,completed,failure,512,653,3mm,512,,,,,,,,,,,No invocation evidence for this later plan entry; benchmark job stopped after first timed_out_600s at size 192 (plan index 650).
unknown_not_attempted_after_prior_failure,no downloaded CSV row and no OK/TIMEOUT/CRASH log event for this workflow size,Tier 2,3mm,benchmark-results-3mm,74071320014,completed,failure,640,654,3mm,640,,,,,,,,,,,No invocation evidence for this later plan entry; benchmark job stopped after first timed_out_600s at size 192 (plan index 650).
unknown_not_attempted_after_prior_failure,no downloaded CSV row and no OK/TIMEOUT/CRASH log event for this workflow size,Tier 2,3mm,benchmark-results-3mm,74071320014,completed,failure,768,655,3mm,768,,,,,,,,,,,No invocation evidence for this later plan entry; benchmark job stopped after first timed_out_600s at size 192 (plan index 650).
unknown_not_attempted_after_prior_failure,no downloaded CSV row and no OK/TIMEOUT/CRASH log event for this workflow size,Tier 2,3mm,benchmark-results-3mm,74071320014,completed,failure,896,656,3mm,896,,,,,,,,,,,No invocation evidence for this later plan entry; benchmark job stopped after first timed_out_600s at size 192 (plan index 650).
unknown_not_attempted_after_prior_failure,no downloaded CSV row and no OK/TIMEOUT/CRASH log event for this workflow size,Tier 2,3mm,benchmark-results-3mm,74071320014,completed,failure,1024,657,3mm,1024,,,,,,,,,,,No invocation evidence for this later plan entry; benchmark job stopped after first timed_out_600s at size 192 (plan index 650).
unknown_not_attempted_after_prior_failure,no downloaded CSV row and no OK/TIMEOUT/CRASH log event for this workflow size,Tier 2,3mm,benchmark-results-3mm,74071320014,completed,failure,1280,658,3mm,1280,,,,,,,,,,,No invocation evidence for this later plan entry; benchmark job stopped after first timed_out_600s at size 192 (plan index 650).
unknown_not_attempted_after_prior_failure,no downloaded CSV row and no OK/TIMEOUT/CRASH log event for this workflow size,Tier 2,3mm,benchmark-results-3mm,74071320014,completed,failure,1536,659,3mm,1536,,,,,,,,,,,No invocation evidence for this later plan entry; benchmark job stopped after first timed_out_600s at size 192 (plan index 650).
unknown_not_attempted_after_prior_failure,no downloaded CSV row and no OK/TIMEOUT/CRASH log event for this workflow size,Tier 2,3mm,benchmark-results-3mm,74071320014,completed,failure,1792,660,3mm,1792,,,,,,,,,,,No invocation evidence for this later plan entry; benchmark job stopped after first timed_out_600s at size 192 (plan index 650).
unknown_not_attempted_after_prior_failure,no downloaded CSV row and no OK/TIMEOUT/CRASH log event for this workflow size,Tier 2,3mm,benchmark-results-3mm,74071320014,completed,failure,2048,661,3mm,2048,,,,,,,,,,,No invocation evidence for this later plan entry; benchmark job stopped after first timed_out_600s at size 192 (plan index 650).
unknown_not_attempted_after_prior_failure,no downloaded CSV row and no OK/TIMEOUT/CRASH log event for this workflow size,Tier 2,3mm,benchmark-results-3mm,74071320014,completed,failure,2560,662,3mm,2560,,,,,,,,,,,No invocation evidence for this later plan entry; benchmark job stopped after first timed_out_600s at size 192 (plan index 650).
unknown_not_attempted_after_prior_failure,no downloaded CSV row and no OK/TIMEOUT/CRASH log event for this workflow size,Tier 2,3mm,benchmark-results-3mm,74071320014,completed,failure,3072,663,3mm,3072,,,,,,,,,,,No invocation evidence for this later plan entry; benchmark job stopped after first timed_out_600s at size 192 (plan index 650).
unknown_not_attempted_after_prior_failure,no downloaded CSV row and no OK/TIMEOUT/CRASH log event for this workflow size,Tier 2,3mm,benchmark-results-3mm,74071320014,completed,failure,3584,664,3mm,3584,,,,,,,,,,,No invocation evidence for this later plan entry; benchmark job stopped after first timed_out_600s at size 192 (plan index 650).
unknown_not_attempted_after_prior_failure,no downloaded CSV row and no OK/TIMEOUT/CRASH log event for this workflow size,Tier 2,3mm,benchmark-results-3mm,74071320014,completed,failure,4096,665,3mm,4096,,,,,,,,,,,No invocation evidence for this later plan entry; benchmark job stopped after first timed_out_600s at size 192 (plan index 650).
known_finished_from_downloaded_benchmark_results_csv_and_run_log_ok,downloaded artifact benchmark-results-correlation/results_correlation.csv plus run log line 32981,Tier 2,correlation,benchmark-results-correlation,74071320015,completed,failure,64x64,666,correlation,64x64,correlation,64x64,1,0.009883,0.009883,0.009883,2026-05-02T21:41:15.8653926Z,finished,32981,[OK] correlation 64x64 -> 0.009883 ms,"Workflow-size invocation finished within the 600s timeout and emitted a CSV row. For plan rows sharing one workflow size, this is invocation-level evidence, not independent per-hardware-kernel timing evidence."
known_finished_from_downloaded_benchmark_results_csv_and_run_log_ok,downloaded artifact benchmark-results-correlation/results_correlation.csv plus run log line 32985,Tier 2,correlation,benchmark-results-correlation,74071320015,completed,failure,128x128,667,correlation,128x128,correlation,128x128,1,0.019232,0.019232,0.019232,2026-05-02T21:41:30.0828582Z,finished,32985,[OK] correlation 128x128 -> 0.019232 ms,"Workflow-size invocation finished within the 600s timeout and emitted a CSV row. For plan rows sharing one workflow size, this is invocation-level evidence, not independent per-hardware-kernel timing evidence."
known_finished_from_downloaded_benchmark_results_csv_and_run_log_ok,downloaded artifact benchmark-results-correlation/results_correlation.csv plus run log line 32989,Tier 2,correlation,benchmark-results-correlation,74071320015,completed,failure,192x192,668,correlation,192x192,correlation,192x192,1,0.028892,0.028892,0.028892,2026-05-02T21:42:50.6368193Z,finished,32989,[OK] correlation 192x192 -> 0.028892 ms,"Workflow-size invocation finished within the 600s timeout and emitted a CSV row. For plan rows sharing one workflow size, this is invocation-level evidence, not independent per-hardware-kernel timing evidence."
known_finished_from_downloaded_benchmark_results_csv_and_run_log_ok,downloaded artifact benchmark-results-correlation/results_correlation.csv plus run log line 32993,Tier 2,correlation,benchmark-results-correlation,74071320015,completed,failure,256x256,669,correlation,256x256,correlation,256x256,1,0.039878,0.039878,0.039878,2026-05-02T21:47:17.0797798Z,finished,32993,[OK] correlation 256x256 -> 0.039878 ms,"Workflow-size invocation finished within the 600s timeout and emitted a CSV row. For plan rows sharing one workflow size, this is invocation-level evidence, not independent per-hardware-kernel timing evidence."
known_timed_out_at_600s_from_run_log,run log line 32997,Tier 2,correlation,benchmark-results-correlation,74071320015,completed,failure,384x384,670,correlation,384x384,,,,,,,2026-05-02T21:57:17.1485697Z,timed_out_600s,32997,##[warning]TIMEOUT: correlation 384x384 (>600s),The simulator invocation reached the workflow timeout command threshold (>600s); the job loop broke after this failure.
unknown_not_attempted_after_prior_failure,no downloaded CSV row and no OK/TIMEOUT/CRASH log event for this workflow size,Tier 2,correlation,benchmark-results-correlation,74071320015,completed,failure,512x512,671,correlation,512x512,,,,,,,,,,,No invocation evidence for this later plan entry; benchmark job stopped after first timed_out_600s at size 384x384 (plan index 670).
unknown_not_attempted_after_prior_failure,no downloaded CSV row and no OK/TIMEOUT/CRASH log event for this workflow size,Tier 2,correlation,benchmark-results-correlation,74071320015,completed,failure,640x640,672,correlation,640x640,,,,,,,,,,,No invocation evidence for this later plan entry; benchmark job stopped after first timed_out_600s at size 384x384 (plan index 670).
unknown_not_attempted_after_prior_failure,no downloaded CSV row and no OK/TIMEOUT/CRASH log event for this workflow size,Tier 2,correlation,benchmark-results-correlation,74071320015,completed,failure,768x768,673,correlation,768x768,,,,,,,,,,,No invocation evidence for this later plan entry; benchmark job stopped after first timed_out_600s at size 384x384 (plan index 670).
unknown_not_attempted_after_prior_failure,no downloaded CSV row and no OK/TIMEOUT/CRASH log event for this workflow size,Tier 2,correlation,benchmark-results-correlation,74071320015,completed,failure,896x896,674,correlation,896x896,,,,,,,,,,,No invocation evidence for this later plan entry; benchmark job stopped after first timed_out_600s at size 384x384 (plan index 670).
unknown_not_attempted_after_prior_failure,no downloaded CSV row and no OK/TIMEOUT/CRASH log event for this workflow size,Tier 2,correlation,benchmark-results-correlation,74071320015,completed,failure,1024x1024,675,correlation,1024x1024,,,,,,,,,,,No invocation evidence for this later plan entry; benchmark job stopped after first timed_out_600s at size 384x384 (plan index 670).
unknown_not_attempted_after_prior_failure,no downloaded CSV row and no OK/TIMEOUT/CRASH log event for this workflow size,Tier 2,correlation,benchmark-results-correlation,74071320015,completed,failure,1280x1280,676,correlation,1280x1280,,,,,,,,,,,No invocation evidence for this later plan entry; benchmark job stopped after first timed_out_600s at size 384x384 (plan index 670).
unknown_not_attempted_after_prior_failure,no downloaded CSV row and no OK/TIMEOUT/CRASH log event for this workflow size,Tier 2,correlation,benchmark-results-correlation,74071320015,completed,failure,1536x1536,677,correlation,1536x1536,,,,,,,,,,,No invocation evidence for this later plan entry; benchmark job stopped after first timed_out_600s at size 384x384 (plan index 670).
unknown_not_attempted_after_prior_failure,no downloaded CSV row and no OK/TIMEOUT/CRASH log event for this workflow size,Tier 2,correlation,benchmark-results-correlation,74071320015,completed,failure,1792x1792,678,correlation,1792x1792,,,,,,,,,,,No invocation evidence for this later plan entry; benchmark job stopped after first timed_out_600s at size 384x384 (plan index 670).
unknown_not_attempted_after_prior_failure,no downloaded CSV row and no OK/TIMEOUT/CRASH log event for this workflow size,Tier 2,correlation,benchmark-results-correlation,74071320015,completed,failure,2048x2048,679,correlation,2048x2048,,,,,,,,,,,No invocation evidence for this later plan entry; benchmark job stopped after first timed_out_600s at size 384x384 (plan index 670).
unknown_not_attempted_after_prior_failure,no downloaded CSV row and no OK/TIMEOUT/CRASH log event for this workflow size,Tier 2,correlation,benchmark-results-correlation,74071320015,completed,failure,2560x2560,680,correlation,2560x2560,,,,,,,,,,,No invocation evidence for this later plan entry; benchmark job stopped after first timed_out_600s at size 384x384 (plan index 670).
unknown_not_attempted_after_prior_failure,no downloaded CSV row and no OK/TIMEOUT/CRASH log event for this workflow size,Tier 2,correlation,benchmark-results-correlation,74071320015,completed,failure,3072x3072,681,correlation,3072x3072,,,,,,,,,,,No invocation evidence for this later plan entry; benchmark job stopped after first timed_out_600s at size 384x384 (plan index 670).
unknown_not_attempted_after_prior_failure,no downloaded CSV row and no OK/TIMEOUT/CRASH log event for this workflow size,Tier 2,correlation,benchmark-results-correlation,74071320015,completed,failure,3584x3584,682,correlation,3584x3584,,,,,,,,,,,No invocation evidence for this later plan entry; benchmark job stopped after first timed_out_600s at size 384x384 (plan index 670).
unknown_not_attempted_after_prior_failure,no downloaded CSV row and no OK/TIMEOUT/CRASH log event for this workflow size,Tier 2,correlation,benchmark-results-correlation,74071320015,completed,failure,4096x4096,683,correlation,4096x4096,,,,,,,,,,,No invocation evidence for this later plan entry; benchmark job stopped after first timed_out_600s at size 384x384 (plan index 670).
known_finished_from_downloaded_benchmark_results_csv_and_run_log_ok,downloaded artifact benchmark-results-covariance/results_covariance.csv plus run log line 31555,Tier 2,covariance,benchmark-results-covariance,74071320010,completed,failure,64x64,684,covariance,64x64,covariance,64x64,1,0.006361,0.006361,0.006361,2026-05-02T21:42:12.6780685Z,finished,31555,[OK] covariance 64x64 -> 0.006361 ms,"Workflow-size invocation finished within the 600s timeout and emitted a CSV row. For plan rows sharing one workflow size, this is invocation-level evidence, not independent per-hardware-kernel timing evidence."
known_finished_from_downloaded_benchmark_results_csv_and_run_log_ok,downloaded artifact benchmark-results-covariance/results_covariance.csv plus run log line 31559,Tier 2,covariance,benchmark-results-covariance,74071320010,completed,failure,128x128,685,covariance,128x128,covariance,128x128,1,0.012895,0.012895,0.012895,2026-05-02T21:42:24.9385280Z,finished,31559,[OK] covariance 128x128 -> 0.012895 ms,"Workflow-size invocation finished within the 600s timeout and emitted a CSV row. For plan rows sharing one workflow size, this is invocation-level evidence, not independent per-hardware-kernel timing evidence."
known_finished_from_downloaded_benchmark_results_csv_and_run_log_ok,downloaded artifact benchmark-results-covariance/results_covariance.csv plus run log line 31563,Tier 2,covariance,benchmark-results-covariance,74071320010,completed,failure,192x192,686,covariance,192x192,covariance,192x192,1,0.019783,0.019783,0.019783,2026-05-02T21:43:33.5293888Z,finished,31563,[OK] covariance 192x192 -> 0.019783 ms,"Workflow-size invocation finished within the 600s timeout and emitted a CSV row. For plan rows sharing one workflow size, this is invocation-level evidence, not independent per-hardware-kernel timing evidence."
known_finished_from_downloaded_benchmark_results_csv_and_run_log_ok,downloaded artifact benchmark-results-covariance/results_covariance.csv plus run log line 31567,Tier 2,covariance,benchmark-results-covariance,74071320010,completed,failure,256x256,687,covariance,256x256,covariance,256x256,1,0.027696,0.027696,0.027696,2026-05-02T21:47:30.0684895Z,finished,31567,[OK] covariance 256x256 -> 0.027696 ms,"Workflow-size invocation finished within the 600s timeout and emitted a CSV row. For plan rows sharing one workflow size, this is invocation-level evidence, not independent per-hardware-kernel timing evidence."
known_timed_out_at_600s_from_run_log,run log line 31571,Tier 2,covariance,benchmark-results-covariance,74071320010,completed,failure,384x384,688,covariance,384x384,,,,,,,2026-05-02T21:57:30.1073152Z,timed_out_600s,31571,##[warning]TIMEOUT: covariance 384x384 (>600s),The simulator invocation reached the workflow timeout command threshold (>600s); the job loop broke after this failure.
unknown_not_attempted_after_prior_failure,no downloaded CSV row and no OK/TIMEOUT/CRASH log event for this workflow size,Tier 2,covariance,benchmark-results-covariance,74071320010,completed,failure,512x512,689,covariance,512x512,,,,,,,,,,,No invocation evidence for this later plan entry; benchmark job stopped after first timed_out_600s at size 384x384 (plan index 688).
unknown_not_attempted_after_prior_failure,no downloaded CSV row and no OK/TIMEOUT/CRASH log event for this workflow size,Tier 2,covariance,benchmark-results-covariance,74071320010,completed,failure,640x640,690,covariance,640x640,,,,,,,,,,,No invocation evidence for this later plan entry; benchmark job stopped after first timed_out_600s at size 384x384 (plan index 688).
unknown_not_attempted_after_prior_failure,no downloaded CSV row and no OK/TIMEOUT/CRASH log event for this workflow size,Tier 2,covariance,benchmark-results-covariance,74071320010,completed,failure,768x768,691,covariance,768x768,,,,,,,,,,,No invocation evidence for this later plan entry; benchmark job stopped after first timed_out_600s at size 384x384 (plan index 688).
unknown_not_attempted_after_prior_failure,no downloaded CSV row and no OK/TIMEOUT/CRASH log event for this workflow size,Tier 2,covariance,benchmark-results-covariance,74071320010,completed,failure,896x896,692,covariance,896x896,,,,,,,,,,,No invocation evidence for this later plan entry; benchmark job stopped after first timed_out_600s at size 384x384 (plan index 688).
unknown_not_attempted_after_prior_failure,no downloaded CSV row and no OK/TIMEOUT/CRASH log event for this workflow size,Tier 2,covariance,benchmark-results-covariance,74071320010,completed,failure,1024x1024,693,covariance,1024x1024,,,,,,,,,,,No invocation evidence for this later plan entry; benchmark job stopped after first timed_out_600s at size 384x384 (plan index 688).
unknown_not_attempted_after_prior_failure,no downloaded CSV row and no OK/TIMEOUT/CRASH log event for this workflow size,Tier 2,covariance,benchmark-results-covariance,74071320010,completed,failure,1280x1280,694,covariance,1280x1280,,,,,,,,,,,No invocation evidence for this later plan entry; benchmark job stopped after first timed_out_600s at size 384x384 (plan index 688).
unknown_not_attempted_after_prior_failure,no downloaded CSV row and no OK/TIMEOUT/CRASH log event for this workflow size,Tier 2,covariance,benchmark-results-covariance,74071320010,completed,failure,1536x1536,695,covariance,1536x1536,,,,,,,,,,,No invocation evidence for this later plan entry; benchmark job stopped after first timed_out_600s at size 384x384 (plan index 688).
unknown_not_attempted_after_prior_failure,no downloaded CSV row and no OK/TIMEOUT/CRASH log event for this workflow size,Tier 2,covariance,benchmark-results-covariance,74071320010,completed,failure,1792x1792,696,covariance,1792x1792,,,,,,,,,,,No invocation evidence for this later plan entry; benchmark job stopped after first timed_out_600s at size 384x384 (plan index 688).
unknown_not_attempted_after_prior_failure,no downloaded CSV row and no OK/TIMEOUT/CRASH log event for this workflow size,Tier 2,covariance,benchmark-results-covariance,74071320010,completed,failure,2048x2048,697,covariance,2048x2048,,,,,,,,,,,No invocation evidence for this later plan entry; benchmark job stopped after first timed_out_600s at size 384x384 (plan index 688).
unknown_not_attempted_after_prior_failure,no downloaded CSV row and no OK/TIMEOUT/CRASH log event for this workflow size,Tier 2,covariance,benchmark-results-covariance,74071320010,completed,failure,2560x2560,698,covariance,2560x2560,,,,,,,,,,,No invocation evidence for this later plan entry; benchmark job stopped after first timed_out_600s at size 384x384 (plan index 688).
unknown_not_attempted_after_prior_failure,no downloaded CSV row and no OK/TIMEOUT/CRASH log event for this workflow size,Tier 2,covariance,benchmark-results-covariance,74071320010,completed,failure,3072x3072,699,covariance,3072x3072,,,,,,,,,,,No invocation evidence for this later plan entry; benchmark job stopped after first timed_out_600s at size 384x384 (plan index 688).
unknown_not_attempted_after_prior_failure,no downloaded CSV row and no OK/TIMEOUT/CRASH log event for this workflow size,Tier 2,covariance,benchmark-results-covariance,74071320010,completed,failure,3584x3584,700,covariance,3584x3584,,,,,,,,,,,No invocation evidence for this later plan entry; benchmark job stopped after first timed_out_600s at size 384x384 (plan index 688).
unknown_not_attempted_after_prior_failure,no downloaded CSV row and no OK/TIMEOUT/CRASH log event for this workflow size,Tier 2,covariance,benchmark-results-covariance,74071320010,completed,failure,4096x4096,701,covariance,4096x4096,,,,,,,,,,,No invocation evidence for this later plan entry; benchmark job stopped after first timed_out_600s at size 384x384 (plan index 688).
known_finished_from_downloaded_benchmark_results_csv_and_run_log_ok,downloaded artifact benchmark-results-fdtd2d/results_fdtd2d.csv plus run log line 34441,Tier 2,fdtd2d,benchmark-results-fdtd2d,74071320024,completed,failure,64,702,fdtd2d,64,fdtd2d,64,1,0.011507,0.011507,0.011507,2026-05-02T21:42:28.3460484Z,finished,34441,[OK] fdtd2d 64 -> 0.011507 ms,"Workflow-size invocation finished within the 600s timeout and emitted a CSV row. For plan rows sharing one workflow size, this is invocation-level evidence, not independent per-hardware-kernel timing evidence."
known_finished_from_downloaded_benchmark_results_csv_and_run_log_ok,downloaded artifact benchmark-results-fdtd2d/results_fdtd2d.csv plus run log line 34445,Tier 2,fdtd2d,benchmark-results-fdtd2d,74071320024,completed,failure,128,703,fdtd2d,128,fdtd2d,128,1,0.011286,0.011286,0.011286,2026-05-02T21:42:45.5919950Z,finished,34445,[OK] fdtd2d 128 -> 0.011286 ms,"Workflow-size invocation finished within the 600s timeout and emitted a CSV row. For plan rows sharing one workflow size, this is invocation-level evidence, not independent per-hardware-kernel timing evidence."
known_finished_from_downloaded_benchmark_results_csv_and_run_log_ok,downloaded artifact benchmark-results-fdtd2d/results_fdtd2d.csv plus run log line 34449,Tier 2,fdtd2d,benchmark-results-fdtd2d,74071320024,completed,failure,192,704,fdtd2d,192,fdtd2d,192,1,0.011576,0.011576,0.011576,2026-05-02T21:43:34.2240180Z,finished,34449,[OK] fdtd2d 192 -> 0.011576 ms,"Workflow-size invocation finished within the 600s timeout and emitted a CSV row. For plan rows sharing one workflow size, this is invocation-level evidence, not independent per-hardware-kernel timing evidence."
known_finished_from_downloaded_benchmark_results_csv_and_run_log_ok,downloaded artifact benchmark-results-fdtd2d/results_fdtd2d.csv plus run log line 34453,Tier 2,fdtd2d,benchmark-results-fdtd2d,74071320024,completed,failure,256,705,fdtd2d,256,fdtd2d,256,1,0.012874,0.012874,0.012874,2026-05-02T21:45:43.1054213Z,finished,34453,[OK] fdtd2d 256 -> 0.012874 ms,"Workflow-size invocation finished within the 600s timeout and emitted a CSV row. For plan rows sharing one workflow size, this is invocation-level evidence, not independent per-hardware-kernel timing evidence."
known_timed_out_at_600s_from_run_log,run log line 34457,Tier 2,fdtd2d,benchmark-results-fdtd2d,74071320024,completed,failure,384,706,fdtd2d,384,,,,,,,2026-05-02T21:55:43.1544062Z,timed_out_600s,34457,##[warning]TIMEOUT: fdtd2d 384 (>600s),The simulator invocation reached the workflow timeout command threshold (>600s); the job loop broke after this failure.
unknown_not_attempted_after_prior_failure,no downloaded CSV row and no OK/TIMEOUT/CRASH log event for this workflow size,Tier 2,fdtd2d,benchmark-results-fdtd2d,74071320024,completed,failure,512,707,fdtd2d,512,,,,,,,,,,,No invocation evidence for this later plan entry; benchmark job stopped after first timed_out_600s at size 384 (plan index 706).
unknown_not_attempted_after_prior_failure,no downloaded CSV row and no OK/TIMEOUT/CRASH log event for this workflow size,Tier 2,fdtd2d,benchmark-results-fdtd2d,74071320024,completed,failure,640,708,fdtd2d,640,,,,,,,,,,,No invocation evidence for this later plan entry; benchmark job stopped after first timed_out_600s at size 384 (plan index 706).
unknown_not_attempted_after_prior_failure,no downloaded CSV row and no OK/TIMEOUT/CRASH log event for this workflow size,Tier 2,fdtd2d,benchmark-results-fdtd2d,74071320024,completed,failure,768,709,fdtd2d,768,,,,,,,,,,,No invocation evidence for this later plan entry; benchmark job stopped after first timed_out_600s at size 384 (plan index 706).
unknown_not_attempted_after_prior_failure,no downloaded CSV row and no OK/TIMEOUT/CRASH log event for this workflow size,Tier 2,fdtd2d,benchmark-results-fdtd2d,74071320024,completed,failure,896,710,fdtd2d,896,,,,,,,,,,,No invocation evidence for this later plan entry; benchmark job stopped after first timed_out_600s at size 384 (plan index 706).
unknown_not_attempted_after_prior_failure,no downloaded CSV row and no OK/TIMEOUT/CRASH log event for this workflow size,Tier 2,fdtd2d,benchmark-results-fdtd2d,74071320024,completed,failure,1024,711,fdtd2d,1024,,,,,,,,,,,No invocation evidence for this later plan entry; benchmark job stopped after first timed_out_600s at size 384 (plan index 706).
unknown_not_attempted_after_prior_failure,no downloaded CSV row and no OK/TIMEOUT/CRASH log event for this workflow size,Tier 2,fdtd2d,benchmark-results-fdtd2d,74071320024,completed,failure,1280,712,fdtd2d,1280,,,,,,,,,,,No invocation evidence for this later plan entry; benchmark job stopped after first timed_out_600s at size 384 (plan index 706).
unknown_not_attempted_after_prior_failure,no downloaded CSV row and no OK/TIMEOUT/CRASH log event for this workflow size,Tier 2,fdtd2d,benchmark-results-fdtd2d,74071320024,completed,failure,1536,713,fdtd2d,1536,,,,,,,,,,,No invocation evidence for this later plan entry; benchmark job stopped after first timed_out_600s at size 384 (plan index 706).
unknown_not_attempted_after_prior_failure,no downloaded CSV row and no OK/TIMEOUT/CRASH log event for this workflow size,Tier 2,fdtd2d,benchmark-results-fdtd2d,74071320024,completed,failure,1792,714,fdtd2d,1792,,,,,,,,,,,No invocation evidence for this later plan entry; benchmark job stopped after first timed_out_600s at size 384 (plan index 706).
unknown_not_attempted_after_prior_failure,no downloaded CSV row and no OK/TIMEOUT/CRASH log event for this workflow size,Tier 2,fdtd2d,benchmark-results-fdtd2d,74071320024,completed,failure,2048,715,fdtd2d,2048,,,,,,,,,,,No invocation evidence for this later plan entry; benchmark job stopped after first timed_out_600s at size 384 (plan index 706).
unknown_not_attempted_after_prior_failure,no downloaded CSV row and no OK/TIMEOUT/CRASH log event for this workflow size,Tier 2,fdtd2d,benchmark-results-fdtd2d,74071320024,completed,failure,2560,716,fdtd2d,2560,,,,,,,,,,,No invocation evidence for this later plan entry; benchmark job stopped after first timed_out_600s at size 384 (plan index 706).
unknown_not_attempted_after_prior_failure,no downloaded CSV row and no OK/TIMEOUT/CRASH log event for this workflow size,Tier 2,fdtd2d,benchmark-results-fdtd2d,74071320024,completed,failure,3072,717,fdtd2d,3072,,,,,,,,,,,No invocation evidence for this later plan entry; benchmark job stopped after first timed_out_600s at size 384 (plan index 706).
unknown_not_attempted_after_prior_failure,no downloaded CSV row and no OK/TIMEOUT/CRASH log event for this workflow size,Tier 2,fdtd2d,benchmark-results-fdtd2d,74071320024,completed,failure,3584,718,fdtd2d,3584,,,,,,,,,,,No invocation evidence for this later plan entry; benchmark job stopped after first timed_out_600s at size 384 (plan index 706).
unknown_not_attempted_after_prior_failure,no downloaded CSV row and no OK/TIMEOUT/CRASH log event for this workflow size,Tier 2,fdtd2d,benchmark-results-fdtd2d,74071320024,completed,failure,4096,719,fdtd2d,4096,,,,,,,,,,,No invocation evidence for this later plan entry; benchmark job stopped after first timed_out_600s at size 384 (plan index 706).
known_finished_from_downloaded_benchmark_results_csv_and_run_log_ok,downloaded artifact benchmark-results-gesummv/results_gesummv.csv plus run log line 36478,Tier 2,gesummv,benchmark-results-gesummv,74071320179,completed,failure,64,720,gesummv,64,gesummv,64,1,0.009697,0.009697,0.009697,2026-05-02T21:43:51.0105213Z,finished,36478,[OK] gesummv 64 -> 0.009697 ms,"Workflow-size invocation finished within the 600s timeout and emitted a CSV row. For plan rows sharing one workflow size, this is invocation-level evidence, not independent per-hardware-kernel timing evidence."
known_finished_from_downloaded_benchmark_results_csv_and_run_log_ok,downloaded artifact benchmark-results-gesummv/results_gesummv.csv plus run log line 36482,Tier 2,gesummv,benchmark-results-gesummv,74071320179,completed,failure,128,721,gesummv,128,gesummv,128,1,0.031707,0.031707,0.031707,2026-05-02T21:45:41.1202834Z,finished,36482,[OK] gesummv 128 -> 0.031707 ms,"Workflow-size invocation finished within the 600s timeout and emitted a CSV row. For plan rows sharing one workflow size, this is invocation-level evidence, not independent per-hardware-kernel timing evidence."
known_timed_out_at_600s_from_run_log,run log line 36486,Tier 2,gesummv,benchmark-results-gesummv,74071320179,completed,failure,192,722,gesummv,192,,,,,,,2026-05-02T21:55:41.1334190Z,timed_out_600s,36486,##[warning]TIMEOUT: gesummv 192 (>600s),The simulator invocation reached the workflow timeout command threshold (>600s); the job loop broke after this failure.
unknown_not_attempted_after_prior_failure,no downloaded CSV row and no OK/TIMEOUT/CRASH log event for this workflow size,Tier 2,gesummv,benchmark-results-gesummv,74071320179,completed,failure,256,723,gesummv,256,,,,,,,,,,,No invocation evidence for this later plan entry; benchmark job stopped after first timed_out_600s at size 192 (plan index 722).
unknown_not_attempted_after_prior_failure,no downloaded CSV row and no OK/TIMEOUT/CRASH log event for this workflow size,Tier 2,gesummv,benchmark-results-gesummv,74071320179,completed,failure,384,724,gesummv,384,,,,,,,,,,,No invocation evidence for this later plan entry; benchmark job stopped after first timed_out_600s at size 192 (plan index 722).
unknown_not_attempted_after_prior_failure,no downloaded CSV row and no OK/TIMEOUT/CRASH log event for this workflow size,Tier 2,gesummv,benchmark-results-gesummv,74071320179,completed,failure,512,725,gesummv,512,,,,,,,,,,,No invocation evidence for this later plan entry; benchmark job stopped after first timed_out_600s at size 192 (plan index 722).
unknown_not_attempted_after_prior_failure,no downloaded CSV row and no OK/TIMEOUT/CRASH log event for this workflow size,Tier 2,gesummv,benchmark-results-gesummv,74071320179,completed,failure,640,726,gesummv,640,,,,,,,,,,,No invocation evidence for this later plan entry; benchmark job stopped after first timed_out_600s at size 192 (plan index 722).
unknown_not_attempted_after_prior_failure,no downloaded CSV row and no OK/TIMEOUT/CRASH log event for this workflow size,Tier 2,gesummv,benchmark-results-gesummv,74071320179,completed,failure,768,727,gesummv,768,,,,,,,,,,,No invocation evidence for this later plan entry; benchmark job stopped after first timed_out_600s at size 192 (plan index 722).
unknown_not_attempted_after_prior_failure,no downloaded CSV row and no OK/TIMEOUT/CRASH log event for this workflow size,Tier 2,gesummv,benchmark-results-gesummv,74071320179,completed,failure,896,728,gesummv,896,,,,,,,,,,,No invocation evidence for this later plan entry; benchmark job stopped after first timed_out_600s at size 192 (plan index 722).
unknown_not_attempted_after_prior_failure,no downloaded CSV row and no OK/TIMEOUT/CRASH log event for this workflow size,Tier 2,gesummv,benchmark-results-gesummv,74071320179,completed,failure,1024,729,gesummv,1024,,,,,,,,,,,No invocation evidence for this later plan entry; benchmark job stopped after first timed_out_600s at size 192 (plan index 722).
unknown_not_attempted_after_prior_failure,no downloaded CSV row and no OK/TIMEOUT/CRASH log event for this workflow size,Tier 2,gesummv,benchmark-results-gesummv,74071320179,completed,failure,1280,730,gesummv,1280,,,,,,,,,,,No invocation evidence for this later plan entry; benchmark job stopped after first timed_out_600s at size 192 (plan index 722).
unknown_not_attempted_after_prior_failure,no downloaded CSV row and no OK/TIMEOUT/CRASH log event for this workflow size,Tier 2,gesummv,benchmark-results-gesummv,74071320179,completed,failure,1536,731,gesummv,1536,,,,,,,,,,,No invocation evidence for this later plan entry; benchmark job stopped after first timed_out_600s at size 192 (plan index 722).
unknown_not_attempted_after_prior_failure,no downloaded CSV row and no OK/TIMEOUT/CRASH log event for this workflow size,Tier 2,gesummv,benchmark-results-gesummv,74071320179,completed,failure,1792,732,gesummv,1792,,,,,,,,,,,No invocation evidence for this later plan entry; benchmark job stopped after first timed_out_600s at size 192 (plan index 722).
unknown_not_attempted_after_prior_failure,no downloaded CSV row and no OK/TIMEOUT/CRASH log event for this workflow size,Tier 2,gesummv,benchmark-results-gesummv,74071320179,completed,failure,2048,733,gesummv,2048,,,,,,,,,,,No invocation evidence for this later plan entry; benchmark job stopped after first timed_out_600s at size 192 (plan index 722).
unknown_not_attempted_after_prior_failure,no downloaded CSV row and no OK/TIMEOUT/CRASH log event for this workflow size,Tier 2,gesummv,benchmark-results-gesummv,74071320179,completed,failure,2560,734,gesummv,2560,,,,,,,,,,,No invocation evidence for this later plan entry; benchmark job stopped after first timed_out_600s at size 192 (plan index 722).
unknown_not_attempted_after_prior_failure,no downloaded CSV row and no OK/TIMEOUT/CRASH log event for this workflow size,Tier 2,gesummv,benchmark-results-gesummv,74071320179,completed,failure,3072,735,gesummv,3072,,,,,,,,,,,No invocation evidence for this later plan entry; benchmark job stopped after first timed_out_600s at size 192 (plan index 722).
unknown_not_attempted_after_prior_failure,no downloaded CSV row and no OK/TIMEOUT/CRASH log event for this workflow size,Tier 2,gesummv,benchmark-results-gesummv,74071320179,completed,failure,3584,736,gesummv,3584,,,,,,,,,,,No invocation evidence for this later plan entry; benchmark job stopped after first timed_out_600s at size 192 (plan index 722).
unknown_not_attempted_after_prior_failure,no downloaded CSV row and no OK/TIMEOUT/CRASH log event for this workflow size,Tier 2,gesummv,benchmark-results-gesummv,74071320179,completed,failure,4096,737,gesummv,4096,,,,,,,,,,,No invocation evidence for this later plan entry; benchmark job stopped after first timed_out_600s at size 192 (plan index 722).
known_finished_from_downloaded_benchmark_results_csv_and_run_log_ok,downloaded artifact benchmark-results-gramschmidt/results_gramschmidt.csv plus run log line 35682,Tier 2,gramschmidt,benchmark-results-gramschmidt,74071320176,completed,failure,64,738,gramschmidt,64,gramschmidt,64,1,2.556436,2.556436,2.556436,2026-05-02T21:47:57.8966344Z,finished,35682,[OK] gramschmidt 64 -> 2.556436 ms,"Workflow-size invocation finished within the 600s timeout and emitted a CSV row. For plan rows sharing one workflow size, this is invocation-level evidence, not independent per-hardware-kernel timing evidence."
known_timed_out_at_600s_from_run_log,run log line 35686,Tier 2,gramschmidt,benchmark-results-gramschmidt,74071320176,completed,failure,128,739,gramschmidt,128,,,,,,,2026-05-02T21:57:57.9579300Z,timed_out_600s,35686,##[warning]TIMEOUT: gramschmidt 128 (>600s),The simulator invocation reached the workflow timeout command threshold (>600s); the job loop broke after this failure.
unknown_not_attempted_after_prior_failure,no downloaded CSV row and no OK/TIMEOUT/CRASH log event for this workflow size,Tier 2,gramschmidt,benchmark-results-gramschmidt,74071320176,completed,failure,192,740,gramschmidt,192,,,,,,,,,,,No invocation evidence for this later plan entry; benchmark job stopped after first timed_out_600s at size 128 (plan index 739).
unknown_not_attempted_after_prior_failure,no downloaded CSV row and no OK/TIMEOUT/CRASH log event for this workflow size,Tier 2,gramschmidt,benchmark-results-gramschmidt,74071320176,completed,failure,256,741,gramschmidt,256,,,,,,,,,,,No invocation evidence for this later plan entry; benchmark job stopped after first timed_out_600s at size 128 (plan index 739).
unknown_not_attempted_after_prior_failure,no downloaded CSV row and no OK/TIMEOUT/CRASH log event for this workflow size,Tier 2,gramschmidt,benchmark-results-gramschmidt,74071320176,completed,failure,384,742,gramschmidt,384,,,,,,,,,,,No invocation evidence for this later plan entry; benchmark job stopped after first timed_out_600s at size 128 (plan index 739).
unknown_not_attempted_after_prior_failure,no downloaded CSV row and no OK/TIMEOUT/CRASH log event for this workflow size,Tier 2,gramschmidt,benchmark-results-gramschmidt,74071320176,completed,failure,512,743,gramschmidt,512,,,,,,,,,,,No invocation evidence for this later plan entry; benchmark job stopped after first timed_out_600s at size 128 (plan index 739).
unknown_not_attempted_after_prior_failure,no downloaded CSV row and no OK/TIMEOUT/CRASH log event for this workflow size,Tier 2,gramschmidt,benchmark-results-gramschmidt,74071320176,completed,failure,640,744,gramschmidt,640,,,,,,,,,,,No invocation evidence for this later plan entry; benchmark job stopped after first timed_out_600s at size 128 (plan index 739).
unknown_not_attempted_after_prior_failure,no downloaded CSV row and no OK/TIMEOUT/CRASH log event for this workflow size,Tier 2,gramschmidt,benchmark-results-gramschmidt,74071320176,completed,failure,768,745,gramschmidt,768,,,,,,,,,,,No invocation evidence for this later plan entry; benchmark job stopped after first timed_out_600s at size 128 (plan index 739).
unknown_not_attempted_after_prior_failure,no downloaded CSV row and no OK/TIMEOUT/CRASH log event for this workflow size,Tier 2,gramschmidt,benchmark-results-gramschmidt,74071320176,completed,failure,896,746,gramschmidt,896,,,,,,,,,,,No invocation evidence for this later plan entry; benchmark job stopped after first timed_out_600s at size 128 (plan index 739).
unknown_not_attempted_after_prior_failure,no downloaded CSV row and no OK/TIMEOUT/CRASH log event for this workflow size,Tier 2,gramschmidt,benchmark-results-gramschmidt,74071320176,completed,failure,1024,747,gramschmidt,1024,,,,,,,,,,,No invocation evidence for this later plan entry; benchmark job stopped after first timed_out_600s at size 128 (plan index 739).
known_finished_from_downloaded_benchmark_results_csv_and_run_log_ok,downloaded artifact benchmark-results-mvt/results_mvt.csv plus run log line 35096,Tier 2,mvt,benchmark-results-mvt,74071320174,completed,failure,64,748,mvt,64,mvt,64,1,0.008434,0.008434,0.008434,2026-05-02T21:45:06.8969060Z,finished,35096,[OK] mvt 64 -> 0.008434 ms,"Workflow-size invocation finished within the 600s timeout and emitted a CSV row. For plan rows sharing one workflow size, this is invocation-level evidence, not independent per-hardware-kernel timing evidence."
known_finished_from_downloaded_benchmark_results_csv_and_run_log_ok,downloaded artifact benchmark-results-mvt/results_mvt.csv plus run log line 35100,Tier 2,mvt,benchmark-results-mvt,74071320174,completed,failure,128,749,mvt,128,mvt,128,1,0.020813,0.020813,0.020813,2026-05-02T21:45:31.4553005Z,finished,35100,[OK] mvt 128 -> 0.020813 ms,"Workflow-size invocation finished within the 600s timeout and emitted a CSV row. For plan rows sharing one workflow size, this is invocation-level evidence, not independent per-hardware-kernel timing evidence."
known_finished_from_downloaded_benchmark_results_csv_and_run_log_ok,downloaded artifact benchmark-results-mvt/results_mvt.csv plus run log line 35104,Tier 2,mvt,benchmark-results-mvt,74071320174,completed,failure,192,750,mvt,192,mvt,192,1,0.042298,0.042298,0.042298,2026-05-02T21:47:35.5197627Z,finished,35104,[OK] mvt 192 -> 0.042298 ms,"Workflow-size invocation finished within the 600s timeout and emitted a CSV row. For plan rows sharing one workflow size, this is invocation-level evidence, not independent per-hardware-kernel timing evidence."
known_finished_from_downloaded_benchmark_results_csv_and_run_log_ok,downloaded artifact benchmark-results-mvt/results_mvt.csv plus run log line 35108,Tier 2,mvt,benchmark-results-mvt,74071320174,completed,failure,256,751,mvt,256,mvt,256,1,0.071903,0.071903,0.071903,2026-05-02T21:54:21.6108127Z,finished,35108,[OK] mvt 256 -> 0.071903 ms,"Workflow-size invocation finished within the 600s timeout and emitted a CSV row. For plan rows sharing one workflow size, this is invocation-level evidence, not independent per-hardware-kernel timing evidence."
known_timed_out_at_600s_from_run_log,run log line 35112,Tier 2,mvt,benchmark-results-mvt,74071320174,completed,failure,384,752,mvt,384,,,,,,,2026-05-02T22:04:21.6326838Z,timed_out_600s,35112,##[warning]TIMEOUT: mvt 384 (>600s),The simulator invocation reached the workflow timeout command threshold (>600s); the job loop broke after this failure.
unknown_not_attempted_after_prior_failure,no downloaded CSV row and no OK/TIMEOUT/CRASH log event for this workflow size,Tier 2,mvt,benchmark-results-mvt,74071320174,completed,failure,512,753,mvt,512,,,,,,,,,,,No invocation evidence for this later plan entry; benchmark job stopped after first timed_out_600s at size 384 (plan index 752).
unknown_not_attempted_after_prior_failure,no downloaded CSV row and no OK/TIMEOUT/CRASH log event for this workflow size,Tier 2,mvt,benchmark-results-mvt,74071320174,completed,failure,640,754,mvt,640,,,,,,,,,,,No invocation evidence for this later plan entry; benchmark job stopped after first timed_out_600s at size 384 (plan index 752).
unknown_not_attempted_after_prior_failure,no downloaded CSV row and no OK/TIMEOUT/CRASH log event for this workflow size,Tier 2,mvt,benchmark-results-mvt,74071320174,completed,failure,768,755,mvt,768,,,,,,,,,,,No invocation evidence for this later plan entry; benchmark job stopped after first timed_out_600s at size 384 (plan index 752).
unknown_not_attempted_after_prior_failure,no downloaded CSV row and no OK/TIMEOUT/CRASH log event for this workflow size,Tier 2,mvt,benchmark-results-mvt,74071320174,completed,failure,896,756,mvt,896,,,,,,,,,,,No invocation evidence for this later plan entry; benchmark job stopped after first timed_out_600s at size 384 (plan index 752).
unknown_not_attempted_after_prior_failure,no downloaded CSV row and no OK/TIMEOUT/CRASH log event for this workflow size,Tier 2,mvt,benchmark-results-mvt,74071320174,completed,failure,1024,757,mvt,1024,,,,,,,,,,,No invocation evidence for this later plan entry; benchmark job stopped after first timed_out_600s at size 384 (plan index 752).
unknown_not_attempted_after_prior_failure,no downloaded CSV row and no OK/TIMEOUT/CRASH log event for this workflow size,Tier 2,mvt,benchmark-results-mvt,74071320174,completed,failure,1280,758,mvt,1280,,,,,,,,,,,No invocation evidence for this later plan entry; benchmark job stopped after first timed_out_600s at size 384 (plan index 752).
unknown_not_attempted_after_prior_failure,no downloaded CSV row and no OK/TIMEOUT/CRASH log event for this workflow size,Tier 2,mvt,benchmark-results-mvt,74071320174,completed,failure,1536,759,mvt,1536,,,,,,,,,,,No invocation evidence for this later plan entry; benchmark job stopped after first timed_out_600s at size 384 (plan index 752).
unknown_not_attempted_after_prior_failure,no downloaded CSV row and no OK/TIMEOUT/CRASH log event for this workflow size,Tier 2,mvt,benchmark-results-mvt,74071320174,completed,failure,1792,760,mvt,1792,,,,,,,,,,,No invocation evidence for this later plan entry; benchmark job stopped after first timed_out_600s at size 384 (plan index 752).
unknown_not_attempted_after_prior_failure,no downloaded CSV row and no OK/TIMEOUT/CRASH log event for this workflow size,Tier 2,mvt,benchmark-results-mvt,74071320174,completed,failure,2048,761,mvt,2048,,,,,,,,,,,No invocation evidence for this later plan entry; benchmark job stopped after first timed_out_600s at size 384 (plan index 752).
unknown_not_attempted_after_prior_failure,no downloaded CSV row and no OK/TIMEOUT/CRASH log event for this workflow size,Tier 2,mvt,benchmark-results-mvt,74071320174,completed,failure,2560,762,mvt,2560,,,,,,,,,,,No invocation evidence for this later plan entry; benchmark job stopped after first timed_out_600s at size 384 (plan index 752).
unknown_not_attempted_after_prior_failure,no downloaded CSV row and no OK/TIMEOUT/CRASH log event for this workflow size,Tier 2,mvt,benchmark-results-mvt,74071320174,completed,failure,3072,763,mvt,3072,,,,,,,,,,,No invocation evidence for this later plan entry; benchmark job stopped after first timed_out_600s at size 384 (plan index 752).
unknown_not_attempted_after_prior_failure,no downloaded CSV row and no OK/TIMEOUT/CRASH log event for this workflow size,Tier 2,mvt,benchmark-results-mvt,74071320174,completed,failure,3584,764,mvt,3584,,,,,,,,,,,No invocation evidence for this later plan entry; benchmark job stopped after first timed_out_600s at size 384 (plan index 752).
unknown_not_attempted_after_prior_failure,no downloaded CSV row and no OK/TIMEOUT/CRASH log event for this workflow size,Tier 2,mvt,benchmark-results-mvt,74071320174,completed,failure,4096,765,mvt,4096,,,,,,,,,,,No invocation evidence for this later plan entry; benchmark job stopped after first timed_out_600s at size 384 (plan index 752).
known_finished_from_downloaded_benchmark_results_csv_and_run_log_ok,downloaded artifact benchmark-results-syr2k/results_syr2k.csv plus run log line 37097,Tier 2,syr2k,benchmark-results-syr2k,74071320187,completed,failure,64,766,syr2k,64,syr2k,64,1,0.010079,0.010079,0.010079,2026-05-02T21:49:22.6742488Z,finished,37097,[OK] syr2k 64 -> 0.010079 ms,"Workflow-size invocation finished within the 600s timeout and emitted a CSV row. For plan rows sharing one workflow size, this is invocation-level evidence, not independent per-hardware-kernel timing evidence."
known_timed_out_at_600s_from_run_log,run log line 37101,Tier 2,syr2k,benchmark-results-syr2k,74071320187,completed,failure,128,767,syr2k,128,,,,,,,2026-05-02T21:59:22.6931211Z,timed_out_600s,37101,##[warning]TIMEOUT: syr2k 128 (>600s),The simulator invocation reached the workflow timeout command threshold (>600s); the job loop broke after this failure.
unknown_not_attempted_after_prior_failure,no downloaded CSV row and no OK/TIMEOUT/CRASH log event for this workflow size,Tier 2,syr2k,benchmark-results-syr2k,74071320187,completed,failure,192,768,syr2k,192,,,,,,,,,,,No invocation evidence for this later plan entry; benchmark job stopped after first timed_out_600s at size 128 (plan index 767).
unknown_not_attempted_after_prior_failure,no downloaded CSV row and no OK/TIMEOUT/CRASH log event for this workflow size,Tier 2,syr2k,benchmark-results-syr2k,74071320187,completed,failure,256,769,syr2k,256,,,,,,,,,,,No invocation evidence for this later plan entry; benchmark job stopped after first timed_out_600s at size 128 (plan index 767).
unknown_not_attempted_after_prior_failure,no downloaded CSV row and no OK/TIMEOUT/CRASH log event for this workflow size,Tier 2,syr2k,benchmark-results-syr2k,74071320187,completed,failure,384,770,syr2k,384,,,,,,,,,,,No invocation evidence for this later plan entry; benchmark job stopped after first timed_out_600s at size 128 (plan index 767).
unknown_not_attempted_after_prior_failure,no downloaded CSV row and no OK/TIMEOUT/CRASH log event for this workflow size,Tier 2,syr2k,benchmark-results-syr2k,74071320187,completed,failure,512,771,syr2k,512,,,,,,,,,,,No invocation evidence for this later plan entry; benchmark job stopped after first timed_out_600s at size 128 (plan index 767).
unknown_not_attempted_after_prior_failure,no downloaded CSV row and no OK/TIMEOUT/CRASH log event for this workflow size,Tier 2,syr2k,benchmark-results-syr2k,74071320187,completed,failure,640,772,syr2k,640,,,,,,,,,,,No invocation evidence for this later plan entry; benchmark job stopped after first timed_out_600s at size 128 (plan index 767).
unknown_not_attempted_after_prior_failure,no downloaded CSV row and no OK/TIMEOUT/CRASH log event for this workflow size,Tier 2,syr2k,benchmark-results-syr2k,74071320187,completed,failure,768,773,syr2k,768,,,,,,,,,,,No invocation evidence for this later plan entry; benchmark job stopped after first timed_out_600s at size 128 (plan index 767).
unknown_not_attempted_after_prior_failure,no downloaded CSV row and no OK/TIMEOUT/CRASH log event for this workflow size,Tier 2,syr2k,benchmark-results-syr2k,74071320187,completed,failure,896,774,syr2k,896,,,,,,,,,,,No invocation evidence for this later plan entry; benchmark job stopped after first timed_out_600s at size 128 (plan index 767).
unknown_not_attempted_after_prior_failure,no downloaded CSV row and no OK/TIMEOUT/CRASH log event for this workflow size,Tier 2,syr2k,benchmark-results-syr2k,74071320187,completed,failure,1024,775,syr2k,1024,,,,,,,,,,,No invocation evidence for this later plan entry; benchmark job stopped after first timed_out_600s at size 128 (plan index 767).
unknown_not_attempted_after_prior_failure,no downloaded CSV row and no OK/TIMEOUT/CRASH log event for this workflow size,Tier 2,syr2k,benchmark-results-syr2k,74071320187,completed,failure,1280,776,syr2k,1280,,,,,,,,,,,No invocation evidence for this later plan entry; benchmark job stopped after first timed_out_600s at size 128 (plan index 767).
unknown_not_attempted_after_prior_failure,no downloaded CSV row and no OK/TIMEOUT/CRASH log event for this workflow size,Tier 2,syr2k,benchmark-results-syr2k,74071320187,completed,failure,1536,777,syr2k,1536,,,,,,,,,,,No invocation evidence for this later plan entry; benchmark job stopped after first timed_out_600s at size 128 (plan index 767).
unknown_not_attempted_after_prior_failure,no downloaded CSV row and no OK/TIMEOUT/CRASH log event for this workflow size,Tier 2,syr2k,benchmark-results-syr2k,74071320187,completed,failure,1792,778,syr2k,1792,,,,,,,,,,,No invocation evidence for this later plan entry; benchmark job stopped after first timed_out_600s at size 128 (plan index 767).
unknown_not_attempted_after_prior_failure,no downloaded CSV row and no OK/TIMEOUT/CRASH log event for this workflow size,Tier 2,syr2k,benchmark-results-syr2k,74071320187,completed,failure,2048,779,syr2k,2048,,,,,,,,,,,No invocation evidence for this later plan entry; benchmark job stopped after first timed_out_600s at size 128 (plan index 767).
unknown_not_attempted_after_prior_failure,no downloaded CSV row and no OK/TIMEOUT/CRASH log event for this workflow size,Tier 2,syr2k,benchmark-results-syr2k,74071320187,completed,failure,2560,780,syr2k,2560,,,,,,,,,,,No invocation evidence for this later plan entry; benchmark job stopped after first timed_out_600s at size 128 (plan index 767).
unknown_not_attempted_after_prior_failure,no downloaded CSV row and no OK/TIMEOUT/CRASH log event for this workflow size,Tier 2,syr2k,benchmark-results-syr2k,74071320187,completed,failure,3072,781,syr2k,3072,,,,,,,,,,,No invocation evidence for this later plan entry; benchmark job stopped after first timed_out_600s at size 128 (plan index 767).
unknown_not_attempted_after_prior_failure,no downloaded CSV row and no OK/TIMEOUT/CRASH log event for this workflow size,Tier 2,syr2k,benchmark-results-syr2k,74071320187,completed,failure,3584,782,syr2k,3584,,,,,,,,,,,No invocation evidence for this later plan entry; benchmark job stopped after first timed_out_600s at size 128 (plan index 767).
unknown_not_attempted_after_prior_failure,no downloaded CSV row and no OK/TIMEOUT/CRASH log event for this workflow size,Tier 2,syr2k,benchmark-results-syr2k,74071320187,completed,failure,4096,783,syr2k,4096,,,,,,,,,,,No invocation evidence for this later plan entry; benchmark job stopped after first timed_out_600s at size 128 (plan index 767).
known_finished_from_downloaded_benchmark_results_csv_and_run_log_ok,downloaded artifact benchmark-results-syrk/results_syrk.csv plus run log line 37897,Tier 2,syrk,benchmark-results-syrk,74071320188,completed,failure,64,784,syrk,64,syrk,64,1,0.004632,0.004632,0.004632,2026-05-02T21:48:35.3731666Z,finished,37897,[OK] syrk 64 -> 0.004632 ms,"Workflow-size invocation finished within the 600s timeout and emitted a CSV row. For plan rows sharing one workflow size, this is invocation-level evidence, not independent per-hardware-kernel timing evidence."
known_finished_from_downloaded_benchmark_results_csv_and_run_log_ok,downloaded artifact benchmark-results-syrk/results_syrk.csv plus run log line 37901,Tier 2,syrk,benchmark-results-syrk,74071320188,completed,failure,128,785,syrk,128,syrk,128,1,0.008655,0.008655,0.008655,2026-05-02T21:54:48.3059112Z,finished,37901,[OK] syrk 128 -> 0.008655 ms,"Workflow-size invocation finished within the 600s timeout and emitted a CSV row. For plan rows sharing one workflow size, this is invocation-level evidence, not independent per-hardware-kernel timing evidence."
known_timed_out_at_600s_from_run_log,run log line 37905,Tier 2,syrk,benchmark-results-syrk,74071320188,completed,failure,192,786,syrk,192,,,,,,,2026-05-02T22:04:48.3406862Z,timed_out_600s,37905,##[warning]TIMEOUT: syrk 192 (>600s),The simulator invocation reached the workflow timeout command threshold (>600s); the job loop broke after this failure.
unknown_not_attempted_after_prior_failure,no downloaded CSV row and no OK/TIMEOUT/CRASH log event for this workflow size,Tier 2,syrk,benchmark-results-syrk,74071320188,completed,failure,256,787,syrk,256,,,,,,,,,,,No invocation evidence for this later plan entry; benchmark job stopped after first timed_out_600s at size 192 (plan index 786).
unknown_not_attempted_after_prior_failure,no downloaded CSV row and no OK/TIMEOUT/CRASH log event for this workflow size,Tier 2,syrk,benchmark-results-syrk,74071320188,completed,failure,384,788,syrk,384,,,,,,,,,,,No invocation evidence for this later plan entry; benchmark job stopped after first timed_out_600s at size 192 (plan index 786).
unknown_not_attempted_after_prior_failure,no downloaded CSV row and no OK/TIMEOUT/CRASH log event for this workflow size,Tier 2,syrk,benchmark-results-syrk,74071320188,completed,failure,512,789,syrk,512,,,,,,,,,,,No invocation evidence for this later plan entry; benchmark job stopped after first timed_out_600s at size 192 (plan index 786).
unknown_not_attempted_after_prior_failure,no downloaded CSV row and no OK/TIMEOUT/CRASH log event for this workflow size,Tier 2,syrk,benchmark-results-syrk,74071320188,completed,failure,640,790,syrk,640,,,,,,,,,,,No invocation evidence for this later plan entry; benchmark job stopped after first timed_out_600s at size 192 (plan index 786).
unknown_not_attempted_after_prior_failure,no downloaded CSV row and no OK/TIMEOUT/CRASH log event for this workflow size,Tier 2,syrk,benchmark-results-syrk,74071320188,completed,failure,768,791,syrk,768,,,,,,,,,,,No invocation evidence for this later plan entry; benchmark job stopped after first timed_out_600s at size 192 (plan index 786).
unknown_not_attempted_after_prior_failure,no downloaded CSV row and no OK/TIMEOUT/CRASH log event for this workflow size,Tier 2,syrk,benchmark-results-syrk,74071320188,completed,failure,896,792,syrk,896,,,,,,,,,,,No invocation evidence for this later plan entry; benchmark job stopped after first timed_out_600s at size 192 (plan index 786).
unknown_not_attempted_after_prior_failure,no downloaded CSV row and no OK/TIMEOUT/CRASH log event for this workflow size,Tier 2,syrk,benchmark-results-syrk,74071320188,completed,failure,1024,793,syrk,1024,,,,,,,,,,,No invocation evidence for this later plan entry; benchmark job stopped after first timed_out_600s at size 192 (plan index 786).
unknown_not_attempted_after_prior_failure,no downloaded CSV row and no OK/TIMEOUT/CRASH log event for this workflow size,Tier 2,syrk,benchmark-results-syrk,74071320188,completed,failure,1280,794,syrk,1280,,,,,,,,,,,No invocation evidence for this later plan entry; benchmark job stopped after first timed_out_600s at size 192 (plan index 786).
unknown_not_attempted_after_prior_failure,no downloaded CSV row and no OK/TIMEOUT/CRASH log event for this workflow size,Tier 2,syrk,benchmark-results-syrk,74071320188,completed,failure,1536,795,syrk,1536,,,,,,,,,,,No invocation evidence for this later plan entry; benchmark job stopped after first timed_out_600s at size 192 (plan index 786).
unknown_not_attempted_after_prior_failure,no downloaded CSV row and no OK/TIMEOUT/CRASH log event for this workflow size,Tier 2,syrk,benchmark-results-syrk,74071320188,completed,failure,1792,796,syrk,1792,,,,,,,,,,,No invocation evidence for this later plan entry; benchmark job stopped after first timed_out_600s at size 192 (plan index 786).
unknown_not_attempted_after_prior_failure,no downloaded CSV row and no OK/TIMEOUT/CRASH log event for this workflow size,Tier 2,syrk,benchmark-results-syrk,74071320188,completed,failure,2048,797,syrk,2048,,,,,,,,,,,No invocation evidence for this later plan entry; benchmark job stopped after first timed_out_600s at size 192 (plan index 786).
unknown_not_attempted_after_prior_failure,no downloaded CSV row and no OK/TIMEOUT/CRASH log event for this workflow size,Tier 2,syrk,benchmark-results-syrk,74071320188,completed,failure,2560,798,syrk,2560,,,,,,,,,,,No invocation evidence for this later plan entry; benchmark job stopped after first timed_out_600s at size 192 (plan index 786).
unknown_not_attempted_after_prior_failure,no downloaded CSV row and no OK/TIMEOUT/CRASH log event for this workflow size,Tier 2,syrk,benchmark-results-syrk,74071320188,completed,failure,3072,799,syrk,3072,,,,,,,,,,,No invocation evidence for this later plan entry; benchmark job stopped after first timed_out_600s at size 192 (plan index 786).
unknown_not_attempted_after_prior_failure,no downloaded CSV row and no OK/TIMEOUT/CRASH log event for this workflow size,Tier 2,syrk,benchmark-results-syrk,74071320188,completed,failure,3584,800,syrk,3584,,,,,,,,,,,No invocation evidence for this later plan entry; benchmark job stopped after first timed_out_600s at size 192 (plan index 786).
unknown_not_attempted_after_prior_failure,no downloaded CSV row and no OK/TIMEOUT/CRASH log event for this workflow size,Tier 2,syrk,benchmark-results-syrk,74071320188,completed,failure,4096,801,syrk,4096,,,,,,,,,,,No invocation evidence for this later plan entry; benchmark job stopped after first timed_out_600s at size 192 (plan index 786).
known_finished_from_downloaded_benchmark_results_csv_and_run_log_ok,downloaded artifact benchmark-results-backprop/results_backprop.csv plus run log line 39103,Tier 2,backprop,benchmark-results-backprop,74071320194,completed,failure,256,802,adjust_weights,256,layerforward,256,1,0.010626,0.010626,0.010626,2026-05-02T21:49:11.5897864Z,finished,39103,[OK] backprop 256 -> 0.010626 ms,"Workflow-size invocation finished within the 600s timeout and emitted a CSV row. For plan rows sharing one workflow size, this is invocation-level evidence, not independent per-hardware-kernel timing evidence."
known_finished_from_downloaded_benchmark_results_csv_and_run_log_ok,downloaded artifact benchmark-results-backprop/results_backprop.csv plus run log line 39103,Tier 2,backprop,benchmark-results-backprop,74071320194,completed,failure,256,803,layerforward,256,layerforward,256,1,0.010626,0.010626,0.010626,2026-05-02T21:49:11.5897864Z,finished,39103,[OK] backprop 256 -> 0.010626 ms,"Workflow-size invocation finished within the 600s timeout and emitted a CSV row. For plan rows sharing one workflow size, this is invocation-level evidence, not independent per-hardware-kernel timing evidence."
known_finished_from_downloaded_benchmark_results_csv_and_run_log_ok,downloaded artifact benchmark-results-backprop/results_backprop.csv plus run log line 39111,Tier 2,backprop,benchmark-results-backprop,74071320194,completed,failure,512,804,adjust_weights,512,layerforward,512,1,0.019919,0.019919,0.019919,2026-05-02T21:49:27.6253309Z,finished,39111,[OK] backprop 512 -> 0.019919 ms,"Workflow-size invocation finished within the 600s timeout and emitted a CSV row. For plan rows sharing one workflow size, this is invocation-level evidence, not independent per-hardware-kernel timing evidence."
known_finished_from_downloaded_benchmark_results_csv_and_run_log_ok,downloaded artifact benchmark-results-backprop/results_backprop.csv plus run log line 39111,Tier 2,backprop,benchmark-results-backprop,74071320194,completed,failure,512,805,layerforward,512,layerforward,512,1,0.019919,0.019919,0.019919,2026-05-02T21:49:27.6253309Z,finished,39111,[OK] backprop 512 -> 0.019919 ms,"Workflow-size invocation finished within the 600s timeout and emitted a CSV row. For plan rows sharing one workflow size, this is invocation-level evidence, not independent per-hardware-kernel timing evidence."
known_finished_from_downloaded_benchmark_results_csv_and_run_log_ok,downloaded artifact benchmark-results-backprop/results_backprop.csv plus run log line 39119,Tier 2,backprop,benchmark-results-backprop,74071320194,completed,failure,1024,806,adjust_weights,1024,layerforward,1024,1,0.043525,0.043525,0.043525,2026-05-02T21:50:44.4203336Z,finished,39119,[OK] backprop 1024 -> 0.043525 ms,"Workflow-size invocation finished within the 600s timeout and emitted a CSV row. For plan rows sharing one workflow size, this is invocation-level evidence, not independent per-hardware-kernel timing evidence."
known_finished_from_downloaded_benchmark_results_csv_and_run_log_ok,downloaded artifact benchmark-results-backprop/results_backprop.csv plus run log line 39119,Tier 2,backprop,benchmark-results-backprop,74071320194,completed,failure,1024,807,layerforward,1024,layerforward,1024,1,0.043525,0.043525,0.043525,2026-05-02T21:50:44.4203336Z,finished,39119,[OK] backprop 1024 -> 0.043525 ms,"Workflow-size invocation finished within the 600s timeout and emitted a CSV row. For plan rows sharing one workflow size, this is invocation-level evidence, not independent per-hardware-kernel timing evidence."
known_finished_from_downloaded_benchmark_results_csv_and_run_log_ok,downloaded artifact benchmark-results-backprop/results_backprop.csv plus run log line 39127,Tier 2,backprop,benchmark-results-backprop,74071320194,completed,failure,2048,808,adjust_weights,2048,layerforward,2048,1,0.101943,0.101943,0.101943,2026-05-02T21:56:46.7754939Z,finished,39127,[OK] backprop 2048 -> 0.101943 ms,"Workflow-size invocation finished within the 600s timeout and emitted a CSV row. For plan rows sharing one workflow size, this is invocation-level evidence, not independent per-hardware-kernel timing evidence."
known_finished_from_downloaded_benchmark_results_csv_and_run_log_ok,downloaded artifact benchmark-results-backprop/results_backprop.csv plus run log line 39127,Tier 2,backprop,benchmark-results-backprop,74071320194,completed,failure,2048,809,layerforward,2048,layerforward,2048,1,0.101943,0.101943,0.101943,2026-05-02T21:56:46.7754939Z,finished,39127,[OK] backprop 2048 -> 0.101943 ms,"Workflow-size invocation finished within the 600s timeout and emitted a CSV row. For plan rows sharing one workflow size, this is invocation-level evidence, not independent per-hardware-kernel timing evidence."
known_timed_out_at_600s_from_run_log,run log line 39131,Tier 2,backprop,benchmark-results-backprop,74071320194,completed,failure,4096,810,adjust_weights,4096,,,,,,,2026-05-02T22:06:46.7898297Z,timed_out_600s,39131,##[warning]TIMEOUT: backprop 4096 (>600s),The simulator invocation reached the workflow timeout command threshold (>600s); the job loop broke after this failure.
known_timed_out_at_600s_from_run_log,run log line 39131,Tier 2,backprop,benchmark-results-backprop,74071320194,completed,failure,4096,811,layerforward,4096,,,,,,,2026-05-02T22:06:46.7898297Z,timed_out_600s,39131,##[warning]TIMEOUT: backprop 4096 (>600s),The simulator invocation reached the workflow timeout command threshold (>600s); the job loop broke after this failure.
unknown_not_attempted_after_prior_failure,no downloaded CSV row and no OK/TIMEOUT/CRASH log event for this workflow size,Tier 2,backprop,benchmark-results-backprop,74071320194,completed,failure,8192,812,adjust_weights,8192,,,,,,,,,,,No invocation evidence for this later plan entry; benchmark job stopped after first timed_out_600s at size 4096 (plan index 810).
unknown_not_attempted_after_prior_failure,no downloaded CSV row and no OK/TIMEOUT/CRASH log event for this workflow size,Tier 2,backprop,benchmark-results-backprop,74071320194,completed,failure,8192,813,layerforward,8192,,,,,,,,,,,No invocation evidence for this later plan entry; benchmark job stopped after first timed_out_600s at size 4096 (plan index 810).
unknown_not_attempted_after_prior_failure,no downloaded CSV row and no OK/TIMEOUT/CRASH log event for this workflow size,Tier 2,backprop,benchmark-results-backprop,74071320194,completed,failure,16384,814,adjust_weights,16384,,,,,,,,,,,No invocation evidence for this later plan entry; benchmark job stopped after first timed_out_600s at size 4096 (plan index 810).
unknown_not_attempted_after_prior_failure,no downloaded CSV row and no OK/TIMEOUT/CRASH log event for this workflow size,Tier 2,backprop,benchmark-results-backprop,74071320194,completed,failure,16384,815,layerforward,16384,,,,,,,,,,,No invocation evidence for this later plan entry; benchmark job stopped after first timed_out_600s at size 4096 (plan index 810).
unknown_not_attempted_after_prior_failure,no downloaded CSV row and no OK/TIMEOUT/CRASH log event for this workflow size,Tier 2,backprop,benchmark-results-backprop,74071320194,completed,failure,32768,816,adjust_weights,32768,,,,,,,,,,,No invocation evidence for this later plan entry; benchmark job stopped after first timed_out_600s at size 4096 (plan index 810).
unknown_not_attempted_after_prior_failure,no downloaded CSV row and no OK/TIMEOUT/CRASH log event for this workflow size,Tier 2,backprop,benchmark-results-backprop,74071320194,completed,failure,32768,817,layerforward,32768,,,,,,,,,,,No invocation evidence for this later plan entry; benchmark job stopped after first timed_out_600s at size 4096 (plan index 810).
unknown_not_attempted_after_prior_failure,no downloaded CSV row and no OK/TIMEOUT/CRASH log event for this workflow size,Tier 2,backprop,benchmark-results-backprop,74071320194,completed,failure,65536,818,adjust_weights,65536,,,,,,,,,,,No invocation evidence for this later plan entry; benchmark job stopped after first timed_out_600s at size 4096 (plan index 810).
unknown_not_attempted_after_prior_failure,no downloaded CSV row and no OK/TIMEOUT/CRASH log event for this workflow size,Tier 2,backprop,benchmark-results-backprop,74071320194,completed,failure,65536,819,layerforward,65536,,,,,,,,,,,No invocation evidence for this later plan entry; benchmark job stopped after first timed_out_600s at size 4096 (plan index 810).
unknown_not_attempted_after_prior_failure,no downloaded CSV row and no OK/TIMEOUT/CRASH log event for this workflow size,Tier 2,backprop,benchmark-results-backprop,74071320194,completed,failure,131072,820,adjust_weights,131072,,,,,,,,,,,No invocation evidence for this later plan entry; benchmark job stopped after first timed_out_600s at size 4096 (plan index 810).
unknown_not_attempted_after_prior_failure,no downloaded CSV row and no OK/TIMEOUT/CRASH log event for this workflow size,Tier 2,backprop,benchmark-results-backprop,74071320194,completed,failure,131072,821,layerforward,131072,,,,,,,,,,,No invocation evidence for this later plan entry; benchmark job stopped after first timed_out_600s at size 4096 (plan index 810).
unknown_not_attempted_after_prior_failure,no downloaded CSV row and no OK/TIMEOUT/CRASH log event for this workflow size,Tier 2,backprop,benchmark-results-backprop,74071320194,completed,failure,262144,822,adjust_weights,262144,,,,,,,,,,,No invocation evidence for this later plan entry; benchmark job stopped after first timed_out_600s at size 4096 (plan index 810).
unknown_not_attempted_after_prior_failure,no downloaded CSV row and no OK/TIMEOUT/CRASH log event for this workflow size,Tier 2,backprop,benchmark-results-backprop,74071320194,completed,failure,262144,823,layerforward,262144,,,,,,,,,,,No invocation evidence for this later plan entry; benchmark job stopped after first timed_out_600s at size 4096 (plan index 810).
unknown_not_attempted_after_prior_failure,no downloaded CSV row and no OK/TIMEOUT/CRASH log event for this workflow size,Tier 2,backprop,benchmark-results-backprop,74071320194,completed,failure,524288,824,adjust_weights,524288,,,,,,,,,,,No invocation evidence for this later plan entry; benchmark job stopped after first timed_out_600s at size 4096 (plan index 810).
unknown_not_attempted_after_prior_failure,no downloaded CSV row and no OK/TIMEOUT/CRASH log event for this workflow size,Tier 2,backprop,benchmark-results-backprop,74071320194,completed,failure,524288,825,layerforward,524288,,,,,,,,,,,No invocation evidence for this later plan entry; benchmark job stopped after first timed_out_600s at size 4096 (plan index 810).
unknown_not_attempted_after_prior_failure,no downloaded CSV row and no OK/TIMEOUT/CRASH log event for this workflow size,Tier 2,backprop,benchmark-results-backprop,74071320194,completed,failure,1048576,826,adjust_weights,1048576,,,,,,,,,,,No invocation evidence for this later plan entry; benchmark job stopped after first timed_out_600s at size 4096 (plan index 810).
unknown_not_attempted_after_prior_failure,no downloaded CSV row and no OK/TIMEOUT/CRASH log event for this workflow size,Tier 2,backprop,benchmark-results-backprop,74071320194,completed,failure,1048576,827,layerforward,1048576,,,,,,,,,,,No invocation evidence for this later plan entry; benchmark job stopped after first timed_out_600s at size 4096 (plan index 810).
unknown_not_attempted_after_prior_failure,no downloaded CSV row and no OK/TIMEOUT/CRASH log event for this workflow size,Tier 2,backprop,benchmark-results-backprop,74071320194,completed,failure,1572864,828,adjust_weights,1572864,,,,,,,,,,,No invocation evidence for this later plan entry; benchmark job stopped after first timed_out_600s at size 4096 (plan index 810).
unknown_not_attempted_after_prior_failure,no downloaded CSV row and no OK/TIMEOUT/CRASH log event for this workflow size,Tier 2,backprop,benchmark-results-backprop,74071320194,completed,failure,1572864,829,layerforward,1572864,,,,,,,,,,,No invocation evidence for this later plan entry; benchmark job stopped after first timed_out_600s at size 4096 (plan index 810).
unknown_not_attempted_after_prior_failure,no downloaded CSV row and no OK/TIMEOUT/CRASH log event for this workflow size,Tier 2,backprop,benchmark-results-backprop,74071320194,completed,failure,2097152,830,adjust_weights,2097152,,,,,,,,,,,No invocation evidence for this later plan entry; benchmark job stopped after first timed_out_600s at size 4096 (plan index 810).
unknown_not_attempted_after_prior_failure,no downloaded CSV row and no OK/TIMEOUT/CRASH log event for this workflow size,Tier 2,backprop,benchmark-results-backprop,74071320194,completed,failure,2097152,831,layerforward,2097152,,,,,,,,,,,No invocation evidence for this later plan entry; benchmark job stopped after first timed_out_600s at size 4096 (plan index 810).
unknown_not_attempted_after_prior_failure,no downloaded CSV row and no OK/TIMEOUT/CRASH log event for this workflow size,Tier 2,backprop,benchmark-results-backprop,74071320194,completed,failure,2621440,832,adjust_weights,2621440,,,,,,,,,,,No invocation evidence for this later plan entry; benchmark job stopped after first timed_out_600s at size 4096 (plan index 810).
unknown_not_attempted_after_prior_failure,no downloaded CSV row and no OK/TIMEOUT/CRASH log event for this workflow size,Tier 2,backprop,benchmark-results-backprop,74071320194,completed,failure,2621440,833,layerforward,2621440,,,,,,,,,,,No invocation evidence for this later plan entry; benchmark job stopped after first timed_out_600s at size 4096 (plan index 810).
unknown_not_attempted_after_prior_failure,no downloaded CSV row and no OK/TIMEOUT/CRASH log event for this workflow size,Tier 2,backprop,benchmark-results-backprop,74071320194,completed,failure,3145728,834,adjust_weights,3145728,,,,,,,,,,,No invocation evidence for this later plan entry; benchmark job stopped after first timed_out_600s at size 4096 (plan index 810).
unknown_not_attempted_after_prior_failure,no downloaded CSV row and no OK/TIMEOUT/CRASH log event for this workflow size,Tier 2,backprop,benchmark-results-backprop,74071320194,completed,failure,3145728,835,layerforward,3145728,,,,,,,,,,,No invocation evidence for this later plan entry; benchmark job stopped after first timed_out_600s at size 4096 (plan index 810).
unknown_not_attempted_after_prior_failure,no downloaded CSV row and no OK/TIMEOUT/CRASH log event for this workflow size,Tier 2,backprop,benchmark-results-backprop,74071320194,completed,failure,4194304,836,adjust_weights,4194304,,,,,,,,,,,No invocation evidence for this later plan entry; benchmark job stopped after first timed_out_600s at size 4096 (plan index 810).
unknown_not_attempted_after_prior_failure,no downloaded CSV row and no OK/TIMEOUT/CRASH log event for this workflow size,Tier 2,backprop,benchmark-results-backprop,74071320194,completed,failure,4194304,837,layerforward,4194304,,,,,,,,,,,No invocation evidence for this later plan entry; benchmark job stopped after first timed_out_600s at size 4096 (plan index 810).
known_finished_from_downloaded_benchmark_results_csv_and_run_log_ok,downloaded artifact benchmark-results-gaussian/results_gaussian.csv plus run log line 38497,Tier 2,gaussian,benchmark-results-gaussian,74071320189,completed,failure,32,838,gaussian,32,gaussian,32,1,0.031374,0.031374,0.031374,2026-05-02T21:52:47.4006778Z,finished,38497,[OK] gaussian 32 -> 0.031374 ms,"Workflow-size invocation finished within the 600s timeout and emitted a CSV row. For plan rows sharing one workflow size, this is invocation-level evidence, not independent per-hardware-kernel timing evidence."
known_finished_from_downloaded_benchmark_results_csv_and_run_log_ok,downloaded artifact benchmark-results-gaussian/results_gaussian.csv plus run log line 38501,Tier 2,gaussian,benchmark-results-gaussian,74071320189,completed,failure,48,839,gaussian,48,gaussian,48,1,0.045708,0.045708,0.045708,2026-05-02T21:52:55.1743627Z,finished,38501,[OK] gaussian 48 -> 0.045708 ms,"Workflow-size invocation finished within the 600s timeout and emitted a CSV row. For plan rows sharing one workflow size, this is invocation-level evidence, not independent per-hardware-kernel timing evidence."
known_finished_from_downloaded_benchmark_results_csv_and_run_log_ok,downloaded artifact benchmark-results-gaussian/results_gaussian.csv plus run log line 38505,Tier 2,gaussian,benchmark-results-gaussian,74071320189,completed,failure,64,840,gaussian,64,gaussian,64,1,0.073218,0.073218,0.073218,2026-05-02T21:53:12.7130104Z,finished,38505,[OK] gaussian 64 -> 0.073218 ms,"Workflow-size invocation finished within the 600s timeout and emitted a CSV row. For plan rows sharing one workflow size, this is invocation-level evidence, not independent per-hardware-kernel timing evidence."
known_finished_from_downloaded_benchmark_results_csv_and_run_log_ok,downloaded artifact benchmark-results-gaussian/results_gaussian.csv plus run log line 38509,Tier 2,gaussian,benchmark-results-gaussian,74071320189,completed,failure,96,841,gaussian,96,gaussian,96,1,0.131427,0.131427,0.131427,2026-05-02T21:54:55.2552489Z,finished,38509,[OK] gaussian 96 -> 0.131427 ms,"Workflow-size invocation finished within the 600s timeout and emitted a CSV row. For plan rows sharing one workflow size, this is invocation-level evidence, not independent per-hardware-kernel timing evidence."
known_finished_from_downloaded_benchmark_results_csv_and_run_log_ok,downloaded artifact benchmark-results-gaussian/results_gaussian.csv plus run log line 38513,Tier 2,gaussian,benchmark-results-gaussian,74071320189,completed,failure,128,842,gaussian,128,gaussian,128,1,0.184656,0.184656,0.184656,2026-05-02T22:01:30.2710885Z,finished,38513,[OK] gaussian 128 -> 0.184656 ms,"Workflow-size invocation finished within the 600s timeout and emitted a CSV row. For plan rows sharing one workflow size, this is invocation-level evidence, not independent per-hardware-kernel timing evidence."
known_timed_out_at_600s_from_run_log,run log line 38517,Tier 2,gaussian,benchmark-results-gaussian,74071320189,completed,failure,192,843,gaussian,192,,,,,,,2026-05-02T22:11:30.3322427Z,timed_out_600s,38517,##[warning]TIMEOUT: gaussian 192 (>600s),The simulator invocation reached the workflow timeout command threshold (>600s); the job loop broke after this failure.
unknown_not_attempted_after_prior_failure,no downloaded CSV row and no OK/TIMEOUT/CRASH log event for this workflow size,Tier 2,gaussian,benchmark-results-gaussian,74071320189,completed,failure,256,844,gaussian,256,,,,,,,,,,,No invocation evidence for this later plan entry; benchmark job stopped after first timed_out_600s at size 192 (plan index 843).
unknown_not_attempted_after_prior_failure,no downloaded CSV row and no OK/TIMEOUT/CRASH log event for this workflow size,Tier 2,gaussian,benchmark-results-gaussian,74071320189,completed,failure,384,845,gaussian,384,,,,,,,,,,,No invocation evidence for this later plan entry; benchmark job stopped after first timed_out_600s at size 192 (plan index 843).
unknown_not_attempted_after_prior_failure,no downloaded CSV row and no OK/TIMEOUT/CRASH log event for this workflow size,Tier 2,gaussian,benchmark-results-gaussian,74071320189,completed,failure,512,846,gaussian,512,,,,,,,,,,,No invocation evidence for this later plan entry; benchmark job stopped after first timed_out_600s at size 192 (plan index 843).
unknown_not_attempted_after_prior_failure,no downloaded CSV row and no OK/TIMEOUT/CRASH log event for this workflow size,Tier 2,gaussian,benchmark-results-gaussian,74071320189,completed,failure,640,847,gaussian,640,,,,,,,,,,,No invocation evidence for this later plan entry; benchmark job stopped after first timed_out_600s at size 192 (plan index 843).
unknown_not_attempted_after_prior_failure,no downloaded CSV row and no OK/TIMEOUT/CRASH log event for this workflow size,Tier 2,gaussian,benchmark-results-gaussian,74071320189,completed,failure,768,848,gaussian,768,,,,,,,,,,,No invocation evidence for this later plan entry; benchmark job stopped after first timed_out_600s at size 192 (plan index 843).
unknown_not_attempted_after_prior_failure,no downloaded CSV row and no OK/TIMEOUT/CRASH log event for this workflow size,Tier 2,gaussian,benchmark-results-gaussian,74071320189,completed,failure,1280,849,gaussian,1280,,,,,,,,,,,No invocation evidence for this later plan entry; benchmark job stopped after first timed_out_600s at size 192 (plan index 843).
unknown_not_attempted_after_prior_failure,no downloaded CSV row and no OK/TIMEOUT/CRASH log event for this workflow size,Tier 2,gaussian,benchmark-results-gaussian,74071320189,completed,failure,1536,850,gaussian,1536,,,,,,,,,,,No invocation evidence for this later plan entry; benchmark job stopped after first timed_out_600s at size 192 (plan index 843).
unknown_not_attempted_after_prior_failure,no downloaded CSV row and no OK/TIMEOUT/CRASH log event for this workflow size,Tier 2,gaussian,benchmark-results-gaussian,74071320189,completed,failure,2560,851,gaussian,2560,,,,,,,,,,,No invocation evidence for this later plan entry; benchmark job stopped after first timed_out_600s at size 192 (plan index 843).
known_finished_from_downloaded_benchmark_results_csv_and_run_log_ok,downloaded artifact benchmark-results-hotspot3D/results_hotspot3D.csv plus run log line 39928,Tier 2,hotspot3D,benchmark-results-hotspot3D,74071320198,completed,failure,8,852,hotspot3d,8,hotspot3D,8,1,0.017585,0.017585,0.017585,2026-05-02T21:53:23.2746224Z,finished,39928,[OK] hotspot3D 8 -> 0.017585 ms,"Workflow-size invocation finished within the 600s timeout and emitted a CSV row. For plan rows sharing one workflow size, this is invocation-level evidence, not independent per-hardware-kernel timing evidence."
known_finished_from_downloaded_benchmark_results_csv_and_run_log_ok,downloaded artifact benchmark-results-hotspot3D/results_hotspot3D.csv plus run log line 39932,Tier 2,hotspot3D,benchmark-results-hotspot3D,74071320198,completed,failure,16,853,hotspot3d,16,hotspot3D,16,1,0.034560,0.034560,0.034560,2026-05-02T21:53:33.7036945Z,finished,39932,[OK] hotspot3D 16 -> 0.034560 ms,"Workflow-size invocation finished within the 600s timeout and emitted a CSV row. For plan rows sharing one workflow size, this is invocation-level evidence, not independent per-hardware-kernel timing evidence."
known_finished_from_downloaded_benchmark_results_csv_and_run_log_ok,downloaded artifact benchmark-results-hotspot3D/results_hotspot3D.csv plus run log line 39936,Tier 2,hotspot3D,benchmark-results-hotspot3D,74071320198,completed,failure,24,854,hotspot3d,24,hotspot3D,24,1,0.051304,0.051304,0.051304,2026-05-02T21:54:22.2732486Z,finished,39936,[OK] hotspot3D 24 -> 0.051304 ms,"Workflow-size invocation finished within the 600s timeout and emitted a CSV row. For plan rows sharing one workflow size, this is invocation-level evidence, not independent per-hardware-kernel timing evidence."
known_finished_from_downloaded_benchmark_results_csv_and_run_log_ok,downloaded artifact benchmark-results-hotspot3D/results_hotspot3D.csv plus run log line 39940,Tier 2,hotspot3D,benchmark-results-hotspot3D,74071320198,completed,failure,32,855,hotspot3d,32,hotspot3D,32,1,0.070598,0.070598,0.070598,2026-05-02T21:56:36.6714081Z,finished,39940,[OK] hotspot3D 32 -> 0.070598 ms,"Workflow-size invocation finished within the 600s timeout and emitted a CSV row. For plan rows sharing one workflow size, this is invocation-level evidence, not independent per-hardware-kernel timing evidence."
known_timed_out_at_600s_from_run_log,run log line 39944,Tier 2,hotspot3D,benchmark-results-hotspot3D,74071320198,completed,failure,48,856,hotspot3d,48,,,,,,,2026-05-02T22:06:36.7502909Z,timed_out_600s,39944,##[warning]TIMEOUT: hotspot3D 48 (>600s),The simulator invocation reached the workflow timeout command threshold (>600s); the job loop broke after this failure.
unknown_not_attempted_after_prior_failure,no downloaded CSV row and no OK/TIMEOUT/CRASH log event for this workflow size,Tier 2,hotspot3D,benchmark-results-hotspot3D,74071320198,completed,failure,64,857,hotspot3d,64,,,,,,,,,,,No invocation evidence for this later plan entry; benchmark job stopped after first timed_out_600s at size 48 (plan index 856).
unknown_not_attempted_after_prior_failure,no downloaded CSV row and no OK/TIMEOUT/CRASH log event for this workflow size,Tier 2,hotspot3D,benchmark-results-hotspot3D,74071320198,completed,failure,80,858,hotspot3d,80,,,,,,,,,,,No invocation evidence for this later plan entry; benchmark job stopped after first timed_out_600s at size 48 (plan index 856).
unknown_not_attempted_after_prior_failure,no downloaded CSV row and no OK/TIMEOUT/CRASH log event for this workflow size,Tier 2,hotspot3D,benchmark-results-hotspot3D,74071320198,completed,failure,96,859,hotspot3d,96,,,,,,,,,,,No invocation evidence for this later plan entry; benchmark job stopped after first timed_out_600s at size 48 (plan index 856).
unknown_not_attempted_after_prior_failure,no downloaded CSV row and no OK/TIMEOUT/CRASH log event for this workflow size,Tier 2,hotspot3D,benchmark-results-hotspot3D,74071320198,completed,failure,112,860,hotspot3d,112,,,,,,,,,,,No invocation evidence for this later plan entry; benchmark job stopped after first timed_out_600s at size 48 (plan index 856).
unknown_not_attempted_after_prior_failure,no downloaded CSV row and no OK/TIMEOUT/CRASH log event for this workflow size,Tier 2,hotspot3D,benchmark-results-hotspot3D,74071320198,completed,failure,128,861,hotspot3d,128,,,,,,,,,,,No invocation evidence for this later plan entry; benchmark job stopped after first timed_out_600s at size 48 (plan index 856).
unknown_not_attempted_after_prior_failure,no downloaded CSV row and no OK/TIMEOUT/CRASH log event for this workflow size,Tier 2,hotspot3D,benchmark-results-hotspot3D,74071320198,completed,failure,160,862,hotspot3d,160,,,,,,,,,,,No invocation evidence for this later plan entry; benchmark job stopped after first timed_out_600s at size 48 (plan index 856).
unknown_not_attempted_after_prior_failure,no downloaded CSV row and no OK/TIMEOUT/CRASH log event for this workflow size,Tier 2,hotspot3D,benchmark-results-hotspot3D,74071320198,completed,failure,192,863,hotspot3d,192,,,,,,,,,,,No invocation evidence for this later plan entry; benchmark job stopped after first timed_out_600s at size 48 (plan index 856).
unknown_not_attempted_after_prior_failure,no downloaded CSV row and no OK/TIMEOUT/CRASH log event for this workflow size,Tier 2,hotspot3D,benchmark-results-hotspot3D,74071320198,completed,failure,224,864,hotspot3d,224,,,,,,,,,,,No invocation evidence for this later plan entry; benchmark job stopped after first timed_out_600s at size 48 (plan index 856).
unknown_not_attempted_after_prior_failure,no downloaded CSV row and no OK/TIMEOUT/CRASH log event for this workflow size,Tier 2,hotspot3D,benchmark-results-hotspot3D,74071320198,completed,failure,256,865,hotspot3d,256,,,,,,,,,,,No invocation evidence for this later plan entry; benchmark job stopped after first timed_out_600s at size 48 (plan index 856).
unknown_not_attempted_after_prior_failure,no downloaded CSV row and no OK/TIMEOUT/CRASH log event for this workflow size,Tier 2,hotspot3D,benchmark-results-hotspot3D,74071320198,completed,failure,320,866,hotspot3d,320,,,,,,,,,,,No invocation evidence for this later plan entry; benchmark job stopped after first timed_out_600s at size 48 (plan index 856).
unknown_not_attempted_after_prior_failure,no downloaded CSV row and no OK/TIMEOUT/CRASH log event for this workflow size,Tier 2,hotspot3D,benchmark-results-hotspot3D,74071320198,completed,failure,384,867,hotspot3d,384,,,,,,,,,,,No invocation evidence for this later plan entry; benchmark job stopped after first timed_out_600s at size 48 (plan index 856).
unknown_not_attempted_after_prior_failure,no downloaded CSV row and no OK/TIMEOUT/CRASH log event for this workflow size,Tier 2,hotspot3D,benchmark-results-hotspot3D,74071320198,completed,failure,448,868,hotspot3d,448,,,,,,,,,,,No invocation evidence for this later plan entry; benchmark job stopped after first timed_out_600s at size 48 (plan index 856).
unknown_not_attempted_after_prior_failure,no downloaded CSV row and no OK/TIMEOUT/CRASH log event for this workflow size,Tier 2,hotspot3D,benchmark-results-hotspot3D,74071320198,completed,failure,512,869,hotspot3d,512,,,,,,,,,,,No invocation evidence for this later plan entry; benchmark job stopped after first timed_out_600s at size 48 (plan index 856).
known_finished_from_downloaded_benchmark_results_csv_and_run_log_ok,downloaded artifact benchmark-results-huffman/results_huffman.csv plus run log line 41308,Tier 2,huffman,benchmark-results-huffman,74071320209,completed,failure,1024,870,huffman,1024,huffman,1024,1,0.001318,0.001318,0.001318,2026-05-02T21:55:03.2351830Z,finished,41308,[OK] huffman 1024 -> 0.001318 ms,"Workflow-size invocation finished within the 600s timeout and emitted a CSV row. For plan rows sharing one workflow size, this is invocation-level evidence, not independent per-hardware-kernel timing evidence."
known_finished_from_downloaded_benchmark_results_csv_and_run_log_ok,downloaded artifact benchmark-results-huffman/results_huffman.csv plus run log line 41312,Tier 2,huffman,benchmark-results-huffman,74071320209,completed,failure,2048,871,huffman,2048,huffman,2048,1,0.001318,0.001318,0.001318,2026-05-02T21:55:03.4923924Z,finished,41312,[OK] huffman 2048 -> 0.001318 ms,"Workflow-size invocation finished within the 600s timeout and emitted a CSV row. For plan rows sharing one workflow size, this is invocation-level evidence, not independent per-hardware-kernel timing evidence."
known_finished_from_downloaded_benchmark_results_csv_and_run_log_ok,downloaded artifact benchmark-results-huffman/results_huffman.csv plus run log line 41316,Tier 2,huffman,benchmark-results-huffman,74071320209,completed,failure,4096,872,huffman,4096,huffman,4096,1,0.001319,0.001319,0.001319,2026-05-02T21:55:03.8710413Z,finished,41316,[OK] huffman 4096 -> 0.001319 ms,"Workflow-size invocation finished within the 600s timeout and emitted a CSV row. For plan rows sharing one workflow size, this is invocation-level evidence, not independent per-hardware-kernel timing evidence."
known_finished_from_downloaded_benchmark_results_csv_and_run_log_ok,downloaded artifact benchmark-results-huffman/results_huffman.csv plus run log line 41320,Tier 2,huffman,benchmark-results-huffman,74071320209,completed,failure,8192,873,huffman,8192,huffman,8192,1,0.001809,0.001809,0.001809,2026-05-02T21:55:05.8706294Z,finished,41320,[OK] huffman 8192 -> 0.001809 ms,"Workflow-size invocation finished within the 600s timeout and emitted a CSV row. For plan rows sharing one workflow size, this is invocation-level evidence, not independent per-hardware-kernel timing evidence."
known_finished_from_downloaded_benchmark_results_csv_and_run_log_ok,downloaded artifact benchmark-results-huffman/results_huffman.csv plus run log line 41324,Tier 2,huffman,benchmark-results-huffman,74071320209,completed,failure,16384,874,huffman,16384,huffman,16384,1,0.002043,0.002043,0.002043,2026-05-02T21:55:10.3287293Z,finished,41324,[OK] huffman 16384 -> 0.002043 ms,"Workflow-size invocation finished within the 600s timeout and emitted a CSV row. For plan rows sharing one workflow size, this is invocation-level evidence, not independent per-hardware-kernel timing evidence."
known_finished_from_downloaded_benchmark_results_csv_and_run_log_ok,downloaded artifact benchmark-results-huffman/results_huffman.csv plus run log line 41328,Tier 2,huffman,benchmark-results-huffman,74071320209,completed,failure,32768,875,huffman,32768,huffman,32768,1,0.002363,0.002363,0.002363,2026-05-02T21:55:19.5922577Z,finished,41328,[OK] huffman 32768 -> 0.002363 ms,"Workflow-size invocation finished within the 600s timeout and emitted a CSV row. For plan rows sharing one workflow size, this is invocation-level evidence, not independent per-hardware-kernel timing evidence."
known_finished_from_downloaded_benchmark_results_csv_and_run_log_ok,downloaded artifact benchmark-results-huffman/results_huffman.csv plus run log line 41332,Tier 2,huffman,benchmark-results-huffman,74071320209,completed,failure,65536,876,huffman,65536,huffman,65536,1,0.002091,0.002091,0.002091,2026-05-02T21:55:49.4593776Z,finished,41332,[OK] huffman 65536 -> 0.002091 ms,"Workflow-size invocation finished within the 600s timeout and emitted a CSV row. For plan rows sharing one workflow size, this is invocation-level evidence, not independent per-hardware-kernel timing evidence."
known_finished_from_downloaded_benchmark_results_csv_and_run_log_ok,downloaded artifact benchmark-results-huffman/results_huffman.csv plus run log line 41336,Tier 2,huffman,benchmark-results-huffman,74071320209,completed,failure,131072,877,huffman,131072,huffman,131072,1,0.003755,0.003755,0.003755,2026-05-02T21:57:23.3736273Z,finished,41336,[OK] huffman 131072 -> 0.003755 ms,"Workflow-size invocation finished within the 600s timeout and emitted a CSV row. For plan rows sharing one workflow size, this is invocation-level evidence, not independent per-hardware-kernel timing evidence."
known_finished_from_downloaded_benchmark_results_csv_and_run_log_ok,downloaded artifact benchmark-results-huffman/results_huffman.csv plus run log line 41340,Tier 2,huffman,benchmark-results-huffman,74071320209,completed,failure,262144,878,huffman,262144,huffman,262144,1,0.005471,0.005471,0.005471,2026-05-02T22:01:24.7362955Z,finished,41340,[OK] huffman 262144 -> 0.005471 ms,"Workflow-size invocation finished within the 600s timeout and emitted a CSV row. For plan rows sharing one workflow size, this is invocation-level evidence, not independent per-hardware-kernel timing evidence."
known_timed_out_at_600s_from_run_log,run log line 41344,Tier 2,huffman,benchmark-results-huffman,74071320209,completed,failure,524288,879,huffman,524288,,,,,,,2026-05-02T22:11:24.8850637Z,timed_out_600s,41344,##[warning]TIMEOUT: huffman 524288 (>600s),The simulator invocation reached the workflow timeout command threshold (>600s); the job loop broke after this failure.
unknown_not_attempted_after_prior_failure,no downloaded CSV row and no OK/TIMEOUT/CRASH log event for this workflow size,Tier 2,huffman,benchmark-results-huffman,74071320209,completed,failure,1048576,880,huffman,1048576,,,,,,,,,,,No invocation evidence for this later plan entry; benchmark job stopped after first timed_out_600s at size 524288 (plan index 879).
unknown_not_attempted_after_prior_failure,no downloaded CSV row and no OK/TIMEOUT/CRASH log event for this workflow size,Tier 2,huffman,benchmark-results-huffman,74071320209,completed,failure,2097152,881,huffman,2097152,,,,,,,,,,,No invocation evidence for this later plan entry; benchmark job stopped after first timed_out_600s at size 524288 (plan index 879).
unknown_not_attempted_after_prior_failure,no downloaded CSV row and no OK/TIMEOUT/CRASH log event for this workflow size,Tier 2,huffman,benchmark-results-huffman,74071320209,completed,failure,4194304,882,huffman,4194304,,,,,,,,,,,No invocation evidence for this later plan entry; benchmark job stopped after first timed_out_600s at size 524288 (plan index 879).
unknown_not_attempted_after_prior_failure,no downloaded CSV row and no OK/TIMEOUT/CRASH log event for this workflow size,Tier 2,huffman,benchmark-results-huffman,74071320209,completed,failure,8388608,883,huffman,8388608,,,,,,,,,,,No invocation evidence for this later plan entry; benchmark job stopped after first timed_out_600s at size 524288 (plan index 879).
unknown_not_attempted_after_prior_failure,no downloaded CSV row and no OK/TIMEOUT/CRASH log event for this workflow size,Tier 2,huffman,benchmark-results-huffman,74071320209,completed,failure,12582912,884,huffman,12582912,,,,,,,,,,,No invocation evidence for this later plan entry; benchmark job stopped after first timed_out_600s at size 524288 (plan index 879).
unknown_not_attempted_after_prior_failure,no downloaded CSV row and no OK/TIMEOUT/CRASH log event for this workflow size,Tier 2,huffman,benchmark-results-huffman,74071320209,completed,failure,16777216,885,huffman,16777216,,,,,,,,,,,No invocation evidence for this later plan entry; benchmark job stopped after first timed_out_600s at size 524288 (plan index 879).
known_finished_from_downloaded_benchmark_results_csv_and_run_log_ok,downloaded artifact benchmark-results-lavaMD/results_lavaMD.csv plus run log line 40740,Tier 2,lavaMD,benchmark-results-lavaMD,74071320207,completed,failure,2,886,lavamd,2,lavaMD,2,1,0.117214,0.117214,0.117214,2026-05-02T21:59:05.1857624Z,finished,40740,[OK] lavaMD 2 -> 0.117214 ms,"Workflow-size invocation finished within the 600s timeout and emitted a CSV row. For plan rows sharing one workflow size, this is invocation-level evidence, not independent per-hardware-kernel timing evidence."
known_timed_out_at_600s_from_run_log,run log line 40744,Tier 2,lavaMD,benchmark-results-lavaMD,74071320207,completed,failure,3,887,lavamd,3,,,,,,,2026-05-02T22:09:05.2022895Z,timed_out_600s,40744,##[warning]TIMEOUT: lavaMD 3 (>600s),The simulator invocation reached the workflow timeout command threshold (>600s); the job loop broke after this failure.
unknown_not_attempted_after_prior_failure,no downloaded CSV row and no OK/TIMEOUT/CRASH log event for this workflow size,Tier 2,lavaMD,benchmark-results-lavaMD,74071320207,completed,failure,4,888,lavamd,4,,,,,,,,,,,No invocation evidence for this later plan entry; benchmark job stopped after first timed_out_600s at size 3 (plan index 887).
unknown_not_attempted_after_prior_failure,no downloaded CSV row and no OK/TIMEOUT/CRASH log event for this workflow size,Tier 2,lavaMD,benchmark-results-lavaMD,74071320207,completed,failure,5,889,lavamd,5,,,,,,,,,,,No invocation evidence for this later plan entry; benchmark job stopped after first timed_out_600s at size 3 (plan index 887).
unknown_not_attempted_after_prior_failure,no downloaded CSV row and no OK/TIMEOUT/CRASH log event for this workflow size,Tier 2,lavaMD,benchmark-results-lavaMD,74071320207,completed,failure,6,890,lavamd,6,,,,,,,,,,,No invocation evidence for this later plan entry; benchmark job stopped after first timed_out_600s at size 3 (plan index 887).
unknown_not_attempted_after_prior_failure,no downloaded CSV row and no OK/TIMEOUT/CRASH log event for this workflow size,Tier 2,lavaMD,benchmark-results-lavaMD,74071320207,completed,failure,8,891,lavamd,8,,,,,,,,,,,No invocation evidence for this later plan entry; benchmark job stopped after first timed_out_600s at size 3 (plan index 887).
unknown_not_attempted_after_prior_failure,no downloaded CSV row and no OK/TIMEOUT/CRASH log event for this workflow size,Tier 2,lavaMD,benchmark-results-lavaMD,74071320207,completed,failure,10,892,lavamd,10,,,,,,,,,,,No invocation evidence for this later plan entry; benchmark job stopped after first timed_out_600s at size 3 (plan index 887).
unknown_not_attempted_after_prior_failure,no downloaded CSV row and no OK/TIMEOUT/CRASH log event for this workflow size,Tier 2,lavaMD,benchmark-results-lavaMD,74071320207,completed,failure,12,893,lavamd,12,,,,,,,,,,,No invocation evidence for this later plan entry; benchmark job stopped after first timed_out_600s at size 3 (plan index 887).
unknown_not_attempted_after_prior_failure,no downloaded CSV row and no OK/TIMEOUT/CRASH log event for this workflow size,Tier 2,lavaMD,benchmark-results-lavaMD,74071320207,completed,failure,14,894,lavamd,14,,,,,,,,,,,No invocation evidence for this later plan entry; benchmark job stopped after first timed_out_600s at size 3 (plan index 887).
unknown_not_attempted_after_prior_failure,no downloaded CSV row and no OK/TIMEOUT/CRASH log event for this workflow size,Tier 2,lavaMD,benchmark-results-lavaMD,74071320207,completed,failure,16,895,lavamd,16,,,,,,,,,,,No invocation evidence for this later plan entry; benchmark job stopped after first timed_out_600s at size 3 (plan index 887).
unknown_not_attempted_after_prior_failure,no downloaded CSV row and no OK/TIMEOUT/CRASH log event for this workflow size,Tier 2,lavaMD,benchmark-results-lavaMD,74071320207,completed,failure,18,896,lavamd,18,,,,,,,,,,,No invocation evidence for this later plan entry; benchmark job stopped after first timed_out_600s at size 3 (plan index 887).
unknown_not_attempted_after_prior_failure,no downloaded CSV row and no OK/TIMEOUT/CRASH log event for this workflow size,Tier 2,lavaMD,benchmark-results-lavaMD,74071320207,completed,failure,20,897,lavamd,20,,,,,,,,,,,No invocation evidence for this later plan entry; benchmark job stopped after first timed_out_600s at size 3 (plan index 887).
unknown_not_attempted_after_prior_failure,no downloaded CSV row and no OK/TIMEOUT/CRASH log event for this workflow size,Tier 2,lavaMD,benchmark-results-lavaMD,74071320207,completed,failure,22,898,lavamd,22,,,,,,,,,,,No invocation evidence for this later plan entry; benchmark job stopped after first timed_out_600s at size 3 (plan index 887).
unknown_not_attempted_after_prior_failure,no downloaded CSV row and no OK/TIMEOUT/CRASH log event for this workflow size,Tier 2,lavaMD,benchmark-results-lavaMD,74071320207,completed,failure,24,899,lavamd,24,,,,,,,,,,,No invocation evidence for this later plan entry; benchmark job stopped after first timed_out_600s at size 3 (plan index 887).
unknown_not_attempted_after_prior_failure,no downloaded CSV row and no OK/TIMEOUT/CRASH log event for this workflow size,Tier 2,lavaMD,benchmark-results-lavaMD,74071320207,completed,failure,26,900,lavamd,26,,,,,,,,,,,No invocation evidence for this later plan entry; benchmark job stopped after first timed_out_600s at size 3 (plan index 887).
unknown_not_attempted_after_prior_failure,no downloaded CSV row and no OK/TIMEOUT/CRASH log event for this workflow size,Tier 2,lavaMD,benchmark-results-lavaMD,74071320207,completed,failure,28,901,lavamd,28,,,,,,,,,,,No invocation evidence for this later plan entry; benchmark job stopped after first timed_out_600s at size 3 (plan index 887).
unknown_not_attempted_after_prior_failure,no downloaded CSV row and no OK/TIMEOUT/CRASH log event for this workflow size,Tier 2,lavaMD,benchmark-results-lavaMD,74071320207,completed,failure,30,902,lavamd,30,,,,,,,,,,,No invocation evidence for this later plan entry; benchmark job stopped after first timed_out_600s at size 3 (plan index 887).
unknown_not_attempted_after_prior_failure,no downloaded CSV row and no OK/TIMEOUT/CRASH log event for this workflow size,Tier 2,lavaMD,benchmark-results-lavaMD,74071320207,completed,failure,34,903,lavamd,34,,,,,,,,,,,No invocation evidence for this later plan entry; benchmark job stopped after first timed_out_600s at size 3 (plan index 887).
unknown_not_attempted_after_prior_failure,no downloaded CSV row and no OK/TIMEOUT/CRASH log event for this workflow size,Tier 2,lavaMD,benchmark-results-lavaMD,74071320207,completed,failure,38,904,lavamd,38,,,,,,,,,,,No invocation evidence for this later plan entry; benchmark job stopped after first timed_out_600s at size 3 (plan index 887).
known_finished_from_downloaded_benchmark_results_csv_and_run_log_ok,downloaded artifact benchmark-results-lud/results_lud.csv plus run log line 42145,Tier 2,lud,benchmark-results-lud,74071320371,completed,failure,64,905,lud,64,lud,64,1,0.095793,0.095793,0.095793,2026-05-02T21:55:50.9781365Z,finished,42145,[OK] lud 64 -> 0.095793 ms,"Workflow-size invocation finished within the 600s timeout and emitted a CSV row. For plan rows sharing one workflow size, this is invocation-level evidence, not independent per-hardware-kernel timing evidence."
known_finished_from_downloaded_benchmark_results_csv_and_run_log_ok,downloaded artifact benchmark-results-lud/results_lud.csv plus run log line 42149,Tier 2,lud,benchmark-results-lud,74071320371,completed,failure,128,906,lud,128,lud,128,1,0.226365,0.226365,0.226365,2026-05-02T21:55:53.7020977Z,finished,42149,[OK] lud 128 -> 0.226365 ms,"Workflow-size invocation finished within the 600s timeout and emitted a CSV row. For plan rows sharing one workflow size, this is invocation-level evidence, not independent per-hardware-kernel timing evidence."
known_finished_from_downloaded_benchmark_results_csv_and_run_log_ok,downloaded artifact benchmark-results-lud/results_lud.csv plus run log line 42153,Tier 2,lud,benchmark-results-lud,74071320371,completed,failure,192,907,lud,192,lud,192,1,0.356301,0.356301,0.356301,2026-05-02T21:56:00.6927533Z,finished,42153,[OK] lud 192 -> 0.356301 ms,"Workflow-size invocation finished within the 600s timeout and emitted a CSV row. For plan rows sharing one workflow size, this is invocation-level evidence, not independent per-hardware-kernel timing evidence."
known_finished_from_downloaded_benchmark_results_csv_and_run_log_ok,downloaded artifact benchmark-results-lud/results_lud.csv plus run log line 42157,Tier 2,lud,benchmark-results-lud,74071320371,completed,failure,256,908,lud,256,lud,256,1,0.485321,0.485321,0.485321,2026-05-02T21:56:16.1022746Z,finished,42157,[OK] lud 256 -> 0.485321 ms,"Workflow-size invocation finished within the 600s timeout and emitted a CSV row. For plan rows sharing one workflow size, this is invocation-level evidence, not independent per-hardware-kernel timing evidence."
known_finished_from_downloaded_benchmark_results_csv_and_run_log_ok,downloaded artifact benchmark-results-lud/results_lud.csv plus run log line 42161,Tier 2,lud,benchmark-results-lud,74071320371,completed,failure,384,909,lud,384,lud,384,1,0.751421,0.751421,0.751421,2026-05-02T21:57:15.7702570Z,finished,42161,[OK] lud 384 -> 0.751421 ms,"Workflow-size invocation finished within the 600s timeout and emitted a CSV row. For plan rows sharing one workflow size, this is invocation-level evidence, not independent per-hardware-kernel timing evidence."
known_finished_from_downloaded_benchmark_results_csv_and_run_log_ok,downloaded artifact benchmark-results-lud/results_lud.csv plus run log line 42165,Tier 2,lud,benchmark-results-lud,74071320371,completed,failure,512,910,lud,512,lud,512,1,1.014092,1.014092,1.014092,2026-05-02T22:00:09.3219155Z,finished,42165,[OK] lud 512 -> 1.014092 ms,"Workflow-size invocation finished within the 600s timeout and emitted a CSV row. For plan rows sharing one workflow size, this is invocation-level evidence, not independent per-hardware-kernel timing evidence."
known_timed_out_at_600s_from_run_log,run log line 42169,Tier 2,lud,benchmark-results-lud,74071320371,completed,failure,640,911,lud,640,,,,,,,2026-05-02T22:10:09.3623112Z,timed_out_600s,42169,##[warning]TIMEOUT: lud 640 (>600s),The simulator invocation reached the workflow timeout command threshold (>600s); the job loop broke after this failure.
unknown_not_attempted_after_prior_failure,no downloaded CSV row and no OK/TIMEOUT/CRASH log event for this workflow size,Tier 2,lud,benchmark-results-lud,74071320371,completed,failure,768,912,lud,768,,,,,,,,,,,No invocation evidence for this later plan entry; benchmark job stopped after first timed_out_600s at size 640 (plan index 911).
unknown_not_attempted_after_prior_failure,no downloaded CSV row and no OK/TIMEOUT/CRASH log event for this workflow size,Tier 2,lud,benchmark-results-lud,74071320371,completed,failure,896,913,lud,896,,,,,,,,,,,No invocation evidence for this later plan entry; benchmark job stopped after first timed_out_600s at size 640 (plan index 911).
unknown_not_attempted_after_prior_failure,no downloaded CSV row and no OK/TIMEOUT/CRASH log event for this workflow size,Tier 2,lud,benchmark-results-lud,74071320371,completed,failure,1024,914,lud,1024,,,,,,,,,,,No invocation evidence for this later plan entry; benchmark job stopped after first timed_out_600s at size 640 (plan index 911).
unknown_not_attempted_after_prior_failure,no downloaded CSV row and no OK/TIMEOUT/CRASH log event for this workflow size,Tier 2,lud,benchmark-results-lud,74071320371,completed,failure,1280,915,lud,1280,,,,,,,,,,,No invocation evidence for this later plan entry; benchmark job stopped after first timed_out_600s at size 640 (plan index 911).
unknown_not_attempted_after_prior_failure,no downloaded CSV row and no OK/TIMEOUT/CRASH log event for this workflow size,Tier 2,lud,benchmark-results-lud,74071320371,completed,failure,1536,916,lud,1536,,,,,,,,,,,No invocation evidence for this later plan entry; benchmark job stopped after first timed_out_600s at size 640 (plan index 911).
unknown_not_attempted_after_prior_failure,no downloaded CSV row and no OK/TIMEOUT/CRASH log event for this workflow size,Tier 2,lud,benchmark-results-lud,74071320371,completed,failure,1792,917,lud,1792,,,,,,,,,,,No invocation evidence for this later plan entry; benchmark job stopped after first timed_out_600s at size 640 (plan index 911).
unknown_not_attempted_after_prior_failure,no downloaded CSV row and no OK/TIMEOUT/CRASH log event for this workflow size,Tier 2,lud,benchmark-results-lud,74071320371,completed,failure,2048,918,lud,2048,,,,,,,,,,,No invocation evidence for this later plan entry; benchmark job stopped after first timed_out_600s at size 640 (plan index 911).
unknown_not_attempted_after_prior_failure,no downloaded CSV row and no OK/TIMEOUT/CRASH log event for this workflow size,Tier 2,lud,benchmark-results-lud,74071320371,completed,failure,2560,919,lud,2560,,,,,,,,,,,No invocation evidence for this later plan entry; benchmark job stopped after first timed_out_600s at size 640 (plan index 911).
unknown_not_attempted_after_prior_failure,no downloaded CSV row and no OK/TIMEOUT/CRASH log event for this workflow size,Tier 2,lud,benchmark-results-lud,74071320371,completed,failure,3072,920,lud,3072,,,,,,,,,,,No invocation evidence for this later plan entry; benchmark job stopped after first timed_out_600s at size 640 (plan index 911).
unknown_not_attempted_after_prior_failure,no downloaded CSV row and no OK/TIMEOUT/CRASH log event for this workflow size,Tier 2,lud,benchmark-results-lud,74071320371,completed,failure,3584,921,lud,3584,,,,,,,,,,,No invocation evidence for this later plan entry; benchmark job stopped after first timed_out_600s at size 640 (plan index 911).
unknown_not_attempted_after_prior_failure,no downloaded CSV row and no OK/TIMEOUT/CRASH log event for this workflow size,Tier 2,lud,benchmark-results-lud,74071320371,completed,failure,4096,922,lud,4096,,,,,,,,,,,No invocation evidence for this later plan entry; benchmark job stopped after first timed_out_600s at size 640 (plan index 911).
known_finished_from_downloaded_benchmark_results_csv_and_run_log_ok,downloaded artifact benchmark-results-particlefilter/results_particlefilter.csv plus run log line 43603,Tier 2,particlefilter,benchmark-results-particlefilter,74071320408,completed,failure,256,923,particlefilter,256,particlefilter,256,1,0.101949,0.101949,0.101949,2026-05-02T21:57:29.8570322Z,finished,43603,[OK] particlefilter 256 -> 0.101949 ms,"Workflow-size invocation finished within the 600s timeout and emitted a CSV row. For plan rows sharing one workflow size, this is invocation-level evidence, not independent per-hardware-kernel timing evidence."
known_finished_from_downloaded_benchmark_results_csv_and_run_log_ok,downloaded artifact benchmark-results-particlefilter/results_particlefilter.csv plus run log line 43607,Tier 2,particlefilter,benchmark-results-particlefilter,74071320408,completed,failure,512,924,particlefilter,512,particlefilter,512,1,0.180905,0.180905,0.180905,2026-05-02T21:57:41.8385049Z,finished,43607,[OK] particlefilter 512 -> 0.180905 ms,"Workflow-size invocation finished within the 600s timeout and emitted a CSV row. For plan rows sharing one workflow size, this is invocation-level evidence, not independent per-hardware-kernel timing evidence."
known_finished_from_downloaded_benchmark_results_csv_and_run_log_ok,downloaded artifact benchmark-results-particlefilter/results_particlefilter.csv plus run log line 43611,Tier 2,particlefilter,benchmark-results-particlefilter,74071320408,completed,failure,1024,925,particlefilter,1024,particlefilter,1024,1,0.339841,0.339841,0.339841,2026-05-02T21:58:14.4768152Z,finished,43611,[OK] particlefilter 1024 -> 0.339841 ms,"Workflow-size invocation finished within the 600s timeout and emitted a CSV row. For plan rows sharing one workflow size, this is invocation-level evidence, not independent per-hardware-kernel timing evidence."
known_finished_from_downloaded_benchmark_results_csv_and_run_log_ok,downloaded artifact benchmark-results-particlefilter/results_particlefilter.csv plus run log line 43615,Tier 2,particlefilter,benchmark-results-particlefilter,74071320408,completed,failure,2048,926,particlefilter,2048,particlefilter,2048,1,0.653708,0.653708,0.653708,2026-05-02T21:59:55.9535167Z,finished,43615,[OK] particlefilter 2048 -> 0.653708 ms,"Workflow-size invocation finished within the 600s timeout and emitted a CSV row. For plan rows sharing one workflow size, this is invocation-level evidence, not independent per-hardware-kernel timing evidence."
known_finished_from_downloaded_benchmark_results_csv_and_run_log_ok,downloaded artifact benchmark-results-particlefilter/results_particlefilter.csv plus run log line 43619,Tier 2,particlefilter,benchmark-results-particlefilter,74071320408,completed,failure,4096,927,particlefilter,4096,particlefilter,4096,1,1.274290,1.274290,1.274290,2026-05-02T22:08:38.9755697Z,finished,43619,[OK] particlefilter 4096 -> 1.274290 ms,"Workflow-size invocation finished within the 600s timeout and emitted a CSV row. For plan rows sharing one workflow size, this is invocation-level evidence, not independent per-hardware-kernel timing evidence."
known_timed_out_at_600s_from_run_log,run log line 43623,Tier 2,particlefilter,benchmark-results-particlefilter,74071320408,completed,failure,8192,928,particlefilter,8192,,,,,,,2026-05-02T22:18:39.0384493Z,timed_out_600s,43623,##[warning]TIMEOUT: particlefilter 8192 (>600s),The simulator invocation reached the workflow timeout command threshold (>600s); the job loop broke after this failure.
unknown_not_attempted_after_prior_failure,no downloaded CSV row and no OK/TIMEOUT/CRASH log event for this workflow size,Tier 2,particlefilter,benchmark-results-particlefilter,74071320408,completed,failure,16384,929,particlefilter,16384,,,,,,,,,,,No invocation evidence for this later plan entry; benchmark job stopped after first timed_out_600s at size 8192 (plan index 928).
unknown_not_attempted_after_prior_failure,no downloaded CSV row and no OK/TIMEOUT/CRASH log event for this workflow size,Tier 2,particlefilter,benchmark-results-particlefilter,74071320408,completed,failure,32768,930,particlefilter,32768,,,,,,,,,,,No invocation evidence for this later plan entry; benchmark job stopped after first timed_out_600s at size 8192 (plan index 928).
unknown_not_attempted_after_prior_failure,no downloaded CSV row and no OK/TIMEOUT/CRASH log event for this workflow size,Tier 2,particlefilter,benchmark-results-particlefilter,74071320408,completed,failure,65536,931,particlefilter,65536,,,,,,,,,,,No invocation evidence for this later plan entry; benchmark job stopped after first timed_out_600s at size 8192 (plan index 928).
unknown_not_attempted_after_prior_failure,no downloaded CSV row and no OK/TIMEOUT/CRASH log event for this workflow size,Tier 2,particlefilter,benchmark-results-particlefilter,74071320408,completed,failure,131072,932,particlefilter,131072,,,,,,,,,,,No invocation evidence for this later plan entry; benchmark job stopped after first timed_out_600s at size 8192 (plan index 928).
unknown_not_attempted_after_prior_failure,no downloaded CSV row and no OK/TIMEOUT/CRASH log event for this workflow size,Tier 2,particlefilter,benchmark-results-particlefilter,74071320408,completed,failure,262144,933,particlefilter,262144,,,,,,,,,,,No invocation evidence for this later plan entry; benchmark job stopped after first timed_out_600s at size 8192 (plan index 928).
unknown_not_attempted_after_prior_failure,no downloaded CSV row and no OK/TIMEOUT/CRASH log event for this workflow size,Tier 2,particlefilter,benchmark-results-particlefilter,74071320408,completed,failure,524288,934,particlefilter,524288,,,,,,,,,,,No invocation evidence for this later plan entry; benchmark job stopped after first timed_out_600s at size 8192 (plan index 928).
unknown_not_attempted_after_prior_failure,no downloaded CSV row and no OK/TIMEOUT/CRASH log event for this workflow size,Tier 2,particlefilter,benchmark-results-particlefilter,74071320408,completed,failure,786432,935,particlefilter,786432,,,,,,,,,,,No invocation evidence for this later plan entry; benchmark job stopped after first timed_out_600s at size 8192 (plan index 928).
unknown_not_attempted_after_prior_failure,no downloaded CSV row and no OK/TIMEOUT/CRASH log event for this workflow size,Tier 2,particlefilter,benchmark-results-particlefilter,74071320408,completed,failure,1048576,936,particlefilter,1048576,,,,,,,,,,,No invocation evidence for this later plan entry; benchmark job stopped after first timed_out_600s at size 8192 (plan index 928).
unknown_not_attempted_after_prior_failure,no downloaded CSV row and no OK/TIMEOUT/CRASH log event for this workflow size,Tier 2,particlefilter,benchmark-results-particlefilter,74071320408,completed,failure,2097152,937,particlefilter,2097152,,,,,,,,,,,No invocation evidence for this later plan entry; benchmark job stopped after first timed_out_600s at size 8192 (plan index 928).
unknown_not_attempted_after_prior_failure,no downloaded CSV row and no OK/TIMEOUT/CRASH log event for this workflow size,Tier 2,particlefilter,benchmark-results-particlefilter,74071320408,completed,failure,4194304,938,particlefilter,4194304,,,,,,,,,,,No invocation evidence for this later plan entry; benchmark job stopped after first timed_out_600s at size 8192 (plan index 928).
known_finished_from_downloaded_benchmark_results_csv_and_run_log_ok,downloaded artifact benchmark-results-pathfinder/results_pathfinder.csv plus run log line 42966,Tier 2,pathfinder,benchmark-results-pathfinder,74071320404,completed,failure,1024,939,pathfinder,1024,pathfinder,1024,1,0.041631,0.041631,0.041631,2026-05-02T21:57:39.0283504Z,finished,42966,[OK] pathfinder 1024 -> 0.041631 ms,"Workflow-size invocation finished within the 600s timeout and emitted a CSV row. For plan rows sharing one workflow size, this is invocation-level evidence, not independent per-hardware-kernel timing evidence."
known_finished_from_downloaded_benchmark_results_csv_and_run_log_ok,downloaded artifact benchmark-results-pathfinder/results_pathfinder.csv plus run log line 42970,Tier 2,pathfinder,benchmark-results-pathfinder,74071320404,completed,failure,2048,940,pathfinder,2048,pathfinder,2048,1,0.040584,0.040584,0.040584,2026-05-02T21:57:43.5223989Z,finished,42970,[OK] pathfinder 2048 -> 0.040584 ms,"Workflow-size invocation finished within the 600s timeout and emitted a CSV row. For plan rows sharing one workflow size, this is invocation-level evidence, not independent per-hardware-kernel timing evidence."
known_finished_from_downloaded_benchmark_results_csv_and_run_log_ok,downloaded artifact benchmark-results-pathfinder/results_pathfinder.csv plus run log line 42974,Tier 2,pathfinder,benchmark-results-pathfinder,74071320404,completed,failure,4096,941,pathfinder,4096,pathfinder,4096,1,0.040226,0.040226,0.040226,2026-05-02T21:57:53.8004541Z,finished,42974,[OK] pathfinder 4096 -> 0.040226 ms,"Workflow-size invocation finished within the 600s timeout and emitted a CSV row. For plan rows sharing one workflow size, this is invocation-level evidence, not independent per-hardware-kernel timing evidence."
known_finished_from_downloaded_benchmark_results_csv_and_run_log_ok,downloaded artifact benchmark-results-pathfinder/results_pathfinder.csv plus run log line 42978,Tier 2,pathfinder,benchmark-results-pathfinder,74071320404,completed,failure,8192,942,pathfinder,8192,pathfinder,8192,1,0.040464,0.040464,0.040464,2026-05-02T21:58:22.1923343Z,finished,42978,[OK] pathfinder 8192 -> 0.040464 ms,"Workflow-size invocation finished within the 600s timeout and emitted a CSV row. For plan rows sharing one workflow size, this is invocation-level evidence, not independent per-hardware-kernel timing evidence."
known_finished_from_downloaded_benchmark_results_csv_and_run_log_ok,downloaded artifact benchmark-results-pathfinder/results_pathfinder.csv plus run log line 42982,Tier 2,pathfinder,benchmark-results-pathfinder,74071320404,completed,failure,16384,943,pathfinder,16384,pathfinder,16384,1,0.041092,0.041092,0.041092,2026-05-02T21:59:56.5341687Z,finished,42982,[OK] pathfinder 16384 -> 0.041092 ms,"Workflow-size invocation finished within the 600s timeout and emitted a CSV row. For plan rows sharing one workflow size, this is invocation-level evidence, not independent per-hardware-kernel timing evidence."
known_finished_from_downloaded_benchmark_results_csv_and_run_log_ok,downloaded artifact benchmark-results-pathfinder/results_pathfinder.csv plus run log line 42986,Tier 2,pathfinder,benchmark-results-pathfinder,74071320404,completed,failure,32768,944,pathfinder,32768,pathfinder,32768,1,0.051161,0.051161,0.051161,2026-05-02T22:07:48.5677185Z,finished,42986,[OK] pathfinder 32768 -> 0.051161 ms,"Workflow-size invocation finished within the 600s timeout and emitted a CSV row. For plan rows sharing one workflow size, this is invocation-level evidence, not independent per-hardware-kernel timing evidence."
known_timed_out_at_600s_from_run_log,run log line 42990,Tier 2,pathfinder,benchmark-results-pathfinder,74071320404,completed,failure,65536,945,pathfinder,65536,,,,,,,2026-05-02T22:17:48.6144351Z,timed_out_600s,42990,##[warning]TIMEOUT: pathfinder 65536 (>600s),The simulator invocation reached the workflow timeout command threshold (>600s); the job loop broke after this failure.
unknown_not_attempted_after_prior_failure,no downloaded CSV row and no OK/TIMEOUT/CRASH log event for this workflow size,Tier 2,pathfinder,benchmark-results-pathfinder,74071320404,completed,failure,131072,946,pathfinder,131072,,,,,,,,,,,No invocation evidence for this later plan entry; benchmark job stopped after first timed_out_600s at size 65536 (plan index 945).
unknown_not_attempted_after_prior_failure,no downloaded CSV row and no OK/TIMEOUT/CRASH log event for this workflow size,Tier 2,pathfinder,benchmark-results-pathfinder,74071320404,completed,failure,196608,947,pathfinder,196608,,,,,,,,,,,No invocation evidence for this later plan entry; benchmark job stopped after first timed_out_600s at size 65536 (plan index 945).
unknown_not_attempted_after_prior_failure,no downloaded CSV row and no OK/TIMEOUT/CRASH log event for this workflow size,Tier 2,pathfinder,benchmark-results-pathfinder,74071320404,completed,failure,262144,948,pathfinder,262144,,,,,,,,,,,No invocation evidence for this later plan entry; benchmark job stopped after first timed_out_600s at size 65536 (plan index 945).
unknown_not_attempted_after_prior_failure,no downloaded CSV row and no OK/TIMEOUT/CRASH log event for this workflow size,Tier 2,pathfinder,benchmark-results-pathfinder,74071320404,completed,failure,393216,949,pathfinder,393216,,,,,,,,,,,No invocation evidence for this later plan entry; benchmark job stopped after first timed_out_600s at size 65536 (plan index 945).
unknown_not_attempted_after_prior_failure,no downloaded CSV row and no OK/TIMEOUT/CRASH log event for this workflow size,Tier 2,pathfinder,benchmark-results-pathfinder,74071320404,completed,failure,524288,950,pathfinder,524288,,,,,,,,,,,No invocation evidence for this later plan entry; benchmark job stopped after first timed_out_600s at size 65536 (plan index 945).
unknown_not_attempted_after_prior_failure,no downloaded CSV row and no OK/TIMEOUT/CRASH log event for this workflow size,Tier 2,pathfinder,benchmark-results-pathfinder,74071320404,completed,failure,786432,951,pathfinder,786432,,,,,,,,,,,No invocation evidence for this later plan entry; benchmark job stopped after first timed_out_600s at size 65536 (plan index 945).
unknown_not_attempted_after_prior_failure,no downloaded CSV row and no OK/TIMEOUT/CRASH log event for this workflow size,Tier 2,pathfinder,benchmark-results-pathfinder,74071320404,completed,failure,1048576,952,pathfinder,1048576,,,,,,,,,,,No invocation evidence for this later plan entry; benchmark job stopped after first timed_out_600s at size 65536 (plan index 945).
unknown_not_attempted_after_prior_failure,no downloaded CSV row and no OK/TIMEOUT/CRASH log event for this workflow size,Tier 2,pathfinder,benchmark-results-pathfinder,74071320404,completed,failure,1572864,953,pathfinder,1572864,,,,,,,,,,,No invocation evidence for this later plan entry; benchmark job stopped after first timed_out_600s at size 65536 (plan index 945).
unknown_not_attempted_after_prior_failure,no downloaded CSV row and no OK/TIMEOUT/CRASH log event for this workflow size,Tier 2,pathfinder,benchmark-results-pathfinder,74071320404,completed,failure,2097152,954,pathfinder,2097152,,,,,,,,,,,No invocation evidence for this later plan entry; benchmark job stopped after first timed_out_600s at size 65536 (plan index 945).
known_finished_from_downloaded_benchmark_results_csv_and_run_log_ok,downloaded artifact benchmark-results-srad/results_srad.csv plus run log line 44189,Tier 2,srad,benchmark-results-srad,74071320409,completed,failure,64,955,srad,64,srad,64,1,0.010028,0.010028,0.010028,2026-05-02T21:57:44.3652862Z,finished,44189,[OK] srad 64 -> 0.010028 ms,"Workflow-size invocation finished within the 600s timeout and emitted a CSV row. For plan rows sharing one workflow size, this is invocation-level evidence, not independent per-hardware-kernel timing evidence."
known_finished_from_downloaded_benchmark_results_csv_and_run_log_ok,downloaded artifact benchmark-results-srad/results_srad.csv plus run log line 44193,Tier 2,srad,benchmark-results-srad,74071320409,completed,failure,128,956,srad,128,srad,128,1,0.009865,0.009865,0.009865,2026-05-02T21:58:10.5632074Z,finished,44193,[OK] srad 128 -> 0.009865 ms,"Workflow-size invocation finished within the 600s timeout and emitted a CSV row. For plan rows sharing one workflow size, this is invocation-level evidence, not independent per-hardware-kernel timing evidence."
known_finished_from_downloaded_benchmark_results_csv_and_run_log_ok,downloaded artifact benchmark-results-srad/results_srad.csv plus run log line 44197,Tier 2,srad,benchmark-results-srad,74071320409,completed,failure,192,957,srad,192,srad,192,1,0.010182,0.010182,0.010182,2026-05-02T21:59:36.9391051Z,finished,44197,[OK] srad 192 -> 0.010182 ms,"Workflow-size invocation finished within the 600s timeout and emitted a CSV row. For plan rows sharing one workflow size, this is invocation-level evidence, not independent per-hardware-kernel timing evidence."
known_finished_from_downloaded_benchmark_results_csv_and_run_log_ok,downloaded artifact benchmark-results-srad/results_srad.csv plus run log line 44201,Tier 2,srad,benchmark-results-srad,74071320409,completed,failure,256,958,srad,256,srad,256,1,0.012208,0.012208,0.012208,2026-05-02T22:05:08.7904846Z,finished,44201,[OK] srad 256 -> 0.012208 ms,"Workflow-size invocation finished within the 600s timeout and emitted a CSV row. For plan rows sharing one workflow size, this is invocation-level evidence, not independent per-hardware-kernel timing evidence."
known_timed_out_at_600s_from_run_log,run log line 44205,Tier 2,srad,benchmark-results-srad,74071320409,completed,failure,384,959,srad,384,,,,,,,2026-05-02T22:15:08.8540001Z,timed_out_600s,44205,##[warning]TIMEOUT: srad 384 (>600s),The simulator invocation reached the workflow timeout command threshold (>600s); the job loop broke after this failure.
unknown_not_attempted_after_prior_failure,no downloaded CSV row and no OK/TIMEOUT/CRASH log event for this workflow size,Tier 2,srad,benchmark-results-srad,74071320409,completed,failure,512,960,srad,512,,,,,,,,,,,No invocation evidence for this later plan entry; benchmark job stopped after first timed_out_600s at size 384 (plan index 959).
unknown_not_attempted_after_prior_failure,no downloaded CSV row and no OK/TIMEOUT/CRASH log event for this workflow size,Tier 2,srad,benchmark-results-srad,74071320409,completed,failure,640,961,srad,640,,,,,,,,,,,No invocation evidence for this later plan entry; benchmark job stopped after first timed_out_600s at size 384 (plan index 959).
unknown_not_attempted_after_prior_failure,no downloaded CSV row and no OK/TIMEOUT/CRASH log event for this workflow size,Tier 2,srad,benchmark-results-srad,74071320409,completed,failure,768,962,srad,768,,,,,,,,,,,No invocation evidence for this later plan entry; benchmark job stopped after first timed_out_600s at size 384 (plan index 959).
unknown_not_attempted_after_prior_failure,no downloaded CSV row and no OK/TIMEOUT/CRASH log event for this workflow size,Tier 2,srad,benchmark-results-srad,74071320409,completed,failure,1024,963,srad,1024,,,,,,,,,,,No invocation evidence for this later plan entry; benchmark job stopped after first timed_out_600s at size 384 (plan index 959).
unknown_not_attempted_after_prior_failure,no downloaded CSV row and no OK/TIMEOUT/CRASH log event for this workflow size,Tier 2,srad,benchmark-results-srad,74071320409,completed,failure,1280,964,srad,1280,,,,,,,,,,,No invocation evidence for this later plan entry; benchmark job stopped after first timed_out_600s at size 384 (plan index 959).
unknown_not_attempted_after_prior_failure,no downloaded CSV row and no OK/TIMEOUT/CRASH log event for this workflow size,Tier 2,srad,benchmark-results-srad,74071320409,completed,failure,1536,965,srad,1536,,,,,,,,,,,No invocation evidence for this later plan entry; benchmark job stopped after first timed_out_600s at size 384 (plan index 959).
unknown_not_attempted_after_prior_failure,no downloaded CSV row and no OK/TIMEOUT/CRASH log event for this workflow size,Tier 2,srad,benchmark-results-srad,74071320409,completed,failure,2048,966,srad,2048,,,,,,,,,,,No invocation evidence for this later plan entry; benchmark job stopped after first timed_out_600s at size 384 (plan index 959).
unknown_not_attempted_after_prior_failure,no downloaded CSV row and no OK/TIMEOUT/CRASH log event for this workflow size,Tier 2,srad,benchmark-results-srad,74071320409,completed,failure,2560,967,srad,2560,,,,,,,,,,,No invocation evidence for this later plan entry; benchmark job stopped after first timed_out_600s at size 384 (plan index 959).
unknown_not_attempted_after_prior_failure,no downloaded CSV row and no OK/TIMEOUT/CRASH log event for this workflow size,Tier 2,srad,benchmark-results-srad,74071320409,completed,failure,4096,968,srad,4096,,,,,,,,,,,No invocation evidence for this later plan entry; benchmark job stopped after first timed_out_600s at size 384 (plan index 959).
unknown_not_attempted_after_prior_failure,no downloaded CSV row and no OK/TIMEOUT/CRASH log event for this workflow size,Tier 2,srad,benchmark-results-srad,74071320409,completed,failure,6144,969,srad,6144,,,,,,,,,,,No invocation evidence for this later plan entry; benchmark job stopped after first timed_out_600s at size 384 (plan index 959).
unknown_not_attempted_after_prior_failure,no downloaded CSV row and no OK/TIMEOUT/CRASH log event for this workflow size,Tier 2,srad,benchmark-results-srad,74071320409,completed,failure,8192,970,srad,8192,,,,,,,,,,,No invocation evidence for this later plan entry; benchmark job stopped after first timed_out_600s at size 384 (plan index 959).
known_finished_from_downloaded_benchmark_results_csv_and_run_log_ok,downloaded artifact benchmark-results-streamcluster/results_streamcluster.csv plus run log line 44774,Tier 2,streamcluster,benchmark-results-streamcluster,74071320420,completed,failure,1024,971,streamcluster_pgain,1024,streamcluster_pgain,1024,1,0.009378,0.009378,0.009378,2026-05-02T21:58:44.9188003Z,finished,44774,[OK] streamcluster 1024 -> 0.009378 ms,"Workflow-size invocation finished within the 600s timeout and emitted a CSV row. For plan rows sharing one workflow size, this is invocation-level evidence, not independent per-hardware-kernel timing evidence."
known_finished_from_downloaded_benchmark_results_csv_and_run_log_ok,downloaded artifact benchmark-results-streamcluster/results_streamcluster.csv plus run log line 44778,Tier 2,streamcluster,benchmark-results-streamcluster,74071320420,completed,failure,2048,972,streamcluster_pgain,2048,streamcluster_pgain,2048,1,0.010810,0.010810,0.010810,2026-05-02T21:59:40.5397849Z,finished,44778,[OK] streamcluster 2048 -> 0.010810 ms,"Workflow-size invocation finished within the 600s timeout and emitted a CSV row. For plan rows sharing one workflow size, this is invocation-level evidence, not independent per-hardware-kernel timing evidence."
known_finished_from_downloaded_benchmark_results_csv_and_run_log_ok,downloaded artifact benchmark-results-streamcluster/results_streamcluster.csv plus run log line 44782,Tier 2,streamcluster,benchmark-results-streamcluster,74071320420,completed,failure,4096,973,streamcluster_pgain,4096,streamcluster_pgain,4096,1,0.012296,0.012296,0.012296,2026-05-02T22:01:37.5105380Z,finished,44782,[OK] streamcluster 4096 -> 0.012296 ms,"Workflow-size invocation finished within the 600s timeout and emitted a CSV row. For plan rows sharing one workflow size, this is invocation-level evidence, not independent per-hardware-kernel timing evidence."
known_finished_from_downloaded_benchmark_results_csv_and_run_log_ok,downloaded artifact benchmark-results-streamcluster/results_streamcluster.csv plus run log line 44786,Tier 2,streamcluster,benchmark-results-streamcluster,74071320420,completed,failure,8192,974,streamcluster_pgain,8192,streamcluster_pgain,8192,1,0.016580,0.016580,0.016580,2026-05-02T22:05:57.4078795Z,finished,44786,[OK] streamcluster 8192 -> 0.016580 ms,"Workflow-size invocation finished within the 600s timeout and emitted a CSV row. For plan rows sharing one workflow size, this is invocation-level evidence, not independent per-hardware-kernel timing evidence."
known_finished_from_downloaded_benchmark_results_csv_and_run_log_ok,downloaded artifact benchmark-results-streamcluster/results_streamcluster.csv plus run log line 44790,Tier 2,streamcluster,benchmark-results-streamcluster,74071320420,completed,failure,16384,975,streamcluster_pgain,16384,streamcluster_pgain,16384,1,0.018065,0.018065,0.018065,2026-05-02T22:14:44.7186872Z,finished,44790,[OK] streamcluster 16384 -> 0.018065 ms,"Workflow-size invocation finished within the 600s timeout and emitted a CSV row. For plan rows sharing one workflow size, this is invocation-level evidence, not independent per-hardware-kernel timing evidence."
known_timed_out_at_600s_from_run_log,run log line 44794,Tier 2,streamcluster,benchmark-results-streamcluster,74071320420,completed,failure,32768,976,streamcluster_pgain,32768,,,,,,,2026-05-02T22:24:44.8003696Z,timed_out_600s,44794,##[warning]TIMEOUT: streamcluster 32768 (>600s),The simulator invocation reached the workflow timeout command threshold (>600s); the job loop broke after this failure.
unknown_not_attempted_after_prior_failure,no downloaded CSV row and no OK/TIMEOUT/CRASH log event for this workflow size,Tier 2,streamcluster,benchmark-results-streamcluster,74071320420,completed,failure,65536,977,streamcluster_pgain,65536,,,,,,,,,,,No invocation evidence for this later plan entry; benchmark job stopped after first timed_out_600s at size 32768 (plan index 976).
unknown_not_attempted_after_prior_failure,no downloaded CSV row and no OK/TIMEOUT/CRASH log event for this workflow size,Tier 2,streamcluster,benchmark-results-streamcluster,74071320420,completed,failure,131072,978,streamcluster_pgain,131072,,,,,,,,,,,No invocation evidence for this later plan entry; benchmark job stopped after first timed_out_600s at size 32768 (plan index 976).
unknown_not_attempted_after_prior_failure,no downloaded CSV row and no OK/TIMEOUT/CRASH log event for this workflow size,Tier 2,streamcluster,benchmark-results-streamcluster,74071320420,completed,failure,196608,979,streamcluster_pgain,196608,,,,,,,,,,,No invocation evidence for this later plan entry; benchmark job stopped after first timed_out_600s at size 32768 (plan index 976).
unknown_not_attempted_after_prior_failure,no downloaded CSV row and no OK/TIMEOUT/CRASH log event for this workflow size,Tier 2,streamcluster,benchmark-results-streamcluster,74071320420,completed,failure,262144,980,streamcluster_pgain,262144,,,,,,,,,,,No invocation evidence for this later plan entry; benchmark job stopped after first timed_out_600s at size 32768 (plan index 976).
unknown_not_attempted_after_prior_failure,no downloaded CSV row and no OK/TIMEOUT/CRASH log event for this workflow size,Tier 2,streamcluster,benchmark-results-streamcluster,74071320420,completed,failure,393216,981,streamcluster_pgain,393216,,,,,,,,,,,No invocation evidence for this later plan entry; benchmark job stopped after first timed_out_600s at size 32768 (plan index 976).
unknown_not_attempted_after_prior_failure,no downloaded CSV row and no OK/TIMEOUT/CRASH log event for this workflow size,Tier 2,streamcluster,benchmark-results-streamcluster,74071320420,completed,failure,524288,982,streamcluster_pgain,524288,,,,,,,,,,,No invocation evidence for this later plan entry; benchmark job stopped after first timed_out_600s at size 32768 (plan index 976).
unknown_not_attempted_after_prior_failure,no downloaded CSV row and no OK/TIMEOUT/CRASH log event for this workflow size,Tier 2,streamcluster,benchmark-results-streamcluster,74071320420,completed,failure,786432,983,streamcluster_pgain,786432,,,,,,,,,,,No invocation evidence for this later plan entry; benchmark job stopped after first timed_out_600s at size 32768 (plan index 976).
unknown_not_attempted_after_prior_failure,no downloaded CSV row and no OK/TIMEOUT/CRASH log event for this workflow size,Tier 2,streamcluster,benchmark-results-streamcluster,74071320420,completed,failure,1048576,984,streamcluster_pgain,1048576,,,,,,,,,,,No invocation evidence for this later plan entry; benchmark job stopped after first timed_out_600s at size 32768 (plan index 976).
unknown_not_attempted_after_prior_failure,no downloaded CSV row and no OK/TIMEOUT/CRASH log event for this workflow size,Tier 2,streamcluster,benchmark-results-streamcluster,74071320420,completed,failure,1572864,985,streamcluster_pgain,1572864,,,,,,,,,,,No invocation evidence for this later plan entry; benchmark job stopped after first timed_out_600s at size 32768 (plan index 976).
unknown_not_attempted_after_prior_failure,no downloaded CSV row and no OK/TIMEOUT/CRASH log event for this workflow size,Tier 2,streamcluster,benchmark-results-streamcluster,74071320420,completed,failure,2097152,986,streamcluster_pgain,2097152,,,,,,,,,,,No invocation evidence for this later plan entry; benchmark job stopped after first timed_out_600s at size 32768 (plan index 976).
known_finished_from_downloaded_benchmark_results_csv_and_run_log_ok,downloaded artifact benchmark-results-ga/results_ga.csv plus run log line 45407,Tier 2,ga,benchmark-results-ga,74071320425,completed,failure,32,987,ga,32,ga,32,1,0.314695,0.314695,0.314695,2026-05-02T21:59:35.8365893Z,finished,45407,[OK] ga 32 -> 0.314695 ms,"Workflow-size invocation finished within the 600s timeout and emitted a CSV row. For plan rows sharing one workflow size, this is invocation-level evidence, not independent per-hardware-kernel timing evidence."
known_finished_from_downloaded_benchmark_results_csv_and_run_log_ok,downloaded artifact benchmark-results-ga/results_ga.csv plus run log line 45411,Tier 2,ga,benchmark-results-ga,74071320425,completed,failure,64,988,ga,64,ga,64,1,0.342331,0.342331,0.342331,2026-05-02T21:59:43.9643992Z,finished,45411,[OK] ga 64 -> 0.342331 ms,"Workflow-size invocation finished within the 600s timeout and emitted a CSV row. For plan rows sharing one workflow size, this is invocation-level evidence, not independent per-hardware-kernel timing evidence."
known_finished_from_downloaded_benchmark_results_csv_and_run_log_ok,downloaded artifact benchmark-results-ga/results_ga.csv plus run log line 45415,Tier 2,ga,benchmark-results-ga,74071320425,completed,failure,128,989,ga,128,ga,128,1,0.384651,0.384651,0.384651,2026-05-02T22:00:05.9156472Z,finished,45415,[OK] ga 128 -> 0.384651 ms,"Workflow-size invocation finished within the 600s timeout and emitted a CSV row. For plan rows sharing one workflow size, this is invocation-level evidence, not independent per-hardware-kernel timing evidence."
known_finished_from_downloaded_benchmark_results_csv_and_run_log_ok,downloaded artifact benchmark-results-ga/results_ga.csv plus run log line 45419,Tier 2,ga,benchmark-results-ga,74071320425,completed,failure,256,990,ga,256,ga,256,1,0.561214,0.561214,0.561214,2026-05-02T22:02:18.4955158Z,finished,45419,[OK] ga 256 -> 0.561214 ms,"Workflow-size invocation finished within the 600s timeout and emitted a CSV row. For plan rows sharing one workflow size, this is invocation-level evidence, not independent per-hardware-kernel timing evidence."
known_finished_from_downloaded_benchmark_results_csv_and_run_log_ok,downloaded artifact benchmark-results-ga/results_ga.csv plus run log line 45423,Tier 2,ga,benchmark-results-ga,74071320425,completed,failure,512,991,ga,512,ga,512,1,0.639217,0.639217,0.639217,2026-05-02T22:09:12.4897386Z,finished,45423,[OK] ga 512 -> 0.639217 ms,"Workflow-size invocation finished within the 600s timeout and emitted a CSV row. For plan rows sharing one workflow size, this is invocation-level evidence, not independent per-hardware-kernel timing evidence."
known_timed_out_at_600s_from_run_log,run log line 45427,Tier 2,ga,benchmark-results-ga,74071320425,completed,failure,1024,992,ga,1024,,,,,,,2026-05-02T22:19:12.5476891Z,timed_out_600s,45427,##[warning]TIMEOUT: ga 1024 (>600s),The simulator invocation reached the workflow timeout command threshold (>600s); the job loop broke after this failure.
unknown_not_attempted_after_prior_failure,no downloaded CSV row and no OK/TIMEOUT/CRASH log event for this workflow size,Tier 2,ga,benchmark-results-ga,74071320425,completed,failure,2048,993,ga,2048,,,,,,,,,,,No invocation evidence for this later plan entry; benchmark job stopped after first timed_out_600s at size 1024 (plan index 992).
unknown_not_attempted_after_prior_failure,no downloaded CSV row and no OK/TIMEOUT/CRASH log event for this workflow size,Tier 2,ga,benchmark-results-ga,74071320425,completed,failure,4096,994,ga,4096,,,,,,,,,,,No invocation evidence for this later plan entry; benchmark job stopped after first timed_out_600s at size 1024 (plan index 992).
unknown_not_attempted_after_prior_failure,no downloaded CSV row and no OK/TIMEOUT/CRASH log event for this workflow size,Tier 2,ga,benchmark-results-ga,74071320425,completed,failure,6144,995,ga,6144,,,,,,,,,,,No invocation evidence for this later plan entry; benchmark job stopped after first timed_out_600s at size 1024 (plan index 992).
unknown_not_attempted_after_prior_failure,no downloaded CSV row and no OK/TIMEOUT/CRASH log event for this workflow size,Tier 2,ga,benchmark-results-ga,74071320425,completed,failure,8192,996,ga,8192,,,,,,,,,,,No invocation evidence for this later plan entry; benchmark job stopped after first timed_out_600s at size 1024 (plan index 992).
unknown_not_attempted_after_prior_failure,no downloaded CSV row and no OK/TIMEOUT/CRASH log event for this workflow size,Tier 2,ga,benchmark-results-ga,74071320425,completed,failure,12288,997,ga,12288,,,,,,,,,,,No invocation evidence for this later plan entry; benchmark job stopped after first timed_out_600s at size 1024 (plan index 992).
unknown_not_attempted_after_prior_failure,no downloaded CSV row and no OK/TIMEOUT/CRASH log event for this workflow size,Tier 2,ga,benchmark-results-ga,74071320425,completed,failure,16384,998,ga,16384,,,,,,,,,,,No invocation evidence for this later plan entry; benchmark job stopped after first timed_out_600s at size 1024 (plan index 992).
unknown_not_attempted_after_prior_failure,no downloaded CSV row and no OK/TIMEOUT/CRASH log event for this workflow size,Tier 2,ga,benchmark-results-ga,74071320425,completed,failure,24576,999,ga,24576,,,,,,,,,,,No invocation evidence for this later plan entry; benchmark job stopped after first timed_out_600s at size 1024 (plan index 992).
unknown_not_attempted_after_prior_failure,no downloaded CSV row and no OK/TIMEOUT/CRASH log event for this workflow size,Tier 2,ga,benchmark-results-ga,74071320425,completed,failure,32768,1000,ga,32768,,,,,,,,,,,No invocation evidence for this later plan entry; benchmark job stopped after first timed_out_600s at size 1024 (plan index 992).
unknown_not_attempted_after_prior_failure,no downloaded CSV row and no OK/TIMEOUT/CRASH log event for this workflow size,Tier 2,ga,benchmark-results-ga,74071320425,completed,failure,49152,1001,ga,49152,,,,,,,,,,,No invocation evidence for this later plan entry; benchmark job stopped after first timed_out_600s at size 1024 (plan index 992).
unknown_not_attempted_after_prior_failure,no downloaded CSV row and no OK/TIMEOUT/CRASH log event for this workflow size,Tier 2,ga,benchmark-results-ga,74071320425,completed,failure,65536,1002,ga,65536,,,,,,,,,,,No invocation evidence for this later plan entry; benchmark job stopped after first timed_out_600s at size 1024 (plan index 992).
known_finished_from_downloaded_benchmark_results_csv_and_run_log_ok,downloaded artifact benchmark-results-hist/results_hist.csv plus run log line 47536,Tier 2,hist,benchmark-results-hist,74071320444,completed,failure,512,1003,hist,512,hist,512,1,0.001011,0.001011,0.001011,2026-05-02T22:04:29.7362549Z,finished,47536,[OK] hist 512 -> 0.001011 ms,"Workflow-size invocation finished within the 600s timeout and emitted a CSV row. For plan rows sharing one workflow size, this is invocation-level evidence, not independent per-hardware-kernel timing evidence."
known_finished_from_downloaded_benchmark_results_csv_and_run_log_ok,downloaded artifact benchmark-results-hist/results_hist.csv plus run log line 47540,Tier 2,hist,benchmark-results-hist,74071320444,completed,failure,1024,1004,hist,1024,hist,1024,1,0.001011,0.001011,0.001011,2026-05-02T22:04:29.9551598Z,finished,47540,[OK] hist 1024 -> 0.001011 ms,"Workflow-size invocation finished within the 600s timeout and emitted a CSV row. For plan rows sharing one workflow size, this is invocation-level evidence, not independent per-hardware-kernel timing evidence."
known_finished_from_downloaded_benchmark_results_csv_and_run_log_ok,downloaded artifact benchmark-results-hist/results_hist.csv plus run log line 47544,Tier 2,hist,benchmark-results-hist,74071320444,completed,failure,2048,1005,hist,2048,hist,2048,1,0.001014,0.001014,0.001014,2026-05-02T22:04:30.2176470Z,finished,47544,[OK] hist 2048 -> 0.001014 ms,"Workflow-size invocation finished within the 600s timeout and emitted a CSV row. For plan rows sharing one workflow size, this is invocation-level evidence, not independent per-hardware-kernel timing evidence."
known_finished_from_downloaded_benchmark_results_csv_and_run_log_ok,downloaded artifact benchmark-results-hist/results_hist.csv plus run log line 47548,Tier 2,hist,benchmark-results-hist,74071320444,completed,failure,4096,1006,hist,4096,hist,4096,1,0.001016,0.001016,0.001016,2026-05-02T22:04:30.5678894Z,finished,47548,[OK] hist 4096 -> 0.001016 ms,"Workflow-size invocation finished within the 600s timeout and emitted a CSV row. For plan rows sharing one workflow size, this is invocation-level evidence, not independent per-hardware-kernel timing evidence."
known_finished_from_downloaded_benchmark_results_csv_and_run_log_ok,downloaded artifact benchmark-results-hist/results_hist.csv plus run log line 47552,Tier 2,hist,benchmark-results-hist,74071320444,completed,failure,8192,1007,hist,8192,hist,8192,1,0.001065,0.001065,0.001065,2026-05-02T22:04:31.1004278Z,finished,47552,[OK] hist 8192 -> 0.001065 ms,"Workflow-size invocation finished within the 600s timeout and emitted a CSV row. For plan rows sharing one workflow size, this is invocation-level evidence, not independent per-hardware-kernel timing evidence."
known_finished_from_downloaded_benchmark_results_csv_and_run_log_ok,downloaded artifact benchmark-results-hist/results_hist.csv plus run log line 47556,Tier 2,hist,benchmark-results-hist,74071320444,completed,failure,16384,1008,hist,16384,hist,16384,1,0.001354,0.001354,0.001354,2026-05-02T22:04:32.8474793Z,finished,47556,[OK] hist 16384 -> 0.001354 ms,"Workflow-size invocation finished within the 600s timeout and emitted a CSV row. For plan rows sharing one workflow size, this is invocation-level evidence, not independent per-hardware-kernel timing evidence."
known_finished_from_downloaded_benchmark_results_csv_and_run_log_ok,downloaded artifact benchmark-results-hist/results_hist.csv plus run log line 47560,Tier 2,hist,benchmark-results-hist,74071320444,completed,failure,32768,1009,hist,32768,hist,32768,1,0.002393,0.002393,0.002393,2026-05-02T22:04:43.1192627Z,finished,47560,[OK] hist 32768 -> 0.002393 ms,"Workflow-size invocation finished within the 600s timeout and emitted a CSV row. For plan rows sharing one workflow size, this is invocation-level evidence, not independent per-hardware-kernel timing evidence."
known_finished_from_downloaded_benchmark_results_csv_and_run_log_ok,downloaded artifact benchmark-results-hist/results_hist.csv plus run log line 47564,Tier 2,hist,benchmark-results-hist,74071320444,completed,failure,65536,1010,hist,65536,hist,65536,1,0.001465,0.001465,0.001465,2026-05-02T22:05:04.3593419Z,finished,47564,[OK] hist 65536 -> 0.001465 ms,"Workflow-size invocation finished within the 600s timeout and emitted a CSV row. For plan rows sharing one workflow size, this is invocation-level evidence, not independent per-hardware-kernel timing evidence."
known_finished_from_downloaded_benchmark_results_csv_and_run_log_ok,downloaded artifact benchmark-results-hist/results_hist.csv plus run log line 47568,Tier 2,hist,benchmark-results-hist,74071320444,completed,failure,131072,1011,hist,131072,hist,131072,1,0.001753,0.001753,0.001753,2026-05-02T22:06:22.2523386Z,finished,47568,[OK] hist 131072 -> 0.001753 ms,"Workflow-size invocation finished within the 600s timeout and emitted a CSV row. For plan rows sharing one workflow size, this is invocation-level evidence, not independent per-hardware-kernel timing evidence."
known_finished_from_downloaded_benchmark_results_csv_and_run_log_ok,downloaded artifact benchmark-results-hist/results_hist.csv plus run log line 47572,Tier 2,hist,benchmark-results-hist,74071320444,completed,failure,262144,1012,hist,262144,hist,262144,1,0.004434,0.004434,0.004434,2026-05-02T22:10:37.3357271Z,finished,47572,[OK] hist 262144 -> 0.004434 ms,"Workflow-size invocation finished within the 600s timeout and emitted a CSV row. For plan rows sharing one workflow size, this is invocation-level evidence, not independent per-hardware-kernel timing evidence."
known_finished_from_downloaded_benchmark_results_csv_and_run_log_ok,downloaded artifact benchmark-results-hist/results_hist.csv plus run log line 47576,Tier 2,hist,benchmark-results-hist,74071320444,completed,failure,524288,1013,hist,524288,hist,524288,1,0.004233,0.004233,0.004233,2026-05-02T22:16:50.7666263Z,finished,47576,[OK] hist 524288 -> 0.004233 ms,"Workflow-size invocation finished within the 600s timeout and emitted a CSV row. For plan rows sharing one workflow size, this is invocation-level evidence, not independent per-hardware-kernel timing evidence."
known_finished_from_downloaded_benchmark_results_csv_and_run_log_ok,downloaded artifact benchmark-results-hist/results_hist.csv plus run log line 47580,Tier 2,hist,benchmark-results-hist,74071320444,completed,failure,1048576,1014,hist,1048576,hist,1048576,1,0.008044,0.008044,0.008044,2026-05-02T22:26:07.1404772Z,finished,47580,[OK] hist 1048576 -> 0.008044 ms,"Workflow-size invocation finished within the 600s timeout and emitted a CSV row. For plan rows sharing one workflow size, this is invocation-level evidence, not independent per-hardware-kernel timing evidence."
known_finished_from_downloaded_benchmark_results_csv_and_run_log_ok,downloaded artifact benchmark-results-hist/results_hist.csv plus run log line 47584,Tier 2,hist,benchmark-results-hist,74071320444,completed,failure,2097152,1015,hist,2097152,hist,2097152,1,0.014737,0.014737,0.014737,2026-05-02T22:34:27.4610280Z,finished,47584,[OK] hist 2097152 -> 0.014737 ms,"Workflow-size invocation finished within the 600s timeout and emitted a CSV row. For plan rows sharing one workflow size, this is invocation-level evidence, not independent per-hardware-kernel timing evidence."
known_finished_from_downloaded_benchmark_results_csv_and_run_log_ok,downloaded artifact benchmark-results-hist/results_hist.csv plus run log line 47588,Tier 2,hist,benchmark-results-hist,74071320444,completed,failure,4194304,1016,hist,4194304,hist,4194304,1,0.027701,0.027701,0.027701,2026-05-02T22:41:58.2487195Z,finished,47588,[OK] hist 4194304 -> 0.027701 ms,"Workflow-size invocation finished within the 600s timeout and emitted a CSV row. For plan rows sharing one workflow size, this is invocation-level evidence, not independent per-hardware-kernel timing evidence."
known_timed_out_at_600s_from_run_log,run log line 47592,Tier 2,hist,benchmark-results-hist,74071320444,completed,failure,8388608,1017,hist,8388608,,,,,,,2026-05-02T22:51:58.2863401Z,timed_out_600s,47592,##[warning]TIMEOUT: hist 8388608 (>600s),The simulator invocation reached the workflow timeout command threshold (>600s); the job loop broke after this failure.
unknown_not_attempted_after_prior_failure,no downloaded CSV row and no OK/TIMEOUT/CRASH log event for this workflow size,Tier 2,hist,benchmark-results-hist,74071320444,completed,failure,16777216,1018,hist,16777216,,,,,,,,,,,No invocation evidence for this later plan entry; benchmark job stopped after first timed_out_600s at size 8388608 (plan index 1017).
unknown_not_attempted_after_prior_failure,no downloaded CSV row and no OK/TIMEOUT/CRASH log event for this workflow size,Tier 2,hist,benchmark-results-hist,74071320444,completed,failure,33554432,1019,hist,33554432,,,,,,,,,,,No invocation evidence for this later plan entry; benchmark job stopped after first timed_out_600s at size 8388608 (plan index 1017).
unknown_not_attempted_after_prior_failure,no downloaded CSV row and no OK/TIMEOUT/CRASH log event for this workflow size,Tier 2,hist,benchmark-results-hist,74071320444,completed,failure,67108864,1020,hist,67108864,,,,,,,,,,,No invocation evidence for this later plan entry; benchmark job stopped after first timed_out_600s at size 8388608 (plan index 1017).
known_timed_out_at_600s_from_run_log,run log line 46002,Tier 2,parboil_cutcp,benchmark-results-parboil-cutcp,74071320435,completed,failure,256,1021,cutoff_potential,256,,,,,,,2026-05-02T22:14:36.5540957Z,timed_out_600s,46002,##[warning]TIMEOUT: parboil_cutcp 256 (>600s),The simulator invocation reached the workflow timeout command threshold (>600s); the job loop broke after this failure.
unknown_not_attempted_after_prior_failure,no downloaded CSV row and no OK/TIMEOUT/CRASH log event for this workflow size,Tier 2,parboil_cutcp,benchmark-results-parboil-cutcp,74071320435,completed,failure,512,1022,cutoff_potential,512,,,,,,,,,,,No invocation evidence for this later plan entry; benchmark job stopped after first timed_out_600s at size 256 (plan index 1021).
unknown_not_attempted_after_prior_failure,no downloaded CSV row and no OK/TIMEOUT/CRASH log event for this workflow size,Tier 2,parboil_cutcp,benchmark-results-parboil-cutcp,74071320435,completed,failure,1024,1023,cutoff_potential,1024,,,,,,,,,,,No invocation evidence for this later plan entry; benchmark job stopped after first timed_out_600s at size 256 (plan index 1021).
unknown_not_attempted_after_prior_failure,no downloaded CSV row and no OK/TIMEOUT/CRASH log event for this workflow size,Tier 2,parboil_cutcp,benchmark-results-parboil-cutcp,74071320435,completed,failure,2048,1024,cutoff_potential,2048,,,,,,,,,,,No invocation evidence for this later plan entry; benchmark job stopped after first timed_out_600s at size 256 (plan index 1021).
unknown_not_attempted_after_prior_failure,no downloaded CSV row and no OK/TIMEOUT/CRASH log event for this workflow size,Tier 2,parboil_cutcp,benchmark-results-parboil-cutcp,74071320435,completed,failure,4096,1025,cutoff_potential,4096,,,,,,,,,,,No invocation evidence for this later plan entry; benchmark job stopped after first timed_out_600s at size 256 (plan index 1021).
unknown_not_attempted_after_prior_failure,no downloaded CSV row and no OK/TIMEOUT/CRASH log event for this workflow size,Tier 2,parboil_cutcp,benchmark-results-parboil-cutcp,74071320435,completed,failure,8192,1026,cutoff_potential,8192,,,,,,,,,,,No invocation evidence for this later plan entry; benchmark job stopped after first timed_out_600s at size 256 (plan index 1021).
unknown_not_attempted_after_prior_failure,no downloaded CSV row and no OK/TIMEOUT/CRASH log event for this workflow size,Tier 2,parboil_cutcp,benchmark-results-parboil-cutcp,74071320435,completed,failure,16384,1027,cutoff_potential,16384,,,,,,,,,,,No invocation evidence for this later plan entry; benchmark job stopped after first timed_out_600s at size 256 (plan index 1021).
unknown_not_attempted_after_prior_failure,no downloaded CSV row and no OK/TIMEOUT/CRASH log event for this workflow size,Tier 2,parboil_cutcp,benchmark-results-parboil-cutcp,74071320435,completed,failure,32768,1028,cutoff_potential,32768,,,,,,,,,,,No invocation evidence for this later plan entry; benchmark job stopped after first timed_out_600s at size 256 (plan index 1021).
unknown_not_attempted_after_prior_failure,no downloaded CSV row and no OK/TIMEOUT/CRASH log event for this workflow size,Tier 2,parboil_cutcp,benchmark-results-parboil-cutcp,74071320435,completed,failure,65536,1029,cutoff_potential,65536,,,,,,,,,,,No invocation evidence for this later plan entry; benchmark job stopped after first timed_out_600s at size 256 (plan index 1021).
unknown_not_attempted_after_prior_failure,no downloaded CSV row and no OK/TIMEOUT/CRASH log event for this workflow size,Tier 2,parboil_cutcp,benchmark-results-parboil-cutcp,74071320435,completed,failure,131072,1030,cutoff_potential,131072,,,,,,,,,,,No invocation evidence for this later plan entry; benchmark job stopped after first timed_out_600s at size 256 (plan index 1021).
unknown_not_attempted_after_prior_failure,no downloaded CSV row and no OK/TIMEOUT/CRASH log event for this workflow size,Tier 2,parboil_cutcp,benchmark-results-parboil-cutcp,74071320435,completed,failure,262144,1031,cutoff_potential,262144,,,,,,,,,,,No invocation evidence for this later plan entry; benchmark job stopped after first timed_out_600s at size 256 (plan index 1021).
unknown_not_attempted_after_prior_failure,no downloaded CSV row and no OK/TIMEOUT/CRASH log event for this workflow size,Tier 2,parboil_cutcp,benchmark-results-parboil-cutcp,74071320435,completed,failure,524288,1032,cutoff_potential,524288,,,,,,,,,,,No invocation evidence for this later plan entry; benchmark job stopped after first timed_out_600s at size 256 (plan index 1021).
unknown_not_attempted_after_prior_failure,no downloaded CSV row and no OK/TIMEOUT/CRASH log event for this workflow size,Tier 2,parboil_cutcp,benchmark-results-parboil-cutcp,74071320435,completed,failure,1048576,1033,cutoff_potential,1048576,,,,,,,,,,,No invocation evidence for this later plan entry; benchmark job stopped after first timed_out_600s at size 256 (plan index 1021).
unknown_not_attempted_after_prior_failure,no downloaded CSV row and no OK/TIMEOUT/CRASH log event for this workflow size,Tier 2,parboil_cutcp,benchmark-results-parboil-cutcp,74071320435,completed,failure,1572864,1034,cutoff_potential,1572864,,,,,,,,,,,No invocation evidence for this later plan entry; benchmark job stopped after first timed_out_600s at size 256 (plan index 1021).
unknown_not_attempted_after_prior_failure,no downloaded CSV row and no OK/TIMEOUT/CRASH log event for this workflow size,Tier 2,parboil_cutcp,benchmark-results-parboil-cutcp,74071320435,completed,failure,2097152,1035,cutoff_potential,2097152,,,,,,,,,,,No invocation evidence for this later plan entry; benchmark job stopped after first timed_out_600s at size 256 (plan index 1021).
unknown_not_attempted_after_prior_failure,no downloaded CSV row and no OK/TIMEOUT/CRASH log event for this workflow size,Tier 2,parboil_cutcp,benchmark-results-parboil-cutcp,74071320435,completed,failure,2621440,1036,cutoff_potential,2621440,,,,,,,,,,,No invocation evidence for this later plan entry; benchmark job stopped after first timed_out_600s at size 256 (plan index 1021).
unknown_not_attempted_after_prior_failure,no downloaded CSV row and no OK/TIMEOUT/CRASH log event for this workflow size,Tier 2,parboil_cutcp,benchmark-results-parboil-cutcp,74071320435,completed,failure,3145728,1037,cutoff_potential,3145728,,,,,,,,,,,No invocation evidence for this later plan entry; benchmark job stopped after first timed_out_600s at size 256 (plan index 1021).
known_finished_from_downloaded_benchmark_results_csv_and_run_log_ok,downloaded artifact benchmark-results-parboil-histo/results_parboil_histo.csv plus run log line 46797,Tier 2,parboil_histo,benchmark-results-parboil-histo,74071320437,completed,failure,1024,1038,histogram,1024,histogram,1024,1,0.001169,0.001169,0.001169,2026-05-02T22:04:57.3403519Z,finished,46797,[OK] parboil_histo 1024 -> 0.001169 ms,"Workflow-size invocation finished within the 600s timeout and emitted a CSV row. For plan rows sharing one workflow size, this is invocation-level evidence, not independent per-hardware-kernel timing evidence."
known_finished_from_downloaded_benchmark_results_csv_and_run_log_ok,downloaded artifact benchmark-results-parboil-histo/results_parboil_histo.csv plus run log line 46801,Tier 2,parboil_histo,benchmark-results-parboil-histo,74071320437,completed,failure,2048,1039,histogram,2048,histogram,2048,1,0.001355,0.001355,0.001355,2026-05-02T22:04:59.2385864Z,finished,46801,[OK] parboil_histo 2048 -> 0.001355 ms,"Workflow-size invocation finished within the 600s timeout and emitted a CSV row. For plan rows sharing one workflow size, this is invocation-level evidence, not independent per-hardware-kernel timing evidence."
known_finished_from_downloaded_benchmark_results_csv_and_run_log_ok,downloaded artifact benchmark-results-parboil-histo/results_parboil_histo.csv plus run log line 46805,Tier 2,parboil_histo,benchmark-results-parboil-histo,74071320437,completed,failure,4096,1040,histogram,4096,histogram,4096,1,0.001836,0.001836,0.001836,2026-05-02T22:05:03.1977469Z,finished,46805,[OK] parboil_histo 4096 -> 0.001836 ms,"Workflow-size invocation finished within the 600s timeout and emitted a CSV row. For plan rows sharing one workflow size, this is invocation-level evidence, not independent per-hardware-kernel timing evidence."
known_finished_from_downloaded_benchmark_results_csv_and_run_log_ok,downloaded artifact benchmark-results-parboil-histo/results_parboil_histo.csv plus run log line 46809,Tier 2,parboil_histo,benchmark-results-parboil-histo,74071320437,completed,failure,8192,1041,histogram,8192,histogram,8192,1,0.002726,0.002726,0.002726,2026-05-02T22:05:11.4301038Z,finished,46809,[OK] parboil_histo 8192 -> 0.002726 ms,"Workflow-size invocation finished within the 600s timeout and emitted a CSV row. For plan rows sharing one workflow size, this is invocation-level evidence, not independent per-hardware-kernel timing evidence."
known_finished_from_downloaded_benchmark_results_csv_and_run_log_ok,downloaded artifact benchmark-results-parboil-histo/results_parboil_histo.csv plus run log line 46813,Tier 2,parboil_histo,benchmark-results-parboil-histo,74071320437,completed,failure,16384,1042,histogram,16384,histogram,16384,1,0.002877,0.002877,0.002877,2026-05-02T22:05:25.9059416Z,finished,46813,[OK] parboil_histo 16384 -> 0.002877 ms,"Workflow-size invocation finished within the 600s timeout and emitted a CSV row. For plan rows sharing one workflow size, this is invocation-level evidence, not independent per-hardware-kernel timing evidence."
known_finished_from_downloaded_benchmark_results_csv_and_run_log_ok,downloaded artifact benchmark-results-parboil-histo/results_parboil_histo.csv plus run log line 46817,Tier 2,parboil_histo,benchmark-results-parboil-histo,74071320437,completed,failure,32768,1043,histogram,32768,histogram,32768,1,0.002945,0.002945,0.002945,2026-05-02T22:05:55.4479312Z,finished,46817,[OK] parboil_histo 32768 -> 0.002945 ms,"Workflow-size invocation finished within the 600s timeout and emitted a CSV row. For plan rows sharing one workflow size, this is invocation-level evidence, not independent per-hardware-kernel timing evidence."
known_crashed_from_run_log,run log line 46821,Tier 2,parboil_histo,benchmark-results-parboil-histo,74071320437,completed,failure,65536,1044,histogram,65536,,,,,,,2026-05-02T22:07:11.4581327Z,crashed,46821,##[error]CRASH: parboil_histo 65536 (exit 1),The simulator invocation crashed (exit 1); the job loop broke after this failure.
unknown_not_attempted_after_prior_failure,no downloaded CSV row and no OK/TIMEOUT/CRASH log event for this workflow size,Tier 2,parboil_histo,benchmark-results-parboil-histo,74071320437,completed,failure,131072,1045,histogram,131072,,,,,,,,,,,No invocation evidence for this later plan entry; benchmark job stopped after first crashed at size 65536 (plan index 1044).
unknown_not_attempted_after_prior_failure,no downloaded CSV row and no OK/TIMEOUT/CRASH log event for this workflow size,Tier 2,parboil_histo,benchmark-results-parboil-histo,74071320437,completed,failure,262144,1046,histogram,262144,,,,,,,,,,,No invocation evidence for this later plan entry; benchmark job stopped after first crashed at size 65536 (plan index 1044).
unknown_not_attempted_after_prior_failure,no downloaded CSV row and no OK/TIMEOUT/CRASH log event for this workflow size,Tier 2,parboil_histo,benchmark-results-parboil-histo,74071320437,completed,failure,524288,1047,histogram,524288,,,,,,,,,,,No invocation evidence for this later plan entry; benchmark job stopped after first crashed at size 65536 (plan index 1044).
unknown_not_attempted_after_prior_failure,no downloaded CSV row and no OK/TIMEOUT/CRASH log event for this workflow size,Tier 2,parboil_histo,benchmark-results-parboil-histo,74071320437,completed,failure,1048576,1048,histogram,1048576,,,,,,,,,,,No invocation evidence for this later plan entry; benchmark job stopped after first crashed at size 65536 (plan index 1044).
unknown_not_attempted_after_prior_failure,no downloaded CSV row and no OK/TIMEOUT/CRASH log event for this workflow size,Tier 2,parboil_histo,benchmark-results-parboil-histo,74071320437,completed,failure,2097152,1049,histogram,2097152,,,,,,,,,,,No invocation evidence for this later plan entry; benchmark job stopped after first crashed at size 65536 (plan index 1044).
unknown_not_attempted_after_prior_failure,no downloaded CSV row and no OK/TIMEOUT/CRASH log event for this workflow size,Tier 2,parboil_histo,benchmark-results-parboil-histo,74071320437,completed,failure,4194304,1050,histogram,4194304,,,,,,,,,,,No invocation evidence for this later plan entry; benchmark job stopped after first crashed at size 65536 (plan index 1044).
unknown_not_attempted_after_prior_failure,no downloaded CSV row and no OK/TIMEOUT/CRASH log event for this workflow size,Tier 2,parboil_histo,benchmark-results-parboil-histo,74071320437,completed,failure,8388608,1051,histogram,8388608,,,,,,,,,,,No invocation evidence for this later plan entry; benchmark job stopped after first crashed at size 65536 (plan index 1044).
unknown_not_attempted_after_prior_failure,no downloaded CSV row and no OK/TIMEOUT/CRASH log event for this workflow size,Tier 2,parboil_histo,benchmark-results-parboil-histo,74071320437,completed,failure,16777216,1052,histogram,16777216,,,,,,,,,,,No invocation evidence for this later plan entry; benchmark job stopped after first crashed at size 65536 (plan index 1044).
unknown_not_attempted_after_prior_failure,no downloaded CSV row and no OK/TIMEOUT/CRASH log event for this workflow size,Tier 2,parboil_histo,benchmark-results-parboil-histo,74071320437,completed,failure,33554432,1053,histogram,33554432,,,,,,,,,,,No invocation evidence for this later plan entry; benchmark job stopped after first crashed at size 65536 (plan index 1044).
unknown_not_attempted_after_prior_failure,no downloaded CSV row and no OK/TIMEOUT/CRASH log event for this workflow size,Tier 2,parboil_histo,benchmark-results-parboil-histo,74071320437,completed,failure,67108864,1054,histogram,67108864,,,,,,,,,,,No invocation evidence for this later plan entry; benchmark job stopped after first crashed at size 65536 (plan index 1044).
known_finished_from_downloaded_benchmark_results_csv_and_run_log_ok,downloaded artifact benchmark-results-parboil-lbm/results_parboil_lbm.csv plus run log line 48395,Tier 2,parboil_lbm,benchmark-results-parboil-lbm,74071320447,completed,failure,16,1055,lbm_stream_collide,16,lbm_stream_collide,16,1,0.007146,0.007146,0.007146,2026-05-02T22:07:38.5170134Z,finished,48395,[OK] parboil_lbm 16 -> 0.007146 ms,"Workflow-size invocation finished within the 600s timeout and emitted a CSV row. For plan rows sharing one workflow size, this is invocation-level evidence, not independent per-hardware-kernel timing evidence."
known_finished_from_downloaded_benchmark_results_csv_and_run_log_ok,downloaded artifact benchmark-results-parboil-lbm/results_parboil_lbm.csv plus run log line 48399,Tier 2,parboil_lbm,benchmark-results-parboil-lbm,74071320447,completed,failure,20,1056,lbm_stream_collide,20,lbm_stream_collide,20,1,0.007513,0.007513,0.007513,2026-05-02T22:09:04.8168825Z,finished,48399,[OK] parboil_lbm 20 -> 0.007513 ms,"Workflow-size invocation finished within the 600s timeout and emitted a CSV row. For plan rows sharing one workflow size, this is invocation-level evidence, not independent per-hardware-kernel timing evidence."
known_finished_from_downloaded_benchmark_results_csv_and_run_log_ok,downloaded artifact benchmark-results-parboil-lbm/results_parboil_lbm.csv plus run log line 48403,Tier 2,parboil_lbm,benchmark-results-parboil-lbm,74071320447,completed,failure,24,1057,lbm_stream_collide,24,lbm_stream_collide,24,1,0.008142,0.008142,0.008142,2026-05-02T22:11:03.4085884Z,finished,48403,[OK] parboil_lbm 24 -> 0.008142 ms,"Workflow-size invocation finished within the 600s timeout and emitted a CSV row. For plan rows sharing one workflow size, this is invocation-level evidence, not independent per-hardware-kernel timing evidence."
known_finished_from_downloaded_benchmark_results_csv_and_run_log_ok,downloaded artifact benchmark-results-parboil-lbm/results_parboil_lbm.csv plus run log line 48407,Tier 2,parboil_lbm,benchmark-results-parboil-lbm,74071320447,completed,failure,28,1058,lbm_stream_collide,28,lbm_stream_collide,28,1,0.009125,0.009125,0.009125,2026-05-02T22:14:39.6339364Z,finished,48407,[OK] parboil_lbm 28 -> 0.009125 ms,"Workflow-size invocation finished within the 600s timeout and emitted a CSV row. For plan rows sharing one workflow size, this is invocation-level evidence, not independent per-hardware-kernel timing evidence."
known_finished_from_downloaded_benchmark_results_csv_and_run_log_ok,downloaded artifact benchmark-results-parboil-lbm/results_parboil_lbm.csv plus run log line 48411,Tier 2,parboil_lbm,benchmark-results-parboil-lbm,74071320447,completed,failure,32,1059,lbm_stream_collide,32,lbm_stream_collide,32,1,0.010563,0.010563,0.010563,2026-05-02T22:20:00.4033349Z,finished,48411,[OK] parboil_lbm 32 -> 0.010563 ms,"Workflow-size invocation finished within the 600s timeout and emitted a CSV row. For plan rows sharing one workflow size, this is invocation-level evidence, not independent per-hardware-kernel timing evidence."
known_finished_from_downloaded_benchmark_results_csv_and_run_log_ok,downloaded artifact benchmark-results-parboil-lbm/results_parboil_lbm.csv plus run log line 48415,Tier 2,parboil_lbm,benchmark-results-parboil-lbm,74071320447,completed,failure,36,1060,lbm_stream_collide,36,lbm_stream_collide,36,1,0.013589,0.013589,0.013589,2026-05-02T22:27:14.1399585Z,finished,48415,[OK] parboil_lbm 36 -> 0.013589 ms,"Workflow-size invocation finished within the 600s timeout and emitted a CSV row. For plan rows sharing one workflow size, this is invocation-level evidence, not independent per-hardware-kernel timing evidence."
known_timed_out_at_600s_from_run_log,run log line 48419,Tier 2,parboil_lbm,benchmark-results-parboil-lbm,74071320447,completed,failure,40,1061,lbm_stream_collide,40,,,,,,,2026-05-02T22:37:14.2369113Z,timed_out_600s,48419,##[warning]TIMEOUT: parboil_lbm 40 (>600s),The simulator invocation reached the workflow timeout command threshold (>600s); the job loop broke after this failure.
unknown_not_attempted_after_prior_failure,no downloaded CSV row and no OK/TIMEOUT/CRASH log event for this workflow size,Tier 2,parboil_lbm,benchmark-results-parboil-lbm,74071320447,completed,failure,44,1062,lbm_stream_collide,44,,,,,,,,,,,No invocation evidence for this later plan entry; benchmark job stopped after first timed_out_600s at size 40 (plan index 1061).
unknown_not_attempted_after_prior_failure,no downloaded CSV row and no OK/TIMEOUT/CRASH log event for this workflow size,Tier 2,parboil_lbm,benchmark-results-parboil-lbm,74071320447,completed,failure,48,1063,lbm_stream_collide,48,,,,,,,,,,,No invocation evidence for this later plan entry; benchmark job stopped after first timed_out_600s at size 40 (plan index 1061).
unknown_not_attempted_after_prior_failure,no downloaded CSV row and no OK/TIMEOUT/CRASH log event for this workflow size,Tier 2,parboil_lbm,benchmark-results-parboil-lbm,74071320447,completed,failure,52,1064,lbm_stream_collide,52,,,,,,,,,,,No invocation evidence for this later plan entry; benchmark job stopped after first timed_out_600s at size 40 (plan index 1061).
unknown_not_attempted_after_prior_failure,no downloaded CSV row and no OK/TIMEOUT/CRASH log event for this workflow size,Tier 2,parboil_lbm,benchmark-results-parboil-lbm,74071320447,completed,failure,56,1065,lbm_stream_collide,56,,,,,,,,,,,No invocation evidence for this later plan entry; benchmark job stopped after first timed_out_600s at size 40 (plan index 1061).
unknown_not_attempted_after_prior_failure,no downloaded CSV row and no OK/TIMEOUT/CRASH log event for this workflow size,Tier 2,parboil_lbm,benchmark-results-parboil-lbm,74071320447,completed,failure,60,1066,lbm_stream_collide,60,,,,,,,,,,,No invocation evidence for this later plan entry; benchmark job stopped after first timed_out_600s at size 40 (plan index 1061).
unknown_not_attempted_after_prior_failure,no downloaded CSV row and no OK/TIMEOUT/CRASH log event for this workflow size,Tier 2,parboil_lbm,benchmark-results-parboil-lbm,74071320447,completed,failure,64,1067,lbm_stream_collide,64,,,,,,,,,,,No invocation evidence for this later plan entry; benchmark job stopped after first timed_out_600s at size 40 (plan index 1061).
unknown_not_attempted_after_prior_failure,no downloaded CSV row and no OK/TIMEOUT/CRASH log event for this workflow size,Tier 2,parboil_lbm,benchmark-results-parboil-lbm,74071320447,completed,failure,68,1068,lbm_stream_collide,68,,,,,,,,,,,No invocation evidence for this later plan entry; benchmark job stopped after first timed_out_600s at size 40 (plan index 1061).
unknown_not_attempted_after_prior_failure,no downloaded CSV row and no OK/TIMEOUT/CRASH log event for this workflow size,Tier 2,parboil_lbm,benchmark-results-parboil-lbm,74071320447,completed,failure,72,1069,lbm_stream_collide,72,,,,,,,,,,,No invocation evidence for this later plan entry; benchmark job stopped after first timed_out_600s at size 40 (plan index 1061).
unknown_not_attempted_after_prior_failure,no downloaded CSV row and no OK/TIMEOUT/CRASH log event for this workflow size,Tier 2,parboil_lbm,benchmark-results-parboil-lbm,74071320447,completed,failure,76,1070,lbm_stream_collide,76,,,,,,,,,,,No invocation evidence for this later plan entry; benchmark job stopped after first timed_out_600s at size 40 (plan index 1061).
unknown_not_attempted_after_prior_failure,no downloaded CSV row and no OK/TIMEOUT/CRASH log event for this workflow size,Tier 2,parboil_lbm,benchmark-results-parboil-lbm,74071320447,completed,failure,80,1071,lbm_stream_collide,80,,,,,,,,,,,No invocation evidence for this later plan entry; benchmark job stopped after first timed_out_600s at size 40 (plan index 1061).
known_finished_from_downloaded_benchmark_results_csv_and_run_log_ok,downloaded artifact benchmark-results-parboil-mri-gridding/results_parboil_mri_gridding.csv plus run log line 49002,Tier 2,parboil_mri_gridding,benchmark-results-parboil-mri-gridding,74071320574,completed,failure,256,1072,gridding_kernel,256,gridding_kernel,256,1,0.014689,0.014689,0.014689,2026-05-02T22:07:04.2027214Z,finished,49002,[OK] parboil_mri_gridding 256 -> 0.014689 ms,"Workflow-size invocation finished within the 600s timeout and emitted a CSV row. For plan rows sharing one workflow size, this is invocation-level evidence, not independent per-hardware-kernel timing evidence."
known_finished_from_downloaded_benchmark_results_csv_and_run_log_ok,downloaded artifact benchmark-results-parboil-mri-gridding/results_parboil_mri_gridding.csv plus run log line 49006,Tier 2,parboil_mri_gridding,benchmark-results-parboil-mri-gridding,74071320574,completed,failure,512,1073,gridding_kernel,512,gridding_kernel,512,1,0.014792,0.014792,0.014792,2026-05-02T22:07:23.7772059Z,finished,49006,[OK] parboil_mri_gridding 512 -> 0.014792 ms,"Workflow-size invocation finished within the 600s timeout and emitted a CSV row. For plan rows sharing one workflow size, this is invocation-level evidence, not independent per-hardware-kernel timing evidence."
known_finished_from_downloaded_benchmark_results_csv_and_run_log_ok,downloaded artifact benchmark-results-parboil-mri-gridding/results_parboil_mri_gridding.csv plus run log line 49010,Tier 2,parboil_mri_gridding,benchmark-results-parboil-mri-gridding,74071320574,completed,failure,1024,1074,gridding_kernel,1024,gridding_kernel,1024,1,0.015283,0.015283,0.015283,2026-05-02T22:08:03.5393408Z,finished,49010,[OK] parboil_mri_gridding 1024 -> 0.015283 ms,"Workflow-size invocation finished within the 600s timeout and emitted a CSV row. For plan rows sharing one workflow size, this is invocation-level evidence, not independent per-hardware-kernel timing evidence."
known_finished_from_downloaded_benchmark_results_csv_and_run_log_ok,downloaded artifact benchmark-results-parboil-mri-gridding/results_parboil_mri_gridding.csv plus run log line 49014,Tier 2,parboil_mri_gridding,benchmark-results-parboil-mri-gridding,74071320574,completed,failure,2048,1075,gridding_kernel,2048,gridding_kernel,2048,1,0.015090,0.015090,0.015090,2026-05-02T22:09:22.2678292Z,finished,49014,[OK] parboil_mri_gridding 2048 -> 0.015090 ms,"Workflow-size invocation finished within the 600s timeout and emitted a CSV row. For plan rows sharing one workflow size, this is invocation-level evidence, not independent per-hardware-kernel timing evidence."
known_finished_from_downloaded_benchmark_results_csv_and_run_log_ok,downloaded artifact benchmark-results-parboil-mri-gridding/results_parboil_mri_gridding.csv plus run log line 49018,Tier 2,parboil_mri_gridding,benchmark-results-parboil-mri-gridding,74071320574,completed,failure,4096,1076,gridding_kernel,4096,gridding_kernel,4096,1,0.015073,0.015073,0.015073,2026-05-02T22:12:14.2766941Z,finished,49018,[OK] parboil_mri_gridding 4096 -> 0.015073 ms,"Workflow-size invocation finished within the 600s timeout and emitted a CSV row. For plan rows sharing one workflow size, this is invocation-level evidence, not independent per-hardware-kernel timing evidence."
known_finished_from_downloaded_benchmark_results_csv_and_run_log_ok,downloaded artifact benchmark-results-parboil-mri-gridding/results_parboil_mri_gridding.csv plus run log line 49022,Tier 2,parboil_mri_gridding,benchmark-results-parboil-mri-gridding,74071320574,completed,failure,8192,1077,gridding_kernel,8192,gridding_kernel,8192,1,0.015152,0.015152,0.015152,2026-05-02T22:18:39.8174956Z,finished,49022,[OK] parboil_mri_gridding 8192 -> 0.015152 ms,"Workflow-size invocation finished within the 600s timeout and emitted a CSV row. For plan rows sharing one workflow size, this is invocation-level evidence, not independent per-hardware-kernel timing evidence."
known_timed_out_at_600s_from_run_log,run log line 49026,Tier 2,parboil_mri_gridding,benchmark-results-parboil-mri-gridding,74071320574,completed,failure,16384,1078,gridding_kernel,16384,,,,,,,2026-05-02T22:28:39.8510512Z,timed_out_600s,49026,##[warning]TIMEOUT: parboil_mri_gridding 16384 (>600s),The simulator invocation reached the workflow timeout command threshold (>600s); the job loop broke after this failure.
unknown_not_attempted_after_prior_failure,no downloaded CSV row and no OK/TIMEOUT/CRASH log event for this workflow size,Tier 2,parboil_mri_gridding,benchmark-results-parboil-mri-gridding,74071320574,completed,failure,32768,1079,gridding_kernel,32768,,,,,,,,,,,No invocation evidence for this later plan entry; benchmark job stopped after first timed_out_600s at size 16384 (plan index 1078).
unknown_not_attempted_after_prior_failure,no downloaded CSV row and no OK/TIMEOUT/CRASH log event for this workflow size,Tier 2,parboil_mri_gridding,benchmark-results-parboil-mri-gridding,74071320574,completed,failure,65536,1080,gridding_kernel,65536,,,,,,,,,,,No invocation evidence for this later plan entry; benchmark job stopped after first timed_out_600s at size 16384 (plan index 1078).
unknown_not_attempted_after_prior_failure,no downloaded CSV row and no OK/TIMEOUT/CRASH log event for this workflow size,Tier 2,parboil_mri_gridding,benchmark-results-parboil-mri-gridding,74071320574,completed,failure,131072,1081,gridding_kernel,131072,,,,,,,,,,,No invocation evidence for this later plan entry; benchmark job stopped after first timed_out_600s at size 16384 (plan index 1078).
unknown_not_attempted_after_prior_failure,no downloaded CSV row and no OK/TIMEOUT/CRASH log event for this workflow size,Tier 2,parboil_mri_gridding,benchmark-results-parboil-mri-gridding,74071320574,completed,failure,262144,1082,gridding_kernel,262144,,,,,,,,,,,No invocation evidence for this later plan entry; benchmark job stopped after first timed_out_600s at size 16384 (plan index 1078).
unknown_not_attempted_after_prior_failure,no downloaded CSV row and no OK/TIMEOUT/CRASH log event for this workflow size,Tier 2,parboil_mri_gridding,benchmark-results-parboil-mri-gridding,74071320574,completed,failure,524288,1083,gridding_kernel,524288,,,,,,,,,,,No invocation evidence for this later plan entry; benchmark job stopped after first timed_out_600s at size 16384 (plan index 1078).
unknown_not_attempted_after_prior_failure,no downloaded CSV row and no OK/TIMEOUT/CRASH log event for this workflow size,Tier 2,parboil_mri_gridding,benchmark-results-parboil-mri-gridding,74071320574,completed,failure,1048576,1084,gridding_kernel,1048576,,,,,,,,,,,No invocation evidence for this later plan entry; benchmark job stopped after first timed_out_600s at size 16384 (plan index 1078).
unknown_not_attempted_after_prior_failure,no downloaded CSV row and no OK/TIMEOUT/CRASH log event for this workflow size,Tier 2,parboil_mri_gridding,benchmark-results-parboil-mri-gridding,74071320574,completed,failure,1572864,1085,gridding_kernel,1572864,,,,,,,,,,,No invocation evidence for this later plan entry; benchmark job stopped after first timed_out_600s at size 16384 (plan index 1078).
unknown_not_attempted_after_prior_failure,no downloaded CSV row and no OK/TIMEOUT/CRASH log event for this workflow size,Tier 2,parboil_mri_gridding,benchmark-results-parboil-mri-gridding,74071320574,completed,failure,2097152,1086,gridding_kernel,2097152,,,,,,,,,,,No invocation evidence for this later plan entry; benchmark job stopped after first timed_out_600s at size 16384 (plan index 1078).
unknown_not_attempted_after_prior_failure,no downloaded CSV row and no OK/TIMEOUT/CRASH log event for this workflow size,Tier 2,parboil_mri_gridding,benchmark-results-parboil-mri-gridding,74071320574,completed,failure,2621440,1087,gridding_kernel,2621440,,,,,,,,,,,No invocation evidence for this later plan entry; benchmark job stopped after first timed_out_600s at size 16384 (plan index 1078).
unknown_not_attempted_after_prior_failure,no downloaded CSV row and no OK/TIMEOUT/CRASH log event for this workflow size,Tier 2,parboil_mri_gridding,benchmark-results-parboil-mri-gridding,74071320574,completed,failure,3145728,1088,gridding_kernel,3145728,,,,,,,,,,,No invocation evidence for this later plan entry; benchmark job stopped after first timed_out_600s at size 16384 (plan index 1078).
known_timed_out_at_600s_from_run_log,run log line 49827,Tier 2,parboil_sad,benchmark-results-parboil-sad,74071320595,completed,failure,32,1089,computesad,32,,,,,,,2026-05-02T22:17:19.4971472Z,timed_out_600s,49827,##[warning]TIMEOUT: parboil_sad 32 (>600s),The simulator invocation reached the workflow timeout command threshold (>600s); the job loop broke after this failure.
known_timed_out_at_600s_from_run_log,run log line 49827,Tier 2,parboil_sad,benchmark-results-parboil-sad,74071320595,completed,failure,32,1090,findminsad,32,,,,,,,2026-05-02T22:17:19.4971472Z,timed_out_600s,49827,##[warning]TIMEOUT: parboil_sad 32 (>600s),The simulator invocation reached the workflow timeout command threshold (>600s); the job loop broke after this failure.
unknown_not_attempted_after_prior_failure,no downloaded CSV row and no OK/TIMEOUT/CRASH log event for this workflow size,Tier 2,parboil_sad,benchmark-results-parboil-sad,74071320595,completed,failure,48,1091,computesad,48,,,,,,,,,,,No invocation evidence for this later plan entry; benchmark job stopped after first timed_out_600s at size 32 (plan index 1089).
unknown_not_attempted_after_prior_failure,no downloaded CSV row and no OK/TIMEOUT/CRASH log event for this workflow size,Tier 2,parboil_sad,benchmark-results-parboil-sad,74071320595,completed,failure,48,1092,findminsad,48,,,,,,,,,,,No invocation evidence for this later plan entry; benchmark job stopped after first timed_out_600s at size 32 (plan index 1089).
unknown_not_attempted_after_prior_failure,no downloaded CSV row and no OK/TIMEOUT/CRASH log event for this workflow size,Tier 2,parboil_sad,benchmark-results-parboil-sad,74071320595,completed,failure,64,1093,computesad,64,,,,,,,,,,,No invocation evidence for this later plan entry; benchmark job stopped after first timed_out_600s at size 32 (plan index 1089).
unknown_not_attempted_after_prior_failure,no downloaded CSV row and no OK/TIMEOUT/CRASH log event for this workflow size,Tier 2,parboil_sad,benchmark-results-parboil-sad,74071320595,completed,failure,64,1094,findminsad,64,,,,,,,,,,,No invocation evidence for this later plan entry; benchmark job stopped after first timed_out_600s at size 32 (plan index 1089).
unknown_not_attempted_after_prior_failure,no downloaded CSV row and no OK/TIMEOUT/CRASH log event for this workflow size,Tier 2,parboil_sad,benchmark-results-parboil-sad,74071320595,completed,failure,96,1095,computesad,96,,,,,,,,,,,No invocation evidence for this later plan entry; benchmark job stopped after first timed_out_600s at size 32 (plan index 1089).
unknown_not_attempted_after_prior_failure,no downloaded CSV row and no OK/TIMEOUT/CRASH log event for this workflow size,Tier 2,parboil_sad,benchmark-results-parboil-sad,74071320595,completed,failure,96,1096,findminsad,96,,,,,,,,,,,No invocation evidence for this later plan entry; benchmark job stopped after first timed_out_600s at size 32 (plan index 1089).
unknown_not_attempted_after_prior_failure,no downloaded CSV row and no OK/TIMEOUT/CRASH log event for this workflow size,Tier 2,parboil_sad,benchmark-results-parboil-sad,74071320595,completed,failure,128,1097,computesad,128,,,,,,,,,,,No invocation evidence for this later plan entry; benchmark job stopped after first timed_out_600s at size 32 (plan index 1089).
unknown_not_attempted_after_prior_failure,no downloaded CSV row and no OK/TIMEOUT/CRASH log event for this workflow size,Tier 2,parboil_sad,benchmark-results-parboil-sad,74071320595,completed,failure,128,1098,findminsad,128,,,,,,,,,,,No invocation evidence for this later plan entry; benchmark job stopped after first timed_out_600s at size 32 (plan index 1089).
unknown_not_attempted_after_prior_failure,no downloaded CSV row and no OK/TIMEOUT/CRASH log event for this workflow size,Tier 2,parboil_sad,benchmark-results-parboil-sad,74071320595,completed,failure,160,1099,computesad,160,,,,,,,,,,,No invocation evidence for this later plan entry; benchmark job stopped after first timed_out_600s at size 32 (plan index 1089).
unknown_not_attempted_after_prior_failure,no downloaded CSV row and no OK/TIMEOUT/CRASH log event for this workflow size,Tier 2,parboil_sad,benchmark-results-parboil-sad,74071320595,completed,failure,160,1100,findminsad,160,,,,,,,,,,,No invocation evidence for this later plan entry; benchmark job stopped after first timed_out_600s at size 32 (plan index 1089).
unknown_not_attempted_after_prior_failure,no downloaded CSV row and no OK/TIMEOUT/CRASH log event for this workflow size,Tier 2,parboil_sad,benchmark-results-parboil-sad,74071320595,completed,failure,192,1101,computesad,192,,,,,,,,,,,No invocation evidence for this later plan entry; benchmark job stopped after first timed_out_600s at size 32 (plan index 1089).
unknown_not_attempted_after_prior_failure,no downloaded CSV row and no OK/TIMEOUT/CRASH log event for this workflow size,Tier 2,parboil_sad,benchmark-results-parboil-sad,74071320595,completed,failure,192,1102,findminsad,192,,,,,,,,,,,No invocation evidence for this later plan entry; benchmark job stopped after first timed_out_600s at size 32 (plan index 1089).
unknown_not_attempted_after_prior_failure,no downloaded CSV row and no OK/TIMEOUT/CRASH log event for this workflow size,Tier 2,parboil_sad,benchmark-results-parboil-sad,74071320595,completed,failure,224,1103,computesad,224,,,,,,,,,,,No invocation evidence for this later plan entry; benchmark job stopped after first timed_out_600s at size 32 (plan index 1089).
unknown_not_attempted_after_prior_failure,no downloaded CSV row and no OK/TIMEOUT/CRASH log event for this workflow size,Tier 2,parboil_sad,benchmark-results-parboil-sad,74071320595,completed,failure,224,1104,findminsad,224,,,,,,,,,,,No invocation evidence for this later plan entry; benchmark job stopped after first timed_out_600s at size 32 (plan index 1089).
unknown_not_attempted_after_prior_failure,no downloaded CSV row and no OK/TIMEOUT/CRASH log event for this workflow size,Tier 2,parboil_sad,benchmark-results-parboil-sad,74071320595,completed,failure,256,1105,computesad,256,,,,,,,,,,,No invocation evidence for this later plan entry; benchmark job stopped after first timed_out_600s at size 32 (plan index 1089).
unknown_not_attempted_after_prior_failure,no downloaded CSV row and no OK/TIMEOUT/CRASH log event for this workflow size,Tier 2,parboil_sad,benchmark-results-parboil-sad,74071320595,completed,failure,256,1106,findminsad,256,,,,,,,,,,,No invocation evidence for this later plan entry; benchmark job stopped after first timed_out_600s at size 32 (plan index 1089).
unknown_not_attempted_after_prior_failure,no downloaded CSV row and no OK/TIMEOUT/CRASH log event for this workflow size,Tier 2,parboil_sad,benchmark-results-parboil-sad,74071320595,completed,failure,320,1107,computesad,320,,,,,,,,,,,No invocation evidence for this later plan entry; benchmark job stopped after first timed_out_600s at size 32 (plan index 1089).
unknown_not_attempted_after_prior_failure,no downloaded CSV row and no OK/TIMEOUT/CRASH log event for this workflow size,Tier 2,parboil_sad,benchmark-results-parboil-sad,74071320595,completed,failure,320,1108,findminsad,320,,,,,,,,,,,No invocation evidence for this later plan entry; benchmark job stopped after first timed_out_600s at size 32 (plan index 1089).
unknown_not_attempted_after_prior_failure,no downloaded CSV row and no OK/TIMEOUT/CRASH log event for this workflow size,Tier 2,parboil_sad,benchmark-results-parboil-sad,74071320595,completed,failure,384,1109,computesad,384,,,,,,,,,,,No invocation evidence for this later plan entry; benchmark job stopped after first timed_out_600s at size 32 (plan index 1089).
unknown_not_attempted_after_prior_failure,no downloaded CSV row and no OK/TIMEOUT/CRASH log event for this workflow size,Tier 2,parboil_sad,benchmark-results-parboil-sad,74071320595,completed,failure,384,1110,findminsad,384,,,,,,,,,,,No invocation evidence for this later plan entry; benchmark job stopped after first timed_out_600s at size 32 (plan index 1089).
unknown_not_attempted_after_prior_failure,no downloaded CSV row and no OK/TIMEOUT/CRASH log event for this workflow size,Tier 2,parboil_sad,benchmark-results-parboil-sad,74071320595,completed,failure,448,1111,computesad,448,,,,,,,,,,,No invocation evidence for this later plan entry; benchmark job stopped after first timed_out_600s at size 32 (plan index 1089).
unknown_not_attempted_after_prior_failure,no downloaded CSV row and no OK/TIMEOUT/CRASH log event for this workflow size,Tier 2,parboil_sad,benchmark-results-parboil-sad,74071320595,completed,failure,448,1112,findminsad,448,,,,,,,,,,,No invocation evidence for this later plan entry; benchmark job stopped after first timed_out_600s at size 32 (plan index 1089).
unknown_not_attempted_after_prior_failure,no downloaded CSV row and no OK/TIMEOUT/CRASH log event for this workflow size,Tier 2,parboil_sad,benchmark-results-parboil-sad,74071320595,completed,failure,512,1113,computesad,512,,,,,,,,,,,No invocation evidence for this later plan entry; benchmark job stopped after first timed_out_600s at size 32 (plan index 1089).
unknown_not_attempted_after_prior_failure,no downloaded CSV row and no OK/TIMEOUT/CRASH log event for this workflow size,Tier 2,parboil_sad,benchmark-results-parboil-sad,74071320595,completed,failure,512,1114,findminsad,512,,,,,,,,,,,No invocation evidence for this later plan entry; benchmark job stopped after first timed_out_600s at size 32 (plan index 1089).
unknown_not_attempted_after_prior_failure,no downloaded CSV row and no OK/TIMEOUT/CRASH log event for this workflow size,Tier 2,parboil_sad,benchmark-results-parboil-sad,74071320595,completed,failure,640,1115,computesad,640,,,,,,,,,,,No invocation evidence for this later plan entry; benchmark job stopped after first timed_out_600s at size 32 (plan index 1089).
unknown_not_attempted_after_prior_failure,no downloaded CSV row and no OK/TIMEOUT/CRASH log event for this workflow size,Tier 2,parboil_sad,benchmark-results-parboil-sad,74071320595,completed,failure,640,1116,findminsad,640,,,,,,,,,,,No invocation evidence for this later plan entry; benchmark job stopped after first timed_out_600s at size 32 (plan index 1089).
unknown_not_attempted_after_prior_failure,no downloaded CSV row and no OK/TIMEOUT/CRASH log event for this workflow size,Tier 2,parboil_sad,benchmark-results-parboil-sad,74071320595,completed,failure,768,1117,computesad,768,,,,,,,,,,,No invocation evidence for this later plan entry; benchmark job stopped after first timed_out_600s at size 32 (plan index 1089).
unknown_not_attempted_after_prior_failure,no downloaded CSV row and no OK/TIMEOUT/CRASH log event for this workflow size,Tier 2,parboil_sad,benchmark-results-parboil-sad,74071320595,completed,failure,768,1118,findminsad,768,,,,,,,,,,,No invocation evidence for this later plan entry; benchmark job stopped after first timed_out_600s at size 32 (plan index 1089).
unknown_not_attempted_after_prior_failure,no downloaded CSV row and no OK/TIMEOUT/CRASH log event for this workflow size,Tier 2,parboil_sad,benchmark-results-parboil-sad,74071320595,completed,failure,896,1119,computesad,896,,,,,,,,,,,No invocation evidence for this later plan entry; benchmark job stopped after first timed_out_600s at size 32 (plan index 1089).
unknown_not_attempted_after_prior_failure,no downloaded CSV row and no OK/TIMEOUT/CRASH log event for this workflow size,Tier 2,parboil_sad,benchmark-results-parboil-sad,74071320595,completed,failure,896,1120,findminsad,896,,,,,,,,,,,No invocation evidence for this later plan entry; benchmark job stopped after first timed_out_600s at size 32 (plan index 1089).
unknown_not_attempted_after_prior_failure,no downloaded CSV row and no OK/TIMEOUT/CRASH log event for this workflow size,Tier 2,parboil_sad,benchmark-results-parboil-sad,74071320595,completed,failure,1024,1121,computesad,1024,,,,,,,,,,,No invocation evidence for this later plan entry; benchmark job stopped after first timed_out_600s at size 32 (plan index 1089).
unknown_not_attempted_after_prior_failure,no downloaded CSV row and no OK/TIMEOUT/CRASH log event for this workflow size,Tier 2,parboil_sad,benchmark-results-parboil-sad,74071320595,completed,failure,1024,1122,findminsad,1024,,,,,,,,,,,No invocation evidence for this later plan entry; benchmark job stopped after first timed_out_600s at size 32 (plan index 1089).
known_finished_from_downloaded_benchmark_results_csv_and_run_log_ok,downloaded artifact benchmark-results-parboil-stencil/results_parboil_stencil.csv plus run log line 50619,Tier 2,parboil_stencil,benchmark-results-parboil-stencil,74071320599,completed,failure,16,1123,stencil_kernel,16,stencil_kernel,16,1,0.003777,0.003777,0.003777,2026-05-02T22:09:15.3055484Z,finished,50619,[OK] parboil_stencil 16 -> 0.003777 ms,"Workflow-size invocation finished within the 600s timeout and emitted a CSV row. For plan rows sharing one workflow size, this is invocation-level evidence, not independent per-hardware-kernel timing evidence."
known_finished_from_downloaded_benchmark_results_csv_and_run_log_ok,downloaded artifact benchmark-results-parboil-stencil/results_parboil_stencil.csv plus run log line 50623,Tier 2,parboil_stencil,benchmark-results-parboil-stencil,74071320599,completed,failure,24,1124,stencil_kernel,24,stencil_kernel,24,1,0.003979,0.003979,0.003979,2026-05-02T22:09:29.5441307Z,finished,50623,[OK] parboil_stencil 24 -> 0.003979 ms,"Workflow-size invocation finished within the 600s timeout and emitted a CSV row. For plan rows sharing one workflow size, this is invocation-level evidence, not independent per-hardware-kernel timing evidence."
known_finished_from_downloaded_benchmark_results_csv_and_run_log_ok,downloaded artifact benchmark-results-parboil-stencil/results_parboil_stencil.csv plus run log line 50627,Tier 2,parboil_stencil,benchmark-results-parboil-stencil,74071320599,completed,failure,32,1125,stencil_kernel,32,stencil_kernel,32,1,0.003867,0.003867,0.003867,2026-05-02T22:09:51.8038150Z,finished,50627,[OK] parboil_stencil 32 -> 0.003867 ms,"Workflow-size invocation finished within the 600s timeout and emitted a CSV row. For plan rows sharing one workflow size, this is invocation-level evidence, not independent per-hardware-kernel timing evidence."
known_finished_from_downloaded_benchmark_results_csv_and_run_log_ok,downloaded artifact benchmark-results-parboil-stencil/results_parboil_stencil.csv plus run log line 50631,Tier 2,parboil_stencil,benchmark-results-parboil-stencil,74071320599,completed,failure,40,1126,stencil_kernel,40,stencil_kernel,40,1,0.005312,0.005312,0.005312,2026-05-02T22:11:31.8827515Z,finished,50631,[OK] parboil_stencil 40 -> 0.005312 ms,"Workflow-size invocation finished within the 600s timeout and emitted a CSV row. For plan rows sharing one workflow size, this is invocation-level evidence, not independent per-hardware-kernel timing evidence."
known_finished_from_downloaded_benchmark_results_csv_and_run_log_ok,downloaded artifact benchmark-results-parboil-stencil/results_parboil_stencil.csv plus run log line 50635,Tier 2,parboil_stencil,benchmark-results-parboil-stencil,74071320599,completed,failure,48,1127,stencil_kernel,48,stencil_kernel,48,1,0.005315,0.005315,0.005315,2026-05-02T22:12:59.1319220Z,finished,50635,[OK] parboil_stencil 48 -> 0.005315 ms,"Workflow-size invocation finished within the 600s timeout and emitted a CSV row. For plan rows sharing one workflow size, this is invocation-level evidence, not independent per-hardware-kernel timing evidence."
known_timed_out_at_600s_from_run_log,run log line 50639,Tier 2,parboil_stencil,benchmark-results-parboil-stencil,74071320599,completed,failure,56,1128,stencil_kernel,56,,,,,,,2026-05-02T22:22:59.2604325Z,timed_out_600s,50639,##[warning]TIMEOUT: parboil_stencil 56 (>600s),The simulator invocation reached the workflow timeout command threshold (>600s); the job loop broke after this failure.
unknown_not_attempted_after_prior_failure,no downloaded CSV row and no OK/TIMEOUT/CRASH log event for this workflow size,Tier 2,parboil_stencil,benchmark-results-parboil-stencil,74071320599,completed,failure,64,1129,stencil_kernel,64,,,,,,,,,,,No invocation evidence for this later plan entry; benchmark job stopped after first timed_out_600s at size 56 (plan index 1128).
unknown_not_attempted_after_prior_failure,no downloaded CSV row and no OK/TIMEOUT/CRASH log event for this workflow size,Tier 2,parboil_stencil,benchmark-results-parboil-stencil,74071320599,completed,failure,72,1130,stencil_kernel,72,,,,,,,,,,,No invocation evidence for this later plan entry; benchmark job stopped after first timed_out_600s at size 56 (plan index 1128).
unknown_not_attempted_after_prior_failure,no downloaded CSV row and no OK/TIMEOUT/CRASH log event for this workflow size,Tier 2,parboil_stencil,benchmark-results-parboil-stencil,74071320599,completed,failure,80,1131,stencil_kernel,80,,,,,,,,,,,No invocation evidence for this later plan entry; benchmark job stopped after first timed_out_600s at size 56 (plan index 1128).
unknown_not_attempted_after_prior_failure,no downloaded CSV row and no OK/TIMEOUT/CRASH log event for this workflow size,Tier 2,parboil_stencil,benchmark-results-parboil-stencil,74071320599,completed,failure,88,1132,stencil_kernel,88,,,,,,,,,,,No invocation evidence for this later plan entry; benchmark job stopped after first timed_out_600s at size 56 (plan index 1128).
unknown_not_attempted_after_prior_failure,no downloaded CSV row and no OK/TIMEOUT/CRASH log event for this workflow size,Tier 2,parboil_stencil,benchmark-results-parboil-stencil,74071320599,completed,failure,96,1133,stencil_kernel,96,,,,,,,,,,,No invocation evidence for this later plan entry; benchmark job stopped after first timed_out_600s at size 56 (plan index 1128).
unknown_not_attempted_after_prior_failure,no downloaded CSV row and no OK/TIMEOUT/CRASH log event for this workflow size,Tier 2,parboil_stencil,benchmark-results-parboil-stencil,74071320599,completed,failure,104,1134,stencil_kernel,104,,,,,,,,,,,No invocation evidence for this later plan entry; benchmark job stopped after first timed_out_600s at size 56 (plan index 1128).
unknown_not_attempted_after_prior_failure,no downloaded CSV row and no OK/TIMEOUT/CRASH log event for this workflow size,Tier 2,parboil_stencil,benchmark-results-parboil-stencil,74071320599,completed,failure,112,1135,stencil_kernel,112,,,,,,,,,,,No invocation evidence for this later plan entry; benchmark job stopped after first timed_out_600s at size 56 (plan index 1128).
unknown_not_attempted_after_prior_failure,no downloaded CSV row and no OK/TIMEOUT/CRASH log event for this workflow size,Tier 2,parboil_stencil,benchmark-results-parboil-stencil,74071320599,completed,failure,120,1136,stencil_kernel,120,,,,,,,,,,,No invocation evidence for this later plan entry; benchmark job stopped after first timed_out_600s at size 56 (plan index 1128).
unknown_not_attempted_after_prior_failure,no downloaded CSV row and no OK/TIMEOUT/CRASH log event for this workflow size,Tier 2,parboil_stencil,benchmark-results-parboil-stencil,74071320599,completed,failure,128,1137,stencil_kernel,128,,,,,,,,,,,No invocation evidence for this later plan entry; benchmark job stopped after first timed_out_600s at size 56 (plan index 1128).
unknown_not_attempted_after_prior_failure,no downloaded CSV row and no OK/TIMEOUT/CRASH log event for this workflow size,Tier 2,parboil_stencil,benchmark-results-parboil-stencil,74071320599,completed,failure,136,1138,stencil_kernel,136,,,,,,,,,,,No invocation evidence for this later plan entry; benchmark job stopped after first timed_out_600s at size 56 (plan index 1128).
unknown_not_attempted_after_prior_failure,no downloaded CSV row and no OK/TIMEOUT/CRASH log event for this workflow size,Tier 2,parboil_stencil,benchmark-results-parboil-stencil,74071320599,completed,failure,144,1139,stencil_kernel,144,,,,,,,,,,,No invocation evidence for this later plan entry; benchmark job stopped after first timed_out_600s at size 56 (plan index 1128).
unknown_not_attempted_after_prior_failure,no downloaded CSV row and no OK/TIMEOUT/CRASH log event for this workflow size,Tier 2,parboil_stencil,benchmark-results-parboil-stencil,74071320599,completed,failure,152,1140,stencil_kernel,152,,,,,,,,,,,No invocation evidence for this later plan entry; benchmark job stopped after first timed_out_600s at size 56 (plan index 1128).
unknown_not_attempted_after_prior_failure,no downloaded CSV row and no OK/TIMEOUT/CRASH log event for this workflow size,Tier 2,parboil_stencil,benchmark-results-parboil-stencil,74071320599,completed,failure,160,1141,stencil_kernel,160,,,,,,,,,,,No invocation evidence for this later plan entry; benchmark job stopped after first timed_out_600s at size 56 (plan index 1128).
known_finished_from_downloaded_benchmark_results_csv_and_run_log_ok,downloaded artifact benchmark-results-parboil-tpacf/results_parboil_tpacf.csv plus run log line 51437,Tier 2,parboil_tpacf,benchmark-results-parboil-tpacf,74071320607,completed,failure,256,1142,tpacf_dd,256,tpacf_DD,256,1,0.102327,0.102327,0.102327,2026-05-02T22:11:39.8237066Z,finished,51437,[OK] parboil_tpacf 256 -> 0.102327 ms,"Workflow-size invocation finished within the 600s timeout and emitted a CSV row. For plan rows sharing one workflow size, this is invocation-level evidence, not independent per-hardware-kernel timing evidence."
known_finished_from_downloaded_benchmark_results_csv_and_run_log_ok,downloaded artifact benchmark-results-parboil-tpacf/results_parboil_tpacf.csv plus run log line 51441,Tier 2,parboil_tpacf,benchmark-results-parboil-tpacf,74071320607,completed,failure,256,1143,tpacf_dr,256,tpacf_DD,256,1,0.104828,0.104828,0.104828,2026-05-02T22:13:09.7253573Z,finished,51441,[OK] parboil_tpacf 256 -> 0.104828 ms,"Workflow-size invocation finished within the 600s timeout and emitted a CSV row. For plan rows sharing one workflow size, this is invocation-level evidence, not independent per-hardware-kernel timing evidence."
known_finished_from_downloaded_benchmark_results_csv_and_run_log_ok,downloaded artifact benchmark-results-parboil-tpacf/results_parboil_tpacf.csv plus run log line 51445,Tier 2,parboil_tpacf,benchmark-results-parboil-tpacf,74071320607,completed,failure,256,1144,tpacf_rr,256,tpacf_DD,256,1,0.102624,0.102624,0.102624,2026-05-02T22:14:33.9666013Z,finished,51445,[OK] parboil_tpacf 256 -> 0.102624 ms,"Workflow-size invocation finished within the 600s timeout and emitted a CSV row. For plan rows sharing one workflow size, this is invocation-level evidence, not independent per-hardware-kernel timing evidence."
known_timed_out_at_600s_from_run_log,run log line 51449,Tier 2,parboil_tpacf,benchmark-results-parboil-tpacf,74071320607,completed,failure,512,1145,tpacf_dd,512,,,,,,,2026-05-02T22:24:33.9877282Z,timed_out_600s,51449,##[warning]TIMEOUT: parboil_tpacf 512 (>600s),The simulator invocation reached the workflow timeout command threshold (>600s); the job loop broke after this failure.
known_timed_out_at_600s_from_run_log,run log line 51449,Tier 2,parboil_tpacf,benchmark-results-parboil-tpacf,74071320607,completed,failure,512,1146,tpacf_dr,512,,,,,,,2026-05-02T22:24:33.9877282Z,timed_out_600s,51449,##[warning]TIMEOUT: parboil_tpacf 512 (>600s),The simulator invocation reached the workflow timeout command threshold (>600s); the job loop broke after this failure.
known_timed_out_at_600s_from_run_log,run log line 51449,Tier 2,parboil_tpacf,benchmark-results-parboil-tpacf,74071320607,completed,failure,512,1147,tpacf_rr,512,,,,,,,2026-05-02T22:24:33.9877282Z,timed_out_600s,51449,##[warning]TIMEOUT: parboil_tpacf 512 (>600s),The simulator invocation reached the workflow timeout command threshold (>600s); the job loop broke after this failure.
unknown_not_attempted_after_prior_failure,no downloaded CSV row and no OK/TIMEOUT/CRASH log event for this workflow size,Tier 2,parboil_tpacf,benchmark-results-parboil-tpacf,74071320607,completed,failure,1024,1148,tpacf_dd,1024,,,,,,,,,,,No invocation evidence for this later plan entry; benchmark job stopped after first timed_out_600s at size 512 (plan index 1145).
unknown_not_attempted_after_prior_failure,no downloaded CSV row and no OK/TIMEOUT/CRASH log event for this workflow size,Tier 2,parboil_tpacf,benchmark-results-parboil-tpacf,74071320607,completed,failure,1024,1149,tpacf_dr,1024,,,,,,,,,,,No invocation evidence for this later plan entry; benchmark job stopped after first timed_out_600s at size 512 (plan index 1145).
unknown_not_attempted_after_prior_failure,no downloaded CSV row and no OK/TIMEOUT/CRASH log event for this workflow size,Tier 2,parboil_tpacf,benchmark-results-parboil-tpacf,74071320607,completed,failure,1024,1150,tpacf_rr,1024,,,,,,,,,,,No invocation evidence for this later plan entry; benchmark job stopped after first timed_out_600s at size 512 (plan index 1145).
unknown_not_attempted_after_prior_failure,no downloaded CSV row and no OK/TIMEOUT/CRASH log event for this workflow size,Tier 2,parboil_tpacf,benchmark-results-parboil-tpacf,74071320607,completed,failure,2048,1151,tpacf_dd,2048,,,,,,,,,,,No invocation evidence for this later plan entry; benchmark job stopped after first timed_out_600s at size 512 (plan index 1145).
unknown_not_attempted_after_prior_failure,no downloaded CSV row and no OK/TIMEOUT/CRASH log event for this workflow size,Tier 2,parboil_tpacf,benchmark-results-parboil-tpacf,74071320607,completed,failure,2048,1152,tpacf_dr,2048,,,,,,,,,,,No invocation evidence for this later plan entry; benchmark job stopped after first timed_out_600s at size 512 (plan index 1145).
unknown_not_attempted_after_prior_failure,no downloaded CSV row and no OK/TIMEOUT/CRASH log event for this workflow size,Tier 2,parboil_tpacf,benchmark-results-parboil-tpacf,74071320607,completed,failure,2048,1153,tpacf_rr,2048,,,,,,,,,,,No invocation evidence for this later plan entry; benchmark job stopped after first timed_out_600s at size 512 (plan index 1145).
unknown_not_attempted_after_prior_failure,no downloaded CSV row and no OK/TIMEOUT/CRASH log event for this workflow size,Tier 2,parboil_tpacf,benchmark-results-parboil-tpacf,74071320607,completed,failure,3072,1154,tpacf_dd,3072,,,,,,,,,,,No invocation evidence for this later plan entry; benchmark job stopped after first timed_out_600s at size 512 (plan index 1145).
unknown_not_attempted_after_prior_failure,no downloaded CSV row and no OK/TIMEOUT/CRASH log event for this workflow size,Tier 2,parboil_tpacf,benchmark-results-parboil-tpacf,74071320607,completed,failure,3072,1155,tpacf_dr,3072,,,,,,,,,,,No invocation evidence for this later plan entry; benchmark job stopped after first timed_out_600s at size 512 (plan index 1145).
unknown_not_attempted_after_prior_failure,no downloaded CSV row and no OK/TIMEOUT/CRASH log event for this workflow size,Tier 2,parboil_tpacf,benchmark-results-parboil-tpacf,74071320607,completed,failure,3072,1156,tpacf_rr,3072,,,,,,,,,,,No invocation evidence for this later plan entry; benchmark job stopped after first timed_out_600s at size 512 (plan index 1145).
unknown_not_attempted_after_prior_failure,no downloaded CSV row and no OK/TIMEOUT/CRASH log event for this workflow size,Tier 2,parboil_tpacf,benchmark-results-parboil-tpacf,74071320607,completed,failure,4096,1157,tpacf_dd,4096,,,,,,,,,,,No invocation evidence for this later plan entry; benchmark job stopped after first timed_out_600s at size 512 (plan index 1145).
unknown_not_attempted_after_prior_failure,no downloaded CSV row and no OK/TIMEOUT/CRASH log event for this workflow size,Tier 2,parboil_tpacf,benchmark-results-parboil-tpacf,74071320607,completed,failure,4096,1158,tpacf_dr,4096,,,,,,,,,,,No invocation evidence for this later plan entry; benchmark job stopped after first timed_out_600s at size 512 (plan index 1145).
unknown_not_attempted_after_prior_failure,no downloaded CSV row and no OK/TIMEOUT/CRASH log event for this workflow size,Tier 2,parboil_tpacf,benchmark-results-parboil-tpacf,74071320607,completed,failure,4096,1159,tpacf_rr,4096,,,,,,,,,,,No invocation evidence for this later plan entry; benchmark job stopped after first timed_out_600s at size 512 (plan index 1145).
unknown_not_attempted_after_prior_failure,no downloaded CSV row and no OK/TIMEOUT/CRASH log event for this workflow size,Tier 2,parboil_tpacf,benchmark-results-parboil-tpacf,74071320607,completed,failure,5120,1160,tpacf_dd,5120,,,,,,,,,,,No invocation evidence for this later plan entry; benchmark job stopped after first timed_out_600s at size 512 (plan index 1145).
unknown_not_attempted_after_prior_failure,no downloaded CSV row and no OK/TIMEOUT/CRASH log event for this workflow size,Tier 2,parboil_tpacf,benchmark-results-parboil-tpacf,74071320607,completed,failure,5120,1161,tpacf_dr,5120,,,,,,,,,,,No invocation evidence for this later plan entry; benchmark job stopped after first timed_out_600s at size 512 (plan index 1145).
unknown_not_attempted_after_prior_failure,no downloaded CSV row and no OK/TIMEOUT/CRASH log event for this workflow size,Tier 2,parboil_tpacf,benchmark-results-parboil-tpacf,74071320607,completed,failure,5120,1162,tpacf_rr,5120,,,,,,,,,,,No invocation evidence for this later plan entry; benchmark job stopped after first timed_out_600s at size 512 (plan index 1145).
unknown_not_attempted_after_prior_failure,no downloaded CSV row and no OK/TIMEOUT/CRASH log event for this workflow size,Tier 2,parboil_tpacf,benchmark-results-parboil-tpacf,74071320607,completed,failure,6144,1163,tpacf_dd,6144,,,,,,,,,,,No invocation evidence for this later plan entry; benchmark job stopped after first timed_out_600s at size 512 (plan index 1145).
unknown_not_attempted_after_prior_failure,no downloaded CSV row and no OK/TIMEOUT/CRASH log event for this workflow size,Tier 2,parboil_tpacf,benchmark-results-parboil-tpacf,74071320607,completed,failure,6144,1164,tpacf_dr,6144,,,,,,,,,,,No invocation evidence for this later plan entry; benchmark job stopped after first timed_out_600s at size 512 (plan index 1145).
unknown_not_attempted_after_prior_failure,no downloaded CSV row and no OK/TIMEOUT/CRASH log event for this workflow size,Tier 2,parboil_tpacf,benchmark-results-parboil-tpacf,74071320607,completed,failure,6144,1165,tpacf_rr,6144,,,,,,,,,,,No invocation evidence for this later plan entry; benchmark job stopped after first timed_out_600s at size 512 (plan index 1145).
unknown_not_attempted_after_prior_failure,no downloaded CSV row and no OK/TIMEOUT/CRASH log event for this workflow size,Tier 2,parboil_tpacf,benchmark-results-parboil-tpacf,74071320607,completed,failure,7168,1166,tpacf_dd,7168,,,,,,,,,,,No invocation evidence for this later plan entry; benchmark job stopped after first timed_out_600s at size 512 (plan index 1145).
unknown_not_attempted_after_prior_failure,no downloaded CSV row and no OK/TIMEOUT/CRASH log event for this workflow size,Tier 2,parboil_tpacf,benchmark-results-parboil-tpacf,74071320607,completed,failure,7168,1167,tpacf_dr,7168,,,,,,,,,,,No invocation evidence for this later plan entry; benchmark job stopped after first timed_out_600s at size 512 (plan index 1145).
unknown_not_attempted_after_prior_failure,no downloaded CSV row and no OK/TIMEOUT/CRASH log event for this workflow size,Tier 2,parboil_tpacf,benchmark-results-parboil-tpacf,74071320607,completed,failure,7168,1168,tpacf_rr,7168,,,,,,,,,,,No invocation evidence for this later plan entry; benchmark job stopped after first timed_out_600s at size 512 (plan index 1145).
unknown_not_attempted_after_prior_failure,no downloaded CSV row and no OK/TIMEOUT/CRASH log event for this workflow size,Tier 2,parboil_tpacf,benchmark-results-parboil-tpacf,74071320607,completed,failure,8192,1169,tpacf_dd,8192,,,,,,,,,,,No invocation evidence for this later plan entry; benchmark job stopped after first timed_out_600s at size 512 (plan index 1145).
unknown_not_attempted_after_prior_failure,no downloaded CSV row and no OK/TIMEOUT/CRASH log event for this workflow size,Tier 2,parboil_tpacf,benchmark-results-parboil-tpacf,74071320607,completed,failure,8192,1170,tpacf_dr,8192,,,,,,,,,,,No invocation evidence for this later plan entry; benchmark job stopped after first timed_out_600s at size 512 (plan index 1145).
unknown_not_attempted_after_prior_failure,no downloaded CSV row and no OK/TIMEOUT/CRASH log event for this workflow size,Tier 2,parboil_tpacf,benchmark-results-parboil-tpacf,74071320607,completed,failure,8192,1171,tpacf_rr,8192,,,,,,,,,,,No invocation evidence for this later plan entry; benchmark job stopped after first timed_out_600s at size 512 (plan index 1145).
unknown_not_attempted_after_prior_failure,no downloaded CSV row and no OK/TIMEOUT/CRASH log event for this workflow size,Tier 2,parboil_tpacf,benchmark-results-parboil-tpacf,74071320607,completed,failure,10240,1172,tpacf_dd,10240,,,,,,,,,,,No invocation evidence for this later plan entry; benchmark job stopped after first timed_out_600s at size 512 (plan index 1145).
unknown_not_attempted_after_prior_failure,no downloaded CSV row and no OK/TIMEOUT/CRASH log event for this workflow size,Tier 2,parboil_tpacf,benchmark-results-parboil-tpacf,74071320607,completed,failure,10240,1173,tpacf_dr,10240,,,,,,,,,,,No invocation evidence for this later plan entry; benchmark job stopped after first timed_out_600s at size 512 (plan index 1145).
unknown_not_attempted_after_prior_failure,no downloaded CSV row and no OK/TIMEOUT/CRASH log event for this workflow size,Tier 2,parboil_tpacf,benchmark-results-parboil-tpacf,74071320607,completed,failure,10240,1174,tpacf_rr,10240,,,,,,,,,,,No invocation evidence for this later plan entry; benchmark job stopped after first timed_out_600s at size 512 (plan index 1145).
unknown_not_attempted_after_prior_failure,no downloaded CSV row and no OK/TIMEOUT/CRASH log event for this workflow size,Tier 2,parboil_tpacf,benchmark-results-parboil-tpacf,74071320607,completed,failure,12288,1175,tpacf_dd,12288,,,,,,,,,,,No invocation evidence for this later plan entry; benchmark job stopped after first timed_out_600s at size 512 (plan index 1145).
unknown_not_attempted_after_prior_failure,no downloaded CSV row and no OK/TIMEOUT/CRASH log event for this workflow size,Tier 2,parboil_tpacf,benchmark-results-parboil-tpacf,74071320607,completed,failure,12288,1176,tpacf_dr,12288,,,,,,,,,,,No invocation evidence for this later plan entry; benchmark job stopped after first timed_out_600s at size 512 (plan index 1145).
unknown_not_attempted_after_prior_failure,no downloaded CSV row and no OK/TIMEOUT/CRASH log event for this workflow size,Tier 2,parboil_tpacf,benchmark-results-parboil-tpacf,74071320607,completed,failure,12288,1177,tpacf_rr,12288,,,,,,,,,,,No invocation evidence for this later plan entry; benchmark job stopped after first timed_out_600s at size 512 (plan index 1145).
unknown_not_attempted_after_prior_failure,no downloaded CSV row and no OK/TIMEOUT/CRASH log event for this workflow size,Tier 2,parboil_tpacf,benchmark-results-parboil-tpacf,74071320607,completed,failure,14336,1178,tpacf_dd,14336,,,,,,,,,,,No invocation evidence for this later plan entry; benchmark job stopped after first timed_out_600s at size 512 (plan index 1145).
unknown_not_attempted_after_prior_failure,no downloaded CSV row and no OK/TIMEOUT/CRASH log event for this workflow size,Tier 2,parboil_tpacf,benchmark-results-parboil-tpacf,74071320607,completed,failure,14336,1179,tpacf_dr,14336,,,,,,,,,,,No invocation evidence for this later plan entry; benchmark job stopped after first timed_out_600s at size 512 (plan index 1145).
unknown_not_attempted_after_prior_failure,no downloaded CSV row and no OK/TIMEOUT/CRASH log event for this workflow size,Tier 2,parboil_tpacf,benchmark-results-parboil-tpacf,74071320607,completed,failure,14336,1180,tpacf_rr,14336,,,,,,,,,,,No invocation evidence for this later plan entry; benchmark job stopped after first timed_out_600s at size 512 (plan index 1145).
unknown_not_attempted_after_prior_failure,no downloaded CSV row and no OK/TIMEOUT/CRASH log event for this workflow size,Tier 2,parboil_tpacf,benchmark-results-parboil-tpacf,74071320607,completed,failure,16384,1181,tpacf_dd,16384,,,,,,,,,,,No invocation evidence for this later plan entry; benchmark job stopped after first timed_out_600s at size 512 (plan index 1145).
unknown_not_attempted_after_prior_failure,no downloaded CSV row and no OK/TIMEOUT/CRASH log event for this workflow size,Tier 2,parboil_tpacf,benchmark-results-parboil-tpacf,74071320607,completed,failure,16384,1182,tpacf_dr,16384,,,,,,,,,,,No invocation evidence for this later plan entry; benchmark job stopped after first timed_out_600s at size 512 (plan index 1145).
unknown_not_attempted_after_prior_failure,no downloaded CSV row and no OK/TIMEOUT/CRASH log event for this workflow size,Tier 2,parboil_tpacf,benchmark-results-parboil-tpacf,74071320607,completed,failure,16384,1183,tpacf_rr,16384,,,,,,,,,,,No invocation evidence for this later plan entry; benchmark job stopped after first timed_out_600s at size 512 (plan index 1145).
unknown_not_attempted_after_prior_failure,no downloaded CSV row and no OK/TIMEOUT/CRASH log event for this workflow size,Tier 2,parboil_tpacf,benchmark-results-parboil-tpacf,74071320607,completed,failure,20480,1184,tpacf_dd,20480,,,,,,,,,,,No invocation evidence for this later plan entry; benchmark job stopped after first timed_out_600s at size 512 (plan index 1145).
unknown_not_attempted_after_prior_failure,no downloaded CSV row and no OK/TIMEOUT/CRASH log event for this workflow size,Tier 2,parboil_tpacf,benchmark-results-parboil-tpacf,74071320607,completed,failure,20480,1185,tpacf_dr,20480,,,,,,,,,,,No invocation evidence for this later plan entry; benchmark job stopped after first timed_out_600s at size 512 (plan index 1145).
unknown_not_attempted_after_prior_failure,no downloaded CSV row and no OK/TIMEOUT/CRASH log event for this workflow size,Tier 2,parboil_tpacf,benchmark-results-parboil-tpacf,74071320607,completed,failure,20480,1186,tpacf_rr,20480,,,,,,,,,,,No invocation evidence for this later plan entry; benchmark job stopped after first timed_out_600s at size 512 (plan index 1145).
unknown_not_attempted_after_prior_failure,no downloaded CSV row and no OK/TIMEOUT/CRASH log event for this workflow size,Tier 2,parboil_tpacf,benchmark-results-parboil-tpacf,74071320607,completed,failure,24576,1187,tpacf_dd,24576,,,,,,,,,,,No invocation evidence for this later plan entry; benchmark job stopped after first timed_out_600s at size 512 (plan index 1145).
unknown_not_attempted_after_prior_failure,no downloaded CSV row and no OK/TIMEOUT/CRASH log event for this workflow size,Tier 2,parboil_tpacf,benchmark-results-parboil-tpacf,74071320607,completed,failure,24576,1188,tpacf_dr,24576,,,,,,,,,,,No invocation evidence for this later plan entry; benchmark job stopped after first timed_out_600s at size 512 (plan index 1145).
unknown_not_attempted_after_prior_failure,no downloaded CSV row and no OK/TIMEOUT/CRASH log event for this workflow size,Tier 2,parboil_tpacf,benchmark-results-parboil-tpacf,74071320607,completed,failure,24576,1189,tpacf_rr,24576,,,,,,,,,,,No invocation evidence for this later plan entry; benchmark job stopped after first timed_out_600s at size 512 (plan index 1145).
unknown_not_attempted_after_prior_failure,no downloaded CSV row and no OK/TIMEOUT/CRASH log event for this workflow size,Tier 2,parboil_tpacf,benchmark-results-parboil-tpacf,74071320607,completed,failure,28672,1190,tpacf_dd,28672,,,,,,,,,,,No invocation evidence for this later plan entry; benchmark job stopped after first timed_out_600s at size 512 (plan index 1145).
unknown_not_attempted_after_prior_failure,no downloaded CSV row and no OK/TIMEOUT/CRASH log event for this workflow size,Tier 2,parboil_tpacf,benchmark-results-parboil-tpacf,74071320607,completed,failure,28672,1191,tpacf_dr,28672,,,,,,,,,,,No invocation evidence for this later plan entry; benchmark job stopped after first timed_out_600s at size 512 (plan index 1145).
unknown_not_attempted_after_prior_failure,no downloaded CSV row and no OK/TIMEOUT/CRASH log event for this workflow size,Tier 2,parboil_tpacf,benchmark-results-parboil-tpacf,74071320607,completed,failure,28672,1192,tpacf_rr,28672,,,,,,,,,,,No invocation evidence for this later plan entry; benchmark job stopped after first timed_out_600s at size 512 (plan index 1145).
unknown_not_attempted_after_prior_failure,no downloaded CSV row and no OK/TIMEOUT/CRASH log event for this workflow size,Tier 2,parboil_tpacf,benchmark-results-parboil-tpacf,74071320607,completed,failure,32768,1193,tpacf_dd,32768,,,,,,,,,,,No invocation evidence for this later plan entry; benchmark job stopped after first timed_out_600s at size 512 (plan index 1145).
unknown_not_attempted_after_prior_failure,no downloaded CSV row and no OK/TIMEOUT/CRASH log event for this workflow size,Tier 2,parboil_tpacf,benchmark-results-parboil-tpacf,74071320607,completed,failure,32768,1194,tpacf_dr,32768,,,,,,,,,,,No invocation evidence for this later plan entry; benchmark job stopped after first timed_out_600s at size 512 (plan index 1145).
unknown_not_attempted_after_prior_failure,no downloaded CSV row and no OK/TIMEOUT/CRASH log event for this workflow size,Tier 2,parboil_tpacf,benchmark-results-parboil-tpacf,74071320607,completed,failure,32768,1195,tpacf_rr,32768,,,,,,,,,,,No invocation evidence for this later plan entry; benchmark job stopped after first timed_out_600s at size 512 (plan index 1145).
known_finished_from_downloaded_benchmark_results_csv_and_run_log_ok,downloaded artifact benchmark-results-md5hash/results_md5hash.csv plus run log line 52015,Tier 2,md5hash,benchmark-results-md5hash,74071320619,completed,failure,512,1196,md5hash,512,md5hash,512,1,0.007869,0.007869,0.007869,2026-05-02T22:11:33.5981166Z,finished,52015,[OK] md5hash 512 -> 0.007869 ms,"Workflow-size invocation finished within the 600s timeout and emitted a CSV row. For plan rows sharing one workflow size, this is invocation-level evidence, not independent per-hardware-kernel timing evidence."
known_finished_from_downloaded_benchmark_results_csv_and_run_log_ok,downloaded artifact benchmark-results-md5hash/results_md5hash.csv plus run log line 52019,Tier 2,md5hash,benchmark-results-md5hash,74071320619,completed,failure,1024,1197,md5hash,1024,md5hash,1024,1,0.007868,0.007868,0.007868,2026-05-02T22:11:35.3995984Z,finished,52019,[OK] md5hash 1024 -> 0.007868 ms,"Workflow-size invocation finished within the 600s timeout and emitted a CSV row. For plan rows sharing one workflow size, this is invocation-level evidence, not independent per-hardware-kernel timing evidence."
known_finished_from_downloaded_benchmark_results_csv_and_run_log_ok,downloaded artifact benchmark-results-md5hash/results_md5hash.csv plus run log line 52023,Tier 2,md5hash,benchmark-results-md5hash,74071320619,completed,failure,2048,1198,md5hash,2048,md5hash,2048,1,0.007873,0.007873,0.007873,2026-05-02T22:11:38.9374569Z,finished,52023,[OK] md5hash 2048 -> 0.007873 ms,"Workflow-size invocation finished within the 600s timeout and emitted a CSV row. For plan rows sharing one workflow size, this is invocation-level evidence, not independent per-hardware-kernel timing evidence."
known_finished_from_downloaded_benchmark_results_csv_and_run_log_ok,downloaded artifact benchmark-results-md5hash/results_md5hash.csv plus run log line 52027,Tier 2,md5hash,benchmark-results-md5hash,74071320619,completed,failure,4096,1199,md5hash,4096,md5hash,4096,1,0.007872,0.007872,0.007872,2026-05-02T22:11:47.1513862Z,finished,52027,[OK] md5hash 4096 -> 0.007872 ms,"Workflow-size invocation finished within the 600s timeout and emitted a CSV row. For plan rows sharing one workflow size, this is invocation-level evidence, not independent per-hardware-kernel timing evidence."
known_finished_from_downloaded_benchmark_results_csv_and_run_log_ok,downloaded artifact benchmark-results-md5hash/results_md5hash.csv plus run log line 52031,Tier 2,md5hash,benchmark-results-md5hash,74071320619,completed,failure,8192,1200,md5hash,8192,md5hash,8192,1,0.007880,0.007880,0.007880,2026-05-02T22:12:05.4995328Z,finished,52031,[OK] md5hash 8192 -> 0.007880 ms,"Workflow-size invocation finished within the 600s timeout and emitted a CSV row. For plan rows sharing one workflow size, this is invocation-level evidence, not independent per-hardware-kernel timing evidence."
known_finished_from_downloaded_benchmark_results_csv_and_run_log_ok,downloaded artifact benchmark-results-md5hash/results_md5hash.csv plus run log line 52035,Tier 2,md5hash,benchmark-results-md5hash,74071320619,completed,failure,16384,1201,md5hash,16384,md5hash,16384,1,0.008726,0.008726,0.008726,2026-05-02T22:12:52.9102984Z,finished,52035,[OK] md5hash 16384 -> 0.008726 ms,"Workflow-size invocation finished within the 600s timeout and emitted a CSV row. For plan rows sharing one workflow size, this is invocation-level evidence, not independent per-hardware-kernel timing evidence."
known_finished_from_downloaded_benchmark_results_csv_and_run_log_ok,downloaded artifact benchmark-results-md5hash/results_md5hash.csv plus run log line 52039,Tier 2,md5hash,benchmark-results-md5hash,74071320619,completed,failure,32768,1202,md5hash,32768,md5hash,32768,1,0.010350,0.010350,0.010350,2026-05-02T22:14:37.6806342Z,finished,52039,[OK] md5hash 32768 -> 0.010350 ms,"Workflow-size invocation finished within the 600s timeout and emitted a CSV row. For plan rows sharing one workflow size, this is invocation-level evidence, not independent per-hardware-kernel timing evidence."
known_finished_from_downloaded_benchmark_results_csv_and_run_log_ok,downloaded artifact benchmark-results-md5hash/results_md5hash.csv plus run log line 52043,Tier 2,md5hash,benchmark-results-md5hash,74071320619,completed,failure,65536,1203,md5hash,65536,md5hash,65536,1,0.013710,0.013710,0.013710,2026-05-02T22:18:50.4946049Z,finished,52043,[OK] md5hash 65536 -> 0.013710 ms,"Workflow-size invocation finished within the 600s timeout and emitted a CSV row. For plan rows sharing one workflow size, this is invocation-level evidence, not independent per-hardware-kernel timing evidence."
known_timed_out_at_600s_from_run_log,run log line 52047,Tier 2,md5hash,benchmark-results-md5hash,74071320619,completed,failure,131072,1204,md5hash,131072,,,,,,,2026-05-02T22:28:50.5738085Z,timed_out_600s,52047,##[warning]TIMEOUT: md5hash 131072 (>600s),The simulator invocation reached the workflow timeout command threshold (>600s); the job loop broke after this failure.
unknown_not_attempted_after_prior_failure,no downloaded CSV row and no OK/TIMEOUT/CRASH log event for this workflow size,Tier 2,md5hash,benchmark-results-md5hash,74071320619,completed,failure,262144,1205,md5hash,262144,,,,,,,,,,,No invocation evidence for this later plan entry; benchmark job stopped after first timed_out_600s at size 131072 (plan index 1204).
unknown_not_attempted_after_prior_failure,no downloaded CSV row and no OK/TIMEOUT/CRASH log event for this workflow size,Tier 2,md5hash,benchmark-results-md5hash,74071320619,completed,failure,524288,1206,md5hash,524288,,,,,,,,,,,No invocation evidence for this later plan entry; benchmark job stopped after first timed_out_600s at size 131072 (plan index 1204).
unknown_not_attempted_after_prior_failure,no downloaded CSV row and no OK/TIMEOUT/CRASH log event for this workflow size,Tier 2,md5hash,benchmark-results-md5hash,74071320619,completed,failure,1048576,1207,md5hash,1048576,,,,,,,,,,,No invocation evidence for this later plan entry; benchmark job stopped after first timed_out_600s at size 131072 (plan index 1204).
unknown_not_attempted_after_prior_failure,no downloaded CSV row and no OK/TIMEOUT/CRASH log event for this workflow size,Tier 2,md5hash,benchmark-results-md5hash,74071320619,completed,failure,2097152,1208,md5hash,2097152,,,,,,,,,,,No invocation evidence for this later plan entry; benchmark job stopped after first timed_out_600s at size 131072 (plan index 1204).
unknown_not_attempted_after_prior_failure,no downloaded CSV row and no OK/TIMEOUT/CRASH log event for this workflow size,Tier 2,md5hash,benchmark-results-md5hash,74071320619,completed,failure,4194304,1209,md5hash,4194304,,,,,,,,,,,No invocation evidence for this later plan entry; benchmark job stopped after first timed_out_600s at size 131072 (plan index 1204).
unknown_not_attempted_after_prior_failure,no downloaded CSV row and no OK/TIMEOUT/CRASH log event for this workflow size,Tier 2,md5hash,benchmark-results-md5hash,74071320619,completed,failure,8388608,1210,md5hash,8388608,,,,,,,,,,,No invocation evidence for this later plan entry; benchmark job stopped after first timed_out_600s at size 131072 (plan index 1204).
unknown_not_attempted_after_prior_failure,no downloaded CSV row and no OK/TIMEOUT/CRASH log event for this workflow size,Tier 2,md5hash,benchmark-results-md5hash,74071320619,completed,failure,16777216,1211,md5hash,16777216,,,,,,,,,,,No invocation evidence for this later plan entry; benchmark job stopped after first timed_out_600s at size 131072 (plan index 1204).
known_finished_from_downloaded_benchmark_results_csv_and_run_log_ok,downloaded artifact benchmark-results-qtc/results_qtc.csv plus run log line 52644,Tier 2,qtc,benchmark-results-qtc,74071320632,completed,failure,64,1212,qtc,64,qtc,64,1,0.005447,0.005447,0.005447,2026-05-02T22:11:37.4360327Z,finished,52644,[OK] qtc 64 -> 0.005447 ms,"Workflow-size invocation finished within the 600s timeout and emitted a CSV row. For plan rows sharing one workflow size, this is invocation-level evidence, not independent per-hardware-kernel timing evidence."
known_finished_from_downloaded_benchmark_results_csv_and_run_log_ok,downloaded artifact benchmark-results-qtc/results_qtc.csv plus run log line 52648,Tier 2,qtc,benchmark-results-qtc,74071320632,completed,failure,128,1213,qtc,128,qtc,128,1,0.010341,0.010341,0.010341,2026-05-02T22:11:37.7706498Z,finished,52648,[OK] qtc 128 -> 0.010341 ms,"Workflow-size invocation finished within the 600s timeout and emitted a CSV row. For plan rows sharing one workflow size, this is invocation-level evidence, not independent per-hardware-kernel timing evidence."
known_finished_from_downloaded_benchmark_results_csv_and_run_log_ok,downloaded artifact benchmark-results-qtc/results_qtc.csv plus run log line 52652,Tier 2,qtc,benchmark-results-qtc,74071320632,completed,failure,192,1214,qtc,192,qtc,192,1,0.015235,0.015235,0.015235,2026-05-02T22:11:38.3143361Z,finished,52652,[OK] qtc 192 -> 0.015235 ms,"Workflow-size invocation finished within the 600s timeout and emitted a CSV row. For plan rows sharing one workflow size, this is invocation-level evidence, not independent per-hardware-kernel timing evidence."
known_finished_from_downloaded_benchmark_results_csv_and_run_log_ok,downloaded artifact benchmark-results-qtc/results_qtc.csv plus run log line 52656,Tier 2,qtc,benchmark-results-qtc,74071320632,completed,failure,256,1215,qtc,256,qtc,256,1,0.020238,0.020238,0.020238,2026-05-02T22:11:39.1708810Z,finished,52656,[OK] qtc 256 -> 0.020238 ms,"Workflow-size invocation finished within the 600s timeout and emitted a CSV row. For plan rows sharing one workflow size, this is invocation-level evidence, not independent per-hardware-kernel timing evidence."
known_finished_from_downloaded_benchmark_results_csv_and_run_log_ok,downloaded artifact benchmark-results-qtc/results_qtc.csv plus run log line 52660,Tier 2,qtc,benchmark-results-qtc,74071320632,completed,failure,384,1216,qtc,384,qtc,384,1,0.029914,0.029914,0.029914,2026-05-02T22:11:42.0128127Z,finished,52660,[OK] qtc 384 -> 0.029914 ms,"Workflow-size invocation finished within the 600s timeout and emitted a CSV row. For plan rows sharing one workflow size, this is invocation-level evidence, not independent per-hardware-kernel timing evidence."
known_finished_from_downloaded_benchmark_results_csv_and_run_log_ok,downloaded artifact benchmark-results-qtc/results_qtc.csv plus run log line 52664,Tier 2,qtc,benchmark-results-qtc,74071320632,completed,failure,512,1217,qtc,512,qtc,512,1,0.039934,0.039934,0.039934,2026-05-02T22:11:46.8755209Z,finished,52664,[OK] qtc 512 -> 0.039934 ms,"Workflow-size invocation finished within the 600s timeout and emitted a CSV row. For plan rows sharing one workflow size, this is invocation-level evidence, not independent per-hardware-kernel timing evidence."
known_finished_from_downloaded_benchmark_results_csv_and_run_log_ok,downloaded artifact benchmark-results-qtc/results_qtc.csv plus run log line 52668,Tier 2,qtc,benchmark-results-qtc,74071320632,completed,failure,768,1218,qtc,768,qtc,768,1,0.059638,0.059638,0.059638,2026-05-02T22:12:10.0502407Z,finished,52668,[OK] qtc 768 -> 0.059638 ms,"Workflow-size invocation finished within the 600s timeout and emitted a CSV row. For plan rows sharing one workflow size, this is invocation-level evidence, not independent per-hardware-kernel timing evidence."
known_finished_from_downloaded_benchmark_results_csv_and_run_log_ok,downloaded artifact benchmark-results-qtc/results_qtc.csv plus run log line 52672,Tier 2,qtc,benchmark-results-qtc,74071320632,completed,failure,1024,1219,qtc,1024,qtc,1024,1,0.078848,0.078848,0.078848,2026-05-02T22:14:50.9375035Z,finished,52672,[OK] qtc 1024 -> 0.078848 ms,"Workflow-size invocation finished within the 600s timeout and emitted a CSV row. For plan rows sharing one workflow size, this is invocation-level evidence, not independent per-hardware-kernel timing evidence."
known_timed_out_at_600s_from_run_log,run log line 52676,Tier 2,qtc,benchmark-results-qtc,74071320632,completed,failure,1536,1220,qtc,1536,,,,,,,2026-05-02T22:24:50.9557890Z,timed_out_600s,52676,##[warning]TIMEOUT: qtc 1536 (>600s),The simulator invocation reached the workflow timeout command threshold (>600s); the job loop broke after this failure.
unknown_not_attempted_after_prior_failure,no downloaded CSV row and no OK/TIMEOUT/CRASH log event for this workflow size,Tier 2,qtc,benchmark-results-qtc,74071320632,completed,failure,2048,1221,qtc,2048,,,,,,,,,,,No invocation evidence for this later plan entry; benchmark job stopped after first timed_out_600s at size 1536 (plan index 1220).
unknown_not_attempted_after_prior_failure,no downloaded CSV row and no OK/TIMEOUT/CRASH log event for this workflow size,Tier 2,qtc,benchmark-results-qtc,74071320632,completed,failure,3072,1222,qtc,3072,,,,,,,,,,,No invocation evidence for this later plan entry; benchmark job stopped after first timed_out_600s at size 1536 (plan index 1220).
unknown_not_attempted_after_prior_failure,no downloaded CSV row and no OK/TIMEOUT/CRASH log event for this workflow size,Tier 2,qtc,benchmark-results-qtc,74071320632,completed,failure,4096,1223,qtc,4096,,,,,,,,,,,No invocation evidence for this later plan entry; benchmark job stopped after first timed_out_600s at size 1536 (plan index 1220).
unknown_not_attempted_after_prior_failure,no downloaded CSV row and no OK/TIMEOUT/CRASH log event for this workflow size,Tier 2,qtc,benchmark-results-qtc,74071320632,completed,failure,6144,1224,qtc,6144,,,,,,,,,,,No invocation evidence for this later plan entry; benchmark job stopped after first timed_out_600s at size 1536 (plan index 1220).
unknown_not_attempted_after_prior_failure,no downloaded CSV row and no OK/TIMEOUT/CRASH log event for this workflow size,Tier 2,qtc,benchmark-results-qtc,74071320632,completed,failure,8192,1225,qtc,8192,,,,,,,,,,,No invocation evidence for this later plan entry; benchmark job stopped after first timed_out_600s at size 1536 (plan index 1220).
unknown_not_attempted_after_prior_failure,no downloaded CSV row and no OK/TIMEOUT/CRASH log event for this workflow size,Tier 2,qtc,benchmark-results-qtc,74071320632,completed,failure,12288,1226,qtc,12288,,,,,,,,,,,No invocation evidence for this later plan entry; benchmark job stopped after first timed_out_600s at size 1536 (plan index 1220).
unknown_not_attempted_after_prior_failure,no downloaded CSV row and no OK/TIMEOUT/CRASH log event for this workflow size,Tier 2,qtc,benchmark-results-qtc,74071320632,completed,failure,16384,1227,qtc,16384,,,,,,,,,,,No invocation evidence for this later plan entry; benchmark job stopped after first timed_out_600s at size 1536 (plan index 1220).
known_timed_out_at_600s_from_run_log,run log line 53254,Tier 2,gelu,benchmark-results-gelu,74071320638,completed,failure,n16777216_bs256_ept1_gelu,1228,gelu,n16777216_bs256_ept1_gelu,,,,,,,2026-05-02T22:24:44.1424668Z,timed_out_600s,53254,##[warning]TIMEOUT: gelu n16777216_bs256_ept1_gelu (>600s),The simulator invocation reached the workflow timeout command threshold (>600s); the job loop broke after this failure.
known_finished_from_downloaded_benchmark_results_csv_and_run_log_ok,downloaded artifact benchmark-results-softmax/results_softmax.csv plus run log line 53815,Tier 2,softmax,benchmark-results-softmax,74071320657,completed,failure,rows64_cols1024_bs256,1229,softmax,rows64_cols1024_bs256,softmax,rows64_cols1024_bs256,1,0.002755,0.002755,0.002755,2026-05-02T22:15:20.1680954Z,finished,53815,[OK] softmax rows64_cols1024_bs256 -> 0.002755 ms,"Workflow-size invocation finished within the 600s timeout and emitted a CSV row. For plan rows sharing one workflow size, this is invocation-level evidence, not independent per-hardware-kernel timing evidence."
known_finished_from_downloaded_benchmark_results_csv_and_run_log_ok,downloaded artifact benchmark-results-softmax/results_softmax.csv plus run log line 53819,Tier 2,softmax,benchmark-results-softmax,74071320657,completed,failure,rows128_cols1024_bs256,1230,softmax,rows128_cols1024_bs256,softmax,rows128_cols1024_bs256,1,0.003145,0.003145,0.003145,2026-05-02T22:15:28.3891833Z,finished,53819,[OK] softmax rows128_cols1024_bs256 -> 0.003145 ms,"Workflow-size invocation finished within the 600s timeout and emitted a CSV row. For plan rows sharing one workflow size, this is invocation-level evidence, not independent per-hardware-kernel timing evidence."
known_finished_from_downloaded_benchmark_results_csv_and_run_log_ok,downloaded artifact benchmark-results-softmax/results_softmax.csv plus run log line 53823,Tier 2,softmax,benchmark-results-softmax,74071320657,completed,failure,rows256_cols1024_bs256,1231,softmax,rows256_cols1024_bs256,softmax,rows256_cols1024_bs256,1,0.004592,0.004592,0.004592,2026-05-02T22:15:47.7549020Z,finished,53823,[OK] softmax rows256_cols1024_bs256 -> 0.004592 ms,"Workflow-size invocation finished within the 600s timeout and emitted a CSV row. For plan rows sharing one workflow size, this is invocation-level evidence, not independent per-hardware-kernel timing evidence."
known_finished_from_downloaded_benchmark_results_csv_and_run_log_ok,downloaded artifact benchmark-results-softmax/results_softmax.csv plus run log line 53827,Tier 2,softmax,benchmark-results-softmax,74071320657,completed,failure,rows512_cols1024_bs256,1232,softmax,rows512_cols1024_bs256,softmax,rows512_cols1024_bs256,1,0.007831,0.007831,0.007831,2026-05-02T22:16:50.2702606Z,finished,53827,[OK] softmax rows512_cols1024_bs256 -> 0.007831 ms,"Workflow-size invocation finished within the 600s timeout and emitted a CSV row. For plan rows sharing one workflow size, this is invocation-level evidence, not independent per-hardware-kernel timing evidence."
known_finished_from_downloaded_benchmark_results_csv_and_run_log_ok,downloaded artifact benchmark-results-softmax/results_softmax.csv plus run log line 53831,Tier 2,softmax,benchmark-results-softmax,74071320657,completed,failure,rows1024_cols1024_bs256,1233,softmax,rows1024_cols1024_bs256,softmax,rows1024_cols1024_bs256,1,0.014409,0.014409,0.014409,2026-05-02T22:19:52.3246937Z,finished,53831,[OK] softmax rows1024_cols1024_bs256 -> 0.014409 ms,"Workflow-size invocation finished within the 600s timeout and emitted a CSV row. For plan rows sharing one workflow size, this is invocation-level evidence, not independent per-hardware-kernel timing evidence."
known_timed_out_at_600s_from_run_log,run log line 53835,Tier 2,softmax,benchmark-results-softmax,74071320657,completed,failure,rows2048_cols1024_bs256,1234,softmax,rows2048_cols1024_bs256,,,,,,,2026-05-02T22:29:52.3720737Z,timed_out_600s,53835,##[warning]TIMEOUT: softmax rows2048_cols1024_bs256 (>600s),The simulator invocation reached the workflow timeout command threshold (>600s); the job loop broke after this failure.
unknown_not_attempted_after_prior_failure,no downloaded CSV row and no OK/TIMEOUT/CRASH log event for this workflow size,Tier 2,softmax,benchmark-results-softmax,74071320657,completed,failure,rows4096_cols1024_bs256,1235,softmax,rows4096_cols1024_bs256,,,,,,,,,,,No invocation evidence for this later plan entry; benchmark job stopped after first timed_out_600s at size rows2048_cols1024_bs256 (plan index 1234).
unknown_not_attempted_after_prior_failure,no downloaded CSV row and no OK/TIMEOUT/CRASH log event for this workflow size,Tier 2,softmax,benchmark-results-softmax,74071320657,completed,failure,rows8192_cols1024_bs256,1236,softmax,rows8192_cols1024_bs256,,,,,,,,,,,No invocation evidence for this later plan entry; benchmark job stopped after first timed_out_600s at size rows2048_cols1024_bs256 (plan index 1234).
unknown_not_attempted_after_prior_failure,no downloaded CSV row and no OK/TIMEOUT/CRASH log event for this workflow size,Tier 2,softmax,benchmark-results-softmax,74071320657,completed,failure,rows12288_cols1024_bs256,1237,softmax,rows12288_cols1024_bs256,,,,,,,,,,,No invocation evidence for this later plan entry; benchmark job stopped after first timed_out_600s at size rows2048_cols1024_bs256 (plan index 1234).
unknown_not_attempted_after_prior_failure,no downloaded CSV row and no OK/TIMEOUT/CRASH log event for this workflow size,Tier 2,softmax,benchmark-results-softmax,74071320657,completed,failure,rows16384_cols1024_bs256,1238,softmax,rows16384_cols1024_bs256,,,,,,,,,,,No invocation evidence for this later plan entry; benchmark job stopped after first timed_out_600s at size rows2048_cols1024_bs256 (plan index 1234).
unknown_not_attempted_after_prior_failure,no downloaded CSV row and no OK/TIMEOUT/CRASH log event for this workflow size,Tier 2,softmax,benchmark-results-softmax,74071320657,completed,failure,rows24576_cols1024_bs256,1239,softmax,rows24576_cols1024_bs256,,,,,,,,,,,No invocation evidence for this later plan entry; benchmark job stopped after first timed_out_600s at size rows2048_cols1024_bs256 (plan index 1234).
unknown_not_attempted_after_prior_failure,no downloaded CSV row and no OK/TIMEOUT/CRASH log event for this workflow size,Tier 2,softmax,benchmark-results-softmax,74071320657,completed,failure,rows32768_cols1024_bs256,1240,softmax,rows32768_cols1024_bs256,,,,,,,,,,,No invocation evidence for this later plan entry; benchmark job stopped after first timed_out_600s at size rows2048_cols1024_bs256 (plan index 1234).
unknown_not_attempted_after_prior_failure,no downloaded CSV row and no OK/TIMEOUT/CRASH log event for this workflow size,Tier 2,softmax,benchmark-results-softmax,74071320657,completed,failure,rows49152_cols1024_bs256,1241,softmax,rows49152_cols1024_bs256,,,,,,,,,,,No invocation evidence for this later plan entry; benchmark job stopped after first timed_out_600s at size rows2048_cols1024_bs256 (plan index 1234).
unknown_not_attempted_after_prior_failure,no downloaded CSV row and no OK/TIMEOUT/CRASH log event for this workflow size,Tier 2,softmax,benchmark-results-softmax,74071320657,completed,failure,rows65536_cols1024_bs256,1242,softmax,rows65536_cols1024_bs256,,,,,,,,,,,No invocation evidence for this later plan entry; benchmark job stopped after first timed_out_600s at size rows2048_cols1024_bs256 (plan index 1234).
unknown_not_attempted_after_prior_failure,no downloaded CSV row and no OK/TIMEOUT/CRASH log event for this workflow size,Tier 2,softmax,benchmark-results-softmax,74071320657,completed,failure,rows98304_cols1024_bs256,1243,softmax,rows98304_cols1024_bs256,,,,,,,,,,,No invocation evidence for this later plan entry; benchmark job stopped after first timed_out_600s at size rows2048_cols1024_bs256 (plan index 1234).
unknown_not_attempted_after_prior_failure,no downloaded CSV row and no OK/TIMEOUT/CRASH log event for this workflow size,Tier 2,softmax,benchmark-results-softmax,74071320657,completed,failure,rows131072_cols1024_bs256,1244,softmax,rows131072_cols1024_bs256,,,,,,,,,,,No invocation evidence for this later plan entry; benchmark job stopped after first timed_out_600s at size rows2048_cols1024_bs256 (plan index 1234).
unknown_not_attempted_after_prior_failure,no downloaded CSV row and no OK/TIMEOUT/CRASH log event for this workflow size,Tier 2,softmax,benchmark-results-softmax,74071320657,completed,failure,rows196608_cols1024_bs256,1245,softmax,rows196608_cols1024_bs256,,,,,,,,,,,No invocation evidence for this later plan entry; benchmark job stopped after first timed_out_600s at size rows2048_cols1024_bs256 (plan index 1234).
unknown_not_attempted_after_prior_failure,no downloaded CSV row and no OK/TIMEOUT/CRASH log event for this workflow size,Tier 2,softmax,benchmark-results-softmax,74071320657,completed,failure,rows262144_cols1024_bs256,1246,softmax,rows262144_cols1024_bs256,,,,,,,,,,,No invocation evidence for this later plan entry; benchmark job stopped after first timed_out_600s at size rows2048_cols1024_bs256 (plan index 1234).
known_finished_from_downloaded_benchmark_results_csv_and_run_log_ok,downloaded artifact benchmark-results-layernorm/results_layernorm.csv plus run log line 55465,Tier 2,layernorm,benchmark-results-layernorm,74071320673,completed,failure,rows64_hid4096_bs256_layernorm,1247,layernorm,rows64_hid4096_bs256_layernorm,layernorm,rows64_hid4096_bs256_layernorm,1,0.005838,0.005838,0.005838,2026-05-02T22:17:45.1202660Z,finished,55465,[OK] layernorm rows64_hid4096_bs256_layernorm -> 0.005838 ms,"Workflow-size invocation finished within the 600s timeout and emitted a CSV row. For plan rows sharing one workflow size, this is invocation-level evidence, not independent per-hardware-kernel timing evidence."
known_finished_from_downloaded_benchmark_results_csv_and_run_log_ok,downloaded artifact benchmark-results-layernorm/results_layernorm.csv plus run log line 55469,Tier 2,layernorm,benchmark-results-layernorm,74071320673,completed,failure,rows128_hid4096_bs256_layernorm,1248,layernorm,rows128_hid4096_bs256_layernorm,layernorm,rows128_hid4096_bs256_layernorm,1,0.008653,0.008653,0.008653,2026-05-02T22:18:25.2373270Z,finished,55469,[OK] layernorm rows128_hid4096_bs256_layernorm -> 0.008653 ms,"Workflow-size invocation finished within the 600s timeout and emitted a CSV row. For plan rows sharing one workflow size, this is invocation-level evidence, not independent per-hardware-kernel timing evidence."
known_finished_from_downloaded_benchmark_results_csv_and_run_log_ok,downloaded artifact benchmark-results-layernorm/results_layernorm.csv plus run log line 55473,Tier 2,layernorm,benchmark-results-layernorm,74071320673,completed,failure,rows256_hid4096_bs256_layernorm,1249,layernorm,rows256_hid4096_bs256_layernorm,layernorm,rows256_hid4096_bs256_layernorm,1,0.014008,0.014008,0.014008,2026-05-02T22:19:56.8315467Z,finished,55473,[OK] layernorm rows256_hid4096_bs256_layernorm -> 0.014008 ms,"Workflow-size invocation finished within the 600s timeout and emitted a CSV row. For plan rows sharing one workflow size, this is invocation-level evidence, not independent per-hardware-kernel timing evidence."
known_finished_from_downloaded_benchmark_results_csv_and_run_log_ok,downloaded artifact benchmark-results-layernorm/results_layernorm.csv plus run log line 55477,Tier 2,layernorm,benchmark-results-layernorm,74071320673,completed,failure,rows512_hid4096_bs256_layernorm,1250,layernorm,rows512_hid4096_bs256_layernorm,layernorm,rows512_hid4096_bs256_layernorm,1,0.026413,0.026413,0.026413,2026-05-02T22:24:22.8851900Z,finished,55477,[OK] layernorm rows512_hid4096_bs256_layernorm -> 0.026413 ms,"Workflow-size invocation finished within the 600s timeout and emitted a CSV row. For plan rows sharing one workflow size, this is invocation-level evidence, not independent per-hardware-kernel timing evidence."
known_timed_out_at_600s_from_run_log,run log line 55481,Tier 2,layernorm,benchmark-results-layernorm,74071320673,completed,failure,rows1024_hid4096_bs256_layernorm,1251,layernorm,rows1024_hid4096_bs256_layernorm,,,,,,,2026-05-02T22:34:22.9693215Z,timed_out_600s,55481,##[warning]TIMEOUT: layernorm rows1024_hid4096_bs256_layernorm (>600s),The simulator invocation reached the workflow timeout command threshold (>600s); the job loop broke after this failure.
unknown_not_attempted_after_prior_failure,no downloaded CSV row and no OK/TIMEOUT/CRASH log event for this workflow size,Tier 2,layernorm,benchmark-results-layernorm,74071320673,completed,failure,rows2048_hid4096_bs256_layernorm,1252,layernorm,rows2048_hid4096_bs256_layernorm,,,,,,,,,,,No invocation evidence for this later plan entry; benchmark job stopped after first timed_out_600s at size rows1024_hid4096_bs256_layernorm (plan index 1251).
unknown_not_attempted_after_prior_failure,no downloaded CSV row and no OK/TIMEOUT/CRASH log event for this workflow size,Tier 2,layernorm,benchmark-results-layernorm,74071320673,completed,failure,rows4096_hid4096_bs256_layernorm,1253,layernorm,rows4096_hid4096_bs256_layernorm,,,,,,,,,,,No invocation evidence for this later plan entry; benchmark job stopped after first timed_out_600s at size rows1024_hid4096_bs256_layernorm (plan index 1251).
unknown_not_attempted_after_prior_failure,no downloaded CSV row and no OK/TIMEOUT/CRASH log event for this workflow size,Tier 2,layernorm,benchmark-results-layernorm,74071320673,completed,failure,rows6144_hid4096_bs256_layernorm,1254,layernorm,rows6144_hid4096_bs256_layernorm,,,,,,,,,,,No invocation evidence for this later plan entry; benchmark job stopped after first timed_out_600s at size rows1024_hid4096_bs256_layernorm (plan index 1251).
unknown_not_attempted_after_prior_failure,no downloaded CSV row and no OK/TIMEOUT/CRASH log event for this workflow size,Tier 2,layernorm,benchmark-results-layernorm,74071320673,completed,failure,rows8192_hid4096_bs256_layernorm,1255,layernorm,rows8192_hid4096_bs256_layernorm,,,,,,,,,,,No invocation evidence for this later plan entry; benchmark job stopped after first timed_out_600s at size rows1024_hid4096_bs256_layernorm (plan index 1251).
unknown_not_attempted_after_prior_failure,no downloaded CSV row and no OK/TIMEOUT/CRASH log event for this workflow size,Tier 2,layernorm,benchmark-results-layernorm,74071320673,completed,failure,rows10240_hid4096_bs256_layernorm,1256,layernorm,rows10240_hid4096_bs256_layernorm,,,,,,,,,,,No invocation evidence for this later plan entry; benchmark job stopped after first timed_out_600s at size rows1024_hid4096_bs256_layernorm (plan index 1251).
unknown_not_attempted_after_prior_failure,no downloaded CSV row and no OK/TIMEOUT/CRASH log event for this workflow size,Tier 2,layernorm,benchmark-results-layernorm,74071320673,completed,failure,rows12288_hid4096_bs256_layernorm,1257,layernorm,rows12288_hid4096_bs256_layernorm,,,,,,,,,,,No invocation evidence for this later plan entry; benchmark job stopped after first timed_out_600s at size rows1024_hid4096_bs256_layernorm (plan index 1251).
unknown_not_attempted_after_prior_failure,no downloaded CSV row and no OK/TIMEOUT/CRASH log event for this workflow size,Tier 2,layernorm,benchmark-results-layernorm,74071320673,completed,failure,rows16384_hid4096_bs256_layernorm,1258,layernorm,rows16384_hid4096_bs256_layernorm,,,,,,,,,,,No invocation evidence for this later plan entry; benchmark job stopped after first timed_out_600s at size rows1024_hid4096_bs256_layernorm (plan index 1251).
unknown_not_attempted_after_prior_failure,no downloaded CSV row and no OK/TIMEOUT/CRASH log event for this workflow size,Tier 2,layernorm,benchmark-results-layernorm,74071320673,completed,failure,rows20480_hid4096_bs256_layernorm,1259,layernorm,rows20480_hid4096_bs256_layernorm,,,,,,,,,,,No invocation evidence for this later plan entry; benchmark job stopped after first timed_out_600s at size rows1024_hid4096_bs256_layernorm (plan index 1251).
unknown_not_attempted_after_prior_failure,no downloaded CSV row and no OK/TIMEOUT/CRASH log event for this workflow size,Tier 2,layernorm,benchmark-results-layernorm,74071320673,completed,failure,rows24576_hid4096_bs256_layernorm,1260,layernorm,rows24576_hid4096_bs256_layernorm,,,,,,,,,,,No invocation evidence for this later plan entry; benchmark job stopped after first timed_out_600s at size rows1024_hid4096_bs256_layernorm (plan index 1251).
unknown_not_attempted_after_prior_failure,no downloaded CSV row and no OK/TIMEOUT/CRASH log event for this workflow size,Tier 2,layernorm,benchmark-results-layernorm,74071320673,completed,failure,rows32768_hid4096_bs256_layernorm,1261,layernorm,rows32768_hid4096_bs256_layernorm,,,,,,,,,,,No invocation evidence for this later plan entry; benchmark job stopped after first timed_out_600s at size rows1024_hid4096_bs256_layernorm (plan index 1251).
unknown_not_attempted_after_prior_failure,no downloaded CSV row and no OK/TIMEOUT/CRASH log event for this workflow size,Tier 2,layernorm,benchmark-results-layernorm,74071320673,completed,failure,rows49152_hid4096_bs256_layernorm,1262,layernorm,rows49152_hid4096_bs256_layernorm,,,,,,,,,,,No invocation evidence for this later plan entry; benchmark job stopped after first timed_out_600s at size rows1024_hid4096_bs256_layernorm (plan index 1251).
unknown_not_attempted_after_prior_failure,no downloaded CSV row and no OK/TIMEOUT/CRASH log event for this workflow size,Tier 2,layernorm,benchmark-results-layernorm,74071320673,completed,failure,rows65536_hid4096_bs256_layernorm,1263,layernorm,rows65536_hid4096_bs256_layernorm,,,,,,,,,,,No invocation evidence for this later plan entry; benchmark job stopped after first timed_out_600s at size rows1024_hid4096_bs256_layernorm (plan index 1251).
unknown_not_attempted_after_prior_failure,no downloaded CSV row and no OK/TIMEOUT/CRASH log event for this workflow size,Tier 2,layernorm,benchmark-results-layernorm,74071320673,completed,failure,rows131072_hid4096_bs256_layernorm,1264,layernorm,rows131072_hid4096_bs256_layernorm,,,,,,,,,,,No invocation evidence for this later plan entry; benchmark job stopped after first timed_out_600s at size rows1024_hid4096_bs256_layernorm (plan index 1251).
known_finished_from_downloaded_benchmark_results_csv_and_run_log_ok,downloaded artifact benchmark-results-fused-swiglu/results_fused_swiglu.csv plus run log line 54630,Tier 2,fused_swiglu,benchmark-results-fused-swiglu,74071320672,completed,failure,n49152_bs256_ept1_p1,1265,fused_swiglu,n49152_bs256_ept1_p1,fused_swiglu,n49152_bs256_ept1_p1,1,0.001245,0.001245,0.001245,2026-05-02T22:17:56.9898003Z,finished,54630,[OK] fused_swiglu n49152_bs256_ept1_p1 -> 0.001245 ms,"Workflow-size invocation finished within the 600s timeout and emitted a CSV row. For plan rows sharing one workflow size, this is invocation-level evidence, not independent per-hardware-kernel timing evidence."
known_finished_from_downloaded_benchmark_results_csv_and_run_log_ok,downloaded artifact benchmark-results-fused-swiglu/results_fused_swiglu.csv plus run log line 54634,Tier 2,fused_swiglu,benchmark-results-fused-swiglu,74071320672,completed,failure,n98304_bs256_ept1_p1,1266,fused_swiglu,n98304_bs256_ept1_p1,fused_swiglu,n98304_bs256_ept1_p1,1,0.002150,0.002150,0.002150,2026-05-02T22:17:59.4437549Z,finished,54634,[OK] fused_swiglu n98304_bs256_ept1_p1 -> 0.002150 ms,"Workflow-size invocation finished within the 600s timeout and emitted a CSV row. For plan rows sharing one workflow size, this is invocation-level evidence, not independent per-hardware-kernel timing evidence."
known_finished_from_downloaded_benchmark_results_csv_and_run_log_ok,downloaded artifact benchmark-results-fused-swiglu/results_fused_swiglu.csv plus run log line 54638,Tier 2,fused_swiglu,benchmark-results-fused-swiglu,74071320672,completed,failure,n196608_bs256_ept1_p1,1267,fused_swiglu,n196608_bs256_ept1_p1,fused_swiglu,n196608_bs256_ept1_p1,1,0.003966,0.003966,0.003966,2026-05-02T22:18:05.4120805Z,finished,54638,[OK] fused_swiglu n196608_bs256_ept1_p1 -> 0.003966 ms,"Workflow-size invocation finished within the 600s timeout and emitted a CSV row. For plan rows sharing one workflow size, this is invocation-level evidence, not independent per-hardware-kernel timing evidence."
known_finished_from_downloaded_benchmark_results_csv_and_run_log_ok,downloaded artifact benchmark-results-fused-swiglu/results_fused_swiglu.csv plus run log line 54642,Tier 2,fused_swiglu,benchmark-results-fused-swiglu,74071320672,completed,failure,n393216_bs256_ept1_p1,1268,fused_swiglu,n393216_bs256_ept1_p1,fused_swiglu,n393216_bs256_ept1_p1,1,0.007628,0.007628,0.007628,2026-05-02T22:18:23.0310198Z,finished,54642,[OK] fused_swiglu n393216_bs256_ept1_p1 -> 0.007628 ms,"Workflow-size invocation finished within the 600s timeout and emitted a CSV row. For plan rows sharing one workflow size, this is invocation-level evidence, not independent per-hardware-kernel timing evidence."
known_finished_from_downloaded_benchmark_results_csv_and_run_log_ok,downloaded artifact benchmark-results-fused-swiglu/results_fused_swiglu.csv plus run log line 54646,Tier 2,fused_swiglu,benchmark-results-fused-swiglu,74071320672,completed,failure,n786432_bs256_ept1_p1,1269,fused_swiglu,n786432_bs256_ept1_p1,fused_swiglu,n786432_bs256_ept1_p1,1,0.014963,0.014963,0.014963,2026-05-02T22:19:14.4738369Z,finished,54646,[OK] fused_swiglu n786432_bs256_ept1_p1 -> 0.014963 ms,"Workflow-size invocation finished within the 600s timeout and emitted a CSV row. For plan rows sharing one workflow size, this is invocation-level evidence, not independent per-hardware-kernel timing evidence."
known_finished_from_downloaded_benchmark_results_csv_and_run_log_ok,downloaded artifact benchmark-results-fused-swiglu/results_fused_swiglu.csv plus run log line 54650,Tier 2,fused_swiglu,benchmark-results-fused-swiglu,74071320672,completed,failure,n1572864_bs256_ept1_p1,1270,fused_swiglu,n1572864_bs256_ept1_p1,fused_swiglu,n1572864_bs256_ept1_p1,1,0.029511,0.029511,0.029511,2026-05-02T22:21:04.8854068Z,finished,54650,[OK] fused_swiglu n1572864_bs256_ept1_p1 -> 0.029511 ms,"Workflow-size invocation finished within the 600s timeout and emitted a CSV row. For plan rows sharing one workflow size, this is invocation-level evidence, not independent per-hardware-kernel timing evidence."
known_finished_from_downloaded_benchmark_results_csv_and_run_log_ok,downloaded artifact benchmark-results-fused-swiglu/results_fused_swiglu.csv plus run log line 54654,Tier 2,fused_swiglu,benchmark-results-fused-swiglu,74071320672,completed,failure,n3145728_bs256_ept1_p1,1271,fused_swiglu,n3145728_bs256_ept1_p1,fused_swiglu,n3145728_bs256_ept1_p1,1,0.058601,0.058601,0.058601,2026-05-02T22:25:37.0429944Z,finished,54654,[OK] fused_swiglu n3145728_bs256_ept1_p1 -> 0.058601 ms,"Workflow-size invocation finished within the 600s timeout and emitted a CSV row. For plan rows sharing one workflow size, this is invocation-level evidence, not independent per-hardware-kernel timing evidence."
known_finished_from_downloaded_benchmark_results_csv_and_run_log_ok,downloaded artifact benchmark-results-fused-swiglu/results_fused_swiglu.csv plus run log line 54658,Tier 2,fused_swiglu,benchmark-results-fused-swiglu,74071320672,completed,failure,n4194304_bs256_ept1_p1,1272,fused_swiglu,n4194304_bs256_ept1_p1,fused_swiglu,n4194304_bs256_ept1_p1,1,0.077988,0.077988,0.077988,2026-05-02T22:34:54.6206454Z,finished,54658,[OK] fused_swiglu n4194304_bs256_ept1_p1 -> 0.077988 ms,"Workflow-size invocation finished within the 600s timeout and emitted a CSV row. For plan rows sharing one workflow size, this is invocation-level evidence, not independent per-hardware-kernel timing evidence."
known_timed_out_at_600s_from_run_log,run log line 54662,Tier 2,fused_swiglu,benchmark-results-fused-swiglu,74071320672,completed,failure,n6291456_bs256_ept1_p1,1273,fused_swiglu,n6291456_bs256_ept1_p1,,,,,,,2026-05-02T22:44:54.6609680Z,timed_out_600s,54662,##[warning]TIMEOUT: fused_swiglu n6291456_bs256_ept1_p1 (>600s),The simulator invocation reached the workflow timeout command threshold (>600s); the job loop broke after this failure.
unknown_not_attempted_after_prior_failure,no downloaded CSV row and no OK/TIMEOUT/CRASH log event for this workflow size,Tier 2,fused_swiglu,benchmark-results-fused-swiglu,74071320672,completed,failure,n8388608_bs256_ept1_p1,1274,fused_swiglu,n8388608_bs256_ept1_p1,,,,,,,,,,,No invocation evidence for this later plan entry; benchmark job stopped after first timed_out_600s at size n6291456_bs256_ept1_p1 (plan index 1273).
unknown_not_attempted_after_prior_failure,no downloaded CSV row and no OK/TIMEOUT/CRASH log event for this workflow size,Tier 2,fused_swiglu,benchmark-results-fused-swiglu,74071320672,completed,failure,n11010048_bs256_ept1_p1,1275,fused_swiglu,n11010048_bs256_ept1_p1,,,,,,,,,,,No invocation evidence for this later plan entry; benchmark job stopped after first timed_out_600s at size n6291456_bs256_ept1_p1 (plan index 1273).
unknown_not_attempted_after_prior_failure,no downloaded CSV row and no OK/TIMEOUT/CRASH log event for this workflow size,Tier 2,fused_swiglu,benchmark-results-fused-swiglu,74071320672,completed,failure,n16777216_bs256_ept1_p1,1276,fused_swiglu,n16777216_bs256_ept1_p1,,,,,,,,,,,No invocation evidence for this later plan entry; benchmark job stopped after first timed_out_600s at size n6291456_bs256_ept1_p1 (plan index 1273).
unknown_not_attempted_after_prior_failure,no downloaded CSV row and no OK/TIMEOUT/CRASH log event for this workflow size,Tier 2,fused_swiglu,benchmark-results-fused-swiglu,74071320672,completed,failure,n22020096_bs256_ept1_p1,1277,fused_swiglu,n22020096_bs256_ept1_p1,,,,,,,,,,,No invocation evidence for this later plan entry; benchmark job stopped after first timed_out_600s at size n6291456_bs256_ept1_p1 (plan index 1273).
unknown_not_attempted_after_prior_failure,no downloaded CSV row and no OK/TIMEOUT/CRASH log event for this workflow size,Tier 2,fused_swiglu,benchmark-results-fused-swiglu,74071320672,completed,failure,n33554432_bs256_ept1_p1,1278,fused_swiglu,n33554432_bs256_ept1_p1,,,,,,,,,,,No invocation evidence for this later plan entry; benchmark job stopped after first timed_out_600s at size n6291456_bs256_ept1_p1 (plan index 1273).
unknown_not_attempted_after_prior_failure,no downloaded CSV row and no OK/TIMEOUT/CRASH log event for this workflow size,Tier 2,fused_swiglu,benchmark-results-fused-swiglu,74071320672,completed,failure,n45088768_bs256_ept1_p1,1279,fused_swiglu,n45088768_bs256_ept1_p1,,,,,,,,,,,No invocation evidence for this later plan entry; benchmark job stopped after first timed_out_600s at size n6291456_bs256_ept1_p1 (plan index 1273).
unknown_not_attempted_after_prior_failure,no downloaded CSV row and no OK/TIMEOUT/CRASH log event for this workflow size,Tier 2,fused_swiglu,benchmark-results-fused-swiglu,74071320672,completed,failure,n67108864_bs256_ept1_p1,1280,fused_swiglu,n67108864_bs256_ept1_p1,,,,,,,,,,,No invocation evidence for this later plan entry; benchmark job stopped after first timed_out_600s at size n6291456_bs256_ept1_p1 (plan index 1273).
unknown_not_attempted_after_prior_failure,no downloaded CSV row and no OK/TIMEOUT/CRASH log event for this workflow size,Tier 2,fused_swiglu,benchmark-results-fused-swiglu,74071320672,completed,failure,n90177536_bs256_ept1_p1,1281,fused_swiglu,n90177536_bs256_ept1_p1,,,,,,,,,,,No invocation evidence for this later plan entry; benchmark job stopped after first timed_out_600s at size n6291456_bs256_ept1_p1 (plan index 1273).
unknown_not_attempted_after_prior_failure,no downloaded CSV row and no OK/TIMEOUT/CRASH log event for this workflow size,Tier 2,fused_swiglu,benchmark-results-fused-swiglu,74071320672,completed,failure,n134217728_bs256_ept1_p1,1282,fused_swiglu,n134217728_bs256_ept1_p1,,,,,,,,,,,No invocation evidence for this later plan entry; benchmark job stopped after first timed_out_600s at size n6291456_bs256_ept1_p1 (plan index 1273).
known_finished_from_downloaded_benchmark_results_csv_and_run_log_ok,downloaded artifact benchmark-results-md-lj/results_md_lj.csv plus run log line 56092,Tier 2,md_lj,benchmark-results-md-lj,74071320837,completed,failure,128,1283,md,128,md,128,1,0.014444,0.014444,0.014444,2026-05-02T22:18:57.9795958Z,finished,56092,[OK] md_lj 128 -> 0.014444 ms,"Workflow-size invocation finished within the 600s timeout and emitted a CSV row. For plan rows sharing one workflow size, this is invocation-level evidence, not independent per-hardware-kernel timing evidence."
known_finished_from_downloaded_benchmark_results_csv_and_run_log_ok,downloaded artifact benchmark-results-md-lj/results_md_lj.csv plus run log line 56096,Tier 2,md_lj,benchmark-results-md-lj,74071320837,completed,failure,256,1284,md,256,md,256,1,0.027477,0.027477,0.027477,2026-05-02T22:20:08.8934416Z,finished,56096,[OK] md_lj 256 -> 0.027477 ms,"Workflow-size invocation finished within the 600s timeout and emitted a CSV row. For plan rows sharing one workflow size, this is invocation-level evidence, not independent per-hardware-kernel timing evidence."
known_finished_from_downloaded_benchmark_results_csv_and_run_log_ok,downloaded artifact benchmark-results-md-lj/results_md_lj.csv plus run log line 56100,Tier 2,md_lj,benchmark-results-md-lj,74071320837,completed,failure,512,1285,md,512,md,512,1,0.036674,0.036674,0.036674,2026-05-02T22:24:33.0141734Z,finished,56100,[OK] md_lj 512 -> 0.036674 ms,"Workflow-size invocation finished within the 600s timeout and emitted a CSV row. For plan rows sharing one workflow size, this is invocation-level evidence, not independent per-hardware-kernel timing evidence."
known_timed_out_at_600s_from_run_log,run log line 56104,Tier 2,md_lj,benchmark-results-md-lj,74071320837,completed,failure,1024,1286,md,1024,,,,,,,2026-05-02T22:34:33.0299084Z,timed_out_600s,56104,##[warning]TIMEOUT: md_lj 1024 (>600s),The simulator invocation reached the workflow timeout command threshold (>600s); the job loop broke after this failure.
unknown_not_attempted_after_prior_failure,no downloaded CSV row and no OK/TIMEOUT/CRASH log event for this workflow size,Tier 2,md_lj,benchmark-results-md-lj,74071320837,completed,failure,2048,1287,md,2048,,,,,,,,,,,No invocation evidence for this later plan entry; benchmark job stopped after first timed_out_600s at size 1024 (plan index 1286).
unknown_not_attempted_after_prior_failure,no downloaded CSV row and no OK/TIMEOUT/CRASH log event for this workflow size,Tier 2,md_lj,benchmark-results-md-lj,74071320837,completed,failure,4096,1288,md,4096,,,,,,,,,,,No invocation evidence for this later plan entry; benchmark job stopped after first timed_out_600s at size 1024 (plan index 1286).
unknown_not_attempted_after_prior_failure,no downloaded CSV row and no OK/TIMEOUT/CRASH log event for this workflow size,Tier 2,md_lj,benchmark-results-md-lj,74071320837,completed,failure,6144,1289,md,6144,,,,,,,,,,,No invocation evidence for this later plan entry; benchmark job stopped after first timed_out_600s at size 1024 (plan index 1286).
unknown_not_attempted_after_prior_failure,no downloaded CSV row and no OK/TIMEOUT/CRASH log event for this workflow size,Tier 2,md_lj,benchmark-results-md-lj,74071320837,completed,failure,8192,1290,md,8192,,,,,,,,,,,No invocation evidence for this later plan entry; benchmark job stopped after first timed_out_600s at size 1024 (plan index 1286).
unknown_not_attempted_after_prior_failure,no downloaded CSV row and no OK/TIMEOUT/CRASH log event for this workflow size,Tier 2,md_lj,benchmark-results-md-lj,74071320837,completed,failure,12288,1291,md,12288,,,,,,,,,,,No invocation evidence for this later plan entry; benchmark job stopped after first timed_out_600s at size 1024 (plan index 1286).
unknown_not_attempted_after_prior_failure,no downloaded CSV row and no OK/TIMEOUT/CRASH log event for this workflow size,Tier 2,md_lj,benchmark-results-md-lj,74071320837,completed,failure,16384,1292,md,16384,,,,,,,,,,,No invocation evidence for this later plan entry; benchmark job stopped after first timed_out_600s at size 1024 (plan index 1286).
unknown_not_attempted_after_prior_failure,no downloaded CSV row and no OK/TIMEOUT/CRASH log event for this workflow size,Tier 2,md_lj,benchmark-results-md-lj,74071320837,completed,failure,24576,1293,md,24576,,,,,,,,,,,No invocation evidence for this later plan entry; benchmark job stopped after first timed_out_600s at size 1024 (plan index 1286).
unknown_not_attempted_after_prior_failure,no downloaded CSV row and no OK/TIMEOUT/CRASH log event for this workflow size,Tier 2,md_lj,benchmark-results-md-lj,74071320837,completed,failure,32768,1294,md,32768,,,,,,,,,,,No invocation evidence for this later plan entry; benchmark job stopped after first timed_out_600s at size 1024 (plan index 1286).
unknown_not_attempted_after_prior_failure,no downloaded CSV row and no OK/TIMEOUT/CRASH log event for this workflow size,Tier 2,md_lj,benchmark-results-md-lj,74071320837,completed,failure,49152,1295,md,49152,,,,,,,,,,,No invocation evidence for this later plan entry; benchmark job stopped after first timed_out_600s at size 1024 (plan index 1286).
unknown_not_attempted_after_prior_failure,no downloaded CSV row and no OK/TIMEOUT/CRASH log event for this workflow size,Tier 2,md_lj,benchmark-results-md-lj,74071320837,completed,failure,65536,1296,md,65536,,,,,,,,,,,No invocation evidence for this later plan entry; benchmark job stopped after first timed_out_600s at size 1024 (plan index 1286).
unknown_not_attempted_after_prior_failure,no downloaded CSV row and no OK/TIMEOUT/CRASH log event for this workflow size,Tier 2,md_lj,benchmark-results-md-lj,74071320837,completed,failure,98304,1297,md,98304,,,,,,,,,,,No invocation evidence for this later plan entry; benchmark job stopped after first timed_out_600s at size 1024 (plan index 1286).
unknown_not_attempted_after_prior_failure,no downloaded CSV row and no OK/TIMEOUT/CRASH log event for this workflow size,Tier 2,md_lj,benchmark-results-md-lj,74071320837,completed,failure,131072,1298,md,131072,,,,,,,,,,,No invocation evidence for this later plan entry; benchmark job stopped after first timed_out_600s at size 1024 (plan index 1286).
known_finished_from_downloaded_benchmark_results_csv_and_run_log_ok,downloaded artifact benchmark-results-s3d/results_s3d.csv plus run log line 56716,Tier 2,s3d,benchmark-results-s3d,74071320843,completed,failure,512,1299,s3d,512,s3d,512,1,0.027544,0.027544,0.027544,2026-05-02T22:19:28.0247677Z,finished,56716,[OK] s3d 512 -> 0.027544 ms,"Workflow-size invocation finished within the 600s timeout and emitted a CSV row. For plan rows sharing one workflow size, this is invocation-level evidence, not independent per-hardware-kernel timing evidence."
known_finished_from_downloaded_benchmark_results_csv_and_run_log_ok,downloaded artifact benchmark-results-s3d/results_s3d.csv plus run log line 56720,Tier 2,s3d,benchmark-results-s3d,74071320843,completed,failure,1024,1300,s3d,1024,s3d,1024,1,0.034488,0.034488,0.034488,2026-05-02T22:19:42.0783145Z,finished,56720,[OK] s3d 1024 -> 0.034488 ms,"Workflow-size invocation finished within the 600s timeout and emitted a CSV row. For plan rows sharing one workflow size, this is invocation-level evidence, not independent per-hardware-kernel timing evidence."
known_finished_from_downloaded_benchmark_results_csv_and_run_log_ok,downloaded artifact benchmark-results-s3d/results_s3d.csv plus run log line 56724,Tier 2,s3d,benchmark-results-s3d,74071320843,completed,failure,2048,1301,s3d,2048,s3d,2048,1,0.042666,0.042666,0.042666,2026-05-02T22:20:02.1684122Z,finished,56724,[OK] s3d 2048 -> 0.042666 ms,"Workflow-size invocation finished within the 600s timeout and emitted a CSV row. For plan rows sharing one workflow size, this is invocation-level evidence, not independent per-hardware-kernel timing evidence."
known_finished_from_downloaded_benchmark_results_csv_and_run_log_ok,downloaded artifact benchmark-results-s3d/results_s3d.csv plus run log line 56728,Tier 2,s3d,benchmark-results-s3d,74071320843,completed,failure,4096,1302,s3d,4096,s3d,4096,1,0.046189,0.046189,0.046189,2026-05-02T22:20:31.2759605Z,finished,56728,[OK] s3d 4096 -> 0.046189 ms,"Workflow-size invocation finished within the 600s timeout and emitted a CSV row. For plan rows sharing one workflow size, this is invocation-level evidence, not independent per-hardware-kernel timing evidence."
known_finished_from_downloaded_benchmark_results_csv_and_run_log_ok,downloaded artifact benchmark-results-s3d/results_s3d.csv plus run log line 56732,Tier 2,s3d,benchmark-results-s3d,74071320843,completed,failure,8192,1303,s3d,8192,s3d,8192,1,0.047608,0.047608,0.047608,2026-05-02T22:21:31.4081687Z,finished,56732,[OK] s3d 8192 -> 0.047608 ms,"Workflow-size invocation finished within the 600s timeout and emitted a CSV row. For plan rows sharing one workflow size, this is invocation-level evidence, not independent per-hardware-kernel timing evidence."
known_finished_from_downloaded_benchmark_results_csv_and_run_log_ok,downloaded artifact benchmark-results-s3d/results_s3d.csv plus run log line 56736,Tier 2,s3d,benchmark-results-s3d,74071320843,completed,failure,16384,1304,s3d,16384,s3d,16384,1,0.048018,0.048018,0.048018,2026-05-02T22:23:30.7243863Z,finished,56736,[OK] s3d 16384 -> 0.048018 ms,"Workflow-size invocation finished within the 600s timeout and emitted a CSV row. For plan rows sharing one workflow size, this is invocation-level evidence, not independent per-hardware-kernel timing evidence."
known_finished_from_downloaded_benchmark_results_csv_and_run_log_ok,downloaded artifact benchmark-results-s3d/results_s3d.csv plus run log line 56740,Tier 2,s3d,benchmark-results-s3d,74071320843,completed,failure,32768,1305,s3d,32768,s3d,32768,1,0.051055,0.051055,0.051055,2026-05-02T22:27:39.9162038Z,finished,56740,[OK] s3d 32768 -> 0.051055 ms,"Workflow-size invocation finished within the 600s timeout and emitted a CSV row. For plan rows sharing one workflow size, this is invocation-level evidence, not independent per-hardware-kernel timing evidence."
known_timed_out_at_600s_from_run_log,run log line 56744,Tier 2,s3d,benchmark-results-s3d,74071320843,completed,failure,65536,1306,s3d,65536,,,,,,,2026-05-02T22:37:40.0221656Z,timed_out_600s,56744,##[warning]TIMEOUT: s3d 65536 (>600s),The simulator invocation reached the workflow timeout command threshold (>600s); the job loop broke after this failure.
unknown_not_attempted_after_prior_failure,no downloaded CSV row and no OK/TIMEOUT/CRASH log event for this workflow size,Tier 2,s3d,benchmark-results-s3d,74071320843,completed,failure,131072,1307,s3d,131072,,,,,,,,,,,No invocation evidence for this later plan entry; benchmark job stopped after first timed_out_600s at size 65536 (plan index 1306).
unknown_not_attempted_after_prior_failure,no downloaded CSV row and no OK/TIMEOUT/CRASH log event for this workflow size,Tier 2,s3d,benchmark-results-s3d,74071320843,completed,failure,262144,1308,s3d,262144,,,,,,,,,,,No invocation evidence for this later plan entry; benchmark job stopped after first timed_out_600s at size 65536 (plan index 1306).
unknown_not_attempted_after_prior_failure,no downloaded CSV row and no OK/TIMEOUT/CRASH log event for this workflow size,Tier 2,s3d,benchmark-results-s3d,74071320843,completed,failure,524288,1309,s3d,524288,,,,,,,,,,,No invocation evidence for this later plan entry; benchmark job stopped after first timed_out_600s at size 65536 (plan index 1306).
unknown_not_attempted_after_prior_failure,no downloaded CSV row and no OK/TIMEOUT/CRASH log event for this workflow size,Tier 2,s3d,benchmark-results-s3d,74071320843,completed,failure,1048576,1310,s3d,1048576,,,,,,,,,,,No invocation evidence for this later plan entry; benchmark job stopped after first timed_out_600s at size 65536 (plan index 1306).
unknown_not_attempted_after_prior_failure,no downloaded CSV row and no OK/TIMEOUT/CRASH log event for this workflow size,Tier 2,s3d,benchmark-results-s3d,74071320843,completed,failure,2097152,1311,s3d,2097152,,,,,,,,,,,No invocation evidence for this later plan entry; benchmark job stopped after first timed_out_600s at size 65536 (plan index 1306).
unknown_not_attempted_after_prior_failure,no downloaded CSV row and no OK/TIMEOUT/CRASH log event for this workflow size,Tier 2,s3d,benchmark-results-s3d,74071320843,completed,failure,4194304,1312,s3d,4194304,,,,,,,,,,,No invocation evidence for this later plan entry; benchmark job stopped after first timed_out_600s at size 65536 (plan index 1306).
unknown_not_attempted_after_prior_failure,no downloaded CSV row and no OK/TIMEOUT/CRASH log event for this workflow size,Tier 2,s3d,benchmark-results-s3d,74071320843,completed,failure,8388608,1313,s3d,8388608,,,,,,,,,,,No invocation evidence for this later plan entry; benchmark job stopped after first timed_out_600s at size 65536 (plan index 1306).
unknown_not_attempted_after_prior_failure,no downloaded CSV row and no OK/TIMEOUT/CRASH log event for this workflow size,Tier 2,s3d,benchmark-results-s3d,74071320843,completed,failure,16777216,1314,s3d,16777216,,,,,,,,,,,No invocation evidence for this later plan entry; benchmark job stopped after first timed_out_600s at size 65536 (plan index 1306).
known_finished_from_downloaded_benchmark_results_csv_and_run_log_ok,downloaded artifact benchmark-results-rope/results_rope.csv plus run log line 57543,Tier 2,rope,benchmark-results-rope,74071320859,completed,failure,B4_S64_H32_D128_blk256,1315,rope,B4_S64_H32_D128_blk256,rope,B4_S64_H32_D128_blk256,1,0.013318,0.013318,0.013318,2026-05-02T22:24:02.0215752Z,finished,57543,[OK] rope B4_S64_H32_D128_blk256 -> 0.013318 ms,"Workflow-size invocation finished within the 600s timeout and emitted a CSV row. For plan rows sharing one workflow size, this is invocation-level evidence, not independent per-hardware-kernel timing evidence."
known_finished_from_downloaded_benchmark_results_csv_and_run_log_ok,downloaded artifact benchmark-results-rope/results_rope.csv plus run log line 57547,Tier 2,rope,benchmark-results-rope,74071320859,completed,failure,B4_S128_H32_D128_blk256,1316,rope,B4_S128_H32_D128_blk256,rope,B4_S128_H32_D128_blk256,1,0.026296,0.026296,0.026296,2026-05-02T22:26:40.1177883Z,finished,57547,[OK] rope B4_S128_H32_D128_blk256 -> 0.026296 ms,"Workflow-size invocation finished within the 600s timeout and emitted a CSV row. For plan rows sharing one workflow size, this is invocation-level evidence, not independent per-hardware-kernel timing evidence."
known_finished_from_downloaded_benchmark_results_csv_and_run_log_ok,downloaded artifact benchmark-results-rope/results_rope.csv plus run log line 57551,Tier 2,rope,benchmark-results-rope,74071320859,completed,failure,B4_S256_H32_D128_blk256,1317,rope,B4_S256_H32_D128_blk256,rope,B4_S256_H32_D128_blk256,1,0.052155,0.052155,0.052155,2026-05-02T22:32:05.8318154Z,finished,57551,[OK] rope B4_S256_H32_D128_blk256 -> 0.052155 ms,"Workflow-size invocation finished within the 600s timeout and emitted a CSV row. For plan rows sharing one workflow size, this is invocation-level evidence, not independent per-hardware-kernel timing evidence."
known_finished_from_downloaded_benchmark_results_csv_and_run_log_ok,downloaded artifact benchmark-results-rope/results_rope.csv plus run log line 57555,Tier 2,rope,benchmark-results-rope,74071320859,completed,failure,B4_S384_H32_D128_blk256,1318,rope,B4_S384_H32_D128_blk256,rope,B4_S384_H32_D128_blk256,1,0.078012,0.078012,0.078012,2026-05-02T22:42:05.4715920Z,finished,57555,[OK] rope B4_S384_H32_D128_blk256 -> 0.078012 ms,"Workflow-size invocation finished within the 600s timeout and emitted a CSV row. For plan rows sharing one workflow size, this is invocation-level evidence, not independent per-hardware-kernel timing evidence."
known_timed_out_at_600s_from_run_log,run log line 57559,Tier 2,rope,benchmark-results-rope,74071320859,completed,failure,B4_S512_H32_D128_blk256,1319,rope,B4_S512_H32_D128_blk256,,,,,,,2026-05-02T22:52:05.5726575Z,timed_out_600s,57559,##[warning]TIMEOUT: rope B4_S512_H32_D128_blk256 (>600s),The simulator invocation reached the workflow timeout command threshold (>600s); the job loop broke after this failure.
unknown_not_attempted_after_prior_failure,no downloaded CSV row and no OK/TIMEOUT/CRASH log event for this workflow size,Tier 2,rope,benchmark-results-rope,74071320859,completed,failure,B4_S768_H32_D128_blk256,1320,rope,B4_S768_H32_D128_blk256,,,,,,,,,,,No invocation evidence for this later plan entry; benchmark job stopped after first timed_out_600s at size B4_S512_H32_D128_blk256 (plan index 1319).
unknown_not_attempted_after_prior_failure,no downloaded CSV row and no OK/TIMEOUT/CRASH log event for this workflow size,Tier 2,rope,benchmark-results-rope,74071320859,completed,failure,B4_S1024_H32_D128_blk256,1321,rope,B4_S1024_H32_D128_blk256,,,,,,,,,,,No invocation evidence for this later plan entry; benchmark job stopped after first timed_out_600s at size B4_S512_H32_D128_blk256 (plan index 1319).
unknown_not_attempted_after_prior_failure,no downloaded CSV row and no OK/TIMEOUT/CRASH log event for this workflow size,Tier 2,rope,benchmark-results-rope,74071320859,completed,failure,B4_S1536_H32_D128_blk256,1322,rope,B4_S1536_H32_D128_blk256,,,,,,,,,,,No invocation evidence for this later plan entry; benchmark job stopped after first timed_out_600s at size B4_S512_H32_D128_blk256 (plan index 1319).
unknown_not_attempted_after_prior_failure,no downloaded CSV row and no OK/TIMEOUT/CRASH log event for this workflow size,Tier 2,rope,benchmark-results-rope,74071320859,completed,failure,B4_S2048_H32_D128_blk256,1323,rope,B4_S2048_H32_D128_blk256,,,,,,,,,,,No invocation evidence for this later plan entry; benchmark job stopped after first timed_out_600s at size B4_S512_H32_D128_blk256 (plan index 1319).
unknown_not_attempted_after_prior_failure,no downloaded CSV row and no OK/TIMEOUT/CRASH log event for this workflow size,Tier 2,rope,benchmark-results-rope,74071320859,completed,failure,B4_S3072_H32_D128_blk256,1324,rope,B4_S3072_H32_D128_blk256,,,,,,,,,,,No invocation evidence for this later plan entry; benchmark job stopped after first timed_out_600s at size B4_S512_H32_D128_blk256 (plan index 1319).
unknown_not_attempted_after_prior_failure,no downloaded CSV row and no OK/TIMEOUT/CRASH log event for this workflow size,Tier 2,rope,benchmark-results-rope,74071320859,completed,failure,B4_S4096_H32_D128_blk256,1325,rope,B4_S4096_H32_D128_blk256,,,,,,,,,,,No invocation evidence for this later plan entry; benchmark job stopped after first timed_out_600s at size B4_S512_H32_D128_blk256 (plan index 1319).
unknown_not_attempted_after_prior_failure,no downloaded CSV row and no OK/TIMEOUT/CRASH log event for this workflow size,Tier 2,rope,benchmark-results-rope,74071320859,completed,failure,B4_S6144_H32_D128_blk256,1326,rope,B4_S6144_H32_D128_blk256,,,,,,,,,,,No invocation evidence for this later plan entry; benchmark job stopped after first timed_out_600s at size B4_S512_H32_D128_blk256 (plan index 1319).
unknown_not_attempted_after_prior_failure,no downloaded CSV row and no OK/TIMEOUT/CRASH log event for this workflow size,Tier 2,rope,benchmark-results-rope,74071320859,completed,failure,B4_S8192_H32_D128_blk256,1327,rope,B4_S8192_H32_D128_blk256,,,,,,,,,,,No invocation evidence for this later plan entry; benchmark job stopped after first timed_out_600s at size B4_S512_H32_D128_blk256 (plan index 1319).
unknown_not_attempted_after_prior_failure,no downloaded CSV row and no OK/TIMEOUT/CRASH log event for this workflow size,Tier 2,rope,benchmark-results-rope,74071320859,completed,failure,B4_S12288_H32_D128_blk256,1328,rope,B4_S12288_H32_D128_blk256,,,,,,,,,,,No invocation evidence for this later plan entry; benchmark job stopped after first timed_out_600s at size B4_S512_H32_D128_blk256 (plan index 1319).
unknown_not_attempted_after_prior_failure,no downloaded CSV row and no OK/TIMEOUT/CRASH log event for this workflow size,Tier 2,rope,benchmark-results-rope,74071320859,completed,failure,B4_S16384_H32_D128_blk256,1329,rope,B4_S16384_H32_D128_blk256,,,,,,,,,,,No invocation evidence for this later plan entry; benchmark job stopped after first timed_out_600s at size B4_S512_H32_D128_blk256 (plan index 1319).
unknown_not_attempted_after_prior_failure,no downloaded CSV row and no OK/TIMEOUT/CRASH log event for this workflow size,Tier 2,rope,benchmark-results-rope,74071320859,completed,failure,B4_S32768_H32_D128_blk256,1330,rope,B4_S32768_H32_D128_blk256,,,,,,,,,,,No invocation evidence for this later plan entry; benchmark job stopped after first timed_out_600s at size B4_S512_H32_D128_blk256 (plan index 1319).
known_finished_from_downloaded_benchmark_results_csv_and_run_log_ok,downloaded artifact benchmark-results-naive-attention/results_naive_attention.csv plus run log line 58946,Tier 2,naive_attention,benchmark-results-naive-attention,74071320875,completed,failure,B4_S32_H12_D64_blk256,1331,naive_attention,B4_S32_H12_D64_blk256,naive_attention,B4_S32_H12_D64_blk256,1,0.068667,0.068667,0.068667,2026-05-02T22:24:44.8541034Z,finished,58946,[OK] naive_attention B4_S32_H12_D64_blk256 -> 0.068667 ms,"Workflow-size invocation finished within the 600s timeout and emitted a CSV row. For plan rows sharing one workflow size, this is invocation-level evidence, not independent per-hardware-kernel timing evidence."
known_finished_from_downloaded_benchmark_results_csv_and_run_log_ok,downloaded artifact benchmark-results-naive-attention/results_naive_attention.csv plus run log line 58950,Tier 2,naive_attention,benchmark-results-naive-attention,74071320875,completed,failure,B4_S64_H12_D64_blk256,1332,naive_attention,B4_S64_H12_D64_blk256,naive_attention,B4_S64_H12_D64_blk256,1,0.132441,0.132441,0.132441,2026-05-02T22:25:00.1609035Z,finished,58950,[OK] naive_attention B4_S64_H12_D64_blk256 -> 0.132441 ms,"Workflow-size invocation finished within the 600s timeout and emitted a CSV row. For plan rows sharing one workflow size, this is invocation-level evidence, not independent per-hardware-kernel timing evidence."
known_finished_from_downloaded_benchmark_results_csv_and_run_log_ok,downloaded artifact benchmark-results-naive-attention/results_naive_attention.csv plus run log line 58954,Tier 2,naive_attention,benchmark-results-naive-attention,74071320875,completed,failure,B4_S96_H12_D64_blk256,1333,naive_attention,B4_S96_H12_D64_blk256,naive_attention,B4_S96_H12_D64_blk256,1,0.193598,0.193598,0.193598,2026-05-02T22:25:33.0221862Z,finished,58954,[OK] naive_attention B4_S96_H12_D64_blk256 -> 0.193598 ms,"Workflow-size invocation finished within the 600s timeout and emitted a CSV row. For plan rows sharing one workflow size, this is invocation-level evidence, not independent per-hardware-kernel timing evidence."
known_finished_from_downloaded_benchmark_results_csv_and_run_log_ok,downloaded artifact benchmark-results-naive-attention/results_naive_attention.csv plus run log line 58958,Tier 2,naive_attention,benchmark-results-naive-attention,74071320875,completed,failure,B4_S128_H12_D64_blk256,1334,naive_attention,B4_S128_H12_D64_blk256,naive_attention,B4_S128_H12_D64_blk256,1,0.257308,0.257308,0.257308,2026-05-02T22:26:30.8300707Z,finished,58958,[OK] naive_attention B4_S128_H12_D64_blk256 -> 0.257308 ms,"Workflow-size invocation finished within the 600s timeout and emitted a CSV row. For plan rows sharing one workflow size, this is invocation-level evidence, not independent per-hardware-kernel timing evidence."
known_finished_from_downloaded_benchmark_results_csv_and_run_log_ok,downloaded artifact benchmark-results-naive-attention/results_naive_attention.csv plus run log line 58962,Tier 2,naive_attention,benchmark-results-naive-attention,74071320875,completed,failure,B4_S192_H12_D64_blk256,1335,naive_attention,B4_S192_H12_D64_blk256,naive_attention,B4_S192_H12_D64_blk256,1,0.384828,0.384828,0.384828,2026-05-02T22:28:38.6734046Z,finished,58962,[OK] naive_attention B4_S192_H12_D64_blk256 -> 0.384828 ms,"Workflow-size invocation finished within the 600s timeout and emitted a CSV row. For plan rows sharing one workflow size, this is invocation-level evidence, not independent per-hardware-kernel timing evidence."
known_finished_from_downloaded_benchmark_results_csv_and_run_log_ok,downloaded artifact benchmark-results-naive-attention/results_naive_attention.csv plus run log line 58966,Tier 2,naive_attention,benchmark-results-naive-attention,74071320875,completed,failure,B4_S256_H12_D64_blk256,1336,naive_attention,B4_S256_H12_D64_blk256,naive_attention,B4_S256_H12_D64_blk256,1,0.512338,0.512338,0.512338,2026-05-02T22:32:33.5438305Z,finished,58966,[OK] naive_attention B4_S256_H12_D64_blk256 -> 0.512338 ms,"Workflow-size invocation finished within the 600s timeout and emitted a CSV row. For plan rows sharing one workflow size, this is invocation-level evidence, not independent per-hardware-kernel timing evidence."
known_timed_out_at_600s_from_run_log,run log line 58970,Tier 2,naive_attention,benchmark-results-naive-attention,74071320875,completed,failure,B4_S384_H12_D64_blk256,1337,naive_attention,B4_S384_H12_D64_blk256,,,,,,,2026-05-02T22:42:33.5956004Z,timed_out_600s,58970,##[warning]TIMEOUT: naive_attention B4_S384_H12_D64_blk256 (>600s),The simulator invocation reached the workflow timeout command threshold (>600s); the job loop broke after this failure.
unknown_not_attempted_after_prior_failure,no downloaded CSV row and no OK/TIMEOUT/CRASH log event for this workflow size,Tier 2,naive_attention,benchmark-results-naive-attention,74071320875,completed,failure,B4_S512_H12_D64_blk256,1338,naive_attention,B4_S512_H12_D64_blk256,,,,,,,,,,,No invocation evidence for this later plan entry; benchmark job stopped after first timed_out_600s at size B4_S384_H12_D64_blk256 (plan index 1337).
unknown_not_attempted_after_prior_failure,no downloaded CSV row and no OK/TIMEOUT/CRASH log event for this workflow size,Tier 2,naive_attention,benchmark-results-naive-attention,74071320875,completed,failure,B4_S640_H12_D64_blk256,1339,naive_attention,B4_S640_H12_D64_blk256,,,,,,,,,,,No invocation evidence for this later plan entry; benchmark job stopped after first timed_out_600s at size B4_S384_H12_D64_blk256 (plan index 1337).
unknown_not_attempted_after_prior_failure,no downloaded CSV row and no OK/TIMEOUT/CRASH log event for this workflow size,Tier 2,naive_attention,benchmark-results-naive-attention,74071320875,completed,failure,B4_S768_H12_D64_blk256,1340,naive_attention,B4_S768_H12_D64_blk256,,,,,,,,,,,No invocation evidence for this later plan entry; benchmark job stopped after first timed_out_600s at size B4_S384_H12_D64_blk256 (plan index 1337).
unknown_not_attempted_after_prior_failure,no downloaded CSV row and no OK/TIMEOUT/CRASH log event for this workflow size,Tier 2,naive_attention,benchmark-results-naive-attention,74071320875,completed,failure,B4_S1024_H12_D64_blk256,1341,naive_attention,B4_S1024_H12_D64_blk256,,,,,,,,,,,No invocation evidence for this later plan entry; benchmark job stopped after first timed_out_600s at size B4_S384_H12_D64_blk256 (plan index 1337).
unknown_not_attempted_after_prior_failure,no downloaded CSV row and no OK/TIMEOUT/CRASH log event for this workflow size,Tier 2,naive_attention,benchmark-results-naive-attention,74071320875,completed,failure,B4_S1280_H12_D64_blk256,1342,naive_attention,B4_S1280_H12_D64_blk256,,,,,,,,,,,No invocation evidence for this later plan entry; benchmark job stopped after first timed_out_600s at size B4_S384_H12_D64_blk256 (plan index 1337).
unknown_not_attempted_after_prior_failure,no downloaded CSV row and no OK/TIMEOUT/CRASH log event for this workflow size,Tier 2,naive_attention,benchmark-results-naive-attention,74071320875,completed,failure,B4_S1536_H12_D64_blk256,1343,naive_attention,B4_S1536_H12_D64_blk256,,,,,,,,,,,No invocation evidence for this later plan entry; benchmark job stopped after first timed_out_600s at size B4_S384_H12_D64_blk256 (plan index 1337).
unknown_not_attempted_after_prior_failure,no downloaded CSV row and no OK/TIMEOUT/CRASH log event for this workflow size,Tier 2,naive_attention,benchmark-results-naive-attention,74071320875,completed,failure,B4_S2048_H12_D64_blk256,1344,naive_attention,B4_S2048_H12_D64_blk256,,,,,,,,,,,No invocation evidence for this later plan entry; benchmark job stopped after first timed_out_600s at size B4_S384_H12_D64_blk256 (plan index 1337).
unknown_not_attempted_after_prior_failure,no downloaded CSV row and no OK/TIMEOUT/CRASH log event for this workflow size,Tier 2,naive_attention,benchmark-results-naive-attention,74071320875,completed,failure,B4_S2560_H12_D64_blk256,1345,naive_attention,B4_S2560_H12_D64_blk256,,,,,,,,,,,No invocation evidence for this later plan entry; benchmark job stopped after first timed_out_600s at size B4_S384_H12_D64_blk256 (plan index 1337).
unknown_not_attempted_after_prior_failure,no downloaded CSV row and no OK/TIMEOUT/CRASH log event for this workflow size,Tier 2,naive_attention,benchmark-results-naive-attention,74071320875,completed,failure,B4_S3072_H12_D64_blk256,1346,naive_attention,B4_S3072_H12_D64_blk256,,,,,,,,,,,No invocation evidence for this later plan entry; benchmark job stopped after first timed_out_600s at size B4_S384_H12_D64_blk256 (plan index 1337).
unknown_not_attempted_after_prior_failure,no downloaded CSV row and no OK/TIMEOUT/CRASH log event for this workflow size,Tier 2,naive_attention,benchmark-results-naive-attention,74071320875,completed,failure,B4_S4096_H12_D64_blk256,1347,naive_attention,B4_S4096_H12_D64_blk256,,,,,,,,,,,No invocation evidence for this later plan entry; benchmark job stopped after first timed_out_600s at size B4_S384_H12_D64_blk256 (plan index 1337).
known_finished_from_downloaded_benchmark_results_csv_and_run_log_ok,downloaded artifact benchmark-results-tiled-gemm-16/results_tiled_gemm_16.csv plus run log line 58133,Tier 2,tiled_gemm_16,benchmark-results-tiled-gemm-16,74071320872,completed,failure,M1_N768_K768_tile16,1348,tiled_gemm_16,M1_N768_K768_tile16,tiled_gemm_16,M1_N768_K768_tile16,1,0.020218,0.020218,0.020218,2026-05-02T22:25:30.6035388Z,finished,58133,[OK] tiled_gemm_16 M1_N768_K768_tile16 -> 0.020218 ms,"Workflow-size invocation finished within the 600s timeout and emitted a CSV row. For plan rows sharing one workflow size, this is invocation-level evidence, not independent per-hardware-kernel timing evidence."
known_finished_from_downloaded_benchmark_results_csv_and_run_log_ok,downloaded artifact benchmark-results-tiled-gemm-16/results_tiled_gemm_16.csv plus run log line 58137,Tier 2,tiled_gemm_16,benchmark-results-tiled-gemm-16,74071320872,completed,failure,M8_N768_K768_tile16,1349,tiled_gemm_16,M8_N768_K768_tile16,tiled_gemm_16,M8_N768_K768_tile16,1,0.020327,0.020327,0.020327,2026-05-02T22:26:24.4993208Z,finished,58137,[OK] tiled_gemm_16 M8_N768_K768_tile16 -> 0.020327 ms,"Workflow-size invocation finished within the 600s timeout and emitted a CSV row. For plan rows sharing one workflow size, this is invocation-level evidence, not independent per-hardware-kernel timing evidence."
known_finished_from_downloaded_benchmark_results_csv_and_run_log_ok,downloaded artifact benchmark-results-tiled-gemm-16/results_tiled_gemm_16.csv plus run log line 58141,Tier 2,tiled_gemm_16,benchmark-results-tiled-gemm-16,74071320872,completed,failure,M32_N768_K768_tile16,1350,tiled_gemm_16,M32_N768_K768_tile16,tiled_gemm_16,M32_N768_K768_tile16,1,0.020755,0.020755,0.020755,2026-05-02T22:28:39.8583128Z,finished,58141,[OK] tiled_gemm_16 M32_N768_K768_tile16 -> 0.020755 ms,"Workflow-size invocation finished within the 600s timeout and emitted a CSV row. For plan rows sharing one workflow size, this is invocation-level evidence, not independent per-hardware-kernel timing evidence."
known_finished_from_downloaded_benchmark_results_csv_and_run_log_ok,downloaded artifact benchmark-results-tiled-gemm-16/results_tiled_gemm_16.csv plus run log line 58145,Tier 2,tiled_gemm_16,benchmark-results-tiled-gemm-16,74071320872,completed,failure,M64_N768_K768_tile16,1351,tiled_gemm_16,M64_N768_K768_tile16,tiled_gemm_16,M64_N768_K768_tile16,1,0.020907,0.020907,0.020907,2026-05-02T22:33:48.3452358Z,finished,58145,[OK] tiled_gemm_16 M64_N768_K768_tile16 -> 0.020907 ms,"Workflow-size invocation finished within the 600s timeout and emitted a CSV row. For plan rows sharing one workflow size, this is invocation-level evidence, not independent per-hardware-kernel timing evidence."
known_timed_out_at_600s_from_run_log,run log line 58149,Tier 2,tiled_gemm_16,benchmark-results-tiled-gemm-16,74071320872,completed,failure,M128_N768_K768_tile16,1352,tiled_gemm_16,M128_N768_K768_tile16,,,,,,,2026-05-02T22:43:48.4575661Z,timed_out_600s,58149,##[warning]TIMEOUT: tiled_gemm_16 M128_N768_K768_tile16 (>600s),The simulator invocation reached the workflow timeout command threshold (>600s); the job loop broke after this failure.
unknown_not_attempted_after_prior_failure,no downloaded CSV row and no OK/TIMEOUT/CRASH log event for this workflow size,Tier 2,tiled_gemm_16,benchmark-results-tiled-gemm-16,74071320872,completed,failure,M256_N768_K768_tile16,1353,tiled_gemm_16,M256_N768_K768_tile16,,,,,,,,,,,No invocation evidence for this later plan entry; benchmark job stopped after first timed_out_600s at size M128_N768_K768_tile16 (plan index 1352).
unknown_not_attempted_after_prior_failure,no downloaded CSV row and no OK/TIMEOUT/CRASH log event for this workflow size,Tier 2,tiled_gemm_16,benchmark-results-tiled-gemm-16,74071320872,completed,failure,M512_N768_K768_tile16,1354,tiled_gemm_16,M512_N768_K768_tile16,,,,,,,,,,,No invocation evidence for this later plan entry; benchmark job stopped after first timed_out_600s at size M128_N768_K768_tile16 (plan index 1352).
unknown_not_attempted_after_prior_failure,no downloaded CSV row and no OK/TIMEOUT/CRASH log event for this workflow size,Tier 2,tiled_gemm_16,benchmark-results-tiled-gemm-16,74071320872,completed,failure,M1024_N768_K768_tile16,1355,tiled_gemm_16,M1024_N768_K768_tile16,,,,,,,,,,,No invocation evidence for this later plan entry; benchmark job stopped after first timed_out_600s at size M128_N768_K768_tile16 (plan index 1352).
unknown_not_attempted_after_prior_failure,no downloaded CSV row and no OK/TIMEOUT/CRASH log event for this workflow size,Tier 2,tiled_gemm_16,benchmark-results-tiled-gemm-16,74071320872,completed,failure,M2048_N768_K768_tile16,1356,tiled_gemm_16,M2048_N768_K768_tile16,,,,,,,,,,,No invocation evidence for this later plan entry; benchmark job stopped after first timed_out_600s at size M128_N768_K768_tile16 (plan index 1352).
unknown_not_attempted_after_prior_failure,no downloaded CSV row and no OK/TIMEOUT/CRASH log event for this workflow size,Tier 2,tiled_gemm_16,benchmark-results-tiled-gemm-16,74071320872,completed,failure,M4096_N768_K768_tile16,1357,tiled_gemm_16,M4096_N768_K768_tile16,,,,,,,,,,,No invocation evidence for this later plan entry; benchmark job stopped after first timed_out_600s at size M128_N768_K768_tile16 (plan index 1352).
unknown_not_attempted_after_prior_failure,no downloaded CSV row and no OK/TIMEOUT/CRASH log event for this workflow size,Tier 2,tiled_gemm_16,benchmark-results-tiled-gemm-16,74071320872,completed,failure,M6144_N768_K768_tile16,1358,tiled_gemm_16,M6144_N768_K768_tile16,,,,,,,,,,,No invocation evidence for this later plan entry; benchmark job stopped after first timed_out_600s at size M128_N768_K768_tile16 (plan index 1352).
unknown_not_attempted_after_prior_failure,no downloaded CSV row and no OK/TIMEOUT/CRASH log event for this workflow size,Tier 2,tiled_gemm_16,benchmark-results-tiled-gemm-16,74071320872,completed,failure,M8192_N768_K768_tile16,1359,tiled_gemm_16,M8192_N768_K768_tile16,,,,,,,,,,,No invocation evidence for this later plan entry; benchmark job stopped after first timed_out_600s at size M128_N768_K768_tile16 (plan index 1352).
unknown_not_attempted_after_prior_failure,no downloaded CSV row and no OK/TIMEOUT/CRASH log event for this workflow size,Tier 2,tiled_gemm_16,benchmark-results-tiled-gemm-16,74071320872,completed,failure,M10240_N768_K768_tile16,1360,tiled_gemm_16,M10240_N768_K768_tile16,,,,,,,,,,,No invocation evidence for this later plan entry; benchmark job stopped after first timed_out_600s at size M128_N768_K768_tile16 (plan index 1352).
unknown_not_attempted_after_prior_failure,no downloaded CSV row and no OK/TIMEOUT/CRASH log event for this workflow size,Tier 2,tiled_gemm_16,benchmark-results-tiled-gemm-16,74071320872,completed,failure,M12288_N768_K768_tile16,1361,tiled_gemm_16,M12288_N768_K768_tile16,,,,,,,,,,,No invocation evidence for this later plan entry; benchmark job stopped after first timed_out_600s at size M128_N768_K768_tile16 (plan index 1352).
unknown_not_attempted_after_prior_failure,no downloaded CSV row and no OK/TIMEOUT/CRASH log event for this workflow size,Tier 2,tiled_gemm_16,benchmark-results-tiled-gemm-16,74071320872,completed,failure,M16384_N768_K768_tile16,1362,tiled_gemm_16,M16384_N768_K768_tile16,,,,,,,,,,,No invocation evidence for this later plan entry; benchmark job stopped after first timed_out_600s at size M128_N768_K768_tile16 (plan index 1352).
unknown_not_attempted_after_prior_failure,no downloaded CSV row and no OK/TIMEOUT/CRASH log event for this workflow size,Tier 2,tiled_gemm_16,benchmark-results-tiled-gemm-16,74071320872,completed,failure,M20480_N768_K768_tile16,1363,tiled_gemm_16,M20480_N768_K768_tile16,,,,,,,,,,,No invocation evidence for this later plan entry; benchmark job stopped after first timed_out_600s at size M128_N768_K768_tile16 (plan index 1352).
unknown_not_attempted_after_prior_failure,no downloaded CSV row and no OK/TIMEOUT/CRASH log event for this workflow size,Tier 2,tiled_gemm_16,benchmark-results-tiled-gemm-16,74071320872,completed,failure,M24576_N768_K768_tile16,1364,tiled_gemm_16,M24576_N768_K768_tile16,,,,,,,,,,,No invocation evidence for this later plan entry; benchmark job stopped after first timed_out_600s at size M128_N768_K768_tile16 (plan index 1352).
unknown_not_attempted_after_prior_failure,no downloaded CSV row and no OK/TIMEOUT/CRASH log event for this workflow size,Tier 2,tiled_gemm_16,benchmark-results-tiled-gemm-16,74071320872,completed,failure,M32768_N768_K768_tile16,1365,tiled_gemm_16,M32768_N768_K768_tile16,,,,,,,,,,,No invocation evidence for this later plan entry; benchmark job stopped after first timed_out_600s at size M128_N768_K768_tile16 (plan index 1352).
known_finished_from_downloaded_benchmark_results_csv_and_run_log_ok,downloaded artifact benchmark-results-sssp/results_sssp.csv plus run log line 59542,Tier 2,sssp,benchmark-results-sssp,74071320883,completed,success,1024,1366,sssp,1024,sssp_relax_kernel,1024,1,0.001526,0.001526,0.001526,2026-05-02T22:24:52.3451376Z,finished,59542,[OK] sssp 1024 -> 0.001526 ms,"Workflow-size invocation finished within the 600s timeout and emitted a CSV row. For plan rows sharing one workflow size, this is invocation-level evidence, not independent per-hardware-kernel timing evidence."
known_finished_from_downloaded_benchmark_results_csv_and_run_log_ok,downloaded artifact benchmark-results-sssp/results_sssp.csv plus run log line 59546,Tier 2,sssp,benchmark-results-sssp,74071320883,completed,success,2048,1367,sssp,2048,sssp_relax_kernel,2048,1,0.001545,0.001545,0.001545,2026-05-02T22:24:52.5800981Z,finished,59546,[OK] sssp 2048 -> 0.001545 ms,"Workflow-size invocation finished within the 600s timeout and emitted a CSV row. For plan rows sharing one workflow size, this is invocation-level evidence, not independent per-hardware-kernel timing evidence."
known_finished_from_downloaded_benchmark_results_csv_and_run_log_ok,downloaded artifact benchmark-results-sssp/results_sssp.csv plus run log line 59550,Tier 2,sssp,benchmark-results-sssp,74071320883,completed,success,4096,1368,sssp,4096,sssp_relax_kernel,4096,1,0.001555,0.001555,0.001555,2026-05-02T22:24:52.7358888Z,finished,59550,[OK] sssp 4096 -> 0.001555 ms,"Workflow-size invocation finished within the 600s timeout and emitted a CSV row. For plan rows sharing one workflow size, this is invocation-level evidence, not independent per-hardware-kernel timing evidence."
known_finished_from_downloaded_benchmark_results_csv_and_run_log_ok,downloaded artifact benchmark-results-sssp/results_sssp.csv plus run log line 59554,Tier 2,sssp,benchmark-results-sssp,74071320883,completed,success,8192,1369,sssp,8192,sssp_relax_kernel,8192,1,0.001558,0.001558,0.001558,2026-05-02T22:24:52.9150055Z,finished,59554,[OK] sssp 8192 -> 0.001558 ms,"Workflow-size invocation finished within the 600s timeout and emitted a CSV row. For plan rows sharing one workflow size, this is invocation-level evidence, not independent per-hardware-kernel timing evidence."
known_finished_from_downloaded_benchmark_results_csv_and_run_log_ok,downloaded artifact benchmark-results-sssp/results_sssp.csv plus run log line 59558,Tier 2,sssp,benchmark-results-sssp,74071320883,completed,success,16384,1370,sssp,16384,sssp_relax_kernel,16384,1,0.001583,0.001583,0.001583,2026-05-02T22:24:53.1942276Z,finished,59558,[OK] sssp 16384 -> 0.001583 ms,"Workflow-size invocation finished within the 600s timeout and emitted a CSV row. For plan rows sharing one workflow size, this is invocation-level evidence, not independent per-hardware-kernel timing evidence."
known_finished_from_downloaded_benchmark_results_csv_and_run_log_ok,downloaded artifact benchmark-results-sssp/results_sssp.csv plus run log line 59562,Tier 2,sssp,benchmark-results-sssp,74071320883,completed,success,32768,1371,sssp,32768,sssp_relax_kernel,32768,1,0.001691,0.001691,0.001691,2026-05-02T22:24:53.7109181Z,finished,59562,[OK] sssp 32768 -> 0.001691 ms,"Workflow-size invocation finished within the 600s timeout and emitted a CSV row. For plan rows sharing one workflow size, this is invocation-level evidence, not independent per-hardware-kernel timing evidence."
known_finished_from_downloaded_benchmark_results_csv_and_run_log_ok,downloaded artifact benchmark-results-sssp/results_sssp.csv plus run log line 59566,Tier 2,sssp,benchmark-results-sssp,74071320883,completed,success,65536,1372,sssp,65536,sssp_relax_kernel,65536,1,0.001885,0.001885,0.001885,2026-05-02T22:24:54.5736660Z,finished,59566,[OK] sssp 65536 -> 0.001885 ms,"Workflow-size invocation finished within the 600s timeout and emitted a CSV row. For plan rows sharing one workflow size, this is invocation-level evidence, not independent per-hardware-kernel timing evidence."
known_finished_from_downloaded_benchmark_results_csv_and_run_log_ok,downloaded artifact benchmark-results-sssp/results_sssp.csv plus run log line 59570,Tier 2,sssp,benchmark-results-sssp,74071320883,completed,success,131072,1373,sssp,131072,sssp_relax_kernel,131072,1,0.002228,0.002228,0.002228,2026-05-02T22:24:56.4992178Z,finished,59570,[OK] sssp 131072 -> 0.002228 ms,"Workflow-size invocation finished within the 600s timeout and emitted a CSV row. For plan rows sharing one workflow size, this is invocation-level evidence, not independent per-hardware-kernel timing evidence."
known_finished_from_downloaded_benchmark_results_csv_and_run_log_ok,downloaded artifact benchmark-results-sssp/results_sssp.csv plus run log line 59574,Tier 2,sssp,benchmark-results-sssp,74071320883,completed,success,196608,1374,sssp,196608,sssp_relax_kernel,196608,1,0.002624,0.002624,0.002624,2026-05-02T22:24:59.6744714Z,finished,59574,[OK] sssp 196608 -> 0.002624 ms,"Workflow-size invocation finished within the 600s timeout and emitted a CSV row. For plan rows sharing one workflow size, this is invocation-level evidence, not independent per-hardware-kernel timing evidence."
known_finished_from_downloaded_benchmark_results_csv_and_run_log_ok,downloaded artifact benchmark-results-sssp/results_sssp.csv plus run log line 59578,Tier 2,sssp,benchmark-results-sssp,74071320883,completed,success,262144,1375,sssp,262144,sssp_relax_kernel,262144,1,0.003043,0.003043,0.003043,2026-05-02T22:25:04.6369650Z,finished,59578,[OK] sssp 262144 -> 0.003043 ms,"Workflow-size invocation finished within the 600s timeout and emitted a CSV row. For plan rows sharing one workflow size, this is invocation-level evidence, not independent per-hardware-kernel timing evidence."
known_finished_from_downloaded_benchmark_results_csv_and_run_log_ok,downloaded artifact benchmark-results-sssp/results_sssp.csv plus run log line 59582,Tier 2,sssp,benchmark-results-sssp,74071320883,completed,success,524288,1376,sssp,524288,sssp_relax_kernel,524288,1,0.004695,0.004695,0.004695,2026-05-02T22:25:21.1602087Z,finished,59582,[OK] sssp 524288 -> 0.004695 ms,"Workflow-size invocation finished within the 600s timeout and emitted a CSV row. For plan rows sharing one workflow size, this is invocation-level evidence, not independent per-hardware-kernel timing evidence."
known_finished_from_downloaded_benchmark_results_csv_and_run_log_ok,downloaded artifact benchmark-results-sssp/results_sssp.csv plus run log line 59586,Tier 2,sssp,benchmark-results-sssp,74071320883,completed,success,786432,1377,sssp,786432,sssp_relax_kernel,786432,1,0.006358,0.006358,0.006358,2026-05-02T22:25:54.8785593Z,finished,59586,[OK] sssp 786432 -> 0.006358 ms,"Workflow-size invocation finished within the 600s timeout and emitted a CSV row. For plan rows sharing one workflow size, this is invocation-level evidence, not independent per-hardware-kernel timing evidence."
known_finished_from_downloaded_benchmark_results_csv_and_run_log_ok,downloaded artifact benchmark-results-sssp/results_sssp.csv plus run log line 59590,Tier 2,sssp,benchmark-results-sssp,74071320883,completed,success,1048576,1378,sssp,1048576,sssp_relax_kernel,1048576,1,0.007816,0.007816,0.007816,2026-05-02T22:26:42.2888979Z,finished,59590,[OK] sssp 1048576 -> 0.007816 ms,"Workflow-size invocation finished within the 600s timeout and emitted a CSV row. For plan rows sharing one workflow size, this is invocation-level evidence, not independent per-hardware-kernel timing evidence."
known_finished_from_downloaded_benchmark_results_csv_and_run_log_ok,downloaded artifact benchmark-results-sssp/results_sssp.csv plus run log line 59594,Tier 2,sssp,benchmark-results-sssp,74071320883,completed,success,1572864,1379,sssp,1572864,sssp_relax_kernel,1572864,1,0.011049,0.011049,0.011049,2026-05-02T22:27:53.2943238Z,finished,59594,[OK] sssp 1572864 -> 0.011049 ms,"Workflow-size invocation finished within the 600s timeout and emitted a CSV row. For plan rows sharing one workflow size, this is invocation-level evidence, not independent per-hardware-kernel timing evidence."
known_finished_from_downloaded_benchmark_results_csv_and_run_log_ok,downloaded artifact benchmark-results-sssp/results_sssp.csv plus run log line 59598,Tier 2,sssp,benchmark-results-sssp,74071320883,completed,success,2097152,1380,sssp,2097152,sssp_relax_kernel,2097152,1,0.014455,0.014455,0.014455,2026-05-02T22:29:23.0358417Z,finished,59598,[OK] sssp 2097152 -> 0.014455 ms,"Workflow-size invocation finished within the 600s timeout and emitted a CSV row. For plan rows sharing one workflow size, this is invocation-level evidence, not independent per-hardware-kernel timing evidence."
known_finished_from_downloaded_benchmark_results_csv_and_run_log_ok,downloaded artifact benchmark-results-sssp/results_sssp.csv plus run log line 59602,Tier 2,sssp,benchmark-results-sssp,74071320883,completed,success,2621440,1381,sssp,2621440,sssp_relax_kernel,2621440,1,0.018029,0.018029,0.018029,2026-05-02T22:30:39.2401590Z,finished,59602,[OK] sssp 2621440 -> 0.018029 ms,"Workflow-size invocation finished within the 600s timeout and emitted a CSV row. For plan rows sharing one workflow size, this is invocation-level evidence, not independent per-hardware-kernel timing evidence."
known_finished_from_downloaded_benchmark_results_csv_and_run_log_ok,downloaded artifact benchmark-results-sssp/results_sssp.csv plus run log line 59606,Tier 2,sssp,benchmark-results-sssp,74071320883,completed,success,3145728,1382,sssp,3145728,sssp_relax_kernel,3145728,1,0.020530,0.020530,0.020530,2026-05-02T22:32:03.2673089Z,finished,59606,[OK] sssp 3145728 -> 0.020530 ms,"Workflow-size invocation finished within the 600s timeout and emitted a CSV row. For plan rows sharing one workflow size, this is invocation-level evidence, not independent per-hardware-kernel timing evidence."
known_finished_from_downloaded_benchmark_results_csv_and_run_log_ok,downloaded artifact benchmark-results-sssp/results_sssp.csv plus run log line 59610,Tier 2,sssp,benchmark-results-sssp,74071320883,completed,success,4194304,1383,sssp,4194304,sssp_relax_kernel,4194304,1,0.026861,0.026861,0.026861,2026-05-02T22:34:11.0722695Z,finished,59610,[OK] sssp 4194304 -> 0.026861 ms,"Workflow-size invocation finished within the 600s timeout and emitted a CSV row. For plan rows sharing one workflow size, this is invocation-level evidence, not independent per-hardware-kernel timing evidence."
known_finished_from_downloaded_benchmark_results_csv_and_run_log_ok,downloaded artifact benchmark-results-bh/results_bh.csv plus run log line 60216,Tier 2,bh,benchmark-results-bh,74071320894,completed,failure,256,1384,bh,256,compute_forces_kernel,256,1,0.008805,0.008805,0.008805,2026-05-02T22:24:58.3672961Z,finished,60216,[OK] bh 256 -> 0.008805 ms,"Workflow-size invocation finished within the 600s timeout and emitted a CSV row. For plan rows sharing one workflow size, this is invocation-level evidence, not independent per-hardware-kernel timing evidence."
known_finished_from_downloaded_benchmark_results_csv_and_run_log_ok,downloaded artifact benchmark-results-bh/results_bh.csv plus run log line 60220,Tier 2,bh,benchmark-results-bh,74071320894,completed,failure,512,1385,bh,512,compute_forces_kernel,512,1,0.009207,0.009207,0.009207,2026-05-02T22:24:59.0259895Z,finished,60220,[OK] bh 512 -> 0.009207 ms,"Workflow-size invocation finished within the 600s timeout and emitted a CSV row. For plan rows sharing one workflow size, this is invocation-level evidence, not independent per-hardware-kernel timing evidence."
known_finished_from_downloaded_benchmark_results_csv_and_run_log_ok,downloaded artifact benchmark-results-bh/results_bh.csv plus run log line 60224,Tier 2,bh,benchmark-results-bh,74071320894,completed,failure,1024,1386,bh,1024,compute_forces_kernel,1024,1,0.009307,0.009307,0.009307,2026-05-02T22:25:00.2317583Z,finished,60224,[OK] bh 1024 -> 0.009307 ms,"Workflow-size invocation finished within the 600s timeout and emitted a CSV row. For plan rows sharing one workflow size, this is invocation-level evidence, not independent per-hardware-kernel timing evidence."
known_finished_from_downloaded_benchmark_results_csv_and_run_log_ok,downloaded artifact benchmark-results-bh/results_bh.csv plus run log line 60228,Tier 2,bh,benchmark-results-bh,74071320894,completed,failure,2048,1387,bh,2048,compute_forces_kernel,2048,1,0.009911,0.009911,0.009911,2026-05-02T22:25:02.9131159Z,finished,60228,[OK] bh 2048 -> 0.009911 ms,"Workflow-size invocation finished within the 600s timeout and emitted a CSV row. For plan rows sharing one workflow size, this is invocation-level evidence, not independent per-hardware-kernel timing evidence."
known_finished_from_downloaded_benchmark_results_csv_and_run_log_ok,downloaded artifact benchmark-results-bh/results_bh.csv plus run log line 60232,Tier 2,bh,benchmark-results-bh,74071320894,completed,failure,4096,1388,bh,4096,compute_forces_kernel,4096,1,0.011163,0.011163,0.011163,2026-05-02T22:25:08.6511526Z,finished,60232,[OK] bh 4096 -> 0.011163 ms,"Workflow-size invocation finished within the 600s timeout and emitted a CSV row. For plan rows sharing one workflow size, this is invocation-level evidence, not independent per-hardware-kernel timing evidence."
known_finished_from_downloaded_benchmark_results_csv_and_run_log_ok,downloaded artifact benchmark-results-bh/results_bh.csv plus run log line 60236,Tier 2,bh,benchmark-results-bh,74071320894,completed,failure,8192,1389,bh,8192,compute_forces_kernel,8192,1,0.011415,0.011415,0.011415,2026-05-02T22:25:27.3055530Z,finished,60236,[OK] bh 8192 -> 0.011415 ms,"Workflow-size invocation finished within the 600s timeout and emitted a CSV row. For plan rows sharing one workflow size, this is invocation-level evidence, not independent per-hardware-kernel timing evidence."
known_finished_from_downloaded_benchmark_results_csv_and_run_log_ok,downloaded artifact benchmark-results-bh/results_bh.csv plus run log line 60240,Tier 2,bh,benchmark-results-bh,74071320894,completed,failure,16384,1390,bh,16384,compute_forces_kernel,16384,1,0.012279,0.012279,0.012279,2026-05-02T22:26:23.4928226Z,finished,60240,[OK] bh 16384 -> 0.012279 ms,"Workflow-size invocation finished within the 600s timeout and emitted a CSV row. For plan rows sharing one workflow size, this is invocation-level evidence, not independent per-hardware-kernel timing evidence."
known_finished_from_downloaded_benchmark_results_csv_and_run_log_ok,downloaded artifact benchmark-results-bh/results_bh.csv plus run log line 60244,Tier 2,bh,benchmark-results-bh,74071320894,completed,failure,32768,1391,bh,32768,compute_forces_kernel,32768,1,0.013168,0.013168,0.013168,2026-05-02T22:28:36.8821069Z,finished,60244,[OK] bh 32768 -> 0.013168 ms,"Workflow-size invocation finished within the 600s timeout and emitted a CSV row. For plan rows sharing one workflow size, this is invocation-level evidence, not independent per-hardware-kernel timing evidence."
known_finished_from_downloaded_benchmark_results_csv_and_run_log_ok,downloaded artifact benchmark-results-bh/results_bh.csv plus run log line 60248,Tier 2,bh,benchmark-results-bh,74071320894,completed,failure,65536,1392,bh,65536,compute_forces_kernel,65536,1,0.013968,0.013968,0.013968,2026-05-02T22:34:13.5533097Z,finished,60248,[OK] bh 65536 -> 0.013968 ms,"Workflow-size invocation finished within the 600s timeout and emitted a CSV row. For plan rows sharing one workflow size, this is invocation-level evidence, not independent per-hardware-kernel timing evidence."
known_timed_out_at_600s_from_run_log,run log line 60252,Tier 2,bh,benchmark-results-bh,74071320894,completed,failure,131072,1393,bh,131072,,,,,,,2026-05-02T22:44:13.6406301Z,timed_out_600s,60252,##[warning]TIMEOUT: bh 131072 (>600s),The simulator invocation reached the workflow timeout command threshold (>600s); the job loop broke after this failure.
unknown_not_attempted_after_prior_failure,no downloaded CSV row and no OK/TIMEOUT/CRASH log event for this workflow size,Tier 2,bh,benchmark-results-bh,74071320894,completed,failure,196608,1394,bh,196608,,,,,,,,,,,No invocation evidence for this later plan entry; benchmark job stopped after first timed_out_600s at size 131072 (plan index 1393).
unknown_not_attempted_after_prior_failure,no downloaded CSV row and no OK/TIMEOUT/CRASH log event for this workflow size,Tier 2,bh,benchmark-results-bh,74071320894,completed,failure,262144,1395,bh,262144,,,,,,,,,,,No invocation evidence for this later plan entry; benchmark job stopped after first timed_out_600s at size 131072 (plan index 1393).
unknown_not_attempted_after_prior_failure,no downloaded CSV row and no OK/TIMEOUT/CRASH log event for this workflow size,Tier 2,bh,benchmark-results-bh,74071320894,completed,failure,393216,1396,bh,393216,,,,,,,,,,,No invocation evidence for this later plan entry; benchmark job stopped after first timed_out_600s at size 131072 (plan index 1393).
unknown_not_attempted_after_prior_failure,no downloaded CSV row and no OK/TIMEOUT/CRASH log event for this workflow size,Tier 2,bh,benchmark-results-bh,74071320894,completed,failure,524288,1397,bh,524288,,,,,,,,,,,No invocation evidence for this later plan entry; benchmark job stopped after first timed_out_600s at size 131072 (plan index 1393).
unknown_not_attempted_after_prior_failure,no downloaded CSV row and no OK/TIMEOUT/CRASH log event for this workflow size,Tier 2,bh,benchmark-results-bh,74071320894,completed,failure,786432,1398,bh,786432,,,,,,,,,,,No invocation evidence for this later plan entry; benchmark job stopped after first timed_out_600s at size 131072 (plan index 1393).
unknown_not_attempted_after_prior_failure,no downloaded CSV row and no OK/TIMEOUT/CRASH log event for this workflow size,Tier 2,bh,benchmark-results-bh,74071320894,completed,failure,1048576,1399,bh,1048576,,,,,,,,,,,No invocation evidence for this later plan entry; benchmark job stopped after first timed_out_600s at size 131072 (plan index 1393).
unknown_not_attempted_after_prior_failure,no downloaded CSV row and no OK/TIMEOUT/CRASH log event for this workflow size,Tier 2,bh,benchmark-results-bh,74071320894,completed,failure,1572864,1400,bh,1572864,,,,,,,,,,,No invocation evidence for this later plan entry; benchmark job stopped after first timed_out_600s at size 131072 (plan index 1393).
unknown_not_attempted_after_prior_failure,no downloaded CSV row and no OK/TIMEOUT/CRASH log event for this workflow size,Tier 2,bh,benchmark-results-bh,74071320894,completed,failure,2097152,1401,bh,2097152,,,,,,,,,,,No invocation evidence for this later plan entry; benchmark job stopped after first timed_out_600s at size 131072 (plan index 1393).
known_finished_from_downloaded_benchmark_results_csv_and_run_log_ok,downloaded artifact benchmark-results-dmr/results_dmr.csv plus run log line 60838,Tier 2,dmr,benchmark-results-dmr,74071320903,completed,failure,256,1402,dmr,256,identify_bad_triangles,256,1,0.001627,0.001627,0.001627,2026-05-02T22:28:47.4623891Z,finished,60838,[OK] dmr 256 -> 0.001627 ms,"Workflow-size invocation finished within the 600s timeout and emitted a CSV row. For plan rows sharing one workflow size, this is invocation-level evidence, not independent per-hardware-kernel timing evidence."
known_finished_from_downloaded_benchmark_results_csv_and_run_log_ok,downloaded artifact benchmark-results-dmr/results_dmr.csv plus run log line 60842,Tier 2,dmr,benchmark-results-dmr,74071320903,completed,failure,512,1403,dmr,512,identify_bad_triangles,512,1,0.001645,0.001645,0.001645,2026-05-02T22:28:47.6772817Z,finished,60842,[OK] dmr 512 -> 0.001645 ms,"Workflow-size invocation finished within the 600s timeout and emitted a CSV row. For plan rows sharing one workflow size, this is invocation-level evidence, not independent per-hardware-kernel timing evidence."
known_finished_from_downloaded_benchmark_results_csv_and_run_log_ok,downloaded artifact benchmark-results-dmr/results_dmr.csv plus run log line 60846,Tier 2,dmr,benchmark-results-dmr,74071320903,completed,failure,1024,1404,dmr,1024,identify_bad_triangles,1024,1,0.001628,0.001628,0.001628,2026-05-02T22:28:47.9590275Z,finished,60846,[OK] dmr 1024 -> 0.001628 ms,"Workflow-size invocation finished within the 600s timeout and emitted a CSV row. For plan rows sharing one workflow size, this is invocation-level evidence, not independent per-hardware-kernel timing evidence."
known_finished_from_downloaded_benchmark_results_csv_and_run_log_ok,downloaded artifact benchmark-results-dmr/results_dmr.csv plus run log line 60850,Tier 2,dmr,benchmark-results-dmr,74071320903,completed,failure,2048,1405,dmr,2048,identify_bad_triangles,2048,1,0.001631,0.001631,0.001631,2026-05-02T22:28:48.4281997Z,finished,60850,[OK] dmr 2048 -> 0.001631 ms,"Workflow-size invocation finished within the 600s timeout and emitted a CSV row. For plan rows sharing one workflow size, this is invocation-level evidence, not independent per-hardware-kernel timing evidence."
known_finished_from_downloaded_benchmark_results_csv_and_run_log_ok,downloaded artifact benchmark-results-dmr/results_dmr.csv plus run log line 60854,Tier 2,dmr,benchmark-results-dmr,74071320903,completed,failure,4096,1406,dmr,4096,identify_bad_triangles,4096,1,0.001625,0.001625,0.001625,2026-05-02T22:28:49.4322672Z,finished,60854,[OK] dmr 4096 -> 0.001625 ms,"Workflow-size invocation finished within the 600s timeout and emitted a CSV row. For plan rows sharing one workflow size, this is invocation-level evidence, not independent per-hardware-kernel timing evidence."
known_finished_from_downloaded_benchmark_results_csv_and_run_log_ok,downloaded artifact benchmark-results-dmr/results_dmr.csv plus run log line 60858,Tier 2,dmr,benchmark-results-dmr,74071320903,completed,failure,8192,1407,dmr,8192,identify_bad_triangles,8192,1,0.001837,0.001837,0.001837,2026-05-02T22:28:51.1038482Z,finished,60858,[OK] dmr 8192 -> 0.001837 ms,"Workflow-size invocation finished within the 600s timeout and emitted a CSV row. For plan rows sharing one workflow size, this is invocation-level evidence, not independent per-hardware-kernel timing evidence."
known_finished_from_downloaded_benchmark_results_csv_and_run_log_ok,downloaded artifact benchmark-results-dmr/results_dmr.csv plus run log line 60862,Tier 2,dmr,benchmark-results-dmr,74071320903,completed,failure,16384,1408,dmr,16384,identify_bad_triangles,16384,1,0.002352,0.002352,0.002352,2026-05-02T22:28:54.9173240Z,finished,60862,[OK] dmr 16384 -> 0.002352 ms,"Workflow-size invocation finished within the 600s timeout and emitted a CSV row. For plan rows sharing one workflow size, this is invocation-level evidence, not independent per-hardware-kernel timing evidence."
known_finished_from_downloaded_benchmark_results_csv_and_run_log_ok,downloaded artifact benchmark-results-dmr/results_dmr.csv plus run log line 60866,Tier 2,dmr,benchmark-results-dmr,74071320903,completed,failure,32768,1409,dmr,32768,identify_bad_triangles,32768,1,0.003302,0.003302,0.003302,2026-05-02T22:29:03.5762734Z,finished,60866,[OK] dmr 32768 -> 0.003302 ms,"Workflow-size invocation finished within the 600s timeout and emitted a CSV row. For plan rows sharing one workflow size, this is invocation-level evidence, not independent per-hardware-kernel timing evidence."
known_crashed_from_run_log,run log line 60870,Tier 2,dmr,benchmark-results-dmr,74071320903,completed,failure,65536,1410,dmr,65536,,,,,,,2026-05-02T22:29:23.2635583Z,crashed,60870,##[error]CRASH: dmr 65536 (exit 2),The simulator invocation crashed (exit 2); the job loop broke after this failure.
unknown_not_attempted_after_prior_failure,no downloaded CSV row and no OK/TIMEOUT/CRASH log event for this workflow size,Tier 2,dmr,benchmark-results-dmr,74071320903,completed,failure,131072,1411,dmr,131072,,,,,,,,,,,No invocation evidence for this later plan entry; benchmark job stopped after first crashed at size 65536 (plan index 1410).
unknown_not_attempted_after_prior_failure,no downloaded CSV row and no OK/TIMEOUT/CRASH log event for this workflow size,Tier 2,dmr,benchmark-results-dmr,74071320903,completed,failure,196608,1412,dmr,196608,,,,,,,,,,,No invocation evidence for this later plan entry; benchmark job stopped after first crashed at size 65536 (plan index 1410).
unknown_not_attempted_after_prior_failure,no downloaded CSV row and no OK/TIMEOUT/CRASH log event for this workflow size,Tier 2,dmr,benchmark-results-dmr,74071320903,completed,failure,262144,1413,dmr,262144,,,,,,,,,,,No invocation evidence for this later plan entry; benchmark job stopped after first crashed at size 65536 (plan index 1410).
unknown_not_attempted_after_prior_failure,no downloaded CSV row and no OK/TIMEOUT/CRASH log event for this workflow size,Tier 2,dmr,benchmark-results-dmr,74071320903,completed,failure,393216,1414,dmr,393216,,,,,,,,,,,No invocation evidence for this later plan entry; benchmark job stopped after first crashed at size 65536 (plan index 1410).
unknown_not_attempted_after_prior_failure,no downloaded CSV row and no OK/TIMEOUT/CRASH log event for this workflow size,Tier 2,dmr,benchmark-results-dmr,74071320903,completed,failure,524288,1415,dmr,524288,,,,,,,,,,,No invocation evidence for this later plan entry; benchmark job stopped after first crashed at size 65536 (plan index 1410).
unknown_not_attempted_after_prior_failure,no downloaded CSV row and no OK/TIMEOUT/CRASH log event for this workflow size,Tier 2,dmr,benchmark-results-dmr,74071320903,completed,failure,786432,1416,dmr,786432,,,,,,,,,,,No invocation evidence for this later plan entry; benchmark job stopped after first crashed at size 65536 (plan index 1410).
