suite,benchmark,non_scaling_combo,non_scaling_slug,scaling_param_name,scaling_param_value,time_ms_avg
altis,altis_cfd,"block_size=256, precision=double",block_size-256_precision-double,size,500,0.025671
altis,altis_cfd,"block_size=256, precision=double",block_size-256_precision-double,size,750,0.026020
altis,altis_cfd,"block_size=256, precision=double",block_size-256_precision-double,size,1000,0.027169
altis,altis_cfd,"block_size=256, precision=double",block_size-256_precision-double,size,1500,0.028332
altis,altis_cfd,"block_size=256, precision=double",block_size-256_precision-double,size,2000,0.029294
altis,altis_cfd,"block_size=256, precision=double",block_size-256_precision-double,size,3000,0.032113
altis,altis_cfd,"block_size=256, precision=double",block_size-256_precision-double,size,5000,0.030456
altis,altis_cfd,"block_size=256, precision=double",block_size-256_precision-double,size,7500,0.030069
altis,altis_cfd,"block_size=256, precision=double",block_size-256_precision-double,size,10000,0.030322
altis,altis_cfd,"block_size=256, precision=double",block_size-256_precision-double,size,15000,0.030643
altis,altis_cfd,"block_size=256, precision=double",block_size-256_precision-double,size,20000,0.031873
altis,altis_cfd,"block_size=256, precision=double",block_size-256_precision-double,size,30000,0.035467
altis,altis_cfd,"block_size=256, precision=double",block_size-256_precision-double,size,50000,0.053201
altis,altis_cfd,"block_size=256, precision=double",block_size-256_precision-double,size,75000,0.065950
altis,altis_cfd,"block_size=256, precision=double",block_size-256_precision-double,size,100000,0.085194
altis,altis_cfd,"block_size=256, precision=double",block_size-256_precision-double,size,150000,0.104118
altis,altis_cfd,"block_size=256, precision=double",block_size-256_precision-double,size,200000,0.133732
altis,altis_cfd,"block_size=256, precision=double",block_size-256_precision-double,size,300000,0.219002
altis,altis_cfd,"block_size=256, precision=double",block_size-256_precision-double,size,500000,0.437660
altis,altis_cfd,"block_size=256, precision=double",block_size-256_precision-double,size,750000,0.731235
altis,altis_cfd,"block_size=256, precision=double",block_size-256_precision-double,size,1000000,1.030153
altis,altis_cfd,"block_size=256, precision=double",block_size-256_precision-double,size,1500000,1.613420
altis,altis_cfd,"block_size=256, precision=double",block_size-256_precision-double,size,2000000,2.191903
altis,altis_cfd,"block_size=256, precision=double",block_size-256_precision-double,size,3000000,3.358820
altis,altis_cfd,"block_size=256, precision=double",block_size-256_precision-double,size,5000000,5.726457
altis,altis_cfd,"block_size=256, precision=double",block_size-256_precision-double,size,7500000,8.630508
altis,altis_cfd,"block_size=256, precision=double",block_size-256_precision-double,size,10000000,11.505570
altis,altis_cfd,"block_size=256, precision=float",block_size-256_precision-float,size,500,0.027382
altis,altis_cfd,"block_size=256, precision=float",block_size-256_precision-float,size,750,0.025966
altis,altis_cfd,"block_size=256, precision=float",block_size-256_precision-float,size,1000,0.026340
altis,altis_cfd,"block_size=256, precision=float",block_size-256_precision-float,size,1500,0.026473
altis,altis_cfd,"block_size=256, precision=float",block_size-256_precision-float,size,2000,0.027903
altis,altis_cfd,"block_size=256, precision=float",block_size-256_precision-float,size,3000,0.034545
altis,altis_cfd,"block_size=256, precision=float",block_size-256_precision-float,size,5000,0.030722
altis,altis_cfd,"block_size=256, precision=float",block_size-256_precision-float,size,7500,0.032847
altis,altis_cfd,"block_size=256, precision=float",block_size-256_precision-float,size,10000,0.034546
altis,altis_cfd,"block_size=256, precision=float",block_size-256_precision-float,size,15000,0.030229
altis,altis_cfd,"block_size=256, precision=float",block_size-256_precision-float,size,20000,0.031098
altis,altis_cfd,"block_size=256, precision=float",block_size-256_precision-float,size,30000,0.038380
altis,altis_cfd,"block_size=256, precision=float",block_size-256_precision-float,size,50000,0.049726
altis,altis_cfd,"block_size=256, precision=float",block_size-256_precision-float,size,75000,0.067848
altis,altis_cfd,"block_size=256, precision=float",block_size-256_precision-float,size,100000,0.088160
altis,altis_cfd,"block_size=256, precision=float",block_size-256_precision-float,size,150000,0.103156
altis,altis_cfd,"block_size=256, precision=float",block_size-256_precision-float,size,200000,0.135535
altis,altis_cfd,"block_size=256, precision=float",block_size-256_precision-float,size,300000,0.210879
altis,altis_cfd,"block_size=256, precision=float",block_size-256_precision-float,size,500000,0.439370
altis,altis_cfd,"block_size=256, precision=float",block_size-256_precision-float,size,750000,0.732336
altis,altis_cfd,"block_size=256, precision=float",block_size-256_precision-float,size,1000000,1.023566
altis,altis_cfd,"block_size=256, precision=float",block_size-256_precision-float,size,1500000,1.613761
altis,altis_cfd,"block_size=256, precision=float",block_size-256_precision-float,size,2000000,2.195673
altis,altis_cfd,"block_size=256, precision=float",block_size-256_precision-float,size,3000000,3.373437
altis,altis_cfd,"block_size=256, precision=float",block_size-256_precision-float,size,5000000,5.713858
altis,altis_cfd,"block_size=256, precision=float",block_size-256_precision-float,size,7500000,8.638803
altis,altis_cfd,"block_size=256, precision=float",block_size-256_precision-float,size,10000000,11.534406
altis,altis_cfd,"block_size=256, precision=half",block_size-256_precision-half,size,500,0.036018
altis,altis_cfd,"block_size=256, precision=half",block_size-256_precision-half,size,750,0.026113
altis,altis_cfd,"block_size=256, precision=half",block_size-256_precision-half,size,1000,0.025804
altis,altis_cfd,"block_size=256, precision=half",block_size-256_precision-half,size,1500,0.026807
altis,altis_cfd,"block_size=256, precision=half",block_size-256_precision-half,size,2000,0.027714
altis,altis_cfd,"block_size=256, precision=half",block_size-256_precision-half,size,3000,0.034772
altis,altis_cfd,"block_size=256, precision=half",block_size-256_precision-half,size,5000,0.030016
altis,altis_cfd,"block_size=256, precision=half",block_size-256_precision-half,size,7500,0.029935
altis,altis_cfd,"block_size=256, precision=half",block_size-256_precision-half,size,10000,0.029842
altis,altis_cfd,"block_size=256, precision=half",block_size-256_precision-half,size,15000,0.030322
altis,altis_cfd,"block_size=256, precision=half",block_size-256_precision-half,size,20000,0.031966
altis,altis_cfd,"block_size=256, precision=half",block_size-256_precision-half,size,30000,0.035254
altis,altis_cfd,"block_size=256, precision=half",block_size-256_precision-half,size,50000,0.049353
altis,altis_cfd,"block_size=256, precision=half",block_size-256_precision-half,size,75000,0.066926
altis,altis_cfd,"block_size=256, precision=half",block_size-256_precision-half,size,100000,0.083122
altis,altis_cfd,"block_size=256, precision=half",block_size-256_precision-half,size,150000,0.102954
altis,altis_cfd,"block_size=256, precision=half",block_size-256_precision-half,size,200000,0.134813
altis,altis_cfd,"block_size=256, precision=half",block_size-256_precision-half,size,300000,0.226355
altis,altis_cfd,"block_size=256, precision=half",block_size-256_precision-half,size,500000,0.443488
altis,altis_cfd,"block_size=256, precision=half",block_size-256_precision-half,size,750000,0.734843
altis,altis_cfd,"block_size=256, precision=half",block_size-256_precision-half,size,1000000,1.028323
altis,altis_cfd,"block_size=256, precision=half",block_size-256_precision-half,size,1500000,1.611071
altis,altis_cfd,"block_size=256, precision=half",block_size-256_precision-half,size,2000000,2.186473
altis,altis_cfd,"block_size=256, precision=half",block_size-256_precision-half,size,3000000,3.370017
altis,altis_cfd,"block_size=256, precision=half",block_size-256_precision-half,size,5000000,5.710061
altis,altis_cfd,"block_size=256, precision=half",block_size-256_precision-half,size,7500000,8.630274
altis,altis_cfd,"block_size=256, precision=half",block_size-256_precision-half,size,10000000,11.531945
altis,altis_raytracing,"height=1024, spheres=256",height-1024_spheres-256,width,64,0.040425
altis,altis_raytracing,"height=1024, spheres=256",height-1024_spheres-256,width,128,0.040745
altis,altis_raytracing,"height=1024, spheres=256",height-1024_spheres-256,width,256,0.049753
altis,altis_raytracing,"height=1024, spheres=256",height-1024_spheres-256,width,384,0.067874
altis,altis_raytracing,"height=1024, spheres=256",height-1024_spheres-256,width,512,0.081719
altis,altis_raytracing,"height=1024, spheres=256",height-1024_spheres-256,width,640,0.105372
altis,altis_raytracing,"height=1024, spheres=256",height-1024_spheres-256,width,768,0.117347
altis,altis_raytracing,"height=1024, spheres=256",height-1024_spheres-256,width,1024,0.148751
altis,altis_raytracing,"height=1024, spheres=256",height-1024_spheres-256,width,1280,0.177283
altis,altis_raytracing,"height=1024, spheres=256",height-1024_spheres-256,width,1536,0.212697
altis,altis_raytracing,"height=1024, spheres=256",height-1024_spheres-256,width,1792,0.243379
altis,altis_raytracing,"height=1024, spheres=256",height-1024_spheres-256,width,2048,0.269907
altis,altis_raytracing,"height=1024, spheres=256",height-1024_spheres-256,width,2560,0.328762
altis,altis_raytracing,"height=1024, spheres=256",height-1024_spheres-256,width,3072,0.394553
altis,altis_raytracing,"height=1024, spheres=256",height-1024_spheres-256,width,3584,0.485899
altis,altis_raytracing,"height=1024, spheres=256",height-1024_spheres-256,width,4096,0.595790
altis,altis_raytracing,"height=1024, spheres=256",height-1024_spheres-256,width,5120,0.766604
altis,altis_raytracing,"height=1024, spheres=256",height-1024_spheres-256,width,6144,0.883487
altis,altis_raytracing,"height=1024, spheres=256",height-1024_spheres-256,width,7168,0.987760
altis,altis_raytracing,"height=1024, spheres=256",height-1024_spheres-256,width,8192,1.092403
altis,altis_raytracing,"height=1024, spheres=64",height-1024_spheres-64,width,64,0.015275
altis,altis_raytracing,"height=1024, spheres=64",height-1024_spheres-64,width,128,0.013484
altis,altis_raytracing,"height=1024, spheres=64",height-1024_spheres-64,width,256,0.016411
altis,altis_raytracing,"height=1024, spheres=64",height-1024_spheres-64,width,384,0.021903
altis,altis_raytracing,"height=1024, spheres=64",height-1024_spheres-64,width,512,0.025685
altis,altis_raytracing,"height=1024, spheres=64",height-1024_spheres-64,width,640,0.031325
altis,altis_raytracing,"height=1024, spheres=64",height-1024_spheres-64,width,768,0.034813
altis,altis_raytracing,"height=1024, spheres=64",height-1024_spheres-64,width,1024,0.043632
altis,altis_raytracing,"height=1024, spheres=64",height-1024_spheres-64,width,1280,0.051263
altis,altis_raytracing,"height=1024, spheres=64",height-1024_spheres-64,width,1536,0.060872
altis,altis_raytracing,"height=1024, spheres=64",height-1024_spheres-64,width,1792,0.068609
altis,altis_raytracing,"height=1024, spheres=64",height-1024_spheres-64,width,2048,0.079113
altis,altis_raytracing,"height=1024, spheres=64",height-1024_spheres-64,width,2560,0.095497
altis,altis_raytracing,"height=1024, spheres=64",height-1024_spheres-64,width,3072,0.112509
altis,altis_raytracing,"height=1024, spheres=64",height-1024_spheres-64,width,3584,0.131111
altis,altis_raytracing,"height=1024, spheres=64",height-1024_spheres-64,width,4096,0.152039
altis,altis_raytracing,"height=1024, spheres=64",height-1024_spheres-64,width,5120,0.181305
altis,altis_raytracing,"height=1024, spheres=64",height-1024_spheres-64,width,6144,0.221744
altis,altis_raytracing,"height=1024, spheres=64",height-1024_spheres-64,width,7168,0.247335
altis,altis_raytracing,"height=1024, spheres=64",height-1024_spheres-64,width,8192,0.269498
altis,altis_raytracing,"height=1024, spheres=8",height-1024_spheres-8,width,64,0.006000
altis,altis_raytracing,"height=1024, spheres=8",height-1024_spheres-8,width,128,0.005853
altis,altis_raytracing,"height=1024, spheres=8",height-1024_spheres-8,width,256,0.006588
altis,altis_raytracing,"height=1024, spheres=8",height-1024_spheres-8,width,384,0.007845
altis,altis_raytracing,"height=1024, spheres=8",height-1024_spheres-8,width,512,0.008686
altis,altis_raytracing,"height=1024, spheres=8",height-1024_spheres-8,width,640,0.009689
altis,altis_raytracing,"height=1024, spheres=8",height-1024_spheres-8,width,768,0.010397
altis,altis_raytracing,"height=1024, spheres=8",height-1024_spheres-8,width,1024,0.012455
altis,altis_raytracing,"height=1024, spheres=8",height-1024_spheres-8,width,1280,0.014834
altis,altis_raytracing,"height=1024, spheres=8",height-1024_spheres-8,width,1536,0.016678
altis,altis_raytracing,"height=1024, spheres=8",height-1024_spheres-8,width,1792,0.019017
altis,altis_raytracing,"height=1024, spheres=8",height-1024_spheres-8,width,2048,0.021088
altis,altis_raytracing,"height=1024, spheres=8",height-1024_spheres-8,width,2560,0.025111
altis,altis_raytracing,"height=1024, spheres=8",height-1024_spheres-8,width,3072,0.029400
altis,altis_raytracing,"height=1024, spheres=8",height-1024_spheres-8,width,3584,0.033410
altis,altis_raytracing,"height=1024, spheres=8",height-1024_spheres-8,width,4096,0.037725
altis,altis_raytracing,"height=1024, spheres=8",height-1024_spheres-8,width,5120,0.045570
altis,altis_raytracing,"height=1024, spheres=8",height-1024_spheres-8,width,6144,0.054003
altis,altis_raytracing,"height=1024, spheres=8",height-1024_spheres-8,width,7168,0.061527
altis,altis_raytracing,"height=1024, spheres=8",height-1024_spheres-8,width,8192,0.070466
altis,altis_raytracing,"height=2048, spheres=256",height-2048_spheres-256,width,64,0.040425
altis,altis_raytracing,"height=2048, spheres=256",height-2048_spheres-256,width,128,0.047735
altis,altis_raytracing,"height=2048, spheres=256",height-2048_spheres-256,width,256,0.080729
altis,altis_raytracing,"height=2048, spheres=256",height-2048_spheres-256,width,384,0.117667
altis,altis_raytracing,"height=2048, spheres=256",height-2048_spheres-256,width,512,0.148418
altis,altis_raytracing,"height=2048, spheres=256",height-2048_spheres-256,width,640,0.178125
altis,altis_raytracing,"height=2048, spheres=256",height-2048_spheres-256,width,768,0.215058
altis,altis_raytracing,"height=2048, spheres=256",height-2048_spheres-256,width,1024,0.267715
altis,altis_raytracing,"height=2048, spheres=256",height-2048_spheres-256,width,1280,0.332703
altis,altis_raytracing,"height=2048, spheres=256",height-2048_spheres-256,width,1536,0.400704
altis,altis_raytracing,"height=2048, spheres=256",height-2048_spheres-256,width,1792,0.479665
altis,altis_raytracing,"height=2048, spheres=256",height-2048_spheres-256,width,2048,0.565938
altis,altis_raytracing,"height=2048, spheres=256",height-2048_spheres-256,width,2560,0.776159
altis,altis_raytracing,"height=2048, spheres=256",height-2048_spheres-256,width,3072,0.918544
altis,altis_raytracing,"height=2048, spheres=256",height-2048_spheres-256,width,3584,0.999836
altis,altis_raytracing,"height=2048, spheres=256",height-2048_spheres-256,width,4096,1.114376
altis,altis_raytracing,"height=2048, spheres=256",height-2048_spheres-256,width,5120,1.325603
altis,altis_raytracing,"height=2048, spheres=256",height-2048_spheres-256,width,6144,1.608407
altis,altis_raytracing,"height=2048, spheres=256",height-2048_spheres-256,width,7168,1.833232
altis,altis_raytracing,"height=2048, spheres=256",height-2048_spheres-256,width,8192,2.082320
altis,altis_raytracing,"height=2048, spheres=64",height-2048_spheres-64,width,64,0.013751
altis,altis_raytracing,"height=2048, spheres=64",height-2048_spheres-64,width,128,0.016264
altis,altis_raytracing,"height=2048, spheres=64",height-2048_spheres-64,width,256,0.025324
altis,altis_raytracing,"height=2048, spheres=64",height-2048_spheres-64,width,384,0.035173
altis,altis_raytracing,"height=2048, spheres=64",height-2048_spheres-64,width,512,0.043980
altis,altis_raytracing,"height=2048, spheres=64",height-2048_spheres-64,width,640,0.052666
altis,altis_raytracing,"height=2048, spheres=64",height-2048_spheres-64,width,768,0.062729
altis,altis_raytracing,"height=2048, spheres=64",height-2048_spheres-64,width,1024,0.079768
altis,altis_raytracing,"height=2048, spheres=64",height-2048_spheres-64,width,1280,0.098250
altis,altis_raytracing,"height=2048, spheres=64",height-2048_spheres-64,width,1536,0.116130
altis,altis_raytracing,"height=2048, spheres=64",height-2048_spheres-64,width,1792,0.133824
altis,altis_raytracing,"height=2048, spheres=64",height-2048_spheres-64,width,2048,0.153040
altis,altis_raytracing,"height=2048, spheres=64",height-2048_spheres-64,width,2560,0.184566
altis,altis_raytracing,"height=2048, spheres=64",height-2048_spheres-64,width,3072,0.218109
altis,altis_raytracing,"height=2048, spheres=64",height-2048_spheres-64,width,3584,0.246106
altis,altis_raytracing,"height=2048, spheres=64",height-2048_spheres-64,width,4096,0.288309
altis,altis_raytracing,"height=2048, spheres=64",height-2048_spheres-64,width,5120,0.338583
altis,altis_raytracing,"height=2048, spheres=64",height-2048_spheres-64,width,6144,0.422378
altis,altis_raytracing,"height=2048, spheres=64",height-2048_spheres-64,width,7168,0.546790
altis,altis_raytracing,"height=2048, spheres=64",height-2048_spheres-64,width,8192,0.648117
altis,altis_raytracing,"height=2048, spheres=8",height-2048_spheres-8,width,64,0.006080
altis,altis_raytracing,"height=2048, spheres=8",height-2048_spheres-8,width,128,0.006602
altis,altis_raytracing,"height=2048, spheres=8",height-2048_spheres-8,width,256,0.008539
altis,altis_raytracing,"height=2048, spheres=8",height-2048_spheres-8,width,384,0.011346
altis,altis_raytracing,"height=2048, spheres=8",height-2048_spheres-8,width,512,0.012348
altis,altis_raytracing,"height=2048, spheres=8",height-2048_spheres-8,width,640,0.015008
altis,altis_raytracing,"height=2048, spheres=8",height-2048_spheres-8,width,768,0.016905
altis,altis_raytracing,"height=2048, spheres=8",height-2048_spheres-8,width,1024,0.021168
altis,altis_raytracing,"height=2048, spheres=8",height-2048_spheres-8,width,1280,0.025605
altis,altis_raytracing,"height=2048, spheres=8",height-2048_spheres-8,width,1536,0.029560
altis,altis_raytracing,"height=2048, spheres=8",height-2048_spheres-8,width,1792,0.033837
altis,altis_raytracing,"height=2048, spheres=8",height-2048_spheres-8,width,2048,0.038327
altis,altis_raytracing,"height=2048, spheres=8",height-2048_spheres-8,width,2560,0.045945
altis,altis_raytracing,"height=2048, spheres=8",height-2048_spheres-8,width,3072,0.054711
altis,altis_raytracing,"height=2048, spheres=8",height-2048_spheres-8,width,3584,0.062877
altis,altis_raytracing,"height=2048, spheres=8",height-2048_spheres-8,width,4096,0.070213
altis,altis_raytracing,"height=2048, spheres=8",height-2048_spheres-8,width,5120,0.088040
altis,altis_raytracing,"height=2048, spheres=8",height-2048_spheres-8,width,6144,0.103395
altis,altis_raytracing,"height=2048, spheres=8",height-2048_spheres-8,width,7168,0.121409
altis,altis_raytracing,"height=2048, spheres=8",height-2048_spheres-8,width,8192,0.136457
microbench,cache_latency,"cacheline_bytes=64, measure_laps=4, rng_seed=42",cacheline_bytes-64_measure_laps-4_rng_seed-42,array_bytes,4096,4.252205
microbench,cache_latency,"cacheline_bytes=64, measure_laps=4, rng_seed=42",cacheline_bytes-64_measure_laps-4_rng_seed-42,array_bytes,8192,4.257787
microbench,cache_latency,"cacheline_bytes=64, measure_laps=4, rng_seed=42",cacheline_bytes-64_measure_laps-4_rng_seed-42,array_bytes,16384,4.262149
microbench,cache_latency,"cacheline_bytes=64, measure_laps=4, rng_seed=42",cacheline_bytes-64_measure_laps-4_rng_seed-42,array_bytes,32768,10.915204
microbench,cache_latency,"cacheline_bytes=64, measure_laps=4, rng_seed=42",cacheline_bytes-64_measure_laps-4_rng_seed-42,array_bytes,49152,11.311056
microbench,cache_latency,"cacheline_bytes=64, measure_laps=4, rng_seed=42",cacheline_bytes-64_measure_laps-4_rng_seed-42,array_bytes,65536,11.290122
microbench,cache_latency,"cacheline_bytes=64, measure_laps=4, rng_seed=42",cacheline_bytes-64_measure_laps-4_rng_seed-42,array_bytes,131072,10.933500
microbench,cache_latency,"cacheline_bytes=64, measure_laps=4, rng_seed=42",cacheline_bytes-64_measure_laps-4_rng_seed-42,array_bytes,262144,11.310029
microbench,cache_latency,"cacheline_bytes=64, measure_laps=4, rng_seed=42",cacheline_bytes-64_measure_laps-4_rng_seed-42,array_bytes,524288,11.331776
microbench,cache_latency,"cacheline_bytes=64, measure_laps=4, rng_seed=42",cacheline_bytes-64_measure_laps-4_rng_seed-42,array_bytes,1048576,10.894747
microbench,cache_latency,"cacheline_bytes=64, measure_laps=4, rng_seed=42",cacheline_bytes-64_measure_laps-4_rng_seed-42,array_bytes,2097152,11.330874
microbench,cache_latency,"cacheline_bytes=64, measure_laps=4, rng_seed=42",cacheline_bytes-64_measure_laps-4_rng_seed-42,array_bytes,3145728,16.990629
microbench,cache_latency,"cacheline_bytes=64, measure_laps=4, rng_seed=42",cacheline_bytes-64_measure_laps-4_rng_seed-42,array_bytes,4194304,21.761363
microbench,cache_latency,"cacheline_bytes=64, measure_laps=4, rng_seed=42",cacheline_bytes-64_measure_laps-4_rng_seed-42,array_bytes,6291456,78.314011
microbench,cache_latency,"cacheline_bytes=64, measure_laps=4, rng_seed=42",cacheline_bytes-64_measure_laps-4_rng_seed-42,array_bytes,8388608,104.474091
microbench,cache_latency,"cacheline_bytes=64, measure_laps=4, rng_seed=42",cacheline_bytes-64_measure_laps-4_rng_seed-42,array_bytes,16777216,205.612885
microbench,cache_latency,"cacheline_bytes=64, measure_laps=4, rng_seed=42",cacheline_bytes-64_measure_laps-4_rng_seed-42,array_bytes,33554432,417.904277
microbench,cache_latency,"cacheline_bytes=64, measure_laps=4, rng_seed=42",cacheline_bytes-64_measure_laps-4_rng_seed-42,array_bytes,67108864,836.011129
microbench,cache_latency,"cacheline_bytes=64, measure_laps=4, rng_seed=42",cacheline_bytes-64_measure_laps-4_rng_seed-42,array_bytes,134217728,1844.972005
microbench,cache_latency,"cacheline_bytes=64, measure_laps=4, rng_seed=42",cacheline_bytes-64_measure_laps-4_rng_seed-42,array_bytes,201326592,2962.085612
microbench,cache_latency,"cacheline_bytes=64, measure_laps=4, rng_seed=42",cacheline_bytes-64_measure_laps-4_rng_seed-42,array_bytes,268435456,3847.641520
microbench,cache_latency,"cacheline_bytes=64, measure_laps=4, rng_seed=42",cacheline_bytes-64_measure_laps-4_rng_seed-42,array_bytes,402653184,5269.884440
microbench,cache_latency,"cacheline_bytes=64, measure_laps=4, rng_seed=42",cacheline_bytes-64_measure_laps-4_rng_seed-42,array_bytes,536870912,5455.859049
microbench,cache_latency,"cacheline_bytes=64, measure_laps=4, rng_seed=42",cacheline_bytes-64_measure_laps-4_rng_seed-42,array_bytes,1073741824,5523.750488
microbench,cache_latency,"cacheline_bytes=64, measure_laps=4, rng_seed=42",cacheline_bytes-64_measure_laps-4_rng_seed-42,array_bytes,2147483648,5401.753581
microbench,cache_latency,"cacheline_bytes=64, measure_laps=4, rng_seed=42",cacheline_bytes-64_measure_laps-4_rng_seed-42,array_bytes,4294967296,5571.581868
microbench,empty_kernel,block_size=1024,block_size-1024,num_blocks,1,0.008630
microbench,empty_kernel,block_size=1024,block_size-1024,num_blocks,8,0.008697
microbench,empty_kernel,block_size=1024,block_size-1024,num_blocks,64,0.008763
microbench,empty_kernel,block_size=1024,block_size-1024,num_blocks,512,0.009165
microbench,empty_kernel,block_size=1024,block_size-1024,num_blocks,4096,0.012824
microbench,empty_kernel,block_size=1024,block_size-1024,num_blocks,32768,0.041696
microbench,empty_kernel,block_size=1024,block_size-1024,num_blocks,100000,0.109439
microbench,empty_kernel,block_size=1024,block_size-1024,num_blocks,262144,0.272817
microbench,empty_kernel,block_size=1024,block_size-1024,num_blocks,500000,0.512581
microbench,empty_kernel,block_size=1024,block_size-1024,num_blocks,1000000,1.016569
microbench,empty_kernel,block_size=1024,block_size-1024,num_blocks,2097152,2.122215
microbench,empty_kernel,block_size=256,block_size-256,num_blocks,1,0.008634
microbench,empty_kernel,block_size=256,block_size-256,num_blocks,8,0.008735
microbench,empty_kernel,block_size=256,block_size-256,num_blocks,64,0.008691
microbench,empty_kernel,block_size=256,block_size-256,num_blocks,512,0.008823
microbench,empty_kernel,block_size=256,block_size-256,num_blocks,4096,0.010627
microbench,empty_kernel,block_size=256,block_size-256,num_blocks,32768,0.024376
microbench,empty_kernel,block_size=256,block_size-256,num_blocks,100000,0.056444
microbench,empty_kernel,block_size=256,block_size-256,num_blocks,262144,0.133843
microbench,empty_kernel,block_size=256,block_size-256,num_blocks,500000,0.247644
microbench,empty_kernel,block_size=256,block_size-256,num_blocks,1000000,0.486827
microbench,empty_kernel,block_size=256,block_size-256,num_blocks,2097152,1.011745
microbench,empty_kernel,block_size=32,block_size-32,num_blocks,1,0.008672
microbench,empty_kernel,block_size=32,block_size-32,num_blocks,8,0.008737
microbench,empty_kernel,block_size=32,block_size-32,num_blocks,64,0.008752
microbench,empty_kernel,block_size=32,block_size-32,num_blocks,512,0.008850
microbench,empty_kernel,block_size=32,block_size-32,num_blocks,4096,0.010556
microbench,empty_kernel,block_size=32,block_size-32,num_blocks,32768,0.024235
microbench,empty_kernel,block_size=32,block_size-32,num_blocks,100000,0.056365
microbench,empty_kernel,block_size=32,block_size-32,num_blocks,262144,0.133855
microbench,empty_kernel,block_size=32,block_size-32,num_blocks,500000,0.247729
microbench,empty_kernel,block_size=32,block_size-32,num_blocks,1000000,0.486743
microbench,empty_kernel,block_size=32,block_size-32,num_blocks,2097152,1.011363
microbench,empty_kernel,block_size=64,block_size-64,num_blocks,1,0.008649
microbench,empty_kernel,block_size=64,block_size-64,num_blocks,8,0.008728
microbench,empty_kernel,block_size=64,block_size-64,num_blocks,64,0.008702
microbench,empty_kernel,block_size=64,block_size-64,num_blocks,512,0.008866
microbench,empty_kernel,block_size=64,block_size-64,num_blocks,4096,0.010573
microbench,empty_kernel,block_size=64,block_size-64,num_blocks,32768,0.024286
microbench,empty_kernel,block_size=64,block_size-64,num_blocks,100000,0.056395
microbench,empty_kernel,block_size=64,block_size-64,num_blocks,262144,0.133832
microbench,empty_kernel,block_size=64,block_size-64,num_blocks,500000,0.247611
microbench,empty_kernel,block_size=64,block_size-64,num_blocks,1000000,0.486817
microbench,empty_kernel,block_size=64,block_size-64,num_blocks,2097152,1.011252
microbench,fp32_throughput,"num_blocks=1, threads_per_block=1",num_blocks-1_threads_per_block-1,fmas_per_thread,256,0.005626
microbench,fp32_throughput,"num_blocks=1, threads_per_block=1",num_blocks-1_threads_per_block-1,fmas_per_thread,512,0.005720
microbench,fp32_throughput,"num_blocks=1, threads_per_block=1",num_blocks-1_threads_per_block-1,fmas_per_thread,1024,0.011025
microbench,fp32_throughput,"num_blocks=1, threads_per_block=1",num_blocks-1_threads_per_block-1,fmas_per_thread,2048,0.012696
microbench,fp32_throughput,"num_blocks=1, threads_per_block=1",num_blocks-1_threads_per_block-1,fmas_per_thread,4096,0.021009
microbench,fp32_throughput,"num_blocks=1, threads_per_block=1",num_blocks-1_threads_per_block-1,fmas_per_thread,8192,0.038768
microbench,fp32_throughput,"num_blocks=1, threads_per_block=1",num_blocks-1_threads_per_block-1,fmas_per_thread,16384,0.073901
microbench,fp32_throughput,"num_blocks=1, threads_per_block=1",num_blocks-1_threads_per_block-1,fmas_per_thread,32768,0.143887
microbench,fp32_throughput,"num_blocks=1, threads_per_block=1",num_blocks-1_threads_per_block-1,fmas_per_thread,65536,0.284380
microbench,fp32_throughput,"num_blocks=1, threads_per_block=1",num_blocks-1_threads_per_block-1,fmas_per_thread,131072,0.565525
microbench,fp32_throughput,"num_blocks=1, threads_per_block=1",num_blocks-1_threads_per_block-1,fmas_per_thread,262144,1.127229
microbench,fp32_throughput,"num_blocks=1, threads_per_block=1",num_blocks-1_threads_per_block-1,fmas_per_thread,524288,2.250848
microbench,fp32_throughput,"num_blocks=1, threads_per_block=1",num_blocks-1_threads_per_block-1,fmas_per_thread,1048576,4.496850
microbench,fp32_throughput,"num_blocks=1, threads_per_block=1024",num_blocks-1_threads_per_block-1024,fmas_per_thread,256,0.005692
microbench,fp32_throughput,"num_blocks=1, threads_per_block=1024",num_blocks-1_threads_per_block-1024,fmas_per_thread,512,0.008152
microbench,fp32_throughput,"num_blocks=1, threads_per_block=1024",num_blocks-1_threads_per_block-1024,fmas_per_thread,1024,0.009074
microbench,fp32_throughput,"num_blocks=1, threads_per_block=1024",num_blocks-1_threads_per_block-1024,fmas_per_thread,2048,0.014928
microbench,fp32_throughput,"num_blocks=1, threads_per_block=1024",num_blocks-1_threads_per_block-1024,fmas_per_thread,4096,0.026995
microbench,fp32_throughput,"num_blocks=1, threads_per_block=1024",num_blocks-1_threads_per_block-1024,fmas_per_thread,8192,0.050368
microbench,fp32_throughput,"num_blocks=1, threads_per_block=1024",num_blocks-1_threads_per_block-1024,fmas_per_thread,16384,0.097368
microbench,fp32_throughput,"num_blocks=1, threads_per_block=1024",num_blocks-1_threads_per_block-1024,fmas_per_thread,32768,0.190981
microbench,fp32_throughput,"num_blocks=1, threads_per_block=1024",num_blocks-1_threads_per_block-1024,fmas_per_thread,65536,0.378849
microbench,fp32_throughput,"num_blocks=1, threads_per_block=1024",num_blocks-1_threads_per_block-1024,fmas_per_thread,131072,0.753527
microbench,fp32_throughput,"num_blocks=1, threads_per_block=1024",num_blocks-1_threads_per_block-1024,fmas_per_thread,262144,1.503125
microbench,fp32_throughput,"num_blocks=1, threads_per_block=1024",num_blocks-1_threads_per_block-1024,fmas_per_thread,524288,3.002543
microbench,fp32_throughput,"num_blocks=1, threads_per_block=1024",num_blocks-1_threads_per_block-1024,fmas_per_thread,1048576,6.004612
microbench,fp32_throughput,"num_blocks=1, threads_per_block=256",num_blocks-1_threads_per_block-256,fmas_per_thread,256,0.005666
microbench,fp32_throughput,"num_blocks=1, threads_per_block=256",num_blocks-1_threads_per_block-256,fmas_per_thread,512,0.005893
microbench,fp32_throughput,"num_blocks=1, threads_per_block=256",num_blocks-1_threads_per_block-256,fmas_per_thread,1024,0.007818
microbench,fp32_throughput,"num_blocks=1, threads_per_block=256",num_blocks-1_threads_per_block-256,fmas_per_thread,2048,0.012282
microbench,fp32_throughput,"num_blocks=1, threads_per_block=256",num_blocks-1_threads_per_block-256,fmas_per_thread,4096,0.020954
microbench,fp32_throughput,"num_blocks=1, threads_per_block=256",num_blocks-1_threads_per_block-256,fmas_per_thread,8192,0.038715
microbench,fp32_throughput,"num_blocks=1, threads_per_block=256",num_blocks-1_threads_per_block-256,fmas_per_thread,16384,0.074008
microbench,fp32_throughput,"num_blocks=1, threads_per_block=256",num_blocks-1_threads_per_block-256,fmas_per_thread,32768,0.144061
microbench,fp32_throughput,"num_blocks=1, threads_per_block=256",num_blocks-1_threads_per_block-256,fmas_per_thread,65536,0.284420
microbench,fp32_throughput,"num_blocks=1, threads_per_block=256",num_blocks-1_threads_per_block-256,fmas_per_thread,131072,0.565939
microbench,fp32_throughput,"num_blocks=1, threads_per_block=256",num_blocks-1_threads_per_block-256,fmas_per_thread,262144,1.127537
microbench,fp32_throughput,"num_blocks=1, threads_per_block=256",num_blocks-1_threads_per_block-256,fmas_per_thread,524288,2.251492
microbench,fp32_throughput,"num_blocks=1, threads_per_block=256",num_blocks-1_threads_per_block-256,fmas_per_thread,1048576,4.500243
microbench,fp32_throughput,"num_blocks=1, threads_per_block=32",num_blocks-1_threads_per_block-32,fmas_per_thread,256,0.005680
microbench,fp32_throughput,"num_blocks=1, threads_per_block=32",num_blocks-1_threads_per_block-32,fmas_per_thread,512,0.008553
microbench,fp32_throughput,"num_blocks=1, threads_per_block=32",num_blocks-1_threads_per_block-32,fmas_per_thread,1024,0.010838
microbench,fp32_throughput,"num_blocks=1, threads_per_block=32",num_blocks-1_threads_per_block-32,fmas_per_thread,2048,0.012308
microbench,fp32_throughput,"num_blocks=1, threads_per_block=32",num_blocks-1_threads_per_block-32,fmas_per_thread,4096,0.021155
microbench,fp32_throughput,"num_blocks=1, threads_per_block=32",num_blocks-1_threads_per_block-32,fmas_per_thread,8192,0.038461
microbench,fp32_throughput,"num_blocks=1, threads_per_block=32",num_blocks-1_threads_per_block-32,fmas_per_thread,16384,0.073808
microbench,fp32_throughput,"num_blocks=1, threads_per_block=32",num_blocks-1_threads_per_block-32,fmas_per_thread,32768,0.143994
microbench,fp32_throughput,"num_blocks=1, threads_per_block=32",num_blocks-1_threads_per_block-32,fmas_per_thread,65536,0.284447
microbench,fp32_throughput,"num_blocks=1, threads_per_block=32",num_blocks-1_threads_per_block-32,fmas_per_thread,131072,0.565419
microbench,fp32_throughput,"num_blocks=1, threads_per_block=32",num_blocks-1_threads_per_block-32,fmas_per_thread,262144,1.127521
microbench,fp32_throughput,"num_blocks=1, threads_per_block=32",num_blocks-1_threads_per_block-32,fmas_per_thread,524288,2.251106
microbench,fp32_throughput,"num_blocks=1, threads_per_block=32",num_blocks-1_threads_per_block-32,fmas_per_thread,1048576,4.496319
microbench,fp32_throughput,"num_blocks=1, threads_per_block=64",num_blocks-1_threads_per_block-64,fmas_per_thread,256,0.006548
microbench,fp32_throughput,"num_blocks=1, threads_per_block=64",num_blocks-1_threads_per_block-64,fmas_per_thread,512,0.005760
microbench,fp32_throughput,"num_blocks=1, threads_per_block=64",num_blocks-1_threads_per_block-64,fmas_per_thread,1024,0.008005
microbench,fp32_throughput,"num_blocks=1, threads_per_block=64",num_blocks-1_threads_per_block-64,fmas_per_thread,2048,0.012214
microbench,fp32_throughput,"num_blocks=1, threads_per_block=64",num_blocks-1_threads_per_block-64,fmas_per_thread,4096,0.021074
microbench,fp32_throughput,"num_blocks=1, threads_per_block=64",num_blocks-1_threads_per_block-64,fmas_per_thread,8192,0.040225
microbench,fp32_throughput,"num_blocks=1, threads_per_block=64",num_blocks-1_threads_per_block-64,fmas_per_thread,16384,0.073781
microbench,fp32_throughput,"num_blocks=1, threads_per_block=64",num_blocks-1_threads_per_block-64,fmas_per_thread,32768,0.144088
microbench,fp32_throughput,"num_blocks=1, threads_per_block=64",num_blocks-1_threads_per_block-64,fmas_per_thread,65536,0.284605
microbench,fp32_throughput,"num_blocks=1, threads_per_block=64",num_blocks-1_threads_per_block-64,fmas_per_thread,131072,0.565433
microbench,fp32_throughput,"num_blocks=1, threads_per_block=64",num_blocks-1_threads_per_block-64,fmas_per_thread,262144,1.127097
microbench,fp32_throughput,"num_blocks=1, threads_per_block=64",num_blocks-1_threads_per_block-64,fmas_per_thread,524288,2.251162
microbench,fp32_throughput,"num_blocks=1, threads_per_block=64",num_blocks-1_threads_per_block-64,fmas_per_thread,1048576,4.499761
microbench,fp64_throughput,"num_blocks=1, threads_per_block=1",num_blocks-1_threads_per_block-1,fmas_per_thread,256,0.005773
microbench,fp64_throughput,"num_blocks=1, threads_per_block=1",num_blocks-1_threads_per_block-1,fmas_per_thread,512,0.006682
microbench,fp64_throughput,"num_blocks=1, threads_per_block=1",num_blocks-1_threads_per_block-1,fmas_per_thread,1024,0.010183
microbench,fp64_throughput,"num_blocks=1, threads_per_block=1",num_blocks-1_threads_per_block-1,fmas_per_thread,2048,0.017092
microbench,fp64_throughput,"num_blocks=1, threads_per_block=1",num_blocks-1_threads_per_block-1,fmas_per_thread,4096,0.031886
microbench,fp64_throughput,"num_blocks=1, threads_per_block=1",num_blocks-1_threads_per_block-1,fmas_per_thread,8192,0.058239
microbench,fp64_throughput,"num_blocks=1, threads_per_block=1",num_blocks-1_threads_per_block-1,fmas_per_thread,16384,0.112737
microbench,fp64_throughput,"num_blocks=1, threads_per_block=1",num_blocks-1_threads_per_block-1,fmas_per_thread,32768,0.222466
microbench,fp64_throughput,"num_blocks=1, threads_per_block=1",num_blocks-1_threads_per_block-1,fmas_per_thread,65536,0.440455
microbench,fp64_throughput,"num_blocks=1, threads_per_block=1",num_blocks-1_threads_per_block-1,fmas_per_thread,131072,0.878677
microbench,fp64_throughput,"num_blocks=1, threads_per_block=1",num_blocks-1_threads_per_block-1,fmas_per_thread,262144,1.751436
microbench,fp64_throughput,"num_blocks=1, threads_per_block=1",num_blocks-1_threads_per_block-1,fmas_per_thread,524288,3.498674
microbench,fp64_throughput,"num_blocks=1, threads_per_block=1",num_blocks-1_threads_per_block-1,fmas_per_thread,1048576,6.994751
microbench,fp64_throughput,"num_blocks=1, threads_per_block=1024",num_blocks-1_threads_per_block-1024,fmas_per_thread,256,0.005934
microbench,fp64_throughput,"num_blocks=1, threads_per_block=1024",num_blocks-1_threads_per_block-1024,fmas_per_thread,512,0.008606
microbench,fp64_throughput,"num_blocks=1, threads_per_block=1024",num_blocks-1_threads_per_block-1024,fmas_per_thread,1024,0.013858
microbench,fp64_throughput,"num_blocks=1, threads_per_block=1024",num_blocks-1_threads_per_block-1024,fmas_per_thread,2048,0.024443
microbench,fp64_throughput,"num_blocks=1, threads_per_block=1024",num_blocks-1_threads_per_block-1024,fmas_per_thread,4096,0.045545
microbench,fp64_throughput,"num_blocks=1, threads_per_block=1024",num_blocks-1_threads_per_block-1024,fmas_per_thread,8192,0.087413
microbench,fp64_throughput,"num_blocks=1, threads_per_block=1024",num_blocks-1_threads_per_block-1024,fmas_per_thread,16384,0.172124
microbench,fp64_throughput,"num_blocks=1, threads_per_block=1024",num_blocks-1_threads_per_block-1024,fmas_per_thread,32768,0.340775
microbench,fp64_throughput,"num_blocks=1, threads_per_block=1024",num_blocks-1_threads_per_block-1024,fmas_per_thread,65536,0.676244
microbench,fp64_throughput,"num_blocks=1, threads_per_block=1024",num_blocks-1_threads_per_block-1024,fmas_per_thread,131072,1.357729
microbench,fp64_throughput,"num_blocks=1, threads_per_block=1024",num_blocks-1_threads_per_block-1024,fmas_per_thread,262144,2.700887
microbench,fp64_throughput,"num_blocks=1, threads_per_block=1024",num_blocks-1_threads_per_block-1024,fmas_per_thread,524288,5.380391
microbench,fp64_throughput,"num_blocks=1, threads_per_block=1024",num_blocks-1_threads_per_block-1024,fmas_per_thread,1048576,10.793443
microbench,fp64_throughput,"num_blocks=1, threads_per_block=256",num_blocks-1_threads_per_block-256,fmas_per_thread,256,0.005653
microbench,fp64_throughput,"num_blocks=1, threads_per_block=256",num_blocks-1_threads_per_block-256,fmas_per_thread,512,0.006869
microbench,fp64_throughput,"num_blocks=1, threads_per_block=256",num_blocks-1_threads_per_block-256,fmas_per_thread,1024,0.010451
microbench,fp64_throughput,"num_blocks=1, threads_per_block=256",num_blocks-1_threads_per_block-256,fmas_per_thread,2048,0.017052
microbench,fp64_throughput,"num_blocks=1, threads_per_block=256",num_blocks-1_threads_per_block-256,fmas_per_thread,4096,0.030737
microbench,fp64_throughput,"num_blocks=1, threads_per_block=256",num_blocks-1_threads_per_block-256,fmas_per_thread,8192,0.058226
microbench,fp64_throughput,"num_blocks=1, threads_per_block=256",num_blocks-1_threads_per_block-256,fmas_per_thread,16384,0.112858
microbench,fp64_throughput,"num_blocks=1, threads_per_block=256",num_blocks-1_threads_per_block-256,fmas_per_thread,32768,0.222158
microbench,fp64_throughput,"num_blocks=1, threads_per_block=256",num_blocks-1_threads_per_block-256,fmas_per_thread,65536,0.440762
microbench,fp64_throughput,"num_blocks=1, threads_per_block=256",num_blocks-1_threads_per_block-256,fmas_per_thread,131072,0.878491
microbench,fp64_throughput,"num_blocks=1, threads_per_block=256",num_blocks-1_threads_per_block-256,fmas_per_thread,262144,1.754056
microbench,fp64_throughput,"num_blocks=1, threads_per_block=256",num_blocks-1_threads_per_block-256,fmas_per_thread,524288,3.501140
microbench,fp64_throughput,"num_blocks=1, threads_per_block=256",num_blocks-1_threads_per_block-256,fmas_per_thread,1048576,6.999119
microbench,fp64_throughput,"num_blocks=1, threads_per_block=32",num_blocks-1_threads_per_block-32,fmas_per_thread,256,0.006976
microbench,fp64_throughput,"num_blocks=1, threads_per_block=32",num_blocks-1_threads_per_block-32,fmas_per_thread,512,0.006802
microbench,fp64_throughput,"num_blocks=1, threads_per_block=32",num_blocks-1_threads_per_block-32,fmas_per_thread,1024,0.010317
microbench,fp64_throughput,"num_blocks=1, threads_per_block=32",num_blocks-1_threads_per_block-32,fmas_per_thread,2048,0.017240
microbench,fp64_throughput,"num_blocks=1, threads_per_block=32",num_blocks-1_threads_per_block-32,fmas_per_thread,4096,0.030723
microbench,fp64_throughput,"num_blocks=1, threads_per_block=32",num_blocks-1_threads_per_block-32,fmas_per_thread,8192,0.058186
microbench,fp64_throughput,"num_blocks=1, threads_per_block=32",num_blocks-1_threads_per_block-32,fmas_per_thread,16384,0.112710
microbench,fp64_throughput,"num_blocks=1, threads_per_block=32",num_blocks-1_threads_per_block-32,fmas_per_thread,32768,0.221971
microbench,fp64_throughput,"num_blocks=1, threads_per_block=32",num_blocks-1_threads_per_block-32,fmas_per_thread,65536,0.440535
microbench,fp64_throughput,"num_blocks=1, threads_per_block=32",num_blocks-1_threads_per_block-32,fmas_per_thread,131072,0.879559
microbench,fp64_throughput,"num_blocks=1, threads_per_block=32",num_blocks-1_threads_per_block-32,fmas_per_thread,262144,1.750832
microbench,fp64_throughput,"num_blocks=1, threads_per_block=32",num_blocks-1_threads_per_block-32,fmas_per_thread,524288,3.498973
microbench,fp64_throughput,"num_blocks=1, threads_per_block=32",num_blocks-1_threads_per_block-32,fmas_per_thread,1048576,6.994561
microbench,fp64_throughput,"num_blocks=1, threads_per_block=64",num_blocks-1_threads_per_block-64,fmas_per_thread,256,0.005600
microbench,fp64_throughput,"num_blocks=1, threads_per_block=64",num_blocks-1_threads_per_block-64,fmas_per_thread,512,0.006949
microbench,fp64_throughput,"num_blocks=1, threads_per_block=64",num_blocks-1_threads_per_block-64,fmas_per_thread,1024,0.010451
microbench,fp64_throughput,"num_blocks=1, threads_per_block=64",num_blocks-1_threads_per_block-64,fmas_per_thread,2048,0.017159
microbench,fp64_throughput,"num_blocks=1, threads_per_block=64",num_blocks-1_threads_per_block-64,fmas_per_thread,4096,0.030857
microbench,fp64_throughput,"num_blocks=1, threads_per_block=64",num_blocks-1_threads_per_block-64,fmas_per_thread,8192,0.058172
microbench,fp64_throughput,"num_blocks=1, threads_per_block=64",num_blocks-1_threads_per_block-64,fmas_per_thread,16384,0.112749
microbench,fp64_throughput,"num_blocks=1, threads_per_block=64",num_blocks-1_threads_per_block-64,fmas_per_thread,32768,0.222145
microbench,fp64_throughput,"num_blocks=1, threads_per_block=64",num_blocks-1_threads_per_block-64,fmas_per_thread,65536,0.440468
microbench,fp64_throughput,"num_blocks=1, threads_per_block=64",num_blocks-1_threads_per_block-64,fmas_per_thread,131072,0.877569
microbench,fp64_throughput,"num_blocks=1, threads_per_block=64",num_blocks-1_threads_per_block-64,fmas_per_thread,262144,1.751270
microbench,fp64_throughput,"num_blocks=1, threads_per_block=64",num_blocks-1_threads_per_block-64,fmas_per_thread,524288,3.499235
microbench,fp64_throughput,"num_blocks=1, threads_per_block=64",num_blocks-1_threads_per_block-64,fmas_per_thread,1048576,6.993897
microbench,int32_throughput,"num_blocks=1, threads_per_block=1",num_blocks-1_threads_per_block-1,mads_per_thread,256,0.005666
microbench,int32_throughput,"num_blocks=1, threads_per_block=1",num_blocks-1_threads_per_block-1,mads_per_thread,512,0.007724
microbench,int32_throughput,"num_blocks=1, threads_per_block=1",num_blocks-1_threads_per_block-1,mads_per_thread,1024,0.014674
microbench,int32_throughput,"num_blocks=1, threads_per_block=1",num_blocks-1_threads_per_block-1,mads_per_thread,2048,0.021837
microbench,int32_throughput,"num_blocks=1, threads_per_block=1",num_blocks-1_threads_per_block-1,mads_per_thread,4096,0.037392
microbench,int32_throughput,"num_blocks=1, threads_per_block=1",num_blocks-1_threads_per_block-1,mads_per_thread,8192,0.069625
microbench,int32_throughput,"num_blocks=1, threads_per_block=1",num_blocks-1_threads_per_block-1,mads_per_thread,16384,0.136125
microbench,int32_throughput,"num_blocks=1, threads_per_block=1",num_blocks-1_threads_per_block-1,mads_per_thread,32768,0.268785
microbench,int32_throughput,"num_blocks=1, threads_per_block=1",num_blocks-1_threads_per_block-1,mads_per_thread,65536,0.534027
microbench,int32_throughput,"num_blocks=1, threads_per_block=1",num_blocks-1_threads_per_block-1,mads_per_thread,131072,1.064056
microbench,int32_throughput,"num_blocks=1, threads_per_block=1",num_blocks-1_threads_per_block-1,mads_per_thread,262144,2.125738
microbench,int32_throughput,"num_blocks=1, threads_per_block=1",num_blocks-1_threads_per_block-1,mads_per_thread,524288,4.247146
microbench,int32_throughput,"num_blocks=1, threads_per_block=1",num_blocks-1_threads_per_block-1,mads_per_thread,1048576,8.490343
microbench,int32_throughput,"num_blocks=1, threads_per_block=1024",num_blocks-1_threads_per_block-1024,mads_per_thread,256,0.006348
microbench,int32_throughput,"num_blocks=1, threads_per_block=1024",num_blocks-1_threads_per_block-1024,mads_per_thread,512,0.009502
microbench,int32_throughput,"num_blocks=1, threads_per_block=1024",num_blocks-1_threads_per_block-1024,mads_per_thread,1024,0.015903
microbench,int32_throughput,"num_blocks=1, threads_per_block=1024",num_blocks-1_threads_per_block-1024,mads_per_thread,2048,0.028345
microbench,int32_throughput,"num_blocks=1, threads_per_block=1024",num_blocks-1_threads_per_block-1024,mads_per_thread,4096,0.053241
microbench,int32_throughput,"num_blocks=1, threads_per_block=1024",num_blocks-1_threads_per_block-1024,mads_per_thread,8192,0.102914
microbench,int32_throughput,"num_blocks=1, threads_per_block=1024",num_blocks-1_threads_per_block-1024,mads_per_thread,16384,0.203613
microbench,int32_throughput,"num_blocks=1, threads_per_block=1024",num_blocks-1_threads_per_block-1024,mads_per_thread,32768,0.401457
microbench,int32_throughput,"num_blocks=1, threads_per_block=1024",num_blocks-1_threads_per_block-1024,mads_per_thread,65536,0.799483
microbench,int32_throughput,"num_blocks=1, threads_per_block=1024",num_blocks-1_threads_per_block-1024,mads_per_thread,131072,1.595667
microbench,int32_throughput,"num_blocks=1, threads_per_block=1024",num_blocks-1_threads_per_block-1024,mads_per_thread,262144,3.187973
microbench,int32_throughput,"num_blocks=1, threads_per_block=1024",num_blocks-1_threads_per_block-1024,mads_per_thread,524288,6.372500
microbench,int32_throughput,"num_blocks=1, threads_per_block=1024",num_blocks-1_threads_per_block-1024,mads_per_thread,1048576,12.744462
microbench,int32_throughput,"num_blocks=1, threads_per_block=256",num_blocks-1_threads_per_block-256,mads_per_thread,256,0.005653
microbench,int32_throughput,"num_blocks=1, threads_per_block=256",num_blocks-1_threads_per_block-256,mads_per_thread,512,0.007550
microbench,int32_throughput,"num_blocks=1, threads_per_block=256",num_blocks-1_threads_per_block-256,mads_per_thread,1024,0.011693
microbench,int32_throughput,"num_blocks=1, threads_per_block=256",num_blocks-1_threads_per_block-256,mads_per_thread,2048,0.020032
microbench,int32_throughput,"num_blocks=1, threads_per_block=256",num_blocks-1_threads_per_block-256,mads_per_thread,4096,0.036777
microbench,int32_throughput,"num_blocks=1, threads_per_block=256",num_blocks-1_threads_per_block-256,mads_per_thread,8192,0.070040
microbench,int32_throughput,"num_blocks=1, threads_per_block=256",num_blocks-1_threads_per_block-256,mads_per_thread,16384,0.136296
microbench,int32_throughput,"num_blocks=1, threads_per_block=256",num_blocks-1_threads_per_block-256,mads_per_thread,32768,0.269012
microbench,int32_throughput,"num_blocks=1, threads_per_block=256",num_blocks-1_threads_per_block-256,mads_per_thread,65536,0.534160
microbench,int32_throughput,"num_blocks=1, threads_per_block=256",num_blocks-1_threads_per_block-256,mads_per_thread,131072,1.064582
microbench,int32_throughput,"num_blocks=1, threads_per_block=256",num_blocks-1_threads_per_block-256,mads_per_thread,262144,2.127211
microbench,int32_throughput,"num_blocks=1, threads_per_block=256",num_blocks-1_threads_per_block-256,mads_per_thread,524288,4.247564
microbench,int32_throughput,"num_blocks=1, threads_per_block=256",num_blocks-1_threads_per_block-256,mads_per_thread,1048576,8.494463
microbench,int32_throughput,"num_blocks=1, threads_per_block=32",num_blocks-1_threads_per_block-32,mads_per_thread,256,0.005680
microbench,int32_throughput,"num_blocks=1, threads_per_block=32",num_blocks-1_threads_per_block-32,mads_per_thread,512,0.007751
microbench,int32_throughput,"num_blocks=1, threads_per_block=32",num_blocks-1_threads_per_block-32,mads_per_thread,1024,0.011814
microbench,int32_throughput,"num_blocks=1, threads_per_block=32",num_blocks-1_threads_per_block-32,mads_per_thread,2048,0.020246
microbench,int32_throughput,"num_blocks=1, threads_per_block=32",num_blocks-1_threads_per_block-32,mads_per_thread,4096,0.036670
microbench,int32_throughput,"num_blocks=1, threads_per_block=32",num_blocks-1_threads_per_block-32,mads_per_thread,8192,0.070106
microbench,int32_throughput,"num_blocks=1, threads_per_block=32",num_blocks-1_threads_per_block-32,mads_per_thread,16384,0.136096
microbench,int32_throughput,"num_blocks=1, threads_per_block=32",num_blocks-1_threads_per_block-32,mads_per_thread,32768,0.268811
microbench,int32_throughput,"num_blocks=1, threads_per_block=32",num_blocks-1_threads_per_block-32,mads_per_thread,65536,0.534053
microbench,int32_throughput,"num_blocks=1, threads_per_block=32",num_blocks-1_threads_per_block-32,mads_per_thread,131072,1.064298
microbench,int32_throughput,"num_blocks=1, threads_per_block=32",num_blocks-1_threads_per_block-32,mads_per_thread,262144,2.125167
microbench,int32_throughput,"num_blocks=1, threads_per_block=32",num_blocks-1_threads_per_block-32,mads_per_thread,524288,4.246807
microbench,int32_throughput,"num_blocks=1, threads_per_block=32",num_blocks-1_threads_per_block-32,mads_per_thread,1048576,8.489840
microbench,int32_throughput,"num_blocks=1, threads_per_block=64",num_blocks-1_threads_per_block-64,mads_per_thread,256,0.005733
microbench,int32_throughput,"num_blocks=1, threads_per_block=64",num_blocks-1_threads_per_block-64,mads_per_thread,512,0.007578
microbench,int32_throughput,"num_blocks=1, threads_per_block=64",num_blocks-1_threads_per_block-64,mads_per_thread,1024,0.011787
microbench,int32_throughput,"num_blocks=1, threads_per_block=64",num_blocks-1_threads_per_block-64,mads_per_thread,2048,0.020019
microbench,int32_throughput,"num_blocks=1, threads_per_block=64",num_blocks-1_threads_per_block-64,mads_per_thread,4096,0.036710
microbench,int32_throughput,"num_blocks=1, threads_per_block=64",num_blocks-1_threads_per_block-64,mads_per_thread,8192,0.069999
microbench,int32_throughput,"num_blocks=1, threads_per_block=64",num_blocks-1_threads_per_block-64,mads_per_thread,16384,0.136110
microbench,int32_throughput,"num_blocks=1, threads_per_block=64",num_blocks-1_threads_per_block-64,mads_per_thread,32768,0.268878
microbench,int32_throughput,"num_blocks=1, threads_per_block=64",num_blocks-1_threads_per_block-64,mads_per_thread,65536,0.534054
microbench,int32_throughput,"num_blocks=1, threads_per_block=64",num_blocks-1_threads_per_block-64,mads_per_thread,131072,1.064124
microbench,int32_throughput,"num_blocks=1, threads_per_block=64",num_blocks-1_threads_per_block-64,mads_per_thread,262144,2.125693
microbench,int32_throughput,"num_blocks=1, threads_per_block=64",num_blocks-1_threads_per_block-64,mads_per_thread,524288,4.247883
microbench,int32_throughput,"num_blocks=1, threads_per_block=64",num_blocks-1_threads_per_block-64,mads_per_thread,1048576,8.491708
microbench,memory_bandwidth,"transfer_type=d2d, use_pinned_memory=true",transfer_type-d2d_use_pinned_memory-true,buffer_size_mb,1,0.005893
microbench,memory_bandwidth,"transfer_type=d2d, use_pinned_memory=true",transfer_type-d2d_use_pinned_memory-true,buffer_size_mb,2,0.005920
microbench,memory_bandwidth,"transfer_type=d2d, use_pinned_memory=true",transfer_type-d2d_use_pinned_memory-true,buffer_size_mb,4,0.006094
microbench,memory_bandwidth,"transfer_type=d2d, use_pinned_memory=true",transfer_type-d2d_use_pinned_memory-true,buffer_size_mb,8,0.006575
microbench,memory_bandwidth,"transfer_type=d2d, use_pinned_memory=true",transfer_type-d2d_use_pinned_memory-true,buffer_size_mb,16,0.006976
microbench,memory_bandwidth,"transfer_type=d2d, use_pinned_memory=true",transfer_type-d2d_use_pinned_memory-true,buffer_size_mb,32,0.016357
microbench,memory_bandwidth,"transfer_type=d2d, use_pinned_memory=true",transfer_type-d2d_use_pinned_memory-true,buffer_size_mb,64,0.030870
microbench,memory_bandwidth,"transfer_type=d2d, use_pinned_memory=true",transfer_type-d2d_use_pinned_memory-true,buffer_size_mb,128,0.059842
microbench,memory_bandwidth,"transfer_type=d2d, use_pinned_memory=true",transfer_type-d2d_use_pinned_memory-true,buffer_size_mb,256,0.130482
microbench,memory_bandwidth,"transfer_type=d2d, use_pinned_memory=true",transfer_type-d2d_use_pinned_memory-true,buffer_size_mb,512,0.262021
microbench,memory_bandwidth,"transfer_type=d2d, use_pinned_memory=true",transfer_type-d2d_use_pinned_memory-true,buffer_size_mb,1024,0.532169
microbench,memory_bandwidth,"transfer_type=d2d, use_pinned_memory=true",transfer_type-d2d_use_pinned_memory-true,buffer_size_mb,2048,1.084315
microbench,memory_bandwidth,"transfer_type=d2d, use_pinned_memory=true",transfer_type-d2d_use_pinned_memory-true,buffer_size_mb,4096,2.218835
microbench,shared_mem_latency,"access_pattern=conflict, block_size=1024, num_blocks=1",access_pattern-conflict_block_size-1024_num_blocks-1,inner_iters,64,0.753728
microbench,shared_mem_latency,"access_pattern=conflict, block_size=1024, num_blocks=1",access_pattern-conflict_block_size-1024_num_blocks-1,inner_iters,128,1.504010
microbench,shared_mem_latency,"access_pattern=conflict, block_size=1024, num_blocks=1",access_pattern-conflict_block_size-1024_num_blocks-1,inner_iters,256,3.001079
microbench,shared_mem_latency,"access_pattern=conflict, block_size=1024, num_blocks=1",access_pattern-conflict_block_size-1024_num_blocks-1,inner_iters,512,5.997164
microbench,shared_mem_latency,"access_pattern=conflict, block_size=1024, num_blocks=1",access_pattern-conflict_block_size-1024_num_blocks-1,inner_iters,1024,11.989134
microbench,shared_mem_latency,"access_pattern=conflict, block_size=1024, num_blocks=1",access_pattern-conflict_block_size-1024_num_blocks-1,inner_iters,2048,23.976494
microbench,shared_mem_latency,"access_pattern=conflict, block_size=1024, num_blocks=1",access_pattern-conflict_block_size-1024_num_blocks-1,inner_iters,4096,47.943738
microbench,shared_mem_latency,"access_pattern=conflict, block_size=1024, num_blocks=1",access_pattern-conflict_block_size-1024_num_blocks-1,inner_iters,8192,95.898534
microbench,shared_mem_latency,"access_pattern=conflict, block_size=1024, num_blocks=1",access_pattern-conflict_block_size-1024_num_blocks-1,inner_iters,16384,191.786199
microbench,shared_mem_latency,"access_pattern=conflict, block_size=1024, num_blocks=1",access_pattern-conflict_block_size-1024_num_blocks-1,inner_iters,32768,383.600444
microbench,shared_mem_latency,"access_pattern=conflict, block_size=1024, num_blocks=1",access_pattern-conflict_block_size-1024_num_blocks-1,inner_iters,65536,767.000936
microbench,shared_mem_latency,"access_pattern=conflict, block_size=256, num_blocks=1",access_pattern-conflict_block_size-256_num_blocks-1,inner_iters,64,0.754566
microbench,shared_mem_latency,"access_pattern=conflict, block_size=256, num_blocks=1",access_pattern-conflict_block_size-256_num_blocks-1,inner_iters,128,1.503641
microbench,shared_mem_latency,"access_pattern=conflict, block_size=256, num_blocks=1",access_pattern-conflict_block_size-256_num_blocks-1,inner_iters,256,3.000751
microbench,shared_mem_latency,"access_pattern=conflict, block_size=256, num_blocks=1",access_pattern-conflict_block_size-256_num_blocks-1,inner_iters,512,5.998844
microbench,shared_mem_latency,"access_pattern=conflict, block_size=256, num_blocks=1",access_pattern-conflict_block_size-256_num_blocks-1,inner_iters,1024,11.989236
microbench,shared_mem_latency,"access_pattern=conflict, block_size=256, num_blocks=1",access_pattern-conflict_block_size-256_num_blocks-1,inner_iters,2048,23.972569
microbench,shared_mem_latency,"access_pattern=conflict, block_size=256, num_blocks=1",access_pattern-conflict_block_size-256_num_blocks-1,inner_iters,4096,47.946850
microbench,shared_mem_latency,"access_pattern=conflict, block_size=256, num_blocks=1",access_pattern-conflict_block_size-256_num_blocks-1,inner_iters,8192,95.894831
microbench,shared_mem_latency,"access_pattern=conflict, block_size=256, num_blocks=1",access_pattern-conflict_block_size-256_num_blocks-1,inner_iters,16384,191.778300
microbench,shared_mem_latency,"access_pattern=conflict, block_size=256, num_blocks=1",access_pattern-conflict_block_size-256_num_blocks-1,inner_iters,32768,383.565969
microbench,shared_mem_latency,"access_pattern=conflict, block_size=256, num_blocks=1",access_pattern-conflict_block_size-256_num_blocks-1,inner_iters,65536,767.096802
microbench,shared_mem_latency,"access_pattern=conflict, block_size=32, num_blocks=1",access_pattern-conflict_block_size-32_num_blocks-1,inner_iters,64,1.587280
microbench,shared_mem_latency,"access_pattern=conflict, block_size=32, num_blocks=1",access_pattern-conflict_block_size-32_num_blocks-1,inner_iters,128,3.160674
microbench,shared_mem_latency,"access_pattern=conflict, block_size=32, num_blocks=1",access_pattern-conflict_block_size-32_num_blocks-1,inner_iters,256,6.303098
microbench,shared_mem_latency,"access_pattern=conflict, block_size=32, num_blocks=1",access_pattern-conflict_block_size-32_num_blocks-1,inner_iters,512,12.589853
microbench,shared_mem_latency,"access_pattern=conflict, block_size=32, num_blocks=1",access_pattern-conflict_block_size-32_num_blocks-1,inner_iters,1024,25.159067
microbench,shared_mem_latency,"access_pattern=conflict, block_size=32, num_blocks=1",access_pattern-conflict_block_size-32_num_blocks-1,inner_iters,2048,50.307404
microbench,shared_mem_latency,"access_pattern=conflict, block_size=32, num_blocks=1",access_pattern-conflict_block_size-32_num_blocks-1,inner_iters,4096,100.613981
microbench,shared_mem_latency,"access_pattern=conflict, block_size=32, num_blocks=1",access_pattern-conflict_block_size-32_num_blocks-1,inner_iters,8192,201.202601
microbench,shared_mem_latency,"access_pattern=conflict, block_size=32, num_blocks=1",access_pattern-conflict_block_size-32_num_blocks-1,inner_iters,16384,402.407705
microbench,shared_mem_latency,"access_pattern=conflict, block_size=32, num_blocks=1",access_pattern-conflict_block_size-32_num_blocks-1,inner_iters,32768,804.737935
microbench,shared_mem_latency,"access_pattern=conflict, block_size=32, num_blocks=1",access_pattern-conflict_block_size-32_num_blocks-1,inner_iters,65536,1609.516479
microbench,shared_mem_latency,"access_pattern=conflict, block_size=64, num_blocks=1",access_pattern-conflict_block_size-64_num_blocks-1,inner_iters,64,1.136383
microbench,shared_mem_latency,"access_pattern=conflict, block_size=64, num_blocks=1",access_pattern-conflict_block_size-64_num_blocks-1,inner_iters,128,2.263455
microbench,shared_mem_latency,"access_pattern=conflict, block_size=64, num_blocks=1",access_pattern-conflict_block_size-64_num_blocks-1,inner_iters,256,4.516672
microbench,shared_mem_latency,"access_pattern=conflict, block_size=64, num_blocks=1",access_pattern-conflict_block_size-64_num_blocks-1,inner_iters,512,9.021261
microbench,shared_mem_latency,"access_pattern=conflict, block_size=64, num_blocks=1",access_pattern-conflict_block_size-64_num_blocks-1,inner_iters,1024,18.036161
microbench,shared_mem_latency,"access_pattern=conflict, block_size=64, num_blocks=1",access_pattern-conflict_block_size-64_num_blocks-1,inner_iters,2048,36.063164
microbench,shared_mem_latency,"access_pattern=conflict, block_size=64, num_blocks=1",access_pattern-conflict_block_size-64_num_blocks-1,inner_iters,4096,72.122299
microbench,shared_mem_latency,"access_pattern=conflict, block_size=64, num_blocks=1",access_pattern-conflict_block_size-64_num_blocks-1,inner_iters,8192,144.236760
microbench,shared_mem_latency,"access_pattern=conflict, block_size=64, num_blocks=1",access_pattern-conflict_block_size-64_num_blocks-1,inner_iters,16384,288.450348
microbench,shared_mem_latency,"access_pattern=conflict, block_size=64, num_blocks=1",access_pattern-conflict_block_size-64_num_blocks-1,inner_iters,32768,576.818420
microbench,shared_mem_latency,"access_pattern=conflict, block_size=64, num_blocks=1",access_pattern-conflict_block_size-64_num_blocks-1,inner_iters,65536,1153.716634
microbench,shared_mem_latency,"access_pattern=no_conflict, block_size=1024, num_blocks=1",access_pattern-no_conflict_block_size-1024_num_blocks-1,inner_iters,64,0.049045
microbench,shared_mem_latency,"access_pattern=no_conflict, block_size=1024, num_blocks=1",access_pattern-no_conflict_block_size-1024_num_blocks-1,inner_iters,128,0.096591
microbench,shared_mem_latency,"access_pattern=no_conflict, block_size=1024, num_blocks=1",access_pattern-no_conflict_block_size-1024_num_blocks-1,inner_iters,256,0.188562
microbench,shared_mem_latency,"access_pattern=no_conflict, block_size=1024, num_blocks=1",access_pattern-no_conflict_block_size-1024_num_blocks-1,inner_iters,512,0.371485
microbench,shared_mem_latency,"access_pattern=no_conflict, block_size=1024, num_blocks=1",access_pattern-no_conflict_block_size-1024_num_blocks-1,inner_iters,1024,0.719398
microbench,shared_mem_latency,"access_pattern=no_conflict, block_size=1024, num_blocks=1",access_pattern-no_conflict_block_size-1024_num_blocks-1,inner_iters,2048,1.450888
microbench,shared_mem_latency,"access_pattern=no_conflict, block_size=1024, num_blocks=1",access_pattern-no_conflict_block_size-1024_num_blocks-1,inner_iters,4096,2.811411
microbench,shared_mem_latency,"access_pattern=no_conflict, block_size=1024, num_blocks=1",access_pattern-no_conflict_block_size-1024_num_blocks-1,inner_iters,8192,5.621926
microbench,shared_mem_latency,"access_pattern=no_conflict, block_size=1024, num_blocks=1",access_pattern-no_conflict_block_size-1024_num_blocks-1,inner_iters,16384,10.906681
microbench,shared_mem_latency,"access_pattern=no_conflict, block_size=1024, num_blocks=1",access_pattern-no_conflict_block_size-1024_num_blocks-1,inner_iters,32768,22.409403
microbench,shared_mem_latency,"access_pattern=no_conflict, block_size=1024, num_blocks=1",access_pattern-no_conflict_block_size-1024_num_blocks-1,inner_iters,65536,46.060051
microbench,shared_mem_latency,"access_pattern=no_conflict, block_size=256, num_blocks=1",access_pattern-no_conflict_block_size-256_num_blocks-1,inner_iters,64,0.159910
microbench,shared_mem_latency,"access_pattern=no_conflict, block_size=256, num_blocks=1",access_pattern-no_conflict_block_size-256_num_blocks-1,inner_iters,128,0.313594
microbench,shared_mem_latency,"access_pattern=no_conflict, block_size=256, num_blocks=1",access_pattern-no_conflict_block_size-256_num_blocks-1,inner_iters,256,0.620105
microbench,shared_mem_latency,"access_pattern=no_conflict, block_size=256, num_blocks=1",access_pattern-no_conflict_block_size-256_num_blocks-1,inner_iters,512,1.235039
microbench,shared_mem_latency,"access_pattern=no_conflict, block_size=256, num_blocks=1",access_pattern-no_conflict_block_size-256_num_blocks-1,inner_iters,1024,2.464486
microbench,shared_mem_latency,"access_pattern=no_conflict, block_size=256, num_blocks=1",access_pattern-no_conflict_block_size-256_num_blocks-1,inner_iters,2048,4.925982
microbench,shared_mem_latency,"access_pattern=no_conflict, block_size=256, num_blocks=1",access_pattern-no_conflict_block_size-256_num_blocks-1,inner_iters,4096,9.845412
microbench,shared_mem_latency,"access_pattern=no_conflict, block_size=256, num_blocks=1",access_pattern-no_conflict_block_size-256_num_blocks-1,inner_iters,8192,19.688474
microbench,shared_mem_latency,"access_pattern=no_conflict, block_size=256, num_blocks=1",access_pattern-no_conflict_block_size-256_num_blocks-1,inner_iters,16384,39.376301
microbench,shared_mem_latency,"access_pattern=no_conflict, block_size=256, num_blocks=1",access_pattern-no_conflict_block_size-256_num_blocks-1,inner_iters,32768,78.741358
microbench,shared_mem_latency,"access_pattern=no_conflict, block_size=256, num_blocks=1",access_pattern-no_conflict_block_size-256_num_blocks-1,inner_iters,65536,157.463506
microbench,shared_mem_latency,"access_pattern=no_conflict, block_size=32, num_blocks=1",access_pattern-no_conflict_block_size-32_num_blocks-1,inner_iters,64,1.202333
microbench,shared_mem_latency,"access_pattern=no_conflict, block_size=32, num_blocks=1",access_pattern-no_conflict_block_size-32_num_blocks-1,inner_iters,128,2.389674
microbench,shared_mem_latency,"access_pattern=no_conflict, block_size=32, num_blocks=1",access_pattern-no_conflict_block_size-32_num_blocks-1,inner_iters,256,4.766008
microbench,shared_mem_latency,"access_pattern=no_conflict, block_size=32, num_blocks=1",access_pattern-no_conflict_block_size-32_num_blocks-1,inner_iters,512,9.517480
microbench,shared_mem_latency,"access_pattern=no_conflict, block_size=32, num_blocks=1",access_pattern-no_conflict_block_size-32_num_blocks-1,inner_iters,1024,19.016359
microbench,shared_mem_latency,"access_pattern=no_conflict, block_size=32, num_blocks=1",access_pattern-no_conflict_block_size-32_num_blocks-1,inner_iters,2048,38.011199
microbench,shared_mem_latency,"access_pattern=no_conflict, block_size=32, num_blocks=1",access_pattern-no_conflict_block_size-32_num_blocks-1,inner_iters,4096,76.025205
microbench,shared_mem_latency,"access_pattern=no_conflict, block_size=32, num_blocks=1",access_pattern-no_conflict_block_size-32_num_blocks-1,inner_iters,8192,152.013718
microbench,shared_mem_latency,"access_pattern=no_conflict, block_size=32, num_blocks=1",access_pattern-no_conflict_block_size-32_num_blocks-1,inner_iters,16384,304.033620
microbench,shared_mem_latency,"access_pattern=no_conflict, block_size=32, num_blocks=1",access_pattern-no_conflict_block_size-32_num_blocks-1,inner_iters,32768,608.083171
microbench,shared_mem_latency,"access_pattern=no_conflict, block_size=32, num_blocks=1",access_pattern-no_conflict_block_size-32_num_blocks-1,inner_iters,65536,1216.125936
microbench,shared_mem_latency,"access_pattern=no_conflict, block_size=64, num_blocks=1",access_pattern-no_conflict_block_size-64_num_blocks-1,inner_iters,64,0.604494
microbench,shared_mem_latency,"access_pattern=no_conflict, block_size=64, num_blocks=1",access_pattern-no_conflict_block_size-64_num_blocks-1,inner_iters,128,1.198915
microbench,shared_mem_latency,"access_pattern=no_conflict, block_size=64, num_blocks=1",access_pattern-no_conflict_block_size-64_num_blocks-1,inner_iters,256,2.389262
microbench,shared_mem_latency,"access_pattern=no_conflict, block_size=64, num_blocks=1",access_pattern-no_conflict_block_size-64_num_blocks-1,inner_iters,512,4.765670
microbench,shared_mem_latency,"access_pattern=no_conflict, block_size=64, num_blocks=1",access_pattern-no_conflict_block_size-64_num_blocks-1,inner_iters,1024,9.524028
microbench,shared_mem_latency,"access_pattern=no_conflict, block_size=64, num_blocks=1",access_pattern-no_conflict_block_size-64_num_blocks-1,inner_iters,2048,19.035287
microbench,shared_mem_latency,"access_pattern=no_conflict, block_size=64, num_blocks=1",access_pattern-no_conflict_block_size-64_num_blocks-1,inner_iters,4096,38.064570
microbench,shared_mem_latency,"access_pattern=no_conflict, block_size=64, num_blocks=1",access_pattern-no_conflict_block_size-64_num_blocks-1,inner_iters,8192,76.122060
microbench,shared_mem_latency,"access_pattern=no_conflict, block_size=64, num_blocks=1",access_pattern-no_conflict_block_size-64_num_blocks-1,inner_iters,16384,152.236221
microbench,shared_mem_latency,"access_pattern=no_conflict, block_size=64, num_blocks=1",access_pattern-no_conflict_block_size-64_num_blocks-1,inner_iters,32768,304.451782
microbench,shared_mem_latency,"access_pattern=no_conflict, block_size=64, num_blocks=1",access_pattern-no_conflict_block_size-64_num_blocks-1,inner_iters,65536,608.806152
parboil,parboil_cutcp,"block_size=128, cutoff_radius=12, grid_spacing=0.25",block_size-128_cutoff_radius-12_grid_spacing-0.25,num_atoms,1000,0.297450
parboil,parboil_cutcp,"block_size=128, cutoff_radius=12, grid_spacing=0.25",block_size-128_cutoff_radius-12_grid_spacing-0.25,num_atoms,1500,0.499576
parboil,parboil_cutcp,"block_size=128, cutoff_radius=12, grid_spacing=0.25",block_size-128_cutoff_radius-12_grid_spacing-0.25,num_atoms,2000,0.680975
parboil,parboil_cutcp,"block_size=128, cutoff_radius=12, grid_spacing=0.25",block_size-128_cutoff_radius-12_grid_spacing-0.25,num_atoms,3000,0.982003
parboil,parboil_cutcp,"block_size=128, cutoff_radius=12, grid_spacing=0.25",block_size-128_cutoff_radius-12_grid_spacing-0.25,num_atoms,4000,1.279897
parboil,parboil_cutcp,"block_size=128, cutoff_radius=12, grid_spacing=0.25",block_size-128_cutoff_radius-12_grid_spacing-0.25,num_atoms,5000,1.566240
parboil,parboil_cutcp,"block_size=128, cutoff_radius=12, grid_spacing=0.25",block_size-128_cutoff_radius-12_grid_spacing-0.25,num_atoms,7500,2.363415
parboil,parboil_cutcp,"block_size=128, cutoff_radius=12, grid_spacing=0.25",block_size-128_cutoff_radius-12_grid_spacing-0.25,num_atoms,10000,3.129915
parboil,parboil_cutcp,"block_size=128, cutoff_radius=12, grid_spacing=0.25",block_size-128_cutoff_radius-12_grid_spacing-0.25,num_atoms,15000,4.914722
parboil,parboil_cutcp,"block_size=128, cutoff_radius=12, grid_spacing=0.25",block_size-128_cutoff_radius-12_grid_spacing-0.25,num_atoms,20000,6.531004
parboil,parboil_cutcp,"block_size=128, cutoff_radius=12, grid_spacing=0.25",block_size-128_cutoff_radius-12_grid_spacing-0.25,num_atoms,30000,9.717660
parboil,parboil_cutcp,"block_size=128, cutoff_radius=12, grid_spacing=0.25",block_size-128_cutoff_radius-12_grid_spacing-0.25,num_atoms,40000,13.035574
parboil,parboil_cutcp,"block_size=128, cutoff_radius=12, grid_spacing=0.25",block_size-128_cutoff_radius-12_grid_spacing-0.25,num_atoms,50000,16.280616
parboil,parboil_cutcp,"block_size=128, cutoff_radius=12, grid_spacing=0.25",block_size-128_cutoff_radius-12_grid_spacing-0.25,num_atoms,75000,24.339587
parboil,parboil_cutcp,"block_size=128, cutoff_radius=12, grid_spacing=0.25",block_size-128_cutoff_radius-12_grid_spacing-0.25,num_atoms,100000,32.353280
parboil,parboil_cutcp,"block_size=128, cutoff_radius=12, grid_spacing=0.25",block_size-128_cutoff_radius-12_grid_spacing-0.25,num_atoms,125000,40.475669
parboil,parboil_cutcp,"block_size=128, cutoff_radius=12, grid_spacing=0.25",block_size-128_cutoff_radius-12_grid_spacing-0.25,num_atoms,150000,48.309218
parboil,parboil_cutcp,"block_size=128, cutoff_radius=12, grid_spacing=0.25",block_size-128_cutoff_radius-12_grid_spacing-0.25,num_atoms,200000,64.416000
parboil,parboil_cutcp,"block_size=128, cutoff_radius=12, grid_spacing=0.25",block_size-128_cutoff_radius-12_grid_spacing-0.25,num_atoms,250000,80.259926
parboil,parboil_cutcp,"block_size=128, cutoff_radius=12, grid_spacing=0.25",block_size-128_cutoff_radius-12_grid_spacing-0.25,num_atoms,300000,96.719434
parboil,parboil_cutcp,"block_size=128, cutoff_radius=12, grid_spacing=0.25",block_size-128_cutoff_radius-12_grid_spacing-0.25,num_atoms,350000,111.717435
parboil,parboil_cutcp,"block_size=128, cutoff_radius=12, grid_spacing=0.25",block_size-128_cutoff_radius-12_grid_spacing-0.25,num_atoms,400000,128.378688
parboil,parboil_cutcp,"block_size=128, cutoff_radius=12, grid_spacing=0.25",block_size-128_cutoff_radius-12_grid_spacing-0.25,num_atoms,450000,143.465586
parboil,parboil_cutcp,"block_size=128, cutoff_radius=12, grid_spacing=0.25",block_size-128_cutoff_radius-12_grid_spacing-0.25,num_atoms,500000,160.195577
parboil,parboil_cutcp,"block_size=128, cutoff_radius=12, grid_spacing=0.5",block_size-128_cutoff_radius-12_grid_spacing-0.5,num_atoms,1000,0.184526
parboil,parboil_cutcp,"block_size=128, cutoff_radius=12, grid_spacing=0.5",block_size-128_cutoff_radius-12_grid_spacing-0.5,num_atoms,1500,0.279435
parboil,parboil_cutcp,"block_size=128, cutoff_radius=12, grid_spacing=0.5",block_size-128_cutoff_radius-12_grid_spacing-0.5,num_atoms,2000,0.381654
parboil,parboil_cutcp,"block_size=128, cutoff_radius=12, grid_spacing=0.5",block_size-128_cutoff_radius-12_grid_spacing-0.5,num_atoms,3000,0.589821
parboil,parboil_cutcp,"block_size=128, cutoff_radius=12, grid_spacing=0.5",block_size-128_cutoff_radius-12_grid_spacing-0.5,num_atoms,4000,0.781283
parboil,parboil_cutcp,"block_size=128, cutoff_radius=12, grid_spacing=0.5",block_size-128_cutoff_radius-12_grid_spacing-0.5,num_atoms,5000,0.956668
parboil,parboil_cutcp,"block_size=128, cutoff_radius=12, grid_spacing=0.5",block_size-128_cutoff_radius-12_grid_spacing-0.5,num_atoms,7500,1.403457
parboil,parboil_cutcp,"block_size=128, cutoff_radius=12, grid_spacing=0.5",block_size-128_cutoff_radius-12_grid_spacing-0.5,num_atoms,10000,1.890446
parboil,parboil_cutcp,"block_size=128, cutoff_radius=12, grid_spacing=0.5",block_size-128_cutoff_radius-12_grid_spacing-0.5,num_atoms,15000,2.876697
parboil,parboil_cutcp,"block_size=128, cutoff_radius=12, grid_spacing=0.5",block_size-128_cutoff_radius-12_grid_spacing-0.5,num_atoms,20000,3.836280
parboil,parboil_cutcp,"block_size=128, cutoff_radius=12, grid_spacing=0.5",block_size-128_cutoff_radius-12_grid_spacing-0.5,num_atoms,30000,5.799381
parboil,parboil_cutcp,"block_size=128, cutoff_radius=12, grid_spacing=0.5",block_size-128_cutoff_radius-12_grid_spacing-0.5,num_atoms,40000,7.743873
parboil,parboil_cutcp,"block_size=128, cutoff_radius=12, grid_spacing=0.5",block_size-128_cutoff_radius-12_grid_spacing-0.5,num_atoms,50000,9.683241
parboil,parboil_cutcp,"block_size=128, cutoff_radius=12, grid_spacing=0.5",block_size-128_cutoff_radius-12_grid_spacing-0.5,num_atoms,75000,14.568436
parboil,parboil_cutcp,"block_size=128, cutoff_radius=12, grid_spacing=0.5",block_size-128_cutoff_radius-12_grid_spacing-0.5,num_atoms,100000,19.402517
parboil,parboil_cutcp,"block_size=128, cutoff_radius=12, grid_spacing=0.5",block_size-128_cutoff_radius-12_grid_spacing-0.5,num_atoms,125000,24.198098
parboil,parboil_cutcp,"block_size=128, cutoff_radius=12, grid_spacing=0.5",block_size-128_cutoff_radius-12_grid_spacing-0.5,num_atoms,150000,29.003047
parboil,parboil_cutcp,"block_size=128, cutoff_radius=12, grid_spacing=0.5",block_size-128_cutoff_radius-12_grid_spacing-0.5,num_atoms,200000,38.606330
parboil,parboil_cutcp,"block_size=128, cutoff_radius=12, grid_spacing=0.5",block_size-128_cutoff_radius-12_grid_spacing-0.5,num_atoms,250000,48.279218
parboil,parboil_cutcp,"block_size=128, cutoff_radius=12, grid_spacing=0.5",block_size-128_cutoff_radius-12_grid_spacing-0.5,num_atoms,300000,57.911893
parboil,parboil_cutcp,"block_size=128, cutoff_radius=12, grid_spacing=0.5",block_size-128_cutoff_radius-12_grid_spacing-0.5,num_atoms,350000,67.530988
parboil,parboil_cutcp,"block_size=128, cutoff_radius=12, grid_spacing=0.5",block_size-128_cutoff_radius-12_grid_spacing-0.5,num_atoms,400000,76.939130
parboil,parboil_cutcp,"block_size=128, cutoff_radius=12, grid_spacing=0.5",block_size-128_cutoff_radius-12_grid_spacing-0.5,num_atoms,450000,86.487763
parboil,parboil_cutcp,"block_size=128, cutoff_radius=12, grid_spacing=0.5",block_size-128_cutoff_radius-12_grid_spacing-0.5,num_atoms,500000,96.230522
parboil,parboil_cutcp,"block_size=128, cutoff_radius=12, grid_spacing=1",block_size-128_cutoff_radius-12_grid_spacing-1,num_atoms,1000,0.138582
parboil,parboil_cutcp,"block_size=128, cutoff_radius=12, grid_spacing=1",block_size-128_cutoff_radius-12_grid_spacing-1,num_atoms,1500,0.204692
parboil,parboil_cutcp,"block_size=128, cutoff_radius=12, grid_spacing=1",block_size-128_cutoff_radius-12_grid_spacing-1,num_atoms,2000,0.271323
parboil,parboil_cutcp,"block_size=128, cutoff_radius=12, grid_spacing=1",block_size-128_cutoff_radius-12_grid_spacing-1,num_atoms,3000,0.410707
parboil,parboil_cutcp,"block_size=128, cutoff_radius=12, grid_spacing=1",block_size-128_cutoff_radius-12_grid_spacing-1,num_atoms,4000,0.557119
parboil,parboil_cutcp,"block_size=128, cutoff_radius=12, grid_spacing=1",block_size-128_cutoff_radius-12_grid_spacing-1,num_atoms,5000,0.704547
parboil,parboil_cutcp,"block_size=128, cutoff_radius=12, grid_spacing=1",block_size-128_cutoff_radius-12_grid_spacing-1,num_atoms,7500,1.042303
parboil,parboil_cutcp,"block_size=128, cutoff_radius=12, grid_spacing=1",block_size-128_cutoff_radius-12_grid_spacing-1,num_atoms,10000,1.414773
parboil,parboil_cutcp,"block_size=128, cutoff_radius=12, grid_spacing=1",block_size-128_cutoff_radius-12_grid_spacing-1,num_atoms,15000,2.115592
parboil,parboil_cutcp,"block_size=128, cutoff_radius=12, grid_spacing=1",block_size-128_cutoff_radius-12_grid_spacing-1,num_atoms,20000,2.829683
parboil,parboil_cutcp,"block_size=128, cutoff_radius=12, grid_spacing=1",block_size-128_cutoff_radius-12_grid_spacing-1,num_atoms,30000,4.270537
parboil,parboil_cutcp,"block_size=128, cutoff_radius=12, grid_spacing=1",block_size-128_cutoff_radius-12_grid_spacing-1,num_atoms,40000,5.691787
parboil,parboil_cutcp,"block_size=128, cutoff_radius=12, grid_spacing=1",block_size-128_cutoff_radius-12_grid_spacing-1,num_atoms,50000,7.136041
parboil,parboil_cutcp,"block_size=128, cutoff_radius=12, grid_spacing=1",block_size-128_cutoff_radius-12_grid_spacing-1,num_atoms,75000,10.734561
parboil,parboil_cutcp,"block_size=128, cutoff_radius=12, grid_spacing=1",block_size-128_cutoff_radius-12_grid_spacing-1,num_atoms,100000,14.376230
parboil,parboil_cutcp,"block_size=128, cutoff_radius=12, grid_spacing=1",block_size-128_cutoff_radius-12_grid_spacing-1,num_atoms,125000,17.857645
parboil,parboil_cutcp,"block_size=128, cutoff_radius=12, grid_spacing=1",block_size-128_cutoff_radius-12_grid_spacing-1,num_atoms,150000,21.534135
parboil,parboil_cutcp,"block_size=128, cutoff_radius=12, grid_spacing=1",block_size-128_cutoff_radius-12_grid_spacing-1,num_atoms,200000,28.707233
parboil,parboil_cutcp,"block_size=128, cutoff_radius=12, grid_spacing=1",block_size-128_cutoff_radius-12_grid_spacing-1,num_atoms,250000,35.766805
parboil,parboil_cutcp,"block_size=128, cutoff_radius=12, grid_spacing=1",block_size-128_cutoff_radius-12_grid_spacing-1,num_atoms,300000,42.787164
parboil,parboil_cutcp,"block_size=128, cutoff_radius=12, grid_spacing=1",block_size-128_cutoff_radius-12_grid_spacing-1,num_atoms,350000,50.092056
parboil,parboil_cutcp,"block_size=128, cutoff_radius=12, grid_spacing=1",block_size-128_cutoff_radius-12_grid_spacing-1,num_atoms,400000,57.366085
parboil,parboil_cutcp,"block_size=128, cutoff_radius=12, grid_spacing=1",block_size-128_cutoff_radius-12_grid_spacing-1,num_atoms,450000,64.669317
parboil,parboil_cutcp,"block_size=128, cutoff_radius=12, grid_spacing=1",block_size-128_cutoff_radius-12_grid_spacing-1,num_atoms,500000,71.935911
parboil,parboil_cutcp,"block_size=128, cutoff_radius=12, grid_spacing=2",block_size-128_cutoff_radius-12_grid_spacing-2,num_atoms,1000,0.126247
parboil,parboil_cutcp,"block_size=128, cutoff_radius=12, grid_spacing=2",block_size-128_cutoff_radius-12_grid_spacing-2,num_atoms,1500,0.186638
parboil,parboil_cutcp,"block_size=128, cutoff_radius=12, grid_spacing=2",block_size-128_cutoff_radius-12_grid_spacing-2,num_atoms,2000,0.251559
parboil,parboil_cutcp,"block_size=128, cutoff_radius=12, grid_spacing=2",block_size-128_cutoff_radius-12_grid_spacing-2,num_atoms,3000,0.376817
parboil,parboil_cutcp,"block_size=128, cutoff_radius=12, grid_spacing=2",block_size-128_cutoff_radius-12_grid_spacing-2,num_atoms,4000,0.507567
parboil,parboil_cutcp,"block_size=128, cutoff_radius=12, grid_spacing=2",block_size-128_cutoff_radius-12_grid_spacing-2,num_atoms,5000,0.641112
parboil,parboil_cutcp,"block_size=128, cutoff_radius=12, grid_spacing=2",block_size-128_cutoff_radius-12_grid_spacing-2,num_atoms,7500,0.963230
parboil,parboil_cutcp,"block_size=128, cutoff_radius=12, grid_spacing=2",block_size-128_cutoff_radius-12_grid_spacing-2,num_atoms,10000,1.295961
parboil,parboil_cutcp,"block_size=128, cutoff_radius=12, grid_spacing=2",block_size-128_cutoff_radius-12_grid_spacing-2,num_atoms,15000,1.949003
parboil,parboil_cutcp,"block_size=128, cutoff_radius=12, grid_spacing=2",block_size-128_cutoff_radius-12_grid_spacing-2,num_atoms,20000,2.610414
parboil,parboil_cutcp,"block_size=128, cutoff_radius=12, grid_spacing=2",block_size-128_cutoff_radius-12_grid_spacing-2,num_atoms,30000,3.927801
parboil,parboil_cutcp,"block_size=128, cutoff_radius=12, grid_spacing=2",block_size-128_cutoff_radius-12_grid_spacing-2,num_atoms,40000,5.240724
parboil,parboil_cutcp,"block_size=128, cutoff_radius=12, grid_spacing=2",block_size-128_cutoff_radius-12_grid_spacing-2,num_atoms,50000,6.549118
parboil,parboil_cutcp,"block_size=128, cutoff_radius=12, grid_spacing=2",block_size-128_cutoff_radius-12_grid_spacing-2,num_atoms,75000,9.848948
parboil,parboil_cutcp,"block_size=128, cutoff_radius=12, grid_spacing=2",block_size-128_cutoff_radius-12_grid_spacing-2,num_atoms,100000,13.138162
parboil,parboil_cutcp,"block_size=128, cutoff_radius=12, grid_spacing=2",block_size-128_cutoff_radius-12_grid_spacing-2,num_atoms,125000,16.440093
parboil,parboil_cutcp,"block_size=128, cutoff_radius=12, grid_spacing=2",block_size-128_cutoff_radius-12_grid_spacing-2,num_atoms,150000,19.733853
parboil,parboil_cutcp,"block_size=128, cutoff_radius=12, grid_spacing=2",block_size-128_cutoff_radius-12_grid_spacing-2,num_atoms,200000,26.344536
parboil,parboil_cutcp,"block_size=128, cutoff_radius=12, grid_spacing=2",block_size-128_cutoff_radius-12_grid_spacing-2,num_atoms,250000,32.924459
parboil,parboil_cutcp,"block_size=128, cutoff_radius=12, grid_spacing=2",block_size-128_cutoff_radius-12_grid_spacing-2,num_atoms,300000,39.254640
parboil,parboil_cutcp,"block_size=128, cutoff_radius=12, grid_spacing=2",block_size-128_cutoff_radius-12_grid_spacing-2,num_atoms,350000,45.751694
parboil,parboil_cutcp,"block_size=128, cutoff_radius=12, grid_spacing=2",block_size-128_cutoff_radius-12_grid_spacing-2,num_atoms,400000,52.435561
parboil,parboil_cutcp,"block_size=128, cutoff_radius=12, grid_spacing=2",block_size-128_cutoff_radius-12_grid_spacing-2,num_atoms,450000,59.010607
parboil,parboil_cutcp,"block_size=128, cutoff_radius=12, grid_spacing=2",block_size-128_cutoff_radius-12_grid_spacing-2,num_atoms,500000,65.541138
parboil,parboil_cutcp,"block_size=128, cutoff_radius=20, grid_spacing=0.25",block_size-128_cutoff_radius-20_grid_spacing-0.25,num_atoms,1000,0.367004
parboil,parboil_cutcp,"block_size=128, cutoff_radius=20, grid_spacing=0.25",block_size-128_cutoff_radius-20_grid_spacing-0.25,num_atoms,1500,0.620487
parboil,parboil_cutcp,"block_size=128, cutoff_radius=20, grid_spacing=0.25",block_size-128_cutoff_radius-20_grid_spacing-0.25,num_atoms,2000,0.813960
parboil,parboil_cutcp,"block_size=128, cutoff_radius=20, grid_spacing=0.25",block_size-128_cutoff_radius-20_grid_spacing-0.25,num_atoms,3000,1.141008
parboil,parboil_cutcp,"block_size=128, cutoff_radius=20, grid_spacing=0.25",block_size-128_cutoff_radius-20_grid_spacing-0.25,num_atoms,4000,1.493139
parboil,parboil_cutcp,"block_size=128, cutoff_radius=20, grid_spacing=0.25",block_size-128_cutoff_radius-20_grid_spacing-0.25,num_atoms,5000,1.865746
parboil,parboil_cutcp,"block_size=128, cutoff_radius=20, grid_spacing=0.25",block_size-128_cutoff_radius-20_grid_spacing-0.25,num_atoms,7500,2.803039
parboil,parboil_cutcp,"block_size=128, cutoff_radius=20, grid_spacing=0.25",block_size-128_cutoff_radius-20_grid_spacing-0.25,num_atoms,10000,3.776107
parboil,parboil_cutcp,"block_size=128, cutoff_radius=20, grid_spacing=0.25",block_size-128_cutoff_radius-20_grid_spacing-0.25,num_atoms,15000,5.769993
parboil,parboil_cutcp,"block_size=128, cutoff_radius=20, grid_spacing=0.25",block_size-128_cutoff_radius-20_grid_spacing-0.25,num_atoms,20000,7.701719
parboil,parboil_cutcp,"block_size=128, cutoff_radius=20, grid_spacing=0.25",block_size-128_cutoff_radius-20_grid_spacing-0.25,num_atoms,30000,11.468290
parboil,parboil_cutcp,"block_size=128, cutoff_radius=20, grid_spacing=0.25",block_size-128_cutoff_radius-20_grid_spacing-0.25,num_atoms,40000,15.241849
parboil,parboil_cutcp,"block_size=128, cutoff_radius=20, grid_spacing=0.25",block_size-128_cutoff_radius-20_grid_spacing-0.25,num_atoms,50000,19.078695
parboil,parboil_cutcp,"block_size=128, cutoff_radius=20, grid_spacing=0.25",block_size-128_cutoff_radius-20_grid_spacing-0.25,num_atoms,75000,28.223980
parboil,parboil_cutcp,"block_size=128, cutoff_radius=20, grid_spacing=0.25",block_size-128_cutoff_radius-20_grid_spacing-0.25,num_atoms,100000,37.571472
parboil,parboil_cutcp,"block_size=128, cutoff_radius=20, grid_spacing=0.25",block_size-128_cutoff_radius-20_grid_spacing-0.25,num_atoms,125000,46.726382
parboil,parboil_cutcp,"block_size=128, cutoff_radius=20, grid_spacing=0.25",block_size-128_cutoff_radius-20_grid_spacing-0.25,num_atoms,150000,56.205022
parboil,parboil_cutcp,"block_size=128, cutoff_radius=20, grid_spacing=0.25",block_size-128_cutoff_radius-20_grid_spacing-0.25,num_atoms,200000,74.936615
parboil,parboil_cutcp,"block_size=128, cutoff_radius=20, grid_spacing=0.25",block_size-128_cutoff_radius-20_grid_spacing-0.25,num_atoms,250000,93.353976
parboil,parboil_cutcp,"block_size=128, cutoff_radius=20, grid_spacing=0.25",block_size-128_cutoff_radius-20_grid_spacing-0.25,num_atoms,300000,111.766688
parboil,parboil_cutcp,"block_size=128, cutoff_radius=20, grid_spacing=0.25",block_size-128_cutoff_radius-20_grid_spacing-0.25,num_atoms,350000,130.380931
parboil,parboil_cutcp,"block_size=128, cutoff_radius=20, grid_spacing=0.25",block_size-128_cutoff_radius-20_grid_spacing-0.25,num_atoms,400000,148.841497
parboil,parboil_cutcp,"block_size=128, cutoff_radius=20, grid_spacing=0.25",block_size-128_cutoff_radius-20_grid_spacing-0.25,num_atoms,450000,167.444712
parboil,parboil_cutcp,"block_size=128, cutoff_radius=20, grid_spacing=0.25",block_size-128_cutoff_radius-20_grid_spacing-0.25,num_atoms,500000,186.080638
parboil,parboil_cutcp,"block_size=128, cutoff_radius=20, grid_spacing=0.5",block_size-128_cutoff_radius-20_grid_spacing-0.5,num_atoms,1000,0.265029
parboil,parboil_cutcp,"block_size=128, cutoff_radius=20, grid_spacing=0.5",block_size-128_cutoff_radius-20_grid_spacing-0.5,num_atoms,1500,0.428753
parboil,parboil_cutcp,"block_size=128, cutoff_radius=20, grid_spacing=0.5",block_size-128_cutoff_radius-20_grid_spacing-0.5,num_atoms,2000,0.594365
parboil,parboil_cutcp,"block_size=128, cutoff_radius=20, grid_spacing=0.5",block_size-128_cutoff_radius-20_grid_spacing-0.5,num_atoms,3000,0.882659
parboil,parboil_cutcp,"block_size=128, cutoff_radius=20, grid_spacing=0.5",block_size-128_cutoff_radius-20_grid_spacing-0.5,num_atoms,4000,1.116607
parboil,parboil_cutcp,"block_size=128, cutoff_radius=20, grid_spacing=0.5",block_size-128_cutoff_radius-20_grid_spacing-0.5,num_atoms,5000,1.385483
parboil,parboil_cutcp,"block_size=128, cutoff_radius=20, grid_spacing=0.5",block_size-128_cutoff_radius-20_grid_spacing-0.5,num_atoms,7500,2.061448
parboil,parboil_cutcp,"block_size=128, cutoff_radius=20, grid_spacing=0.5",block_size-128_cutoff_radius-20_grid_spacing-0.5,num_atoms,10000,2.759406
parboil,parboil_cutcp,"block_size=128, cutoff_radius=20, grid_spacing=0.5",block_size-128_cutoff_radius-20_grid_spacing-0.5,num_atoms,15000,4.239694
parboil,parboil_cutcp,"block_size=128, cutoff_radius=20, grid_spacing=0.5",block_size-128_cutoff_radius-20_grid_spacing-0.5,num_atoms,20000,5.687092
parboil,parboil_cutcp,"block_size=128, cutoff_radius=20, grid_spacing=0.5",block_size-128_cutoff_radius-20_grid_spacing-0.5,num_atoms,30000,8.530253
parboil,parboil_cutcp,"block_size=128, cutoff_radius=20, grid_spacing=0.5",block_size-128_cutoff_radius-20_grid_spacing-0.5,num_atoms,40000,11.329060
parboil,parboil_cutcp,"block_size=128, cutoff_radius=20, grid_spacing=0.5",block_size-128_cutoff_radius-20_grid_spacing-0.5,num_atoms,50000,14.154190
parboil,parboil_cutcp,"block_size=128, cutoff_radius=20, grid_spacing=0.5",block_size-128_cutoff_radius-20_grid_spacing-0.5,num_atoms,75000,21.273062
parboil,parboil_cutcp,"block_size=128, cutoff_radius=20, grid_spacing=0.5",block_size-128_cutoff_radius-20_grid_spacing-0.5,num_atoms,100000,28.373185
parboil,parboil_cutcp,"block_size=128, cutoff_radius=20, grid_spacing=0.5",block_size-128_cutoff_radius-20_grid_spacing-0.5,num_atoms,125000,35.497531
parboil,parboil_cutcp,"block_size=128, cutoff_radius=20, grid_spacing=0.5",block_size-128_cutoff_radius-20_grid_spacing-0.5,num_atoms,150000,42.519037
parboil,parboil_cutcp,"block_size=128, cutoff_radius=20, grid_spacing=0.5",block_size-128_cutoff_radius-20_grid_spacing-0.5,num_atoms,200000,56.150533
parboil,parboil_cutcp,"block_size=128, cutoff_radius=20, grid_spacing=0.5",block_size-128_cutoff_radius-20_grid_spacing-0.5,num_atoms,250000,70.820859
parboil,parboil_cutcp,"block_size=128, cutoff_radius=20, grid_spacing=0.5",block_size-128_cutoff_radius-20_grid_spacing-0.5,num_atoms,300000,84.295921
parboil,parboil_cutcp,"block_size=128, cutoff_radius=20, grid_spacing=0.5",block_size-128_cutoff_radius-20_grid_spacing-0.5,num_atoms,350000,98.668833
parboil,parboil_cutcp,"block_size=128, cutoff_radius=20, grid_spacing=0.5",block_size-128_cutoff_radius-20_grid_spacing-0.5,num_atoms,400000,112.980024
parboil,parboil_cutcp,"block_size=128, cutoff_radius=20, grid_spacing=0.5",block_size-128_cutoff_radius-20_grid_spacing-0.5,num_atoms,450000,127.115211
parboil,parboil_cutcp,"block_size=128, cutoff_radius=20, grid_spacing=0.5",block_size-128_cutoff_radius-20_grid_spacing-0.5,num_atoms,500000,140.179118
parboil,parboil_cutcp,"block_size=128, cutoff_radius=20, grid_spacing=1",block_size-128_cutoff_radius-20_grid_spacing-1,num_atoms,1000,0.166686
parboil,parboil_cutcp,"block_size=128, cutoff_radius=20, grid_spacing=1",block_size-128_cutoff_radius-20_grid_spacing-1,num_atoms,1500,0.247322
parboil,parboil_cutcp,"block_size=128, cutoff_radius=20, grid_spacing=1",block_size-128_cutoff_radius-20_grid_spacing-1,num_atoms,2000,0.337835
parboil,parboil_cutcp,"block_size=128, cutoff_radius=20, grid_spacing=1",block_size-128_cutoff_radius-20_grid_spacing-1,num_atoms,3000,0.521007
parboil,parboil_cutcp,"block_size=128, cutoff_radius=20, grid_spacing=1",block_size-128_cutoff_radius-20_grid_spacing-1,num_atoms,4000,0.697718
parboil,parboil_cutcp,"block_size=128, cutoff_radius=20, grid_spacing=1",block_size-128_cutoff_radius-20_grid_spacing-1,num_atoms,5000,0.868398
parboil,parboil_cutcp,"block_size=128, cutoff_radius=20, grid_spacing=1",block_size-128_cutoff_radius-20_grid_spacing-1,num_atoms,7500,1.274791
parboil,parboil_cutcp,"block_size=128, cutoff_radius=20, grid_spacing=1",block_size-128_cutoff_radius-20_grid_spacing-1,num_atoms,10000,1.712171
parboil,parboil_cutcp,"block_size=128, cutoff_radius=20, grid_spacing=1",block_size-128_cutoff_radius-20_grid_spacing-1,num_atoms,15000,2.576883
parboil,parboil_cutcp,"block_size=128, cutoff_radius=20, grid_spacing=1",block_size-128_cutoff_radius-20_grid_spacing-1,num_atoms,20000,3.452073
parboil,parboil_cutcp,"block_size=128, cutoff_radius=20, grid_spacing=1",block_size-128_cutoff_radius-20_grid_spacing-1,num_atoms,30000,5.222370
parboil,parboil_cutcp,"block_size=128, cutoff_radius=20, grid_spacing=1",block_size-128_cutoff_radius-20_grid_spacing-1,num_atoms,40000,6.988217
parboil,parboil_cutcp,"block_size=128, cutoff_radius=20, grid_spacing=1",block_size-128_cutoff_radius-20_grid_spacing-1,num_atoms,50000,8.732828
parboil,parboil_cutcp,"block_size=128, cutoff_radius=20, grid_spacing=1",block_size-128_cutoff_radius-20_grid_spacing-1,num_atoms,75000,13.121004
parboil,parboil_cutcp,"block_size=128, cutoff_radius=20, grid_spacing=1",block_size-128_cutoff_radius-20_grid_spacing-1,num_atoms,100000,17.446727
parboil,parboil_cutcp,"block_size=128, cutoff_radius=20, grid_spacing=1",block_size-128_cutoff_radius-20_grid_spacing-1,num_atoms,125000,21.787524
parboil,parboil_cutcp,"block_size=128, cutoff_radius=20, grid_spacing=1",block_size-128_cutoff_radius-20_grid_spacing-1,num_atoms,150000,26.158726
parboil,parboil_cutcp,"block_size=128, cutoff_radius=20, grid_spacing=1",block_size-128_cutoff_radius-20_grid_spacing-1,num_atoms,200000,34.995222
parboil,parboil_cutcp,"block_size=128, cutoff_radius=20, grid_spacing=1",block_size-128_cutoff_radius-20_grid_spacing-1,num_atoms,250000,43.810591
parboil,parboil_cutcp,"block_size=128, cutoff_radius=20, grid_spacing=1",block_size-128_cutoff_radius-20_grid_spacing-1,num_atoms,300000,52.332630
parboil,parboil_cutcp,"block_size=128, cutoff_radius=20, grid_spacing=1",block_size-128_cutoff_radius-20_grid_spacing-1,num_atoms,350000,60.935145
parboil,parboil_cutcp,"block_size=128, cutoff_radius=20, grid_spacing=1",block_size-128_cutoff_radius-20_grid_spacing-1,num_atoms,400000,69.693011
parboil,parboil_cutcp,"block_size=128, cutoff_radius=20, grid_spacing=1",block_size-128_cutoff_radius-20_grid_spacing-1,num_atoms,450000,78.652903
parboil,parboil_cutcp,"block_size=128, cutoff_radius=20, grid_spacing=1",block_size-128_cutoff_radius-20_grid_spacing-1,num_atoms,500000,87.169634
parboil,parboil_cutcp,"block_size=128, cutoff_radius=20, grid_spacing=2",block_size-128_cutoff_radius-20_grid_spacing-2,num_atoms,1000,0.131873
parboil,parboil_cutcp,"block_size=128, cutoff_radius=20, grid_spacing=2",block_size-128_cutoff_radius-20_grid_spacing-2,num_atoms,1500,0.196166
parboil,parboil_cutcp,"block_size=128, cutoff_radius=20, grid_spacing=2",block_size-128_cutoff_radius-20_grid_spacing-2,num_atoms,2000,0.259950
parboil,parboil_cutcp,"block_size=128, cutoff_radius=20, grid_spacing=2",block_size-128_cutoff_radius-20_grid_spacing-2,num_atoms,3000,0.393201
parboil,parboil_cutcp,"block_size=128, cutoff_radius=20, grid_spacing=2",block_size-128_cutoff_radius-20_grid_spacing-2,num_atoms,4000,0.536245
parboil,parboil_cutcp,"block_size=128, cutoff_radius=20, grid_spacing=2",block_size-128_cutoff_radius-20_grid_spacing-2,num_atoms,5000,0.677408
parboil,parboil_cutcp,"block_size=128, cutoff_radius=20, grid_spacing=2",block_size-128_cutoff_radius-20_grid_spacing-2,num_atoms,7500,1.010735
parboil,parboil_cutcp,"block_size=128, cutoff_radius=20, grid_spacing=2",block_size-128_cutoff_radius-20_grid_spacing-2,num_atoms,10000,1.355217
parboil,parboil_cutcp,"block_size=128, cutoff_radius=20, grid_spacing=2",block_size-128_cutoff_radius-20_grid_spacing-2,num_atoms,15000,2.046295
parboil,parboil_cutcp,"block_size=128, cutoff_radius=20, grid_spacing=2",block_size-128_cutoff_radius-20_grid_spacing-2,num_atoms,20000,2.733798
parboil,parboil_cutcp,"block_size=128, cutoff_radius=20, grid_spacing=2",block_size-128_cutoff_radius-20_grid_spacing-2,num_atoms,30000,4.121634
parboil,parboil_cutcp,"block_size=128, cutoff_radius=20, grid_spacing=2",block_size-128_cutoff_radius-20_grid_spacing-2,num_atoms,40000,5.507780
parboil,parboil_cutcp,"block_size=128, cutoff_radius=20, grid_spacing=2",block_size-128_cutoff_radius-20_grid_spacing-2,num_atoms,50000,6.881951
parboil,parboil_cutcp,"block_size=128, cutoff_radius=20, grid_spacing=2",block_size-128_cutoff_radius-20_grid_spacing-2,num_atoms,75000,10.343256
parboil,parboil_cutcp,"block_size=128, cutoff_radius=20, grid_spacing=2",block_size-128_cutoff_radius-20_grid_spacing-2,num_atoms,100000,13.809422
parboil,parboil_cutcp,"block_size=128, cutoff_radius=20, grid_spacing=2",block_size-128_cutoff_radius-20_grid_spacing-2,num_atoms,125000,17.303672
parboil,parboil_cutcp,"block_size=128, cutoff_radius=20, grid_spacing=2",block_size-128_cutoff_radius-20_grid_spacing-2,num_atoms,150000,20.766748
parboil,parboil_cutcp,"block_size=128, cutoff_radius=20, grid_spacing=2",block_size-128_cutoff_radius-20_grid_spacing-2,num_atoms,200000,27.639528
parboil,parboil_cutcp,"block_size=128, cutoff_radius=20, grid_spacing=2",block_size-128_cutoff_radius-20_grid_spacing-2,num_atoms,250000,34.550063
parboil,parboil_cutcp,"block_size=128, cutoff_radius=20, grid_spacing=2",block_size-128_cutoff_radius-20_grid_spacing-2,num_atoms,300000,39.349363
parboil,parboil_cutcp,"block_size=128, cutoff_radius=20, grid_spacing=2",block_size-128_cutoff_radius-20_grid_spacing-2,num_atoms,350000,45.924277
parboil,parboil_cutcp,"block_size=128, cutoff_radius=20, grid_spacing=2",block_size-128_cutoff_radius-20_grid_spacing-2,num_atoms,400000,52.426543
parboil,parboil_cutcp,"block_size=128, cutoff_radius=20, grid_spacing=2",block_size-128_cutoff_radius-20_grid_spacing-2,num_atoms,450000,59.063268
parboil,parboil_cutcp,"block_size=128, cutoff_radius=20, grid_spacing=2",block_size-128_cutoff_radius-20_grid_spacing-2,num_atoms,500000,65.594404
parboil,parboil_cutcp,"block_size=128, cutoff_radius=6, grid_spacing=0.25",block_size-128_cutoff_radius-6_grid_spacing-0.25,num_atoms,1000,0.184472
parboil,parboil_cutcp,"block_size=128, cutoff_radius=6, grid_spacing=0.25",block_size-128_cutoff_radius-6_grid_spacing-0.25,num_atoms,1500,0.276219
parboil,parboil_cutcp,"block_size=128, cutoff_radius=6, grid_spacing=0.25",block_size-128_cutoff_radius-6_grid_spacing-0.25,num_atoms,2000,0.378674
parboil,parboil_cutcp,"block_size=128, cutoff_radius=6, grid_spacing=0.25",block_size-128_cutoff_radius-6_grid_spacing-0.25,num_atoms,3000,0.589405
parboil,parboil_cutcp,"block_size=128, cutoff_radius=6, grid_spacing=0.25",block_size-128_cutoff_radius-6_grid_spacing-0.25,num_atoms,4000,0.778930
parboil,parboil_cutcp,"block_size=128, cutoff_radius=6, grid_spacing=0.25",block_size-128_cutoff_radius-6_grid_spacing-0.25,num_atoms,5000,0.959687
parboil,parboil_cutcp,"block_size=128, cutoff_radius=6, grid_spacing=0.25",block_size-128_cutoff_radius-6_grid_spacing-0.25,num_atoms,7500,1.422940
parboil,parboil_cutcp,"block_size=128, cutoff_radius=6, grid_spacing=0.25",block_size-128_cutoff_radius-6_grid_spacing-0.25,num_atoms,10000,1.891994
parboil,parboil_cutcp,"block_size=128, cutoff_radius=6, grid_spacing=0.25",block_size-128_cutoff_radius-6_grid_spacing-0.25,num_atoms,15000,2.862828
parboil,parboil_cutcp,"block_size=128, cutoff_radius=6, grid_spacing=0.25",block_size-128_cutoff_radius-6_grid_spacing-0.25,num_atoms,20000,3.828501
parboil,parboil_cutcp,"block_size=128, cutoff_radius=6, grid_spacing=0.25",block_size-128_cutoff_radius-6_grid_spacing-0.25,num_atoms,30000,5.853437
parboil,parboil_cutcp,"block_size=128, cutoff_radius=6, grid_spacing=0.25",block_size-128_cutoff_radius-6_grid_spacing-0.25,num_atoms,40000,7.772697
parboil,parboil_cutcp,"block_size=128, cutoff_radius=6, grid_spacing=0.25",block_size-128_cutoff_radius-6_grid_spacing-0.25,num_atoms,50000,9.684036
parboil,parboil_cutcp,"block_size=128, cutoff_radius=6, grid_spacing=0.25",block_size-128_cutoff_radius-6_grid_spacing-0.25,num_atoms,75000,14.509951
parboil,parboil_cutcp,"block_size=128, cutoff_radius=6, grid_spacing=0.25",block_size-128_cutoff_radius-6_grid_spacing-0.25,num_atoms,100000,19.359905
parboil,parboil_cutcp,"block_size=128, cutoff_radius=6, grid_spacing=0.25",block_size-128_cutoff_radius-6_grid_spacing-0.25,num_atoms,125000,24.234420
parboil,parboil_cutcp,"block_size=128, cutoff_radius=6, grid_spacing=0.25",block_size-128_cutoff_radius-6_grid_spacing-0.25,num_atoms,150000,29.088787
parboil,parboil_cutcp,"block_size=128, cutoff_radius=6, grid_spacing=0.25",block_size-128_cutoff_radius-6_grid_spacing-0.25,num_atoms,200000,38.689926
parboil,parboil_cutcp,"block_size=128, cutoff_radius=6, grid_spacing=0.25",block_size-128_cutoff_radius-6_grid_spacing-0.25,num_atoms,250000,48.204600
parboil,parboil_cutcp,"block_size=128, cutoff_radius=6, grid_spacing=0.25",block_size-128_cutoff_radius-6_grid_spacing-0.25,num_atoms,300000,57.787834
parboil,parboil_cutcp,"block_size=128, cutoff_radius=6, grid_spacing=0.25",block_size-128_cutoff_radius-6_grid_spacing-0.25,num_atoms,350000,67.537033
parboil,parboil_cutcp,"block_size=128, cutoff_radius=6, grid_spacing=0.25",block_size-128_cutoff_radius-6_grid_spacing-0.25,num_atoms,400000,77.040629
parboil,parboil_cutcp,"block_size=128, cutoff_radius=6, grid_spacing=0.25",block_size-128_cutoff_radius-6_grid_spacing-0.25,num_atoms,450000,86.758794
parboil,parboil_cutcp,"block_size=128, cutoff_radius=6, grid_spacing=0.25",block_size-128_cutoff_radius-6_grid_spacing-0.25,num_atoms,500000,96.122515
parboil,parboil_cutcp,"block_size=128, cutoff_radius=6, grid_spacing=0.5",block_size-128_cutoff_radius-6_grid_spacing-0.5,num_atoms,1000,0.138449
parboil,parboil_cutcp,"block_size=128, cutoff_radius=6, grid_spacing=0.5",block_size-128_cutoff_radius-6_grid_spacing-0.5,num_atoms,1500,0.205253
parboil,parboil_cutcp,"block_size=128, cutoff_radius=6, grid_spacing=0.5",block_size-128_cutoff_radius-6_grid_spacing-0.5,num_atoms,2000,0.273537
parboil,parboil_cutcp,"block_size=128, cutoff_radius=6, grid_spacing=0.5",block_size-128_cutoff_radius-6_grid_spacing-0.5,num_atoms,3000,0.416040
parboil,parboil_cutcp,"block_size=128, cutoff_radius=6, grid_spacing=0.5",block_size-128_cutoff_radius-6_grid_spacing-0.5,num_atoms,4000,0.562961
parboil,parboil_cutcp,"block_size=128, cutoff_radius=6, grid_spacing=0.5",block_size-128_cutoff_radius-6_grid_spacing-0.5,num_atoms,5000,0.717363
parboil,parboil_cutcp,"block_size=128, cutoff_radius=6, grid_spacing=0.5",block_size-128_cutoff_radius-6_grid_spacing-0.5,num_atoms,7500,1.042156
parboil,parboil_cutcp,"block_size=128, cutoff_radius=6, grid_spacing=0.5",block_size-128_cutoff_radius-6_grid_spacing-0.5,num_atoms,10000,1.403924
parboil,parboil_cutcp,"block_size=128, cutoff_radius=6, grid_spacing=0.5",block_size-128_cutoff_radius-6_grid_spacing-0.5,num_atoms,15000,2.111710
parboil,parboil_cutcp,"block_size=128, cutoff_radius=6, grid_spacing=0.5",block_size-128_cutoff_radius-6_grid_spacing-0.5,num_atoms,20000,2.837173
parboil,parboil_cutcp,"block_size=128, cutoff_radius=6, grid_spacing=0.5",block_size-128_cutoff_radius-6_grid_spacing-0.5,num_atoms,30000,4.272396
parboil,parboil_cutcp,"block_size=128, cutoff_radius=6, grid_spacing=0.5",block_size-128_cutoff_radius-6_grid_spacing-0.5,num_atoms,40000,5.684901
parboil,parboil_cutcp,"block_size=128, cutoff_radius=6, grid_spacing=0.5",block_size-128_cutoff_radius-6_grid_spacing-0.5,num_atoms,50000,7.130806
parboil,parboil_cutcp,"block_size=128, cutoff_radius=6, grid_spacing=0.5",block_size-128_cutoff_radius-6_grid_spacing-0.5,num_atoms,75000,10.714169
parboil,parboil_cutcp,"block_size=128, cutoff_radius=6, grid_spacing=0.5",block_size-128_cutoff_radius-6_grid_spacing-0.5,num_atoms,100000,14.287287
parboil,parboil_cutcp,"block_size=128, cutoff_radius=6, grid_spacing=0.5",block_size-128_cutoff_radius-6_grid_spacing-0.5,num_atoms,125000,17.929360
parboil,parboil_cutcp,"block_size=128, cutoff_radius=6, grid_spacing=0.5",block_size-128_cutoff_radius-6_grid_spacing-0.5,num_atoms,150000,21.464523
parboil,parboil_cutcp,"block_size=128, cutoff_radius=6, grid_spacing=0.5",block_size-128_cutoff_radius-6_grid_spacing-0.5,num_atoms,200000,28.661817
parboil,parboil_cutcp,"block_size=128, cutoff_radius=6, grid_spacing=0.5",block_size-128_cutoff_radius-6_grid_spacing-0.5,num_atoms,250000,35.806127
parboil,parboil_cutcp,"block_size=128, cutoff_radius=6, grid_spacing=0.5",block_size-128_cutoff_radius-6_grid_spacing-0.5,num_atoms,300000,42.826769
parboil,parboil_cutcp,"block_size=128, cutoff_radius=6, grid_spacing=0.5",block_size-128_cutoff_radius-6_grid_spacing-0.5,num_atoms,350000,50.082573
parboil,parboil_cutcp,"block_size=128, cutoff_radius=6, grid_spacing=0.5",block_size-128_cutoff_radius-6_grid_spacing-0.5,num_atoms,400000,57.359008
parboil,parboil_cutcp,"block_size=128, cutoff_radius=6, grid_spacing=0.5",block_size-128_cutoff_radius-6_grid_spacing-0.5,num_atoms,450000,64.683734
parboil,parboil_cutcp,"block_size=128, cutoff_radius=6, grid_spacing=0.5",block_size-128_cutoff_radius-6_grid_spacing-0.5,num_atoms,500000,71.943056
parboil,parboil_cutcp,"block_size=128, cutoff_radius=6, grid_spacing=1",block_size-128_cutoff_radius-6_grid_spacing-1,num_atoms,1000,0.126140
parboil,parboil_cutcp,"block_size=128, cutoff_radius=6, grid_spacing=1",block_size-128_cutoff_radius-6_grid_spacing-1,num_atoms,1500,0.187159
parboil,parboil_cutcp,"block_size=128, cutoff_radius=6, grid_spacing=1",block_size-128_cutoff_radius-6_grid_spacing-1,num_atoms,2000,0.248685
parboil,parboil_cutcp,"block_size=128, cutoff_radius=6, grid_spacing=1",block_size-128_cutoff_radius-6_grid_spacing-1,num_atoms,3000,0.371712
parboil,parboil_cutcp,"block_size=128, cutoff_radius=6, grid_spacing=1",block_size-128_cutoff_radius-6_grid_spacing-1,num_atoms,4000,0.506518
parboil,parboil_cutcp,"block_size=128, cutoff_radius=6, grid_spacing=1",block_size-128_cutoff_radius-6_grid_spacing-1,num_atoms,5000,0.640843
parboil,parboil_cutcp,"block_size=128, cutoff_radius=6, grid_spacing=1",block_size-128_cutoff_radius-6_grid_spacing-1,num_atoms,7500,0.963561
parboil,parboil_cutcp,"block_size=128, cutoff_radius=6, grid_spacing=1",block_size-128_cutoff_radius-6_grid_spacing-1,num_atoms,10000,1.292952
parboil,parboil_cutcp,"block_size=128, cutoff_radius=6, grid_spacing=1",block_size-128_cutoff_radius-6_grid_spacing-1,num_atoms,15000,1.949592
parboil,parboil_cutcp,"block_size=128, cutoff_radius=6, grid_spacing=1",block_size-128_cutoff_radius-6_grid_spacing-1,num_atoms,20000,2.611953
parboil,parboil_cutcp,"block_size=128, cutoff_radius=6, grid_spacing=1",block_size-128_cutoff_radius-6_grid_spacing-1,num_atoms,30000,3.921512
parboil,parboil_cutcp,"block_size=128, cutoff_radius=6, grid_spacing=1",block_size-128_cutoff_radius-6_grid_spacing-1,num_atoms,40000,5.237736
parboil,parboil_cutcp,"block_size=128, cutoff_radius=6, grid_spacing=1",block_size-128_cutoff_radius-6_grid_spacing-1,num_atoms,50000,6.551721
parboil,parboil_cutcp,"block_size=128, cutoff_radius=6, grid_spacing=1",block_size-128_cutoff_radius-6_grid_spacing-1,num_atoms,75000,9.840673
parboil,parboil_cutcp,"block_size=128, cutoff_radius=6, grid_spacing=1",block_size-128_cutoff_radius-6_grid_spacing-1,num_atoms,100000,13.137917
parboil,parboil_cutcp,"block_size=128, cutoff_radius=6, grid_spacing=1",block_size-128_cutoff_radius-6_grid_spacing-1,num_atoms,125000,16.436663
parboil,parboil_cutcp,"block_size=128, cutoff_radius=6, grid_spacing=1",block_size-128_cutoff_radius-6_grid_spacing-1,num_atoms,150000,19.732717
parboil,parboil_cutcp,"block_size=128, cutoff_radius=6, grid_spacing=1",block_size-128_cutoff_radius-6_grid_spacing-1,num_atoms,200000,26.351489
parboil,parboil_cutcp,"block_size=128, cutoff_radius=6, grid_spacing=1",block_size-128_cutoff_radius-6_grid_spacing-1,num_atoms,250000,32.919187
parboil,parboil_cutcp,"block_size=128, cutoff_radius=6, grid_spacing=1",block_size-128_cutoff_radius-6_grid_spacing-1,num_atoms,300000,39.192584
parboil,parboil_cutcp,"block_size=128, cutoff_radius=6, grid_spacing=1",block_size-128_cutoff_radius-6_grid_spacing-1,num_atoms,350000,45.886718
parboil,parboil_cutcp,"block_size=128, cutoff_radius=6, grid_spacing=1",block_size-128_cutoff_radius-6_grid_spacing-1,num_atoms,400000,52.453823
parboil,parboil_cutcp,"block_size=128, cutoff_radius=6, grid_spacing=1",block_size-128_cutoff_radius-6_grid_spacing-1,num_atoms,450000,58.935512
parboil,parboil_cutcp,"block_size=128, cutoff_radius=6, grid_spacing=1",block_size-128_cutoff_radius-6_grid_spacing-1,num_atoms,500000,65.584061
parboil,parboil_cutcp,"block_size=128, cutoff_radius=6, grid_spacing=2",block_size-128_cutoff_radius-6_grid_spacing-2,num_atoms,1000,0.124203
parboil,parboil_cutcp,"block_size=128, cutoff_radius=6, grid_spacing=2",block_size-128_cutoff_radius-6_grid_spacing-2,num_atoms,1500,0.184794
parboil,parboil_cutcp,"block_size=128, cutoff_radius=6, grid_spacing=2",block_size-128_cutoff_radius-6_grid_spacing-2,num_atoms,2000,0.244262
parboil,parboil_cutcp,"block_size=128, cutoff_radius=6, grid_spacing=2",block_size-128_cutoff_radius-6_grid_spacing-2,num_atoms,3000,0.372927
parboil,parboil_cutcp,"block_size=128, cutoff_radius=6, grid_spacing=2",block_size-128_cutoff_radius-6_grid_spacing-2,num_atoms,4000,0.494778
parboil,parboil_cutcp,"block_size=128, cutoff_radius=6, grid_spacing=2",block_size-128_cutoff_radius-6_grid_spacing-2,num_atoms,5000,0.623498
parboil,parboil_cutcp,"block_size=128, cutoff_radius=6, grid_spacing=2",block_size-128_cutoff_radius-6_grid_spacing-2,num_atoms,7500,0.949400
parboil,parboil_cutcp,"block_size=128, cutoff_radius=6, grid_spacing=2",block_size-128_cutoff_radius-6_grid_spacing-2,num_atoms,10000,1.268803
parboil,parboil_cutcp,"block_size=128, cutoff_radius=6, grid_spacing=2",block_size-128_cutoff_radius-6_grid_spacing-2,num_atoms,15000,1.915675
parboil,parboil_cutcp,"block_size=128, cutoff_radius=6, grid_spacing=2",block_size-128_cutoff_radius-6_grid_spacing-2,num_atoms,20000,2.559709
parboil,parboil_cutcp,"block_size=128, cutoff_radius=6, grid_spacing=2",block_size-128_cutoff_radius-6_grid_spacing-2,num_atoms,30000,3.853095
parboil,parboil_cutcp,"block_size=128, cutoff_radius=6, grid_spacing=2",block_size-128_cutoff_radius-6_grid_spacing-2,num_atoms,40000,5.130864
parboil,parboil_cutcp,"block_size=128, cutoff_radius=6, grid_spacing=2",block_size-128_cutoff_radius-6_grid_spacing-2,num_atoms,50000,6.418675
parboil,parboil_cutcp,"block_size=128, cutoff_radius=6, grid_spacing=2",block_size-128_cutoff_radius-6_grid_spacing-2,num_atoms,75000,9.637862
parboil,parboil_cutcp,"block_size=128, cutoff_radius=6, grid_spacing=2",block_size-128_cutoff_radius-6_grid_spacing-2,num_atoms,100000,12.865592
parboil,parboil_cutcp,"block_size=128, cutoff_radius=6, grid_spacing=2",block_size-128_cutoff_radius-6_grid_spacing-2,num_atoms,125000,16.109831
parboil,parboil_cutcp,"block_size=128, cutoff_radius=6, grid_spacing=2",block_size-128_cutoff_radius-6_grid_spacing-2,num_atoms,150000,19.341088
parboil,parboil_cutcp,"block_size=128, cutoff_radius=6, grid_spacing=2",block_size-128_cutoff_radius-6_grid_spacing-2,num_atoms,200000,25.782388
parboil,parboil_cutcp,"block_size=128, cutoff_radius=6, grid_spacing=2",block_size-128_cutoff_radius-6_grid_spacing-2,num_atoms,250000,32.199163
parboil,parboil_cutcp,"block_size=128, cutoff_radius=6, grid_spacing=2",block_size-128_cutoff_radius-6_grid_spacing-2,num_atoms,300000,39.178642
parboil,parboil_cutcp,"block_size=128, cutoff_radius=6, grid_spacing=2",block_size-128_cutoff_radius-6_grid_spacing-2,num_atoms,350000,45.715250
parboil,parboil_cutcp,"block_size=128, cutoff_radius=6, grid_spacing=2",block_size-128_cutoff_radius-6_grid_spacing-2,num_atoms,400000,52.501089
parboil,parboil_cutcp,"block_size=128, cutoff_radius=6, grid_spacing=2",block_size-128_cutoff_radius-6_grid_spacing-2,num_atoms,450000,59.044696
parboil,parboil_cutcp,"block_size=128, cutoff_radius=6, grid_spacing=2",block_size-128_cutoff_radius-6_grid_spacing-2,num_atoms,500000,65.599871
parboil,parboil_lbm,"block_size=128, iterations=1, num_timesteps=10, tau=0.7",block_size-128_iterations-1_num_timesteps-10_tau-0.7,grid_dim,16,0.078926
parboil,parboil_lbm,"block_size=128, iterations=1, num_timesteps=10, tau=0.7",block_size-128_iterations-1_num_timesteps-10_tau-0.7,grid_dim,20,0.080463
parboil,parboil_lbm,"block_size=128, iterations=1, num_timesteps=10, tau=0.7",block_size-128_iterations-1_num_timesteps-10_tau-0.7,grid_dim,24,0.082241
parboil,parboil_lbm,"block_size=128, iterations=1, num_timesteps=10, tau=0.7",block_size-128_iterations-1_num_timesteps-10_tau-0.7,grid_dim,28,0.085581
parboil,parboil_lbm,"block_size=128, iterations=1, num_timesteps=10, tau=0.7",block_size-128_iterations-1_num_timesteps-10_tau-0.7,grid_dim,32,0.091381
parboil,parboil_lbm,"block_size=128, iterations=1, num_timesteps=10, tau=0.7",block_size-128_iterations-1_num_timesteps-10_tau-0.7,grid_dim,36,0.114487
parboil,parboil_lbm,"block_size=128, iterations=1, num_timesteps=10, tau=0.7",block_size-128_iterations-1_num_timesteps-10_tau-0.7,grid_dim,40,0.108005
parboil,parboil_lbm,"block_size=128, iterations=1, num_timesteps=10, tau=0.7",block_size-128_iterations-1_num_timesteps-10_tau-0.7,grid_dim,48,0.112482
parboil,parboil_lbm,"block_size=128, iterations=1, num_timesteps=10, tau=0.7",block_size-128_iterations-1_num_timesteps-10_tau-0.7,grid_dim,56,0.130029
parboil,parboil_lbm,"block_size=128, iterations=1, num_timesteps=10, tau=0.7",block_size-128_iterations-1_num_timesteps-10_tau-0.7,grid_dim,64,0.168088
parboil,parboil_lbm,"block_size=128, iterations=1, num_timesteps=10, tau=0.7",block_size-128_iterations-1_num_timesteps-10_tau-0.7,grid_dim,72,0.213217
parboil,parboil_lbm,"block_size=128, iterations=1, num_timesteps=10, tau=0.7",block_size-128_iterations-1_num_timesteps-10_tau-0.7,grid_dim,80,0.286104
parboil,parboil_lbm,"block_size=128, iterations=1, num_timesteps=10, tau=0.7",block_size-128_iterations-1_num_timesteps-10_tau-0.7,grid_dim,88,0.354139
parboil,parboil_lbm,"block_size=128, iterations=1, num_timesteps=10, tau=0.7",block_size-128_iterations-1_num_timesteps-10_tau-0.7,grid_dim,96,0.437500
parboil,parboil_lbm,"block_size=128, iterations=1, num_timesteps=10, tau=0.7",block_size-128_iterations-1_num_timesteps-10_tau-0.7,grid_dim,104,0.547773
parboil,parboil_lbm,"block_size=128, iterations=1, num_timesteps=10, tau=0.7",block_size-128_iterations-1_num_timesteps-10_tau-0.7,grid_dim,112,0.660166
parboil,parboil_lbm,"block_size=128, iterations=1, num_timesteps=10, tau=0.7",block_size-128_iterations-1_num_timesteps-10_tau-0.7,grid_dim,120,0.797489
parboil,parboil_lbm,"block_size=128, iterations=1, num_timesteps=10, tau=0.7",block_size-128_iterations-1_num_timesteps-10_tau-0.7,grid_dim,128,1.026422
parboil,parboil_lbm,"block_size=128, iterations=1, num_timesteps=10, tau=0.7",block_size-128_iterations-1_num_timesteps-10_tau-0.7,grid_dim,144,1.732789
parboil,parboil_lbm,"block_size=128, iterations=1, num_timesteps=10, tau=0.7",block_size-128_iterations-1_num_timesteps-10_tau-0.7,grid_dim,160,2.523664
parboil,parboil_lbm,"block_size=128, iterations=1, num_timesteps=10, tau=0.7",block_size-128_iterations-1_num_timesteps-10_tau-0.7,grid_dim,176,3.219861
parboil,parboil_lbm,"block_size=128, iterations=1, num_timesteps=10, tau=0.7",block_size-128_iterations-1_num_timesteps-10_tau-0.7,grid_dim,192,4.282161
parboil,parboil_lbm,"block_size=128, iterations=1, num_timesteps=10, tau=0.7",block_size-128_iterations-1_num_timesteps-10_tau-0.7,grid_dim,208,5.035885
parboil,parboil_lbm,"block_size=128, iterations=1, num_timesteps=10, tau=0.7",block_size-128_iterations-1_num_timesteps-10_tau-0.7,grid_dim,224,6.642138
parboil,parboil_lbm,"block_size=128, iterations=1, num_timesteps=10, tau=0.7",block_size-128_iterations-1_num_timesteps-10_tau-0.7,grid_dim,240,7.697249
parboil,parboil_lbm,"block_size=128, iterations=1, num_timesteps=10, tau=0.7",block_size-128_iterations-1_num_timesteps-10_tau-0.7,grid_dim,256,9.620329
parboil,parboil_sgemm,"block_size=256, precision=double",block_size-256_precision-double,size,64,0.006147
parboil,parboil_sgemm,"block_size=256, precision=double",block_size-256_precision-double,size,128,0.008860
parboil,parboil_sgemm,"block_size=256, precision=double",block_size-256_precision-double,size,192,0.011172
parboil,parboil_sgemm,"block_size=256, precision=double",block_size-256_precision-double,size,256,0.013110
parboil,parboil_sgemm,"block_size=256, precision=double",block_size-256_precision-double,size,384,0.018857
parboil,parboil_sgemm,"block_size=256, precision=double",block_size-256_precision-double,size,512,0.033490
parboil,parboil_sgemm,"block_size=256, precision=double",block_size-256_precision-double,size,640,0.051518
parboil,parboil_sgemm,"block_size=256, precision=double",block_size-256_precision-double,size,768,0.077710
parboil,parboil_sgemm,"block_size=256, precision=double",block_size-256_precision-double,size,896,0.116505
parboil,parboil_sgemm,"block_size=256, precision=double",block_size-256_precision-double,size,1024,0.167303
parboil,parboil_sgemm,"block_size=256, precision=double",block_size-256_precision-double,size,1280,0.310212
parboil,parboil_sgemm,"block_size=256, precision=double",block_size-256_precision-double,size,1536,0.585551
parboil,parboil_sgemm,"block_size=256, precision=double",block_size-256_precision-double,size,1792,0.879855
parboil,parboil_sgemm,"block_size=256, precision=double",block_size-256_precision-double,size,2048,1.301266
parboil,parboil_sgemm,"block_size=256, precision=double",block_size-256_precision-double,size,2560,2.498915
parboil,parboil_sgemm,"block_size=256, precision=double",block_size-256_precision-double,size,3072,4.706018
parboil,parboil_sgemm,"block_size=256, precision=double",block_size-256_precision-double,size,3584,7.834040
parboil,parboil_sgemm,"block_size=256, precision=double",block_size-256_precision-double,size,4096,11.563654
parboil,parboil_sgemm,"block_size=256, precision=double",block_size-256_precision-double,size,5120,23.028994
parboil,parboil_sgemm,"block_size=256, precision=double",block_size-256_precision-double,size,6144,39.866497
parboil,parboil_sgemm,"block_size=256, precision=double",block_size-256_precision-double,size,7168,63.186037
parboil,parboil_sgemm,"block_size=256, precision=double",block_size-256_precision-double,size,8192,95.320190
parboil,parboil_sgemm,"block_size=256, precision=float",block_size-256_precision-float,size,64,0.006040
parboil,parboil_sgemm,"block_size=256, precision=float",block_size-256_precision-float,size,128,0.008700
parboil,parboil_sgemm,"block_size=256, precision=float",block_size-256_precision-float,size,192,0.011185
parboil,parboil_sgemm,"block_size=256, precision=float",block_size-256_precision-float,size,256,0.012989
parboil,parboil_sgemm,"block_size=256, precision=float",block_size-256_precision-float,size,384,0.018416
parboil,parboil_sgemm,"block_size=256, precision=float",block_size-256_precision-float,size,512,0.030803
parboil,parboil_sgemm,"block_size=256, precision=float",block_size-256_precision-float,size,640,0.051464
parboil,parboil_sgemm,"block_size=256, precision=float",block_size-256_precision-float,size,768,0.077723
parboil,parboil_sgemm,"block_size=256, precision=float",block_size-256_precision-float,size,896,0.116584
parboil,parboil_sgemm,"block_size=256, precision=float",block_size-256_precision-float,size,1024,0.164588
parboil,parboil_sgemm,"block_size=256, precision=float",block_size-256_precision-float,size,1280,0.311789
parboil,parboil_sgemm,"block_size=256, precision=float",block_size-256_precision-float,size,1536,0.570245
parboil,parboil_sgemm,"block_size=256, precision=float",block_size-256_precision-float,size,1792,0.855638
parboil,parboil_sgemm,"block_size=256, precision=float",block_size-256_precision-float,size,2048,1.242651
parboil,parboil_sgemm,"block_size=256, precision=float",block_size-256_precision-float,size,2560,2.553685
parboil,parboil_sgemm,"block_size=256, precision=float",block_size-256_precision-float,size,3072,4.686562
parboil,parboil_sgemm,"block_size=256, precision=float",block_size-256_precision-float,size,3584,7.858786
parboil,parboil_sgemm,"block_size=256, precision=float",block_size-256_precision-float,size,4096,11.592423
parboil,parboil_sgemm,"block_size=256, precision=float",block_size-256_precision-float,size,5120,22.959836
parboil,parboil_sgemm,"block_size=256, precision=float",block_size-256_precision-float,size,6144,39.872653
parboil,parboil_sgemm,"block_size=256, precision=float",block_size-256_precision-float,size,7168,63.171758
parboil,parboil_sgemm,"block_size=256, precision=float",block_size-256_precision-float,size,8192,95.332634
parboil,parboil_sgemm,"block_size=256, precision=half",block_size-256_precision-half,size,64,0.006121
parboil,parboil_sgemm,"block_size=256, precision=half",block_size-256_precision-half,size,128,0.008887
parboil,parboil_sgemm,"block_size=256, precision=half",block_size-256_precision-half,size,192,0.010958
parboil,parboil_sgemm,"block_size=256, precision=half",block_size-256_precision-half,size,256,0.012870
parboil,parboil_sgemm,"block_size=256, precision=half",block_size-256_precision-half,size,384,0.019444
parboil,parboil_sgemm,"block_size=256, precision=half",block_size-256_precision-half,size,512,0.030830
parboil,parboil_sgemm,"block_size=256, precision=half",block_size-256_precision-half,size,640,0.051116
parboil,parboil_sgemm,"block_size=256, precision=half",block_size-256_precision-half,size,768,0.076640
parboil,parboil_sgemm,"block_size=256, precision=half",block_size-256_precision-half,size,896,0.116224
parboil,parboil_sgemm,"block_size=256, precision=half",block_size-256_precision-half,size,1024,0.164882
parboil,parboil_sgemm,"block_size=256, precision=half",block_size-256_precision-half,size,1280,0.312580
parboil,parboil_sgemm,"block_size=256, precision=half",block_size-256_precision-half,size,1536,0.563911
parboil,parboil_sgemm,"block_size=256, precision=half",block_size-256_precision-half,size,1792,0.867402
parboil,parboil_sgemm,"block_size=256, precision=half",block_size-256_precision-half,size,2048,1.270901
parboil,parboil_sgemm,"block_size=256, precision=half",block_size-256_precision-half,size,2560,2.591929
parboil,parboil_sgemm,"block_size=256, precision=half",block_size-256_precision-half,size,3072,4.691835
parboil,parboil_sgemm,"block_size=256, precision=half",block_size-256_precision-half,size,3584,7.837119
parboil,parboil_sgemm,"block_size=256, precision=half",block_size-256_precision-half,size,4096,11.657405
parboil,parboil_sgemm,"block_size=256, precision=half",block_size-256_precision-half,size,5120,23.119637
parboil,parboil_sgemm,"block_size=256, precision=half",block_size-256_precision-half,size,6144,39.846354
parboil,parboil_sgemm,"block_size=256, precision=half",block_size-256_precision-half,size,7168,63.154629
parboil,parboil_sgemm,"block_size=256, precision=half",block_size-256_precision-half,size,8192,95.321714
polybench,polybench_2dconv,"block_size=256, precision=double",block_size-256_precision-double,size,64,0.005800
polybench,polybench_2dconv,"block_size=256, precision=double",block_size-256_precision-double,size,128,0.005680
polybench,polybench_2dconv,"block_size=256, precision=double",block_size-256_precision-double,size,256,0.005827
polybench,polybench_2dconv,"block_size=256, precision=double",block_size-256_precision-double,size,384,0.005813
polybench,polybench_2dconv,"block_size=256, precision=double",block_size-256_precision-double,size,512,0.005840
polybench,polybench_2dconv,"block_size=256, precision=double",block_size-256_precision-double,size,640,0.005973
polybench,polybench_2dconv,"block_size=256, precision=double",block_size-256_precision-double,size,768,0.006121
polybench,polybench_2dconv,"block_size=256, precision=double",block_size-256_precision-double,size,1024,0.008967
polybench,polybench_2dconv,"block_size=256, precision=double",block_size-256_precision-double,size,1280,0.008780
polybench,polybench_2dconv,"block_size=256, precision=double",block_size-256_precision-double,size,1536,0.012856
polybench,polybench_2dconv,"block_size=256, precision=double",block_size-256_precision-double,size,2048,0.019885
polybench,polybench_2dconv,"block_size=256, precision=double",block_size-256_precision-double,size,2560,0.028424
polybench,polybench_2dconv,"block_size=256, precision=double",block_size-256_precision-double,size,3072,0.040238
polybench,polybench_2dconv,"block_size=256, precision=double",block_size-256_precision-double,size,3584,0.051330
polybench,polybench_2dconv,"block_size=256, precision=double",block_size-256_precision-double,size,4096,0.065950
polybench,polybench_2dconv,"block_size=256, precision=double",block_size-256_precision-double,size,5120,0.100469
polybench,polybench_2dconv,"block_size=256, precision=double",block_size-256_precision-double,size,6144,0.152078
polybench,polybench_2dconv,"block_size=256, precision=double",block_size-256_precision-double,size,7168,0.230844
polybench,polybench_2dconv,"block_size=256, precision=double",block_size-256_precision-double,size,8192,0.296005
polybench,polybench_2dconv,"block_size=256, precision=double",block_size-256_precision-double,size,10240,0.472059
polybench,polybench_2dconv,"block_size=256, precision=double",block_size-256_precision-double,size,12288,0.707969
polybench,polybench_2dconv,"block_size=256, precision=double",block_size-256_precision-double,size,16384,1.364071
polybench,polybench_2dconv,"block_size=256, precision=float",block_size-256_precision-float,size,64,0.005773
polybench,polybench_2dconv,"block_size=256, precision=float",block_size-256_precision-float,size,128,0.005867
polybench,polybench_2dconv,"block_size=256, precision=float",block_size-256_precision-float,size,256,0.005813
polybench,polybench_2dconv,"block_size=256, precision=float",block_size-256_precision-float,size,384,0.007804
polybench,polybench_2dconv,"block_size=256, precision=float",block_size-256_precision-float,size,512,0.006080
polybench,polybench_2dconv,"block_size=256, precision=float",block_size-256_precision-float,size,640,0.006481
polybench,polybench_2dconv,"block_size=256, precision=float",block_size-256_precision-float,size,768,0.006013
polybench,polybench_2dconv,"block_size=256, precision=float",block_size-256_precision-float,size,1024,0.007109
polybench,polybench_2dconv,"block_size=256, precision=float",block_size-256_precision-float,size,1280,0.008834
polybench,polybench_2dconv,"block_size=256, precision=float",block_size-256_precision-float,size,1536,0.012923
polybench,polybench_2dconv,"block_size=256, precision=float",block_size-256_precision-float,size,2048,0.020193
polybench,polybench_2dconv,"block_size=256, precision=float",block_size-256_precision-float,size,2560,0.028291
polybench,polybench_2dconv,"block_size=256, precision=float",block_size-256_precision-float,size,3072,0.038982
polybench,polybench_2dconv,"block_size=256, precision=float",block_size-256_precision-float,size,3584,0.051544
polybench,polybench_2dconv,"block_size=256, precision=float",block_size-256_precision-float,size,4096,0.068408
polybench,polybench_2dconv,"block_size=256, precision=float",block_size-256_precision-float,size,5120,0.100883
polybench,polybench_2dconv,"block_size=256, precision=float",block_size-256_precision-float,size,6144,0.151558
polybench,polybench_2dconv,"block_size=256, precision=float",block_size-256_precision-float,size,7168,0.232020
polybench,polybench_2dconv,"block_size=256, precision=float",block_size-256_precision-float,size,8192,0.294656
polybench,polybench_2dconv,"block_size=256, precision=float",block_size-256_precision-float,size,10240,0.461635
polybench,polybench_2dconv,"block_size=256, precision=float",block_size-256_precision-float,size,12288,0.696115
polybench,polybench_2dconv,"block_size=256, precision=float",block_size-256_precision-float,size,16384,1.365475
polybench,polybench_2dconv,"block_size=256, precision=half",block_size-256_precision-half,size,64,0.006268
polybench,polybench_2dconv,"block_size=256, precision=half",block_size-256_precision-half,size,128,0.005827
polybench,polybench_2dconv,"block_size=256, precision=half",block_size-256_precision-half,size,256,0.005840
polybench,polybench_2dconv,"block_size=256, precision=half",block_size-256_precision-half,size,384,0.005880
polybench,polybench_2dconv,"block_size=256, precision=half",block_size-256_precision-half,size,512,0.005840
polybench,polybench_2dconv,"block_size=256, precision=half",block_size-256_precision-half,size,640,0.006201
polybench,polybench_2dconv,"block_size=256, precision=half",block_size-256_precision-half,size,768,0.006094
polybench,polybench_2dconv,"block_size=256, precision=half",block_size-256_precision-half,size,1024,0.007176
polybench,polybench_2dconv,"block_size=256, precision=half",block_size-256_precision-half,size,1280,0.008820
polybench,polybench_2dconv,"block_size=256, precision=half",block_size-256_precision-half,size,1536,0.012789
polybench,polybench_2dconv,"block_size=256, precision=half",block_size-256_precision-half,size,2048,0.019778
polybench,polybench_2dconv,"block_size=256, precision=half",block_size-256_precision-half,size,2560,0.028184
polybench,polybench_2dconv,"block_size=256, precision=half",block_size-256_precision-half,size,3072,0.038741
polybench,polybench_2dconv,"block_size=256, precision=half",block_size-256_precision-half,size,3584,0.051223
polybench,polybench_2dconv,"block_size=256, precision=half",block_size-256_precision-half,size,4096,0.065977
polybench,polybench_2dconv,"block_size=256, precision=half",block_size-256_precision-half,size,5120,0.100054
polybench,polybench_2dconv,"block_size=256, precision=half",block_size-256_precision-half,size,6144,0.150288
polybench,polybench_2dconv,"block_size=256, precision=half",block_size-256_precision-half,size,7168,0.228145
polybench,polybench_2dconv,"block_size=256, precision=half",block_size-256_precision-half,size,8192,0.293600
polybench,polybench_2dconv,"block_size=256, precision=half",block_size-256_precision-half,size,10240,0.466620
polybench,polybench_2dconv,"block_size=256, precision=half",block_size-256_precision-half,size,12288,0.712232
polybench,polybench_2dconv,"block_size=256, precision=half",block_size-256_precision-half,size,16384,1.324595
polybench,polybench_2mm,"alpha=1.5, beta=1.2, block_size=256, precision=double",alpha-1.5_beta-1.2_block_size-256_precision-double,size,64,0.012735
polybench,polybench_2mm,"alpha=1.5, beta=1.2, block_size=256, precision=double",alpha-1.5_beta-1.2_block_size-256_precision-double,size,96,0.016183
polybench,polybench_2mm,"alpha=1.5, beta=1.2, block_size=256, precision=double",alpha-1.5_beta-1.2_block_size-256_precision-double,size,128,0.018616
polybench,polybench_2mm,"alpha=1.5, beta=1.2, block_size=256, precision=double",alpha-1.5_beta-1.2_block_size-256_precision-double,size,192,0.022705
polybench,polybench_2mm,"alpha=1.5, beta=1.2, block_size=256, precision=double",alpha-1.5_beta-1.2_block_size-256_precision-double,size,256,0.028759
polybench,polybench_2mm,"alpha=1.5, beta=1.2, block_size=256, precision=double",alpha-1.5_beta-1.2_block_size-256_precision-double,size,384,0.040358
polybench,polybench_2mm,"alpha=1.5, beta=1.2, block_size=256, precision=double",alpha-1.5_beta-1.2_block_size-256_precision-double,size,512,0.061968
polybench,polybench_2mm,"alpha=1.5, beta=1.2, block_size=256, precision=double",alpha-1.5_beta-1.2_block_size-256_precision-double,size,640,0.104999
polybench,polybench_2mm,"alpha=1.5, beta=1.2, block_size=256, precision=double",alpha-1.5_beta-1.2_block_size-256_precision-double,size,768,0.160444
polybench,polybench_2mm,"alpha=1.5, beta=1.2, block_size=256, precision=double",alpha-1.5_beta-1.2_block_size-256_precision-double,size,896,0.238395
polybench,polybench_2mm,"alpha=1.5, beta=1.2, block_size=256, precision=double",alpha-1.5_beta-1.2_block_size-256_precision-double,size,1024,0.327812
polybench,polybench_2mm,"alpha=1.5, beta=1.2, block_size=256, precision=double",alpha-1.5_beta-1.2_block_size-256_precision-double,size,1152,0.466099
polybench,polybench_2mm,"alpha=1.5, beta=1.2, block_size=256, precision=double",alpha-1.5_beta-1.2_block_size-256_precision-double,size,1280,0.634735
polybench,polybench_2mm,"alpha=1.5, beta=1.2, block_size=256, precision=double",alpha-1.5_beta-1.2_block_size-256_precision-double,size,1536,1.078698
polybench,polybench_2mm,"alpha=1.5, beta=1.2, block_size=256, precision=double",alpha-1.5_beta-1.2_block_size-256_precision-double,size,1792,1.708801
polybench,polybench_2mm,"alpha=1.5, beta=1.2, block_size=256, precision=double",alpha-1.5_beta-1.2_block_size-256_precision-double,size,2048,2.481247
polybench,polybench_2mm,"alpha=1.5, beta=1.2, block_size=256, precision=double",alpha-1.5_beta-1.2_block_size-256_precision-double,size,2304,3.693468
polybench,polybench_2mm,"alpha=1.5, beta=1.2, block_size=256, precision=double",alpha-1.5_beta-1.2_block_size-256_precision-double,size,2560,5.216917
polybench,polybench_2mm,"alpha=1.5, beta=1.2, block_size=256, precision=double",alpha-1.5_beta-1.2_block_size-256_precision-double,size,2816,7.140683
polybench,polybench_2mm,"alpha=1.5, beta=1.2, block_size=256, precision=double",alpha-1.5_beta-1.2_block_size-256_precision-double,size,3072,9.350699
polybench,polybench_2mm,"alpha=1.5, beta=1.2, block_size=256, precision=double",alpha-1.5_beta-1.2_block_size-256_precision-double,size,3328,12.107510
polybench,polybench_2mm,"alpha=1.5, beta=1.2, block_size=256, precision=double",alpha-1.5_beta-1.2_block_size-256_precision-double,size,3584,15.264556
polybench,polybench_2mm,"alpha=1.5, beta=1.2, block_size=256, precision=double",alpha-1.5_beta-1.2_block_size-256_precision-double,size,3840,18.870017
polybench,polybench_2mm,"alpha=1.5, beta=1.2, block_size=256, precision=double",alpha-1.5_beta-1.2_block_size-256_precision-double,size,4096,22.773018
polybench,polybench_2mm,"alpha=1.5, beta=1.2, block_size=256, precision=float",alpha-1.5_beta-1.2_block_size-256_precision-float,size,64,0.013484
polybench,polybench_2mm,"alpha=1.5, beta=1.2, block_size=256, precision=float",alpha-1.5_beta-1.2_block_size-256_precision-float,size,96,0.016009
polybench,polybench_2mm,"alpha=1.5, beta=1.2, block_size=256, precision=float",alpha-1.5_beta-1.2_block_size-256_precision-float,size,128,0.018201
polybench,polybench_2mm,"alpha=1.5, beta=1.2, block_size=256, precision=float",alpha-1.5_beta-1.2_block_size-256_precision-float,size,192,0.022678
polybench,polybench_2mm,"alpha=1.5, beta=1.2, block_size=256, precision=float",alpha-1.5_beta-1.2_block_size-256_precision-float,size,256,0.027956
polybench,polybench_2mm,"alpha=1.5, beta=1.2, block_size=256, precision=float",alpha-1.5_beta-1.2_block_size-256_precision-float,size,384,0.039409
polybench,polybench_2mm,"alpha=1.5, beta=1.2, block_size=256, precision=float",alpha-1.5_beta-1.2_block_size-256_precision-float,size,512,0.064320
polybench,polybench_2mm,"alpha=1.5, beta=1.2, block_size=256, precision=float",alpha-1.5_beta-1.2_block_size-256_precision-float,size,640,0.106228
polybench,polybench_2mm,"alpha=1.5, beta=1.2, block_size=256, precision=float",alpha-1.5_beta-1.2_block_size-256_precision-float,size,768,0.160779
polybench,polybench_2mm,"alpha=1.5, beta=1.2, block_size=256, precision=float",alpha-1.5_beta-1.2_block_size-256_precision-float,size,896,0.235081
polybench,polybench_2mm,"alpha=1.5, beta=1.2, block_size=256, precision=float",alpha-1.5_beta-1.2_block_size-256_precision-float,size,1024,0.326796
polybench,polybench_2mm,"alpha=1.5, beta=1.2, block_size=256, precision=float",alpha-1.5_beta-1.2_block_size-256_precision-float,size,1152,0.473048
polybench,polybench_2mm,"alpha=1.5, beta=1.2, block_size=256, precision=float",alpha-1.5_beta-1.2_block_size-256_precision-float,size,1280,0.631917
polybench,polybench_2mm,"alpha=1.5, beta=1.2, block_size=256, precision=float",alpha-1.5_beta-1.2_block_size-256_precision-float,size,1536,1.065927
polybench,polybench_2mm,"alpha=1.5, beta=1.2, block_size=256, precision=float",alpha-1.5_beta-1.2_block_size-256_precision-float,size,1792,1.700290
polybench,polybench_2mm,"alpha=1.5, beta=1.2, block_size=256, precision=float",alpha-1.5_beta-1.2_block_size-256_precision-float,size,2048,2.466988
polybench,polybench_2mm,"alpha=1.5, beta=1.2, block_size=256, precision=float",alpha-1.5_beta-1.2_block_size-256_precision-float,size,2304,3.673437
polybench,polybench_2mm,"alpha=1.5, beta=1.2, block_size=256, precision=float",alpha-1.5_beta-1.2_block_size-256_precision-float,size,2560,5.194990
polybench,polybench_2mm,"alpha=1.5, beta=1.2, block_size=256, precision=float",alpha-1.5_beta-1.2_block_size-256_precision-float,size,2816,7.066660
polybench,polybench_2mm,"alpha=1.5, beta=1.2, block_size=256, precision=float",alpha-1.5_beta-1.2_block_size-256_precision-float,size,3072,9.370330
polybench,polybench_2mm,"alpha=1.5, beta=1.2, block_size=256, precision=float",alpha-1.5_beta-1.2_block_size-256_precision-float,size,3328,12.105908
polybench,polybench_2mm,"alpha=1.5, beta=1.2, block_size=256, precision=float",alpha-1.5_beta-1.2_block_size-256_precision-float,size,3584,15.257580
polybench,polybench_2mm,"alpha=1.5, beta=1.2, block_size=256, precision=float",alpha-1.5_beta-1.2_block_size-256_precision-float,size,3840,18.866823
polybench,polybench_2mm,"alpha=1.5, beta=1.2, block_size=256, precision=float",alpha-1.5_beta-1.2_block_size-256_precision-float,size,4096,22.710733
polybench,polybench_2mm,"alpha=1.5, beta=1.2, block_size=256, precision=half",alpha-1.5_beta-1.2_block_size-256_precision-half,size,64,0.012669
polybench,polybench_2mm,"alpha=1.5, beta=1.2, block_size=256, precision=half",alpha-1.5_beta-1.2_block_size-256_precision-half,size,96,0.015943
polybench,polybench_2mm,"alpha=1.5, beta=1.2, block_size=256, precision=half",alpha-1.5_beta-1.2_block_size-256_precision-half,size,128,0.019658
polybench,polybench_2mm,"alpha=1.5, beta=1.2, block_size=256, precision=half",alpha-1.5_beta-1.2_block_size-256_precision-half,size,192,0.023399
polybench,polybench_2mm,"alpha=1.5, beta=1.2, block_size=256, precision=half",alpha-1.5_beta-1.2_block_size-256_precision-half,size,256,0.027596
polybench,polybench_2mm,"alpha=1.5, beta=1.2, block_size=256, precision=half",alpha-1.5_beta-1.2_block_size-256_precision-half,size,384,0.040185
polybench,polybench_2mm,"alpha=1.5, beta=1.2, block_size=256, precision=half",alpha-1.5_beta-1.2_block_size-256_precision-half,size,512,0.063812
polybench,polybench_2mm,"alpha=1.5, beta=1.2, block_size=256, precision=half",alpha-1.5_beta-1.2_block_size-256_precision-half,size,640,0.107100
polybench,polybench_2mm,"alpha=1.5, beta=1.2, block_size=256, precision=half",alpha-1.5_beta-1.2_block_size-256_precision-half,size,768,0.160759
polybench,polybench_2mm,"alpha=1.5, beta=1.2, block_size=256, precision=half",alpha-1.5_beta-1.2_block_size-256_precision-half,size,896,0.236377
polybench,polybench_2mm,"alpha=1.5, beta=1.2, block_size=256, precision=half",alpha-1.5_beta-1.2_block_size-256_precision-half,size,1024,0.329375
polybench,polybench_2mm,"alpha=1.5, beta=1.2, block_size=256, precision=half",alpha-1.5_beta-1.2_block_size-256_precision-half,size,1152,0.463654
polybench,polybench_2mm,"alpha=1.5, beta=1.2, block_size=256, precision=half",alpha-1.5_beta-1.2_block_size-256_precision-half,size,1280,0.651229
polybench,polybench_2mm,"alpha=1.5, beta=1.2, block_size=256, precision=half",alpha-1.5_beta-1.2_block_size-256_precision-half,size,1536,1.125573
polybench,polybench_2mm,"alpha=1.5, beta=1.2, block_size=256, precision=half",alpha-1.5_beta-1.2_block_size-256_precision-half,size,1792,1.748166
polybench,polybench_2mm,"alpha=1.5, beta=1.2, block_size=256, precision=half",alpha-1.5_beta-1.2_block_size-256_precision-half,size,2048,2.506985
polybench,polybench_2mm,"alpha=1.5, beta=1.2, block_size=256, precision=half",alpha-1.5_beta-1.2_block_size-256_precision-half,size,2304,3.639611
polybench,polybench_2mm,"alpha=1.5, beta=1.2, block_size=256, precision=half",alpha-1.5_beta-1.2_block_size-256_precision-half,size,2560,5.224370
polybench,polybench_2mm,"alpha=1.5, beta=1.2, block_size=256, precision=half",alpha-1.5_beta-1.2_block_size-256_precision-half,size,2816,7.095369
polybench,polybench_2mm,"alpha=1.5, beta=1.2, block_size=256, precision=half",alpha-1.5_beta-1.2_block_size-256_precision-half,size,3072,9.325513
polybench,polybench_2mm,"alpha=1.5, beta=1.2, block_size=256, precision=half",alpha-1.5_beta-1.2_block_size-256_precision-half,size,3328,12.176027
polybench,polybench_2mm,"alpha=1.5, beta=1.2, block_size=256, precision=half",alpha-1.5_beta-1.2_block_size-256_precision-half,size,3584,15.289613
polybench,polybench_2mm,"alpha=1.5, beta=1.2, block_size=256, precision=half",alpha-1.5_beta-1.2_block_size-256_precision-half,size,3840,18.852513
polybench,polybench_2mm,"alpha=1.5, beta=1.2, block_size=256, precision=half",alpha-1.5_beta-1.2_block_size-256_precision-half,size,4096,22.735507
polybench,polybench_3dconv,"block_size=8, filter_size=3",block_size-8_filter_size-3,size,16,0.008125
polybench,polybench_3dconv,"block_size=8, filter_size=3",block_size-8_filter_size-3,size,24,0.008152
polybench,polybench_3dconv,"block_size=8, filter_size=3",block_size-8_filter_size-3,size,32,0.008285
polybench,polybench_3dconv,"block_size=8, filter_size=3",block_size-8_filter_size-3,size,40,0.008673
polybench,polybench_3dconv,"block_size=8, filter_size=3",block_size-8_filter_size-3,size,48,0.008579
polybench,polybench_3dconv,"block_size=8, filter_size=3",block_size-8_filter_size-3,size,56,0.009248
polybench,polybench_3dconv,"block_size=8, filter_size=3",block_size-8_filter_size-3,size,64,0.009822
polybench,polybench_3dconv,"block_size=8, filter_size=3",block_size-8_filter_size-3,size,80,0.012522
polybench,polybench_3dconv,"block_size=8, filter_size=3",block_size-8_filter_size-3,size,96,0.020834
polybench,polybench_3dconv,"block_size=8, filter_size=3",block_size-8_filter_size-3,size,112,0.033837
polybench,polybench_3dconv,"block_size=8, filter_size=3",block_size-8_filter_size-3,size,128,0.055298
polybench,polybench_3dconv,"block_size=8, filter_size=3",block_size-8_filter_size-3,size,144,0.054697
polybench,polybench_3dconv,"block_size=8, filter_size=3",block_size-8_filter_size-3,size,160,0.074690
polybench,polybench_3dconv,"block_size=8, filter_size=3",block_size-8_filter_size-3,size,176,0.093252
polybench,polybench_3dconv,"block_size=8, filter_size=3",block_size-8_filter_size-3,size,192,0.164026
polybench,polybench_3dconv,"block_size=8, filter_size=3",block_size-8_filter_size-3,size,224,0.191529
polybench,polybench_3dconv,"block_size=8, filter_size=3",block_size-8_filter_size-3,size,256,0.461288
polybench,polybench_3dconv,"block_size=8, filter_size=3",block_size-8_filter_size-3,size,288,0.465700
polybench,polybench_3dconv,"block_size=8, filter_size=3",block_size-8_filter_size-3,size,320,0.884866
polybench,polybench_3dconv,"block_size=8, filter_size=3",block_size-8_filter_size-3,size,352,0.981445
polybench,polybench_3dconv,"block_size=8, filter_size=3",block_size-8_filter_size-3,size,384,1.526574
polybench,polybench_3dconv,"block_size=8, filter_size=3",block_size-8_filter_size-3,size,416,1.489530
polybench,polybench_3dconv,"block_size=8, filter_size=3",block_size-8_filter_size-3,size,448,2.143225
polybench,polybench_3dconv,"block_size=8, filter_size=3",block_size-8_filter_size-3,size,480,2.248440
polybench,polybench_3dconv,"block_size=8, filter_size=3",block_size-8_filter_size-3,size,512,3.640290
polybench,polybench_3dconv,"block_size=8, filter_size=5",block_size-8_filter_size-5,size,16,0.020460
polybench,polybench_3dconv,"block_size=8, filter_size=5",block_size-8_filter_size-5,size,24,0.020888
polybench,polybench_3dconv,"block_size=8, filter_size=5",block_size-8_filter_size-5,size,32,0.021168
polybench,polybench_3dconv,"block_size=8, filter_size=5",block_size-8_filter_size-5,size,40,0.021716
polybench,polybench_3dconv,"block_size=8, filter_size=5",block_size-8_filter_size-5,size,48,0.021943
polybench,polybench_3dconv,"block_size=8, filter_size=5",block_size-8_filter_size-5,size,56,0.025752
polybench,polybench_3dconv,"block_size=8, filter_size=5",block_size-8_filter_size-5,size,64,0.028665
polybench,polybench_3dconv,"block_size=8, filter_size=5",block_size-8_filter_size-5,size,80,0.033890
polybench,polybench_3dconv,"block_size=8, filter_size=5",block_size-8_filter_size-5,size,96,0.078378
polybench,polybench_3dconv,"block_size=8, filter_size=5",block_size-8_filter_size-5,size,112,0.094001
polybench,polybench_3dconv,"block_size=8, filter_size=5",block_size-8_filter_size-5,size,128,0.213940
polybench,polybench_3dconv,"block_size=8, filter_size=5",block_size-8_filter_size-5,size,144,0.176027
polybench,polybench_3dconv,"block_size=8, filter_size=5",block_size-8_filter_size-5,size,160,0.333652
polybench,polybench_3dconv,"block_size=8, filter_size=5",block_size-8_filter_size-5,size,176,0.322989
polybench,polybench_3dconv,"block_size=8, filter_size=5",block_size-8_filter_size-5,size,192,0.788798
polybench,polybench_3dconv,"block_size=8, filter_size=5",block_size-8_filter_size-5,size,224,0.985146
polybench,polybench_3dconv,"block_size=8, filter_size=5",block_size-8_filter_size-5,size,256,1.884988
polybench,polybench_3dconv,"block_size=8, filter_size=5",block_size-8_filter_size-5,size,288,1.970650
polybench,polybench_3dconv,"block_size=8, filter_size=5",block_size-8_filter_size-5,size,320,3.167531
polybench,polybench_3dconv,"block_size=8, filter_size=5",block_size-8_filter_size-5,size,352,3.462661
polybench,polybench_3dconv,"block_size=8, filter_size=5",block_size-8_filter_size-5,size,384,6.063112
polybench,polybench_3dconv,"block_size=8, filter_size=5",block_size-8_filter_size-5,size,416,6.083626
polybench,polybench_3dconv,"block_size=8, filter_size=5",block_size-8_filter_size-5,size,448,8.786749
polybench,polybench_3dconv,"block_size=8, filter_size=5",block_size-8_filter_size-5,size,480,9.340308
polybench,polybench_3dconv,"block_size=8, filter_size=5",block_size-8_filter_size-5,size,512,15.132135
polybench,polybench_3dconv,"block_size=8, filter_size=7",block_size-8_filter_size-7,size,16,0.046225
polybench,polybench_3dconv,"block_size=8, filter_size=7",block_size-8_filter_size-7,size,24,0.047896
polybench,polybench_3dconv,"block_size=8, filter_size=7",block_size-8_filter_size-7,size,32,0.048069
polybench,polybench_3dconv,"block_size=8, filter_size=7",block_size-8_filter_size-7,size,40,0.048604
polybench,polybench_3dconv,"block_size=8, filter_size=7",block_size-8_filter_size-7,size,48,0.049593
polybench,polybench_3dconv,"block_size=8, filter_size=7",block_size-8_filter_size-7,size,56,0.056021
polybench,polybench_3dconv,"block_size=8, filter_size=7",block_size-8_filter_size-7,size,64,0.060845
polybench,polybench_3dconv,"block_size=8, filter_size=7",block_size-8_filter_size-7,size,80,0.077696
polybench,polybench_3dconv,"block_size=8, filter_size=7",block_size-8_filter_size-7,size,96,0.205654
polybench,polybench_3dconv,"block_size=8, filter_size=7",block_size-8_filter_size-7,size,112,0.254886
polybench,polybench_3dconv,"block_size=8, filter_size=7",block_size-8_filter_size-7,size,128,0.666020
polybench,polybench_3dconv,"block_size=8, filter_size=7",block_size-8_filter_size-7,size,144,0.629972
polybench,polybench_3dconv,"block_size=8, filter_size=7",block_size-8_filter_size-7,size,160,0.961826
polybench,polybench_3dconv,"block_size=8, filter_size=7",block_size-8_filter_size-7,size,176,1.061227
polybench,polybench_3dconv,"block_size=8, filter_size=7",block_size-8_filter_size-7,size,192,1.797767
polybench,polybench_3dconv,"block_size=8, filter_size=7",block_size-8_filter_size-7,size,224,2.428824
polybench,polybench_3dconv,"block_size=8, filter_size=7",block_size-8_filter_size-7,size,256,5.087528
polybench,polybench_3dconv,"block_size=8, filter_size=7",block_size-8_filter_size-7,size,288,5.163568
polybench,polybench_3dconv,"block_size=8, filter_size=7",block_size-8_filter_size-7,size,320,8.283907
polybench,polybench_3dconv,"block_size=8, filter_size=7",block_size-8_filter_size-7,size,352,9.499514
polybench,polybench_3dconv,"block_size=8, filter_size=7",block_size-8_filter_size-7,size,384,16.222267
polybench,polybench_3dconv,"block_size=8, filter_size=7",block_size-8_filter_size-7,size,416,15.803261
polybench,polybench_3dconv,"block_size=8, filter_size=7",block_size-8_filter_size-7,size,448,22.540944
polybench,polybench_3dconv,"block_size=8, filter_size=7",block_size-8_filter_size-7,size,480,24.223907
polybench,polybench_3dconv,"block_size=8, filter_size=7",block_size-8_filter_size-7,size,512,40.375646
polybench,polybench_3mm,"block_size=256, precision=double",block_size-256_precision-double,size,64,0.041936
polybench,polybench_3mm,"block_size=256, precision=double",block_size-256_precision-double,size,96,0.058038
polybench,polybench_3mm,"block_size=256, precision=double",block_size-256_precision-double,size,128,0.075158
polybench,polybench_3mm,"block_size=256, precision=double",block_size-256_precision-double,size,192,0.103249
polybench,polybench_3mm,"block_size=256, precision=double",block_size-256_precision-double,size,256,0.134373
polybench,polybench_3mm,"block_size=256, precision=double",block_size-256_precision-double,size,384,0.196487
polybench,polybench_3mm,"block_size=256, precision=double",block_size-256_precision-double,size,512,0.369574
polybench,polybench_3mm,"block_size=256, precision=double",block_size-256_precision-double,size,640,0.494898
polybench,polybench_3mm,"block_size=256, precision=double",block_size-256_precision-double,size,768,0.691084
polybench,polybench_3mm,"block_size=256, precision=double",block_size-256_precision-double,size,896,1.248682
polybench,polybench_3mm,"block_size=256, precision=double",block_size-256_precision-double,size,1024,1.607452
polybench,polybench_3mm,"block_size=256, precision=double",block_size-256_precision-double,size,1280,3.019432
polybench,polybench_3mm,"block_size=256, precision=double",block_size-256_precision-double,size,1536,4.829277
polybench,polybench_3mm,"block_size=256, precision=double",block_size-256_precision-double,size,1792,8.182257
polybench,polybench_3mm,"block_size=256, precision=double",block_size-256_precision-double,size,2048,11.183048
polybench,polybench_3mm,"block_size=256, precision=double",block_size-256_precision-double,size,2560,21.859713
polybench,polybench_3mm,"block_size=256, precision=double",block_size-256_precision-double,size,3072,38.101883
polybench,polybench_3mm,"block_size=256, precision=double",block_size-256_precision-double,size,3584,58.358655
polybench,polybench_3mm,"block_size=256, precision=double",block_size-256_precision-double,size,4096,88.383850
polybench,polybench_3mm,"block_size=256, precision=double",block_size-256_precision-double,size,5120,168.181401
polybench,polybench_3mm,"block_size=256, precision=double",block_size-256_precision-double,size,6144,306.343690
polybench,polybench_3mm,"block_size=256, precision=double",block_size-256_precision-double,size,8192,815.554942
polybench,polybench_3mm,"block_size=256, precision=float",block_size-256_precision-float,size,64,0.042363
polybench,polybench_3mm,"block_size=256, precision=float",block_size-256_precision-float,size,96,0.058092
polybench,polybench_3mm,"block_size=256, precision=float",block_size-256_precision-float,size,128,0.073020
polybench,polybench_3mm,"block_size=256, precision=float",block_size-256_precision-float,size,192,0.103783
polybench,polybench_3mm,"block_size=256, precision=float",block_size-256_precision-float,size,256,0.136056
polybench,polybench_3mm,"block_size=256, precision=float",block_size-256_precision-float,size,384,0.196834
polybench,polybench_3mm,"block_size=256, precision=float",block_size-256_precision-float,size,512,0.369654
polybench,polybench_3mm,"block_size=256, precision=float",block_size-256_precision-float,size,640,0.493429
polybench,polybench_3mm,"block_size=256, precision=float",block_size-256_precision-float,size,768,0.689520
polybench,polybench_3mm,"block_size=256, precision=float",block_size-256_precision-float,size,896,1.260960
polybench,polybench_3mm,"block_size=256, precision=float",block_size-256_precision-float,size,1024,1.609390
polybench,polybench_3mm,"block_size=256, precision=float",block_size-256_precision-float,size,1280,3.026270
polybench,polybench_3mm,"block_size=256, precision=float",block_size-256_precision-float,size,1536,4.816059
polybench,polybench_3mm,"block_size=256, precision=float",block_size-256_precision-float,size,1792,8.225841
polybench,polybench_3mm,"block_size=256, precision=float",block_size-256_precision-float,size,2048,11.182217
polybench,polybench_3mm,"block_size=256, precision=float",block_size-256_precision-float,size,2560,21.756865
polybench,polybench_3mm,"block_size=256, precision=float",block_size-256_precision-float,size,3072,38.036683
polybench,polybench_3mm,"block_size=256, precision=float",block_size-256_precision-float,size,3584,58.390085
polybench,polybench_3mm,"block_size=256, precision=float",block_size-256_precision-float,size,4096,88.106210
polybench,polybench_3mm,"block_size=256, precision=float",block_size-256_precision-float,size,5120,165.560894
polybench,polybench_3mm,"block_size=256, precision=float",block_size-256_precision-float,size,6144,304.709155
polybench,polybench_3mm,"block_size=256, precision=float",block_size-256_precision-float,size,8192,814.510691
polybench,polybench_3mm,"block_size=256, precision=half",block_size-256_precision-half,size,64,0.045276
polybench,polybench_3mm,"block_size=256, precision=half",block_size-256_precision-half,size,96,0.058119
polybench,polybench_3mm,"block_size=256, precision=half",block_size-256_precision-half,size,128,0.072377
polybench,polybench_3mm,"block_size=256, precision=half",block_size-256_precision-half,size,192,0.104691
polybench,polybench_3mm,"block_size=256, precision=half",block_size-256_precision-half,size,256,0.134159
polybench,polybench_3mm,"block_size=256, precision=half",block_size-256_precision-half,size,384,0.196233
polybench,polybench_3mm,"block_size=256, precision=half",block_size-256_precision-half,size,512,0.371204
polybench,polybench_3mm,"block_size=256, precision=half",block_size-256_precision-half,size,640,0.498292
polybench,polybench_3mm,"block_size=256, precision=half",block_size-256_precision-half,size,768,0.677374
polybench,polybench_3mm,"block_size=256, precision=half",block_size-256_precision-half,size,896,1.263857
polybench,polybench_3mm,"block_size=256, precision=half",block_size-256_precision-half,size,1024,1.649426
polybench,polybench_3mm,"block_size=256, precision=half",block_size-256_precision-half,size,1280,3.007869
polybench,polybench_3mm,"block_size=256, precision=half",block_size-256_precision-half,size,1536,4.927510
polybench,polybench_3mm,"block_size=256, precision=half",block_size-256_precision-half,size,1792,8.189594
polybench,polybench_3mm,"block_size=256, precision=half",block_size-256_precision-half,size,2048,11.178357
polybench,polybench_3mm,"block_size=256, precision=half",block_size-256_precision-half,size,2560,21.807547
polybench,polybench_3mm,"block_size=256, precision=half",block_size-256_precision-half,size,3072,37.906990
polybench,polybench_3mm,"block_size=256, precision=half",block_size-256_precision-half,size,3584,58.594612
polybench,polybench_3mm,"block_size=256, precision=half",block_size-256_precision-half,size,4096,88.142955
polybench,polybench_3mm,"block_size=256, precision=half",block_size-256_precision-half,size,5120,167.684975
polybench,polybench_3mm,"block_size=256, precision=half",block_size-256_precision-half,size,6144,304.134921
polybench,polybench_3mm,"block_size=256, precision=half",block_size-256_precision-half,size,8192,813.513397
polybench,polybench_correlation,"block_size=256, precision=double",block_size-256_precision-double,size,64,0.046800
polybench,polybench_correlation,"block_size=256, precision=double",block_size-256_precision-double,size,96,0.067807
polybench,polybench_correlation,"block_size=256, precision=double",block_size-256_precision-double,size,128,0.087946
polybench,polybench_correlation,"block_size=256, precision=double",block_size-256_precision-double,size,192,0.118188
polybench,polybench_correlation,"block_size=256, precision=double",block_size-256_precision-double,size,256,0.152681
polybench,polybench_correlation,"block_size=256, precision=double",block_size-256_precision-double,size,320,0.194242
polybench,polybench_correlation,"block_size=256, precision=double",block_size-256_precision-double,size,384,0.221358
polybench,polybench_correlation,"block_size=256, precision=double",block_size-256_precision-double,size,448,0.259604
polybench,polybench_correlation,"block_size=256, precision=double",block_size-256_precision-double,size,512,0.302675
polybench,polybench_correlation,"block_size=256, precision=double",block_size-256_precision-double,size,640,0.380933
polybench,polybench_correlation,"block_size=256, precision=double",block_size-256_precision-double,size,768,0.469641
polybench,polybench_correlation,"block_size=256, precision=double",block_size-256_precision-double,size,896,0.585490
polybench,polybench_correlation,"block_size=256, precision=double",block_size-256_precision-double,size,1024,0.700019
polybench,polybench_correlation,"block_size=256, precision=double",block_size-256_precision-double,size,1280,0.990076
polybench,polybench_correlation,"block_size=256, precision=double",block_size-256_precision-double,size,1536,1.415097
polybench,polybench_correlation,"block_size=256, precision=double",block_size-256_precision-double,size,1792,1.891403
polybench,polybench_correlation,"block_size=256, precision=double",block_size-256_precision-double,size,2048,2.526703
polybench,polybench_correlation,"block_size=256, precision=double",block_size-256_precision-double,size,2304,3.636483
polybench,polybench_correlation,"block_size=256, precision=double",block_size-256_precision-double,size,2560,4.698702
polybench,polybench_correlation,"block_size=256, precision=double",block_size-256_precision-double,size,2816,5.946964
polybench,polybench_correlation,"block_size=256, precision=double",block_size-256_precision-double,size,3072,7.493171
polybench,polybench_correlation,"block_size=256, precision=double",block_size-256_precision-double,size,3328,9.234299
polybench,polybench_correlation,"block_size=256, precision=double",block_size-256_precision-double,size,3584,11.174903
polybench,polybench_correlation,"block_size=256, precision=double",block_size-256_precision-double,size,3840,13.404068
polybench,polybench_correlation,"block_size=256, precision=double",block_size-256_precision-double,size,4096,15.832099
polybench,polybench_correlation,"block_size=256, precision=float",block_size-256_precision-float,size,64,0.048123
polybench,polybench_correlation,"block_size=256, precision=float",block_size-256_precision-float,size,96,0.067539
polybench,polybench_correlation,"block_size=256, precision=float",block_size-256_precision-float,size,128,0.084445
polybench,polybench_correlation,"block_size=256, precision=float",block_size-256_precision-float,size,192,0.119338
polybench,polybench_correlation,"block_size=256, precision=float",block_size-256_precision-float,size,256,0.151319
polybench,polybench_correlation,"block_size=256, precision=float",block_size-256_precision-float,size,320,0.187454
polybench,polybench_correlation,"block_size=256, precision=float",block_size-256_precision-float,size,384,0.221277
polybench,polybench_correlation,"block_size=256, precision=float",block_size-256_precision-float,size,448,0.259337
polybench,polybench_correlation,"block_size=256, precision=float",block_size-256_precision-float,size,512,0.301128
polybench,polybench_correlation,"block_size=256, precision=float",block_size-256_precision-float,size,640,0.379143
polybench,polybench_correlation,"block_size=256, precision=float",block_size-256_precision-float,size,768,0.470804
polybench,polybench_correlation,"block_size=256, precision=float",block_size-256_precision-float,size,896,0.586092
polybench,polybench_correlation,"block_size=256, precision=float",block_size-256_precision-float,size,1024,0.698761
polybench,polybench_correlation,"block_size=256, precision=float",block_size-256_precision-float,size,1280,0.994102
polybench,polybench_correlation,"block_size=256, precision=float",block_size-256_precision-float,size,1536,1.429170
polybench,polybench_correlation,"block_size=256, precision=float",block_size-256_precision-float,size,1792,1.909004
polybench,polybench_correlation,"block_size=256, precision=float",block_size-256_precision-float,size,2048,2.578525
polybench,polybench_correlation,"block_size=256, precision=float",block_size-256_precision-float,size,2304,3.649061
polybench,polybench_correlation,"block_size=256, precision=float",block_size-256_precision-float,size,2560,4.711956
polybench,polybench_correlation,"block_size=256, precision=float",block_size-256_precision-float,size,2816,5.990826
polybench,polybench_correlation,"block_size=256, precision=float",block_size-256_precision-float,size,3072,7.523724
polybench,polybench_correlation,"block_size=256, precision=float",block_size-256_precision-float,size,3328,9.215881
polybench,polybench_correlation,"block_size=256, precision=float",block_size-256_precision-float,size,3584,11.156497
polybench,polybench_correlation,"block_size=256, precision=float",block_size-256_precision-float,size,3840,13.440309
polybench,polybench_correlation,"block_size=256, precision=float",block_size-256_precision-float,size,4096,15.856576
polybench,polybench_correlation,"block_size=256, precision=half",block_size-256_precision-half,size,64,0.046840
polybench,polybench_correlation,"block_size=256, precision=half",block_size-256_precision-half,size,96,0.074878
polybench,polybench_correlation,"block_size=256, precision=half",block_size-256_precision-half,size,128,0.084659
polybench,polybench_correlation,"block_size=256, precision=half",block_size-256_precision-half,size,192,0.117441
polybench,polybench_correlation,"block_size=256, precision=half",block_size-256_precision-half,size,256,0.155300
polybench,polybench_correlation,"block_size=256, precision=half",block_size-256_precision-half,size,320,0.188416
polybench,polybench_correlation,"block_size=256, precision=half",block_size-256_precision-half,size,384,0.220916
polybench,polybench_correlation,"block_size=256, precision=half",block_size-256_precision-half,size,448,0.260592
polybench,polybench_correlation,"block_size=256, precision=half",block_size-256_precision-half,size,512,0.301018
polybench,polybench_correlation,"block_size=256, precision=half",block_size-256_precision-half,size,640,0.378126
polybench,polybench_correlation,"block_size=256, precision=half",block_size-256_precision-half,size,768,0.471592
polybench,polybench_correlation,"block_size=256, precision=half",block_size-256_precision-half,size,896,0.585277
polybench,polybench_correlation,"block_size=256, precision=half",block_size-256_precision-half,size,1024,0.698763
polybench,polybench_correlation,"block_size=256, precision=half",block_size-256_precision-half,size,1280,0.996452
polybench,polybench_correlation,"block_size=256, precision=half",block_size-256_precision-half,size,1536,1.420600
polybench,polybench_correlation,"block_size=256, precision=half",block_size-256_precision-half,size,1792,1.905437
polybench,polybench_correlation,"block_size=256, precision=half",block_size-256_precision-half,size,2048,2.560648
polybench,polybench_correlation,"block_size=256, precision=half",block_size-256_precision-half,size,2304,3.662249
polybench,polybench_correlation,"block_size=256, precision=half",block_size-256_precision-half,size,2560,4.693837
polybench,polybench_correlation,"block_size=256, precision=half",block_size-256_precision-half,size,2816,6.005954
polybench,polybench_correlation,"block_size=256, precision=half",block_size-256_precision-half,size,3072,7.469937
polybench,polybench_correlation,"block_size=256, precision=half",block_size-256_precision-half,size,3328,9.231984
polybench,polybench_correlation,"block_size=256, precision=half",block_size-256_precision-half,size,3584,11.129830
polybench,polybench_correlation,"block_size=256, precision=half",block_size-256_precision-half,size,3840,13.419025
polybench,polybench_correlation,"block_size=256, precision=half",block_size-256_precision-half,size,4096,15.858712
polybench,polybench_fdtd2d,"block_size=256, tmax=10",block_size-256_tmax-10,size,64,0.186928
polybench,polybench_fdtd2d,"block_size=256, tmax=10",block_size-256_tmax-10,size,128,0.203880
polybench,polybench_fdtd2d,"block_size=256, tmax=10",block_size-256_tmax-10,size,192,0.199907
polybench,polybench_fdtd2d,"block_size=256, tmax=10",block_size-256_tmax-10,size,256,0.191423
polybench,polybench_fdtd2d,"block_size=256, tmax=10",block_size-256_tmax-10,size,384,0.199389
polybench,polybench_fdtd2d,"block_size=256, tmax=10",block_size-256_tmax-10,size,512,0.225703
polybench,polybench_fdtd2d,"block_size=256, tmax=10",block_size-256_tmax-10,size,640,0.288750
polybench,polybench_fdtd2d,"block_size=256, tmax=10",block_size-256_tmax-10,size,768,0.349191
polybench,polybench_fdtd2d,"block_size=256, tmax=10",block_size-256_tmax-10,size,1024,0.500779
polybench,polybench_fdtd2d,"block_size=256, tmax=10",block_size-256_tmax-10,size,1280,0.629017
polybench,polybench_fdtd2d,"block_size=256, tmax=10",block_size-256_tmax-10,size,1536,0.786428
polybench,polybench_fdtd2d,"block_size=256, tmax=10",block_size-256_tmax-10,size,2048,1.127068
polybench,polybench_fdtd2d,"block_size=256, tmax=10",block_size-256_tmax-10,size,2560,1.458228
polybench,polybench_fdtd2d,"block_size=256, tmax=10",block_size-256_tmax-10,size,3072,1.924732
polybench,polybench_fdtd2d,"block_size=256, tmax=10",block_size-256_tmax-10,size,3584,2.447035
polybench,polybench_fdtd2d,"block_size=256, tmax=10",block_size-256_tmax-10,size,4096,3.209727
polybench,polybench_fdtd2d,"block_size=256, tmax=10",block_size-256_tmax-10,size,5120,4.706443
polybench,polybench_fdtd2d,"block_size=256, tmax=10",block_size-256_tmax-10,size,6144,6.447524
polybench,polybench_fdtd2d,"block_size=256, tmax=10",block_size-256_tmax-10,size,7168,8.673109
polybench,polybench_fdtd2d,"block_size=256, tmax=10",block_size-256_tmax-10,size,8192,11.937376
polybench,polybench_fdtd2d,"block_size=256, tmax=50",block_size-256_tmax-50,size,64,0.914331
polybench,polybench_fdtd2d,"block_size=256, tmax=50",block_size-256_tmax-50,size,128,0.914371
polybench,polybench_fdtd2d,"block_size=256, tmax=50",block_size-256_tmax-50,size,192,0.927510
polybench,polybench_fdtd2d,"block_size=256, tmax=50",block_size-256_tmax-50,size,256,0.941604
polybench,polybench_fdtd2d,"block_size=256, tmax=50",block_size-256_tmax-50,size,384,0.939741
polybench,polybench_fdtd2d,"block_size=256, tmax=50",block_size-256_tmax-50,size,512,1.073256
polybench,polybench_fdtd2d,"block_size=256, tmax=50",block_size-256_tmax-50,size,640,1.409283
polybench,polybench_fdtd2d,"block_size=256, tmax=50",block_size-256_tmax-50,size,768,1.693906
polybench,polybench_fdtd2d,"block_size=256, tmax=50",block_size-256_tmax-50,size,1024,2.423579
polybench,polybench_fdtd2d,"block_size=256, tmax=50",block_size-256_tmax-50,size,1280,3.107163
polybench,polybench_fdtd2d,"block_size=256, tmax=50",block_size-256_tmax-50,size,1536,3.915719
polybench,polybench_fdtd2d,"block_size=256, tmax=50",block_size-256_tmax-50,size,2048,5.605816
polybench,polybench_fdtd2d,"block_size=256, tmax=50",block_size-256_tmax-50,size,2560,7.318668
polybench,polybench_fdtd2d,"block_size=256, tmax=50",block_size-256_tmax-50,size,3072,9.638525
polybench,polybench_fdtd2d,"block_size=256, tmax=50",block_size-256_tmax-50,size,3584,12.278252
polybench,polybench_fdtd2d,"block_size=256, tmax=50",block_size-256_tmax-50,size,4096,16.018340
polybench,polybench_fdtd2d,"block_size=256, tmax=50",block_size-256_tmax-50,size,5120,23.680000
polybench,polybench_fdtd2d,"block_size=256, tmax=50",block_size-256_tmax-50,size,6144,32.380727
polybench,polybench_fdtd2d,"block_size=256, tmax=50",block_size-256_tmax-50,size,7168,44.276400
polybench,polybench_fdtd2d,"block_size=256, tmax=50",block_size-256_tmax-50,size,8192,58.848092
polybench,polybench_gemm,"block_size=256, precision=double",block_size-256_precision-double,size,64,0.007577
polybench,polybench_gemm,"block_size=256, precision=double",block_size-256_precision-double,size,128,0.008112
polybench,polybench_gemm,"block_size=256, precision=double",block_size-256_precision-double,size,192,0.009983
polybench,polybench_gemm,"block_size=256, precision=double",block_size-256_precision-double,size,256,0.012322
polybench,polybench_gemm,"block_size=256, precision=double",block_size-256_precision-double,size,384,0.017720
polybench,polybench_gemm,"block_size=256, precision=double",block_size-256_precision-double,size,512,0.029895
polybench,polybench_gemm,"block_size=256, precision=double",block_size-256_precision-double,size,640,0.050729
polybench,polybench_gemm,"block_size=256, precision=double",block_size-256_precision-double,size,768,0.076467
polybench,polybench_gemm,"block_size=256, precision=double",block_size-256_precision-double,size,896,0.115569
polybench,polybench_gemm,"block_size=256, precision=double",block_size-256_precision-double,size,1024,0.164748
polybench,polybench_gemm,"block_size=256, precision=double",block_size-256_precision-double,size,1280,0.333185
polybench,polybench_gemm,"block_size=256, precision=double",block_size-256_precision-double,size,1536,0.625947
polybench,polybench_gemm,"block_size=256, precision=double",block_size-256_precision-double,size,1792,0.993276
polybench,polybench_gemm,"block_size=256, precision=double",block_size-256_precision-double,size,2048,1.392357
polybench,polybench_gemm,"block_size=256, precision=double",block_size-256_precision-double,size,2560,2.699691
polybench,polybench_gemm,"block_size=256, precision=double",block_size-256_precision-double,size,3072,4.683623
polybench,polybench_gemm,"block_size=256, precision=double",block_size-256_precision-double,size,3584,7.606021
polybench,polybench_gemm,"block_size=256, precision=double",block_size-256_precision-double,size,4096,11.340713
polybench,polybench_gemm,"block_size=256, precision=double",block_size-256_precision-double,size,5120,22.437315
polybench,polybench_gemm,"block_size=256, precision=double",block_size-256_precision-double,size,6144,38.813073
polybench,polybench_gemm,"block_size=256, precision=double",block_size-256_precision-double,size,7168,61.790456
polybench,polybench_gemm,"block_size=256, precision=double",block_size-256_precision-double,size,8192,93.470556
polybench,polybench_gemm,"block_size=256, precision=float",block_size-256_precision-float,size,64,0.006161
polybench,polybench_gemm,"block_size=256, precision=float",block_size-256_precision-float,size,128,0.007978
polybench,polybench_gemm,"block_size=256, precision=float",block_size-256_precision-float,size,192,0.010063
polybench,polybench_gemm,"block_size=256, precision=float",block_size-256_precision-float,size,256,0.012001
polybench,polybench_gemm,"block_size=256, precision=float",block_size-256_precision-float,size,384,0.017894
polybench,polybench_gemm,"block_size=256, precision=float",block_size-256_precision-float,size,512,0.030176
polybench,polybench_gemm,"block_size=256, precision=float",block_size-256_precision-float,size,640,0.050168
polybench,polybench_gemm,"block_size=256, precision=float",block_size-256_precision-float,size,768,0.075919
polybench,polybench_gemm,"block_size=256, precision=float",block_size-256_precision-float,size,896,0.116278
polybench,polybench_gemm,"block_size=256, precision=float",block_size-256_precision-float,size,1024,0.164882
polybench,polybench_gemm,"block_size=256, precision=float",block_size-256_precision-float,size,1280,0.325180
polybench,polybench_gemm,"block_size=256, precision=float",block_size-256_precision-float,size,1536,0.644618
polybench,polybench_gemm,"block_size=256, precision=float",block_size-256_precision-float,size,1792,1.005732
polybench,polybench_gemm,"block_size=256, precision=float",block_size-256_precision-float,size,2048,1.362557
polybench,polybench_gemm,"block_size=256, precision=float",block_size-256_precision-float,size,2560,2.713948
polybench,polybench_gemm,"block_size=256, precision=float",block_size-256_precision-float,size,3072,4.733323
polybench,polybench_gemm,"block_size=256, precision=float",block_size-256_precision-float,size,3584,7.598888
polybench,polybench_gemm,"block_size=256, precision=float",block_size-256_precision-float,size,4096,11.352797
polybench,polybench_gemm,"block_size=256, precision=float",block_size-256_precision-float,size,5120,22.456109
polybench,polybench_gemm,"block_size=256, precision=float",block_size-256_precision-float,size,6144,38.775815
polybench,polybench_gemm,"block_size=256, precision=float",block_size-256_precision-float,size,7168,61.936044
polybench,polybench_gemm,"block_size=256, precision=float",block_size-256_precision-float,size,8192,93.641363
polybench,polybench_gemm,"block_size=256, precision=half",block_size-256_precision-half,size,64,0.006053
polybench,polybench_gemm,"block_size=256, precision=half",block_size-256_precision-half,size,128,0.007898
polybench,polybench_gemm,"block_size=256, precision=half",block_size-256_precision-half,size,192,0.010143
polybench,polybench_gemm,"block_size=256, precision=half",block_size-256_precision-half,size,256,0.012148
polybench,polybench_gemm,"block_size=256, precision=half",block_size-256_precision-half,size,384,0.017640
polybench,polybench_gemm,"block_size=256, precision=half",block_size-256_precision-half,size,512,0.031110
polybench,polybench_gemm,"block_size=256, precision=half",block_size-256_precision-half,size,640,0.050394
polybench,polybench_gemm,"block_size=256, precision=half",block_size-256_precision-half,size,768,0.075919
polybench,polybench_gemm,"block_size=256, precision=half",block_size-256_precision-half,size,896,0.116010
polybench,polybench_gemm,"block_size=256, precision=half",block_size-256_precision-half,size,1024,0.164614
polybench,polybench_gemm,"block_size=256, precision=half",block_size-256_precision-half,size,1280,0.325286
polybench,polybench_gemm,"block_size=256, precision=half",block_size-256_precision-half,size,1536,0.631202
polybench,polybench_gemm,"block_size=256, precision=half",block_size-256_precision-half,size,1792,1.007053
polybench,polybench_gemm,"block_size=256, precision=half",block_size-256_precision-half,size,2048,1.366272
polybench,polybench_gemm,"block_size=256, precision=half",block_size-256_precision-half,size,2560,2.697711
polybench,polybench_gemm,"block_size=256, precision=half",block_size-256_precision-half,size,3072,4.713585
polybench,polybench_gemm,"block_size=256, precision=half",block_size-256_precision-half,size,3584,7.583506
polybench,polybench_gemm,"block_size=256, precision=half",block_size-256_precision-half,size,4096,11.336014
polybench,polybench_gemm,"block_size=256, precision=half",block_size-256_precision-half,size,5120,22.440529
polybench,polybench_gemm,"block_size=256, precision=half",block_size-256_precision-half,size,6144,38.736081
polybench,polybench_gemm,"block_size=256, precision=half",block_size-256_precision-half,size,7168,61.841977
polybench,polybench_gemm,"block_size=256, precision=half",block_size-256_precision-half,size,8192,93.753800
polybench,polybench_jacobi2d,"block_size=256, trials=1, tsteps=10",block_size-256_trials-1_tsteps-10,n,64,0.025993
polybench,polybench_jacobi2d,"block_size=256, trials=1, tsteps=10",block_size-256_trials-1_tsteps-10,n,128,0.025231
polybench,polybench_jacobi2d,"block_size=256, trials=1, tsteps=10",block_size-256_trials-1_tsteps-10,n,192,0.027396
polybench,polybench_jacobi2d,"block_size=256, trials=1, tsteps=10",block_size-256_trials-1_tsteps-10,n,256,0.026500
polybench,polybench_jacobi2d,"block_size=256, trials=1, tsteps=10",block_size-256_trials-1_tsteps-10,n,384,0.032087
polybench,polybench_jacobi2d,"block_size=256, trials=1, tsteps=10",block_size-256_trials-1_tsteps-10,n,512,0.040412
polybench,polybench_jacobi2d,"block_size=256, trials=1, tsteps=10",block_size-256_trials-1_tsteps-10,n,640,0.051357
polybench,polybench_jacobi2d,"block_size=256, trials=1, tsteps=10",block_size-256_trials-1_tsteps-10,n,768,0.067567
polybench,polybench_jacobi2d,"block_size=256, trials=1, tsteps=10",block_size-256_trials-1_tsteps-10,n,1024,0.100188
polybench,polybench_jacobi2d,"block_size=256, trials=1, tsteps=10",block_size-256_trials-1_tsteps-10,n,1280,0.088589
polybench,polybench_jacobi2d,"block_size=256, trials=1, tsteps=10",block_size-256_trials-1_tsteps-10,n,1536,0.117374
polybench,polybench_jacobi2d,"block_size=256, trials=1, tsteps=10",block_size-256_trials-1_tsteps-10,n,2048,0.192625
polybench,polybench_jacobi2d,"block_size=256, trials=1, tsteps=10",block_size-256_trials-1_tsteps-10,n,2560,0.285945
polybench,polybench_jacobi2d,"block_size=256, trials=1, tsteps=10",block_size-256_trials-1_tsteps-10,n,3072,0.401688
polybench,polybench_jacobi2d,"block_size=256, trials=1, tsteps=10",block_size-256_trials-1_tsteps-10,n,3584,0.539670
polybench,polybench_jacobi2d,"block_size=256, trials=1, tsteps=10",block_size-256_trials-1_tsteps-10,n,4096,0.714587
polybench,polybench_jacobi2d,"block_size=256, trials=1, tsteps=10",block_size-256_trials-1_tsteps-10,n,5120,1.069207
polybench,polybench_jacobi2d,"block_size=256, trials=1, tsteps=10",block_size-256_trials-1_tsteps-10,n,6144,1.626903
polybench,polybench_jacobi2d,"block_size=256, trials=1, tsteps=10",block_size-256_trials-1_tsteps-10,n,7168,2.316527
polybench,polybench_jacobi2d,"block_size=256, trials=1, tsteps=10",block_size-256_trials-1_tsteps-10,n,8192,3.177157
polybench,polybench_jacobi2d,"block_size=256, trials=1, tsteps=50",block_size-256_trials-1_tsteps-50,n,64,0.126141
polybench,polybench_jacobi2d,"block_size=256, trials=1, tsteps=50",block_size-256_trials-1_tsteps-50,n,128,0.136458
polybench,polybench_jacobi2d,"block_size=256, trials=1, tsteps=50",block_size-256_trials-1_tsteps-50,n,192,0.124871
polybench,polybench_jacobi2d,"block_size=256, trials=1, tsteps=50",block_size-256_trials-1_tsteps-50,n,256,0.115891
polybench,polybench_jacobi2d,"block_size=256, trials=1, tsteps=50",block_size-256_trials-1_tsteps-50,n,384,0.139612
polybench,polybench_jacobi2d,"block_size=256, trials=1, tsteps=50",block_size-256_trials-1_tsteps-50,n,512,0.191149
polybench,polybench_jacobi2d,"block_size=256, trials=1, tsteps=50",block_size-256_trials-1_tsteps-50,n,640,0.249008
polybench,polybench_jacobi2d,"block_size=256, trials=1, tsteps=50",block_size-256_trials-1_tsteps-50,n,768,0.343289
polybench,polybench_jacobi2d,"block_size=256, trials=1, tsteps=50",block_size-256_trials-1_tsteps-50,n,1024,0.516418
polybench,polybench_jacobi2d,"block_size=256, trials=1, tsteps=50",block_size-256_trials-1_tsteps-50,n,1280,0.436956
polybench,polybench_jacobi2d,"block_size=256, trials=1, tsteps=50",block_size-256_trials-1_tsteps-50,n,1536,0.575364
polybench,polybench_jacobi2d,"block_size=256, trials=1, tsteps=50",block_size-256_trials-1_tsteps-50,n,2048,0.954307
polybench,polybench_jacobi2d,"block_size=256, trials=1, tsteps=50",block_size-256_trials-1_tsteps-50,n,2560,1.414235
polybench,polybench_jacobi2d,"block_size=256, trials=1, tsteps=50",block_size-256_trials-1_tsteps-50,n,3072,1.983799
polybench,polybench_jacobi2d,"block_size=256, trials=1, tsteps=50",block_size-256_trials-1_tsteps-50,n,3584,2.661718
polybench,polybench_jacobi2d,"block_size=256, trials=1, tsteps=50",block_size-256_trials-1_tsteps-50,n,4096,3.564352
polybench,polybench_jacobi2d,"block_size=256, trials=1, tsteps=50",block_size-256_trials-1_tsteps-50,n,5120,5.309268
polybench,polybench_jacobi2d,"block_size=256, trials=1, tsteps=50",block_size-256_trials-1_tsteps-50,n,6144,8.796634
polybench,polybench_jacobi2d,"block_size=256, trials=1, tsteps=50",block_size-256_trials-1_tsteps-50,n,7168,12.240990
polybench,polybench_jacobi2d,"block_size=256, trials=1, tsteps=50",block_size-256_trials-1_tsteps-50,n,8192,16.308374
polybench,polybench_mvt,"block_size=256, precision=double",block_size-256_precision-double,n,64,0.021101
polybench,polybench_mvt,"block_size=256, precision=double",block_size-256_precision-double,n,128,0.041883
polybench,polybench_mvt,"block_size=256, precision=double",block_size-256_precision-double,n,256,0.101912
polybench,polybench_mvt,"block_size=256, precision=double",block_size-256_precision-double,n,512,0.195513
polybench,polybench_mvt,"block_size=256, precision=double",block_size-256_precision-double,n,768,0.291061
polybench,polybench_mvt,"block_size=256, precision=double",block_size-256_precision-double,n,1024,0.382780
polybench,polybench_mvt,"block_size=256, precision=double",block_size-256_precision-double,n,1536,0.681887
polybench,polybench_mvt,"block_size=256, precision=double",block_size-256_precision-double,n,2048,1.029410
polybench,polybench_mvt,"block_size=256, precision=double",block_size-256_precision-double,n,2560,1.297034
polybench,polybench_mvt,"block_size=256, precision=double",block_size-256_precision-double,n,3072,1.572660
polybench,polybench_mvt,"block_size=256, precision=double",block_size-256_precision-double,n,4096,2.119250
polybench,polybench_mvt,"block_size=256, precision=double",block_size-256_precision-double,n,5120,2.632776
polybench,polybench_mvt,"block_size=256, precision=double",block_size-256_precision-double,n,6144,3.186048
polybench,polybench_mvt,"block_size=256, precision=double",block_size-256_precision-double,n,7168,3.697732
polybench,polybench_mvt,"block_size=256, precision=double",block_size-256_precision-double,n,8192,4.180967
polybench,polybench_mvt,"block_size=256, precision=double",block_size-256_precision-double,n,10240,6.564996
polybench,polybench_mvt,"block_size=256, precision=double",block_size-256_precision-double,n,12288,7.912764
polybench,polybench_mvt,"block_size=256, precision=double",block_size-256_precision-double,n,16384,10.604401
polybench,polybench_mvt,"block_size=256, precision=double",block_size-256_precision-double,n,20480,13.308394
polybench,polybench_mvt,"block_size=256, precision=double",block_size-256_precision-double,n,24576,16.143881
polybench,polybench_mvt,"block_size=256, precision=double",block_size-256_precision-double,n,32768,21.860959
polybench,polybench_mvt,"block_size=256, precision=float",block_size-256_precision-float,n,64,0.021596
polybench,polybench_mvt,"block_size=256, precision=float",block_size-256_precision-float,n,128,0.041428
polybench,polybench_mvt,"block_size=256, precision=float",block_size-256_precision-float,n,256,0.102086
polybench,polybench_mvt,"block_size=256, precision=float",block_size-256_precision-float,n,512,0.195085
polybench,polybench_mvt,"block_size=256, precision=float",block_size-256_precision-float,n,768,0.285049
polybench,polybench_mvt,"block_size=256, precision=float",block_size-256_precision-float,n,1024,0.379037
polybench,polybench_mvt,"block_size=256, precision=float",block_size-256_precision-float,n,1536,0.684572
polybench,polybench_mvt,"block_size=256, precision=float",block_size-256_precision-float,n,2048,1.027486
polybench,polybench_mvt,"block_size=256, precision=float",block_size-256_precision-float,n,2560,1.300173
polybench,polybench_mvt,"block_size=256, precision=float",block_size-256_precision-float,n,3072,1.578206
polybench,polybench_mvt,"block_size=256, precision=float",block_size-256_precision-float,n,4096,2.120184
polybench,polybench_mvt,"block_size=256, precision=float",block_size-256_precision-float,n,5120,2.648507
polybench,polybench_mvt,"block_size=256, precision=float",block_size-256_precision-float,n,6144,3.175454
polybench,polybench_mvt,"block_size=256, precision=float",block_size-256_precision-float,n,7168,3.701566
polybench,polybench_mvt,"block_size=256, precision=float",block_size-256_precision-float,n,8192,4.176378
polybench,polybench_mvt,"block_size=256, precision=float",block_size-256_precision-float,n,10240,6.562991
polybench,polybench_mvt,"block_size=256, precision=float",block_size-256_precision-float,n,12288,7.921799
polybench,polybench_mvt,"block_size=256, precision=float",block_size-256_precision-float,n,16384,10.590076
polybench,polybench_mvt,"block_size=256, precision=float",block_size-256_precision-float,n,20480,13.331781
polybench,polybench_mvt,"block_size=256, precision=float",block_size-256_precision-float,n,24576,16.136160
polybench,polybench_mvt,"block_size=256, precision=float",block_size-256_precision-float,n,32768,21.892756
polybench,polybench_mvt,"block_size=256, precision=half",block_size-256_precision-half,n,64,0.021208
polybench,polybench_mvt,"block_size=256, precision=half",block_size-256_precision-half,n,128,0.040920
polybench,polybench_mvt,"block_size=256, precision=half",block_size-256_precision-half,n,256,0.099921
polybench,polybench_mvt,"block_size=256, precision=half",block_size-256_precision-half,n,512,0.188244
polybench,polybench_mvt,"block_size=256, precision=half",block_size-256_precision-half,n,768,0.293162
polybench,polybench_mvt,"block_size=256, precision=half",block_size-256_precision-half,n,1024,0.385572
polybench,polybench_mvt,"block_size=256, precision=half",block_size-256_precision-half,n,1536,0.681792
polybench,polybench_mvt,"block_size=256, precision=half",block_size-256_precision-half,n,2048,1.022655
polybench,polybench_mvt,"block_size=256, precision=half",block_size-256_precision-half,n,2560,1.283467
polybench,polybench_mvt,"block_size=256, precision=half",block_size-256_precision-half,n,3072,1.569721
polybench,polybench_mvt,"block_size=256, precision=half",block_size-256_precision-half,n,4096,2.120560
polybench,polybench_mvt,"block_size=256, precision=half",block_size-256_precision-half,n,5120,2.629890
polybench,polybench_mvt,"block_size=256, precision=half",block_size-256_precision-half,n,6144,3.183443
polybench,polybench_mvt,"block_size=256, precision=half",block_size-256_precision-half,n,7168,3.695234
polybench,polybench_mvt,"block_size=256, precision=half",block_size-256_precision-half,n,8192,4.183797
polybench,polybench_mvt,"block_size=256, precision=half",block_size-256_precision-half,n,10240,6.554572
polybench,polybench_mvt,"block_size=256, precision=half",block_size-256_precision-half,n,12288,7.906059
polybench,polybench_mvt,"block_size=256, precision=half",block_size-256_precision-half,n,16384,10.608773
polybench,polybench_mvt,"block_size=256, precision=half",block_size-256_precision-half,n,20480,13.318354
polybench,polybench_mvt,"block_size=256, precision=half",block_size-256_precision-half,n,24576,16.165029
polybench,polybench_mvt,"block_size=256, precision=half",block_size-256_precision-half,n,32768,21.985200
polybench,polybench_syr2k,"alpha=1.5, beta=1.2, block_size=256, inner_size=1024",alpha-1.5_beta-1.2_block_size-256_inner_size-1024,matrix_size,64,0.079688
polybench,polybench_syr2k,"alpha=1.5, beta=1.2, block_size=256, inner_size=1024",alpha-1.5_beta-1.2_block_size-256_inner_size-1024,matrix_size,96,0.076969
polybench,polybench_syr2k,"alpha=1.5, beta=1.2, block_size=256, inner_size=1024",alpha-1.5_beta-1.2_block_size-256_inner_size-1024,matrix_size,128,0.076894
polybench,polybench_syr2k,"alpha=1.5, beta=1.2, block_size=256, inner_size=1024",alpha-1.5_beta-1.2_block_size-256_inner_size-1024,matrix_size,192,0.077215
polybench,polybench_syr2k,"alpha=1.5, beta=1.2, block_size=256, inner_size=1024",alpha-1.5_beta-1.2_block_size-256_inner_size-1024,matrix_size,256,0.079327
polybench,polybench_syr2k,"alpha=1.5, beta=1.2, block_size=256, inner_size=1024",alpha-1.5_beta-1.2_block_size-256_inner_size-1024,matrix_size,320,0.114955
polybench,polybench_syr2k,"alpha=1.5, beta=1.2, block_size=256, inner_size=1024",alpha-1.5_beta-1.2_block_size-256_inner_size-1024,matrix_size,384,0.117481
polybench,polybench_syr2k,"alpha=1.5, beta=1.2, block_size=256, inner_size=1024",alpha-1.5_beta-1.2_block_size-256_inner_size-1024,matrix_size,448,0.159403
polybench,polybench_syr2k,"alpha=1.5, beta=1.2, block_size=256, inner_size=1024",alpha-1.5_beta-1.2_block_size-256_inner_size-1024,matrix_size,512,0.202647
polybench,polybench_syr2k,"alpha=1.5, beta=1.2, block_size=256, inner_size=1024",alpha-1.5_beta-1.2_block_size-256_inner_size-1024,matrix_size,640,0.290100
polybench,polybench_syr2k,"alpha=1.5, beta=1.2, block_size=256, inner_size=1024",alpha-1.5_beta-1.2_block_size-256_inner_size-1024,matrix_size,768,0.390100
polybench,polybench_syr2k,"alpha=1.5, beta=1.2, block_size=256, inner_size=1024",alpha-1.5_beta-1.2_block_size-256_inner_size-1024,matrix_size,896,0.521002
polybench,polybench_syr2k,"alpha=1.5, beta=1.2, block_size=256, inner_size=1024",alpha-1.5_beta-1.2_block_size-256_inner_size-1024,matrix_size,1024,0.642756
polybench,polybench_syr2k,"alpha=1.5, beta=1.2, block_size=256, inner_size=1024",alpha-1.5_beta-1.2_block_size-256_inner_size-1024,matrix_size,1152,0.824007
polybench,polybench_syr2k,"alpha=1.5, beta=1.2, block_size=256, inner_size=1024",alpha-1.5_beta-1.2_block_size-256_inner_size-1024,matrix_size,1280,0.991909
polybench,polybench_syr2k,"alpha=1.5, beta=1.2, block_size=256, inner_size=1024",alpha-1.5_beta-1.2_block_size-256_inner_size-1024,matrix_size,1408,1.156656
polybench,polybench_syr2k,"alpha=1.5, beta=1.2, block_size=256, inner_size=1024",alpha-1.5_beta-1.2_block_size-256_inner_size-1024,matrix_size,1536,1.367818
polybench,polybench_syr2k,"alpha=1.5, beta=1.2, block_size=256, inner_size=1024",alpha-1.5_beta-1.2_block_size-256_inner_size-1024,matrix_size,1792,1.849873
polybench,polybench_syr2k,"alpha=1.5, beta=1.2, block_size=256, inner_size=1024",alpha-1.5_beta-1.2_block_size-256_inner_size-1024,matrix_size,2048,2.367650
polybench,polybench_syr2k,"alpha=1.5, beta=1.2, block_size=256, inner_size=1024",alpha-1.5_beta-1.2_block_size-256_inner_size-1024,matrix_size,2304,3.008826
polybench,polybench_syr2k,"alpha=1.5, beta=1.2, block_size=256, inner_size=1024",alpha-1.5_beta-1.2_block_size-256_inner_size-1024,matrix_size,2560,3.700810
polybench,polybench_syr2k,"alpha=1.5, beta=1.2, block_size=256, inner_size=1024",alpha-1.5_beta-1.2_block_size-256_inner_size-1024,matrix_size,2816,4.504323
polybench,polybench_syr2k,"alpha=1.5, beta=1.2, block_size=256, inner_size=1024",alpha-1.5_beta-1.2_block_size-256_inner_size-1024,matrix_size,3072,5.326359
polybench,polybench_syr2k,"alpha=1.5, beta=1.2, block_size=256, inner_size=1024",alpha-1.5_beta-1.2_block_size-256_inner_size-1024,matrix_size,3584,7.253553
polybench,polybench_syr2k,"alpha=1.5, beta=1.2, block_size=256, inner_size=1024",alpha-1.5_beta-1.2_block_size-256_inner_size-1024,matrix_size,4096,9.699634
polybench,polybench_syr2k,"alpha=1.5, beta=1.2, block_size=256, inner_size=2048",alpha-1.5_beta-1.2_block_size-256_inner_size-2048,matrix_size,64,0.148070
polybench,polybench_syr2k,"alpha=1.5, beta=1.2, block_size=256, inner_size=2048",alpha-1.5_beta-1.2_block_size-256_inner_size-2048,matrix_size,96,0.148952
polybench,polybench_syr2k,"alpha=1.5, beta=1.2, block_size=256, inner_size=2048",alpha-1.5_beta-1.2_block_size-256_inner_size-2048,matrix_size,128,0.150382
polybench,polybench_syr2k,"alpha=1.5, beta=1.2, block_size=256, inner_size=2048",alpha-1.5_beta-1.2_block_size-256_inner_size-2048,matrix_size,192,0.150155
polybench,polybench_syr2k,"alpha=1.5, beta=1.2, block_size=256, inner_size=2048",alpha-1.5_beta-1.2_block_size-256_inner_size-2048,matrix_size,256,0.152039
polybench,polybench_syr2k,"alpha=1.5, beta=1.2, block_size=256, inner_size=2048",alpha-1.5_beta-1.2_block_size-256_inner_size-2048,matrix_size,320,0.241135
polybench,polybench_syr2k,"alpha=1.5, beta=1.2, block_size=256, inner_size=2048",alpha-1.5_beta-1.2_block_size-256_inner_size-2048,matrix_size,384,0.243541
polybench,polybench_syr2k,"alpha=1.5, beta=1.2, block_size=256, inner_size=2048",alpha-1.5_beta-1.2_block_size-256_inner_size-2048,matrix_size,448,0.321879
polybench,polybench_syr2k,"alpha=1.5, beta=1.2, block_size=256, inner_size=2048",alpha-1.5_beta-1.2_block_size-256_inner_size-2048,matrix_size,512,0.402944
polybench,polybench_syr2k,"alpha=1.5, beta=1.2, block_size=256, inner_size=2048",alpha-1.5_beta-1.2_block_size-256_inner_size-2048,matrix_size,640,0.578410
polybench,polybench_syr2k,"alpha=1.5, beta=1.2, block_size=256, inner_size=2048",alpha-1.5_beta-1.2_block_size-256_inner_size-2048,matrix_size,768,0.755585
polybench,polybench_syr2k,"alpha=1.5, beta=1.2, block_size=256, inner_size=2048",alpha-1.5_beta-1.2_block_size-256_inner_size-2048,matrix_size,896,1.006169
polybench,polybench_syr2k,"alpha=1.5, beta=1.2, block_size=256, inner_size=2048",alpha-1.5_beta-1.2_block_size-256_inner_size-2048,matrix_size,1024,1.266348
polybench,polybench_syr2k,"alpha=1.5, beta=1.2, block_size=256, inner_size=2048",alpha-1.5_beta-1.2_block_size-256_inner_size-2048,matrix_size,1152,1.596536
polybench,polybench_syr2k,"alpha=1.5, beta=1.2, block_size=256, inner_size=2048",alpha-1.5_beta-1.2_block_size-256_inner_size-2048,matrix_size,1280,1.942297
polybench,polybench_syr2k,"alpha=1.5, beta=1.2, block_size=256, inner_size=2048",alpha-1.5_beta-1.2_block_size-256_inner_size-2048,matrix_size,1408,2.297815
polybench,polybench_syr2k,"alpha=1.5, beta=1.2, block_size=256, inner_size=2048",alpha-1.5_beta-1.2_block_size-256_inner_size-2048,matrix_size,1536,2.728658
polybench,polybench_syr2k,"alpha=1.5, beta=1.2, block_size=256, inner_size=2048",alpha-1.5_beta-1.2_block_size-256_inner_size-2048,matrix_size,1792,3.667922
polybench,polybench_syr2k,"alpha=1.5, beta=1.2, block_size=256, inner_size=2048",alpha-1.5_beta-1.2_block_size-256_inner_size-2048,matrix_size,2048,4.725426
polybench,polybench_syr2k,"alpha=1.5, beta=1.2, block_size=256, inner_size=2048",alpha-1.5_beta-1.2_block_size-256_inner_size-2048,matrix_size,2304,6.014229
polybench,polybench_syr2k,"alpha=1.5, beta=1.2, block_size=256, inner_size=2048",alpha-1.5_beta-1.2_block_size-256_inner_size-2048,matrix_size,2560,7.430006
polybench,polybench_syr2k,"alpha=1.5, beta=1.2, block_size=256, inner_size=2048",alpha-1.5_beta-1.2_block_size-256_inner_size-2048,matrix_size,2816,8.950740
polybench,polybench_syr2k,"alpha=1.5, beta=1.2, block_size=256, inner_size=2048",alpha-1.5_beta-1.2_block_size-256_inner_size-2048,matrix_size,3072,10.691763
polybench,polybench_syr2k,"alpha=1.5, beta=1.2, block_size=256, inner_size=2048",alpha-1.5_beta-1.2_block_size-256_inner_size-2048,matrix_size,3584,14.615105
polybench,polybench_syr2k,"alpha=1.5, beta=1.2, block_size=256, inner_size=2048",alpha-1.5_beta-1.2_block_size-256_inner_size-2048,matrix_size,4096,19.210035
polybench,polybench_syr2k,"alpha=1.5, beta=1.2, block_size=256, inner_size=256",alpha-1.5_beta-1.2_block_size-256_inner_size-256,matrix_size,64,0.021997
polybench,polybench_syr2k,"alpha=1.5, beta=1.2, block_size=256, inner_size=256",alpha-1.5_beta-1.2_block_size-256_inner_size-256,matrix_size,96,0.023467
polybench,polybench_syr2k,"alpha=1.5, beta=1.2, block_size=256, inner_size=256",alpha-1.5_beta-1.2_block_size-256_inner_size-256,matrix_size,128,0.024175
polybench,polybench_syr2k,"alpha=1.5, beta=1.2, block_size=256, inner_size=256",alpha-1.5_beta-1.2_block_size-256_inner_size-256,matrix_size,192,0.023133
polybench,polybench_syr2k,"alpha=1.5, beta=1.2, block_size=256, inner_size=256",alpha-1.5_beta-1.2_block_size-256_inner_size-256,matrix_size,256,0.023360
polybench,polybench_syr2k,"alpha=1.5, beta=1.2, block_size=256, inner_size=256",alpha-1.5_beta-1.2_block_size-256_inner_size-256,matrix_size,320,0.032741
polybench,polybench_syr2k,"alpha=1.5, beta=1.2, block_size=256, inner_size=256",alpha-1.5_beta-1.2_block_size-256_inner_size-256,matrix_size,384,0.034211
polybench,polybench_syr2k,"alpha=1.5, beta=1.2, block_size=256, inner_size=256",alpha-1.5_beta-1.2_block_size-256_inner_size-256,matrix_size,448,0.046159
polybench,polybench_syr2k,"alpha=1.5, beta=1.2, block_size=256, inner_size=256",alpha-1.5_beta-1.2_block_size-256_inner_size-256,matrix_size,512,0.055727
polybench,polybench_syr2k,"alpha=1.5, beta=1.2, block_size=256, inner_size=256",alpha-1.5_beta-1.2_block_size-256_inner_size-256,matrix_size,640,0.076720
polybench,polybench_syr2k,"alpha=1.5, beta=1.2, block_size=256, inner_size=256",alpha-1.5_beta-1.2_block_size-256_inner_size-256,matrix_size,768,0.098931
polybench,polybench_syr2k,"alpha=1.5, beta=1.2, block_size=256, inner_size=256",alpha-1.5_beta-1.2_block_size-256_inner_size-256,matrix_size,896,0.132620
polybench,polybench_syr2k,"alpha=1.5, beta=1.2, block_size=256, inner_size=256",alpha-1.5_beta-1.2_block_size-256_inner_size-256,matrix_size,1024,0.164614
polybench,polybench_syr2k,"alpha=1.5, beta=1.2, block_size=256, inner_size=256",alpha-1.5_beta-1.2_block_size-256_inner_size-256,matrix_size,1152,0.205655
polybench,polybench_syr2k,"alpha=1.5, beta=1.2, block_size=256, inner_size=256",alpha-1.5_beta-1.2_block_size-256_inner_size-256,matrix_size,1280,0.252106
polybench,polybench_syr2k,"alpha=1.5, beta=1.2, block_size=256, inner_size=256",alpha-1.5_beta-1.2_block_size-256_inner_size-256,matrix_size,1408,0.302127
polybench,polybench_syr2k,"alpha=1.5, beta=1.2, block_size=256, inner_size=256",alpha-1.5_beta-1.2_block_size-256_inner_size-256,matrix_size,1536,0.359899
polybench,polybench_syr2k,"alpha=1.5, beta=1.2, block_size=256, inner_size=256",alpha-1.5_beta-1.2_block_size-256_inner_size-256,matrix_size,1792,0.498053
polybench,polybench_syr2k,"alpha=1.5, beta=1.2, block_size=256, inner_size=256",alpha-1.5_beta-1.2_block_size-256_inner_size-256,matrix_size,2048,0.624821
polybench,polybench_syr2k,"alpha=1.5, beta=1.2, block_size=256, inner_size=256",alpha-1.5_beta-1.2_block_size-256_inner_size-256,matrix_size,2304,0.778971
polybench,polybench_syr2k,"alpha=1.5, beta=1.2, block_size=256, inner_size=256",alpha-1.5_beta-1.2_block_size-256_inner_size-256,matrix_size,2560,0.929098
polybench,polybench_syr2k,"alpha=1.5, beta=1.2, block_size=256, inner_size=256",alpha-1.5_beta-1.2_block_size-256_inner_size-256,matrix_size,2816,1.112716
polybench,polybench_syr2k,"alpha=1.5, beta=1.2, block_size=256, inner_size=256",alpha-1.5_beta-1.2_block_size-256_inner_size-256,matrix_size,3072,1.325827
polybench,polybench_syr2k,"alpha=1.5, beta=1.2, block_size=256, inner_size=256",alpha-1.5_beta-1.2_block_size-256_inner_size-256,matrix_size,3584,1.802779
polybench,polybench_syr2k,"alpha=1.5, beta=1.2, block_size=256, inner_size=256",alpha-1.5_beta-1.2_block_size-256_inner_size-256,matrix_size,4096,2.345595
polybench,polybench_syr2k,"alpha=1.5, beta=1.2, block_size=256, inner_size=512",alpha-1.5_beta-1.2_block_size-256_inner_size-512,matrix_size,64,0.040091
polybench,polybench_syr2k,"alpha=1.5, beta=1.2, block_size=256, inner_size=512",alpha-1.5_beta-1.2_block_size-256_inner_size-512,matrix_size,96,0.042244
polybench,polybench_syr2k,"alpha=1.5, beta=1.2, block_size=256, inner_size=512",alpha-1.5_beta-1.2_block_size-256_inner_size-512,matrix_size,128,0.041494
polybench,polybench_syr2k,"alpha=1.5, beta=1.2, block_size=256, inner_size=512",alpha-1.5_beta-1.2_block_size-256_inner_size-512,matrix_size,192,0.042323
polybench,polybench_syr2k,"alpha=1.5, beta=1.2, block_size=256, inner_size=512",alpha-1.5_beta-1.2_block_size-256_inner_size-512,matrix_size,256,0.043018
polybench,polybench_syr2k,"alpha=1.5, beta=1.2, block_size=256, inner_size=512",alpha-1.5_beta-1.2_block_size-256_inner_size-512,matrix_size,320,0.060378
polybench,polybench_syr2k,"alpha=1.5, beta=1.2, block_size=256, inner_size=512",alpha-1.5_beta-1.2_block_size-256_inner_size-512,matrix_size,384,0.061125
polybench,polybench_syr2k,"alpha=1.5, beta=1.2, block_size=256, inner_size=512",alpha-1.5_beta-1.2_block_size-256_inner_size-512,matrix_size,448,0.084606
polybench,polybench_syr2k,"alpha=1.5, beta=1.2, block_size=256, inner_size=512",alpha-1.5_beta-1.2_block_size-256_inner_size-512,matrix_size,512,0.105667
polybench,polybench_syr2k,"alpha=1.5, beta=1.2, block_size=256, inner_size=512",alpha-1.5_beta-1.2_block_size-256_inner_size-512,matrix_size,640,0.145918
polybench,polybench_syr2k,"alpha=1.5, beta=1.2, block_size=256, inner_size=512",alpha-1.5_beta-1.2_block_size-256_inner_size-512,matrix_size,768,0.188001
polybench,polybench_syr2k,"alpha=1.5, beta=1.2, block_size=256, inner_size=512",alpha-1.5_beta-1.2_block_size-256_inner_size-512,matrix_size,896,0.251946
polybench,polybench_syr2k,"alpha=1.5, beta=1.2, block_size=256, inner_size=512",alpha-1.5_beta-1.2_block_size-256_inner_size-512,matrix_size,1024,0.320234
polybench,polybench_syr2k,"alpha=1.5, beta=1.2, block_size=256, inner_size=512",alpha-1.5_beta-1.2_block_size-256_inner_size-512,matrix_size,1152,0.417763
polybench,polybench_syr2k,"alpha=1.5, beta=1.2, block_size=256, inner_size=512",alpha-1.5_beta-1.2_block_size-256_inner_size-512,matrix_size,1280,0.509238
polybench,polybench_syr2k,"alpha=1.5, beta=1.2, block_size=256, inner_size=512",alpha-1.5_beta-1.2_block_size-256_inner_size-512,matrix_size,1408,0.611458
polybench,polybench_syr2k,"alpha=1.5, beta=1.2, block_size=256, inner_size=512",alpha-1.5_beta-1.2_block_size-256_inner_size-512,matrix_size,1536,0.713796
polybench,polybench_syr2k,"alpha=1.5, beta=1.2, block_size=256, inner_size=512",alpha-1.5_beta-1.2_block_size-256_inner_size-512,matrix_size,1792,0.943225
polybench,polybench_syr2k,"alpha=1.5, beta=1.2, block_size=256, inner_size=512",alpha-1.5_beta-1.2_block_size-256_inner_size-512,matrix_size,2048,1.194583
polybench,polybench_syr2k,"alpha=1.5, beta=1.2, block_size=256, inner_size=512",alpha-1.5_beta-1.2_block_size-256_inner_size-512,matrix_size,2304,1.522782
polybench,polybench_syr2k,"alpha=1.5, beta=1.2, block_size=256, inner_size=512",alpha-1.5_beta-1.2_block_size-256_inner_size-512,matrix_size,2560,1.853064
polybench,polybench_syr2k,"alpha=1.5, beta=1.2, block_size=256, inner_size=512",alpha-1.5_beta-1.2_block_size-256_inner_size-512,matrix_size,2816,2.237248
polybench,polybench_syr2k,"alpha=1.5, beta=1.2, block_size=256, inner_size=512",alpha-1.5_beta-1.2_block_size-256_inner_size-512,matrix_size,3072,2.669871
polybench,polybench_syr2k,"alpha=1.5, beta=1.2, block_size=256, inner_size=512",alpha-1.5_beta-1.2_block_size-256_inner_size-512,matrix_size,3584,3.611995
polybench,polybench_syr2k,"alpha=1.5, beta=1.2, block_size=256, inner_size=512",alpha-1.5_beta-1.2_block_size-256_inner_size-512,matrix_size,4096,4.825192
rodinia,rodinia_gaussian,"block_size=256, verify=false",block_size-256_verify-false,size,64,0.757631
rodinia,rodinia_gaussian,"block_size=256, verify=false",block_size-256_verify-false,size,128,1.496686
rodinia,rodinia_gaussian,"block_size=256, verify=false",block_size-256_verify-false,size,192,2.262256
rodinia,rodinia_gaussian,"block_size=256, verify=false",block_size-256_verify-false,size,256,3.009591
rodinia,rodinia_gaussian,"block_size=256, verify=false",block_size-256_verify-false,size,384,4.551488
rodinia,rodinia_gaussian,"block_size=256, verify=false",block_size-256_verify-false,size,512,6.142667
rodinia,rodinia_gaussian,"block_size=256, verify=false",block_size-256_verify-false,size,640,7.915119
rodinia,rodinia_gaussian,"block_size=256, verify=false",block_size-256_verify-false,size,768,9.968089
rodinia,rodinia_gaussian,"block_size=256, verify=false",block_size-256_verify-false,size,896,12.200558
rodinia,rodinia_gaussian,"block_size=256, verify=false",block_size-256_verify-false,size,1024,14.470611
rodinia,rodinia_gaussian,"block_size=256, verify=false",block_size-256_verify-false,size,1280,20.599935
rodinia,rodinia_gaussian,"block_size=256, verify=false",block_size-256_verify-false,size,1536,28.068473
rodinia,rodinia_gaussian,"block_size=256, verify=false",block_size-256_verify-false,size,1792,37.634074
rodinia,rodinia_gaussian,"block_size=256, verify=false",block_size-256_verify-false,size,2048,50.268645
rodinia,rodinia_gaussian,"block_size=256, verify=false",block_size-256_verify-false,size,2560,82.507668
rodinia,rodinia_gaussian,"block_size=256, verify=false",block_size-256_verify-false,size,3072,128.867647
rodinia,rodinia_gaussian,"block_size=256, verify=false",block_size-256_verify-false,size,3584,189.834982
rodinia,rodinia_gaussian,"block_size=256, verify=false",block_size-256_verify-false,size,4096,278.568936
rodinia,rodinia_gaussian,"block_size=256, verify=false",block_size-256_verify-false,size,5120,482.965203
rodinia,rodinia_gaussian,"block_size=256, verify=false",block_size-256_verify-false,size,6144,786.283476
rodinia,rodinia_gaussian,"block_size=256, verify=false",block_size-256_verify-false,size,7168,1196.368217
rodinia,rodinia_gaussian,"block_size=256, verify=false",block_size-256_verify-false,size,8192,1753.500093
rodinia,rodinia_gaussian,"block_size=256, verify=skip",block_size-256_verify-skip,size,64,0.743444
rodinia,rodinia_gaussian,"block_size=256, verify=skip",block_size-256_verify-skip,size,128,1.491096
rodinia,rodinia_gaussian,"block_size=256, verify=skip",block_size-256_verify-skip,size,192,2.269526
rodinia,rodinia_gaussian,"block_size=256, verify=skip",block_size-256_verify-skip,size,256,3.041053
rodinia,rodinia_gaussian,"block_size=256, verify=skip",block_size-256_verify-skip,size,384,4.552878
rodinia,rodinia_gaussian,"block_size=256, verify=skip",block_size-256_verify-skip,size,512,6.130844
rodinia,rodinia_gaussian,"block_size=256, verify=skip",block_size-256_verify-skip,size,640,7.904828
rodinia,rodinia_gaussian,"block_size=256, verify=skip",block_size-256_verify-skip,size,768,9.921051
rodinia,rodinia_gaussian,"block_size=256, verify=skip",block_size-256_verify-skip,size,896,12.147989
rodinia,rodinia_gaussian,"block_size=256, verify=skip",block_size-256_verify-skip,size,1024,14.540840
rodinia,rodinia_gaussian,"block_size=256, verify=skip",block_size-256_verify-skip,size,1280,20.591544
rodinia,rodinia_gaussian,"block_size=256, verify=skip",block_size-256_verify-skip,size,1536,27.985201
rodinia,rodinia_gaussian,"block_size=256, verify=skip",block_size-256_verify-skip,size,1792,37.765532
rodinia,rodinia_gaussian,"block_size=256, verify=skip",block_size-256_verify-skip,size,2048,50.169745
rodinia,rodinia_gaussian,"block_size=256, verify=skip",block_size-256_verify-skip,size,2560,82.390568
rodinia,rodinia_gaussian,"block_size=256, verify=skip",block_size-256_verify-skip,size,3072,129.196791
rodinia,rodinia_gaussian,"block_size=256, verify=skip",block_size-256_verify-skip,size,3584,189.938820
rodinia,rodinia_gaussian,"block_size=256, verify=skip",block_size-256_verify-skip,size,4096,278.388289
rodinia,rodinia_gaussian,"block_size=256, verify=skip",block_size-256_verify-skip,size,5120,483.512640
rodinia,rodinia_gaussian,"block_size=256, verify=skip",block_size-256_verify-skip,size,6144,787.201359
rodinia,rodinia_gaussian,"block_size=256, verify=skip",block_size-256_verify-skip,size,7168,1196.110193
rodinia,rodinia_gaussian,"block_size=256, verify=skip",block_size-256_verify-skip,size,8192,1754.614035
rodinia,rodinia_gaussian,"block_size=256, verify=true",block_size-256_verify-true,size,64,0.736499
rodinia,rodinia_gaussian,"block_size=256, verify=true",block_size-256_verify-true,size,128,1.490866
rodinia,rodinia_gaussian,"block_size=256, verify=true",block_size-256_verify-true,size,192,2.269226
rodinia,rodinia_gaussian,"block_size=256, verify=true",block_size-256_verify-true,size,256,3.062281
rodinia,rodinia_gaussian,"block_size=256, verify=true",block_size-256_verify-true,size,384,4.572008
rodinia,rodinia_gaussian,"block_size=256, verify=true",block_size-256_verify-true,size,512,6.170263
rodinia,rodinia_gaussian,"block_size=256, verify=true",block_size-256_verify-true,size,640,7.925623
rodinia,rodinia_gaussian,"block_size=256, verify=true",block_size-256_verify-true,size,768,9.934979
rodinia,rodinia_gaussian,"block_size=256, verify=true",block_size-256_verify-true,size,896,12.122632
rodinia,rodinia_gaussian,"block_size=256, verify=true",block_size-256_verify-true,size,1024,14.529723
rodinia,rodinia_gaussian,"block_size=256, verify=true",block_size-256_verify-true,size,1280,20.479491
rodinia,rodinia_gaussian,"block_size=256, verify=true",block_size-256_verify-true,size,1536,27.978768
rodinia,rodinia_gaussian,"block_size=256, verify=true",block_size-256_verify-true,size,1792,37.771983
rodinia,rodinia_gaussian,"block_size=256, verify=true",block_size-256_verify-true,size,2048,50.294829
rodinia,rodinia_gaussian,"block_size=256, verify=true",block_size-256_verify-true,size,2560,82.338035
rodinia,rodinia_gaussian,"block_size=256, verify=true",block_size-256_verify-true,size,3072,129.091859
rodinia,rodinia_gaussian,"block_size=256, verify=true",block_size-256_verify-true,size,3584,190.048100
rodinia,rodinia_gaussian,"block_size=256, verify=true",block_size-256_verify-true,size,4096,278.630462
rodinia,rodinia_gaussian,"block_size=256, verify=true",block_size-256_verify-true,size,5120,482.864510
rodinia,rodinia_gaussian,"block_size=256, verify=true",block_size-256_verify-true,size,6144,786.397219
rodinia,rodinia_gaussian,"block_size=256, verify=true",block_size-256_verify-true,size,7168,1196.038049
rodinia,rodinia_gaussian,"block_size=256, verify=true",block_size-256_verify-true,size,8192,1753.866121
rodinia,rodinia_hotspot,"block_size=16, num_iterations=1",block_size-16_num_iterations-1,grid_size,64,0.044714
rodinia,rodinia_hotspot,"block_size=16, num_iterations=1",block_size-16_num_iterations-1,grid_size,128,0.049538
rodinia,rodinia_hotspot,"block_size=16, num_iterations=1",block_size-16_num_iterations-1,grid_size,192,0.052385
rodinia,rodinia_hotspot,"block_size=16, num_iterations=1",block_size-16_num_iterations-1,grid_size,256,0.059561
rodinia,rodinia_hotspot,"block_size=16, num_iterations=1",block_size-16_num_iterations-1,grid_size,384,0.077776
rodinia,rodinia_hotspot,"block_size=16, num_iterations=1",block_size-16_num_iterations-1,grid_size,512,0.112896
rodinia,rodinia_hotspot,"block_size=16, num_iterations=1",block_size-16_num_iterations-1,grid_size,640,0.078163
rodinia,rodinia_hotspot,"block_size=16, num_iterations=1",block_size-16_num_iterations-1,grid_size,768,0.090951
rodinia,rodinia_hotspot,"block_size=16, num_iterations=1",block_size-16_num_iterations-1,grid_size,1024,0.129293
rodinia,rodinia_hotspot,"block_size=16, num_iterations=1",block_size-16_num_iterations-1,grid_size,1280,0.175518
rodinia,rodinia_hotspot,"block_size=16, num_iterations=1",block_size-16_num_iterations-1,grid_size,1536,0.230269
rodinia,rodinia_hotspot,"block_size=16, num_iterations=1",block_size-16_num_iterations-1,grid_size,2048,0.377402
rodinia,rodinia_hotspot,"block_size=16, num_iterations=1",block_size-16_num_iterations-1,grid_size,2560,0.566242
rodinia,rodinia_hotspot,"block_size=16, num_iterations=1",block_size-16_num_iterations-1,grid_size,3072,0.803610
rodinia,rodinia_hotspot,"block_size=16, num_iterations=1",block_size-16_num_iterations-1,grid_size,3584,1.066685
rodinia,rodinia_hotspot,"block_size=16, num_iterations=1",block_size-16_num_iterations-1,grid_size,4096,1.371805
rodinia,rodinia_hotspot,"block_size=16, num_iterations=1",block_size-16_num_iterations-1,grid_size,5120,2.135933
rodinia,rodinia_hotspot,"block_size=16, num_iterations=1",block_size-16_num_iterations-1,grid_size,6144,3.060032
rodinia,rodinia_hotspot,"block_size=16, num_iterations=1",block_size-16_num_iterations-1,grid_size,7168,4.154420
rodinia,rodinia_hotspot,"block_size=16, num_iterations=1",block_size-16_num_iterations-1,grid_size,8192,5.388474
rodinia,rodinia_hotspot,"block_size=16, num_iterations=10",block_size-16_num_iterations-10,grid_size,64,0.056274
rodinia,rodinia_hotspot,"block_size=16, num_iterations=10",block_size-16_num_iterations-10,grid_size,128,0.056168
rodinia,rodinia_hotspot,"block_size=16, num_iterations=10",block_size-16_num_iterations-10,grid_size,192,0.060578
rodinia,rodinia_hotspot,"block_size=16, num_iterations=10",block_size-16_num_iterations-10,grid_size,256,0.069224
rodinia,rodinia_hotspot,"block_size=16, num_iterations=10",block_size-16_num_iterations-10,grid_size,384,0.107511
rodinia,rodinia_hotspot,"block_size=16, num_iterations=10",block_size-16_num_iterations-10,grid_size,512,0.167554
rodinia,rodinia_hotspot,"block_size=16, num_iterations=10",block_size-16_num_iterations-10,grid_size,640,0.161808
rodinia,rodinia_hotspot,"block_size=16, num_iterations=10",block_size-16_num_iterations-10,grid_size,768,0.201725
rodinia,rodinia_hotspot,"block_size=16, num_iterations=10",block_size-16_num_iterations-10,grid_size,1024,0.224951
rodinia,rodinia_hotspot,"block_size=16, num_iterations=10",block_size-16_num_iterations-10,grid_size,1280,0.292696
rodinia,rodinia_hotspot,"block_size=16, num_iterations=10",block_size-16_num_iterations-10,grid_size,1536,0.342498
rodinia,rodinia_hotspot,"block_size=16, num_iterations=10",block_size-16_num_iterations-10,grid_size,2048,0.563493
rodinia,rodinia_hotspot,"block_size=16, num_iterations=10",block_size-16_num_iterations-10,grid_size,2560,0.845319
rodinia,rodinia_hotspot,"block_size=16, num_iterations=10",block_size-16_num_iterations-10,grid_size,3072,1.204668
rodinia,rodinia_hotspot,"block_size=16, num_iterations=10",block_size-16_num_iterations-10,grid_size,3584,1.609507
rodinia,rodinia_hotspot,"block_size=16, num_iterations=10",block_size-16_num_iterations-10,grid_size,4096,2.085400
rodinia,rodinia_hotspot,"block_size=16, num_iterations=10",block_size-16_num_iterations-10,grid_size,5120,3.524448
rodinia,rodinia_hotspot,"block_size=16, num_iterations=10",block_size-16_num_iterations-10,grid_size,6144,5.094881
rodinia,rodinia_hotspot,"block_size=16, num_iterations=10",block_size-16_num_iterations-10,grid_size,7168,6.990841
rodinia,rodinia_hotspot,"block_size=16, num_iterations=10",block_size-16_num_iterations-10,grid_size,8192,9.042156
rodinia,rodinia_hotspot3d,"amb_temp=100, block_size=8, num_iterations=1",amb_temp-100_block_size-8_num_iterations-1,grid_size,16,0.005773
rodinia,rodinia_hotspot3d,"amb_temp=100, block_size=8, num_iterations=1",amb_temp-100_block_size-8_num_iterations-1,grid_size,24,0.007751
rodinia,rodinia_hotspot3d,"amb_temp=100, block_size=8, num_iterations=1",amb_temp-100_block_size-8_num_iterations-1,grid_size,32,0.005840
rodinia,rodinia_hotspot3d,"amb_temp=100, block_size=8, num_iterations=1",amb_temp-100_block_size-8_num_iterations-1,grid_size,40,0.005813
rodinia,rodinia_hotspot3d,"amb_temp=100, block_size=8, num_iterations=1",amb_temp-100_block_size-8_num_iterations-1,grid_size,48,0.005866
rodinia,rodinia_hotspot3d,"amb_temp=100, block_size=8, num_iterations=1",amb_temp-100_block_size-8_num_iterations-1,grid_size,56,0.005921
rodinia,rodinia_hotspot3d,"amb_temp=100, block_size=8, num_iterations=1",amb_temp-100_block_size-8_num_iterations-1,grid_size,64,0.006335
rodinia,rodinia_hotspot3d,"amb_temp=100, block_size=8, num_iterations=1",amb_temp-100_block_size-8_num_iterations-1,grid_size,72,0.006976
rodinia,rodinia_hotspot3d,"amb_temp=100, block_size=8, num_iterations=1",amb_temp-100_block_size-8_num_iterations-1,grid_size,80,0.009448
rodinia,rodinia_hotspot3d,"amb_temp=100, block_size=8, num_iterations=1",amb_temp-100_block_size-8_num_iterations-1,grid_size,96,0.011894
rodinia,rodinia_hotspot3d,"amb_temp=100, block_size=8, num_iterations=1",amb_temp-100_block_size-8_num_iterations-1,grid_size,112,0.017600
rodinia,rodinia_hotspot3d,"amb_temp=100, block_size=8, num_iterations=1",amb_temp-100_block_size-8_num_iterations-1,grid_size,128,0.027381
rodinia,rodinia_hotspot3d,"amb_temp=100, block_size=8, num_iterations=1",amb_temp-100_block_size-8_num_iterations-1,grid_size,144,0.030777
rodinia,rodinia_hotspot3d,"amb_temp=100, block_size=8, num_iterations=1",amb_temp-100_block_size-8_num_iterations-1,grid_size,160,0.040799
rodinia,rodinia_hotspot3d,"amb_temp=100, block_size=8, num_iterations=1",amb_temp-100_block_size-8_num_iterations-1,grid_size,192,0.059335
rodinia,rodinia_hotspot3d,"amb_temp=100, block_size=8, num_iterations=1",amb_temp-100_block_size-8_num_iterations-1,grid_size,224,0.103315
rodinia,rodinia_hotspot3d,"amb_temp=100, block_size=8, num_iterations=1",amb_temp-100_block_size-8_num_iterations-1,grid_size,256,0.193800
rodinia,rodinia_hotspot3d,"amb_temp=100, block_size=8, num_iterations=1",amb_temp-100_block_size-8_num_iterations-1,grid_size,288,0.219565
rodinia,rodinia_hotspot3d,"amb_temp=100, block_size=8, num_iterations=1",amb_temp-100_block_size-8_num_iterations-1,grid_size,320,0.293840
rodinia,rodinia_hotspot3d,"amb_temp=100, block_size=8, num_iterations=1",amb_temp-100_block_size-8_num_iterations-1,grid_size,384,0.734372
rodinia,rodinia_hotspot3d,"amb_temp=100, block_size=8, num_iterations=1",amb_temp-100_block_size-8_num_iterations-1,grid_size,448,0.836404
rodinia,rodinia_hotspot3d,"amb_temp=100, block_size=8, num_iterations=1",amb_temp-100_block_size-8_num_iterations-1,grid_size,512,1.754648
rodinia,rodinia_hotspot3d,"amb_temp=60, block_size=8, num_iterations=1",amb_temp-60_block_size-8_num_iterations-1,grid_size,16,0.005746
rodinia,rodinia_hotspot3d,"amb_temp=60, block_size=8, num_iterations=1",amb_temp-60_block_size-8_num_iterations-1,grid_size,24,0.005840
rodinia,rodinia_hotspot3d,"amb_temp=60, block_size=8, num_iterations=1",amb_temp-60_block_size-8_num_iterations-1,grid_size,32,0.005854
rodinia,rodinia_hotspot3d,"amb_temp=60, block_size=8, num_iterations=1",amb_temp-60_block_size-8_num_iterations-1,grid_size,40,0.006040
rodinia,rodinia_hotspot3d,"amb_temp=60, block_size=8, num_iterations=1",amb_temp-60_block_size-8_num_iterations-1,grid_size,48,0.005920
rodinia,rodinia_hotspot3d,"amb_temp=60, block_size=8, num_iterations=1",amb_temp-60_block_size-8_num_iterations-1,grid_size,56,0.005987
rodinia,rodinia_hotspot3d,"amb_temp=60, block_size=8, num_iterations=1",amb_temp-60_block_size-8_num_iterations-1,grid_size,64,0.007297
rodinia,rodinia_hotspot3d,"amb_temp=60, block_size=8, num_iterations=1",amb_temp-60_block_size-8_num_iterations-1,grid_size,72,0.008833
rodinia,rodinia_hotspot3d,"amb_temp=60, block_size=8, num_iterations=1",amb_temp-60_block_size-8_num_iterations-1,grid_size,80,0.008178
rodinia,rodinia_hotspot3d,"amb_temp=60, block_size=8, num_iterations=1",amb_temp-60_block_size-8_num_iterations-1,grid_size,96,0.013003
rodinia,rodinia_hotspot3d,"amb_temp=60, block_size=8, num_iterations=1",amb_temp-60_block_size-8_num_iterations-1,grid_size,112,0.018416
rodinia,rodinia_hotspot3d,"amb_temp=60, block_size=8, num_iterations=1",amb_temp-60_block_size-8_num_iterations-1,grid_size,128,0.030870
rodinia,rodinia_hotspot3d,"amb_temp=60, block_size=8, num_iterations=1",amb_temp-60_block_size-8_num_iterations-1,grid_size,144,0.031351
rodinia,rodinia_hotspot3d,"amb_temp=60, block_size=8, num_iterations=1",amb_temp-60_block_size-8_num_iterations-1,grid_size,160,0.042897
rodinia,rodinia_hotspot3d,"amb_temp=60, block_size=8, num_iterations=1",amb_temp-60_block_size-8_num_iterations-1,grid_size,192,0.059883
rodinia,rodinia_hotspot3d,"amb_temp=60, block_size=8, num_iterations=1",amb_temp-60_block_size-8_num_iterations-1,grid_size,224,0.102325
rodinia,rodinia_hotspot3d,"amb_temp=60, block_size=8, num_iterations=1",amb_temp-60_block_size-8_num_iterations-1,grid_size,256,0.193345
rodinia,rodinia_hotspot3d,"amb_temp=60, block_size=8, num_iterations=1",amb_temp-60_block_size-8_num_iterations-1,grid_size,288,0.220701
rodinia,rodinia_hotspot3d,"amb_temp=60, block_size=8, num_iterations=1",amb_temp-60_block_size-8_num_iterations-1,grid_size,320,0.292169
rodinia,rodinia_hotspot3d,"amb_temp=60, block_size=8, num_iterations=1",amb_temp-60_block_size-8_num_iterations-1,grid_size,384,0.731699
rodinia,rodinia_hotspot3d,"amb_temp=60, block_size=8, num_iterations=1",amb_temp-60_block_size-8_num_iterations-1,grid_size,448,0.840239
rodinia,rodinia_hotspot3d,"amb_temp=60, block_size=8, num_iterations=1",amb_temp-60_block_size-8_num_iterations-1,grid_size,512,1.771058
rodinia,rodinia_hotspot3d,"amb_temp=80, block_size=8, num_iterations=1",amb_temp-80_block_size-8_num_iterations-1,grid_size,16,0.005733
rodinia,rodinia_hotspot3d,"amb_temp=80, block_size=8, num_iterations=1",amb_temp-80_block_size-8_num_iterations-1,grid_size,24,0.005866
rodinia,rodinia_hotspot3d,"amb_temp=80, block_size=8, num_iterations=1",amb_temp-80_block_size-8_num_iterations-1,grid_size,32,0.005827
rodinia,rodinia_hotspot3d,"amb_temp=80, block_size=8, num_iterations=1",amb_temp-80_block_size-8_num_iterations-1,grid_size,40,0.005840
rodinia,rodinia_hotspot3d,"amb_temp=80, block_size=8, num_iterations=1",amb_temp-80_block_size-8_num_iterations-1,grid_size,48,0.005934
rodinia,rodinia_hotspot3d,"amb_temp=80, block_size=8, num_iterations=1",amb_temp-80_block_size-8_num_iterations-1,grid_size,56,0.006307
rodinia,rodinia_hotspot3d,"amb_temp=80, block_size=8, num_iterations=1",amb_temp-80_block_size-8_num_iterations-1,grid_size,64,0.006281
rodinia,rodinia_hotspot3d,"amb_temp=80, block_size=8, num_iterations=1",amb_temp-80_block_size-8_num_iterations-1,grid_size,72,0.007056
rodinia,rodinia_hotspot3d,"amb_temp=80, block_size=8, num_iterations=1",amb_temp-80_block_size-8_num_iterations-1,grid_size,80,0.007978
rodinia,rodinia_hotspot3d,"amb_temp=80, block_size=8, num_iterations=1",amb_temp-80_block_size-8_num_iterations-1,grid_size,96,0.011599
rodinia,rodinia_hotspot3d,"amb_temp=80, block_size=8, num_iterations=1",amb_temp-80_block_size-8_num_iterations-1,grid_size,112,0.019858
rodinia,rodinia_hotspot3d,"amb_temp=80, block_size=8, num_iterations=1",amb_temp-80_block_size-8_num_iterations-1,grid_size,128,0.028491
rodinia,rodinia_hotspot3d,"amb_temp=80, block_size=8, num_iterations=1",amb_temp-80_block_size-8_num_iterations-1,grid_size,144,0.030990
rodinia,rodinia_hotspot3d,"amb_temp=80, block_size=8, num_iterations=1",amb_temp-80_block_size-8_num_iterations-1,grid_size,160,0.041093
rodinia,rodinia_hotspot3d,"amb_temp=80, block_size=8, num_iterations=1",amb_temp-80_block_size-8_num_iterations-1,grid_size,192,0.059869
rodinia,rodinia_hotspot3d,"amb_temp=80, block_size=8, num_iterations=1",amb_temp-80_block_size-8_num_iterations-1,grid_size,224,0.101510
rodinia,rodinia_hotspot3d,"amb_temp=80, block_size=8, num_iterations=1",amb_temp-80_block_size-8_num_iterations-1,grid_size,256,0.193813
rodinia,rodinia_hotspot3d,"amb_temp=80, block_size=8, num_iterations=1",amb_temp-80_block_size-8_num_iterations-1,grid_size,288,0.221182
rodinia,rodinia_hotspot3d,"amb_temp=80, block_size=8, num_iterations=1",amb_temp-80_block_size-8_num_iterations-1,grid_size,320,0.293011
rodinia,rodinia_hotspot3d,"amb_temp=80, block_size=8, num_iterations=1",amb_temp-80_block_size-8_num_iterations-1,grid_size,384,0.727744
rodinia,rodinia_hotspot3d,"amb_temp=80, block_size=8, num_iterations=1",amb_temp-80_block_size-8_num_iterations-1,grid_size,448,0.837193
rodinia,rodinia_hotspot3d,"amb_temp=80, block_size=8, num_iterations=1",amb_temp-80_block_size-8_num_iterations-1,grid_size,512,1.737809
rodinia,rodinia_lavamd,"block_size=128, particles_per_box=100",block_size-128_particles_per_box-100,num_boxes,2,0.118830
rodinia,rodinia_lavamd,"block_size=128, particles_per_box=100",block_size-128_particles_per_box-100,num_boxes,3,0.387320
rodinia,rodinia_lavamd,"block_size=128, particles_per_box=100",block_size-128_particles_per_box-100,num_boxes,4,0.389365
rodinia,rodinia_lavamd,"block_size=128, particles_per_box=100",block_size-128_particles_per_box-100,num_boxes,5,0.390207
rodinia,rodinia_lavamd,"block_size=128, particles_per_box=100",block_size-128_particles_per_box-100,num_boxes,6,0.391785
rodinia,rodinia_lavamd,"block_size=128, particles_per_box=100",block_size-128_particles_per_box-100,num_boxes,7,0.394807
rodinia,rodinia_lavamd,"block_size=128, particles_per_box=100",block_size-128_particles_per_box-100,num_boxes,8,0.467596
rodinia,rodinia_lavamd,"block_size=128, particles_per_box=100",block_size-128_particles_per_box-100,num_boxes,9,0.472834
rodinia,rodinia_lavamd,"block_size=128, particles_per_box=100",block_size-128_particles_per_box-100,num_boxes,10,0.484394
rodinia,rodinia_lavamd,"block_size=128, particles_per_box=100",block_size-128_particles_per_box-100,num_boxes,11,0.590877
rodinia,rodinia_lavamd,"block_size=128, particles_per_box=100",block_size-128_particles_per_box-100,num_boxes,12,0.722615
rodinia,rodinia_lavamd,"block_size=128, particles_per_box=100",block_size-128_particles_per_box-100,num_boxes,13,0.812944
rodinia,rodinia_lavamd,"block_size=128, particles_per_box=100",block_size-128_particles_per_box-100,num_boxes,14,0.938971
rodinia,rodinia_lavamd,"block_size=128, particles_per_box=100",block_size-128_particles_per_box-100,num_boxes,15,1.086336
rodinia,rodinia_lavamd,"block_size=128, particles_per_box=100",block_size-128_particles_per_box-100,num_boxes,16,1.267213
rodinia,rodinia_lavamd,"block_size=128, particles_per_box=100",block_size-128_particles_per_box-100,num_boxes,18,1.900787
rodinia,rodinia_lavamd,"block_size=128, particles_per_box=100",block_size-128_particles_per_box-100,num_boxes,20,2.377695
rodinia,rodinia_lavamd,"block_size=128, particles_per_box=100",block_size-128_particles_per_box-100,num_boxes,22,3.204231
rodinia,rodinia_lavamd,"block_size=128, particles_per_box=100",block_size-128_particles_per_box-100,num_boxes,24,3.889792
rodinia,rodinia_lavamd,"block_size=128, particles_per_box=100",block_size-128_particles_per_box-100,num_boxes,26,5.129420
rodinia,rodinia_lavamd,"block_size=128, particles_per_box=100",block_size-128_particles_per_box-100,num_boxes,28,6.312592
rodinia,rodinia_lavamd,"block_size=128, particles_per_box=100",block_size-128_particles_per_box-100,num_boxes,30,7.702604
rodinia,rodinia_lavamd,"block_size=128, particles_per_box=150",block_size-128_particles_per_box-150,num_boxes,2,0.344410
rodinia,rodinia_lavamd,"block_size=128, particles_per_box=150",block_size-128_particles_per_box-150,num_boxes,3,1.152717
rodinia,rodinia_lavamd,"block_size=128, particles_per_box=150",block_size-128_particles_per_box-150,num_boxes,4,1.157831
rodinia,rodinia_lavamd,"block_size=128, particles_per_box=150",block_size-128_particles_per_box-150,num_boxes,5,1.157991
rodinia,rodinia_lavamd,"block_size=128, particles_per_box=150",block_size-128_particles_per_box-150,num_boxes,6,1.165770
rodinia,rodinia_lavamd,"block_size=128, particles_per_box=150",block_size-128_particles_per_box-150,num_boxes,7,1.170599
rodinia,rodinia_lavamd,"block_size=128, particles_per_box=150",block_size-128_particles_per_box-150,num_boxes,8,1.282836
rodinia,rodinia_lavamd,"block_size=128, particles_per_box=150",block_size-128_particles_per_box-150,num_boxes,9,1.291765
rodinia,rodinia_lavamd,"block_size=128, particles_per_box=150",block_size-128_particles_per_box-150,num_boxes,10,1.408096
rodinia,rodinia_lavamd,"block_size=128, particles_per_box=150",block_size-128_particles_per_box-150,num_boxes,11,1.462549
rodinia,rodinia_lavamd,"block_size=128, particles_per_box=150",block_size-128_particles_per_box-150,num_boxes,12,1.838960
rodinia,rodinia_lavamd,"block_size=128, particles_per_box=150",block_size-128_particles_per_box-150,num_boxes,13,2.151745
rodinia,rodinia_lavamd,"block_size=128, particles_per_box=150",block_size-128_particles_per_box-150,num_boxes,14,2.509679
rodinia,rodinia_lavamd,"block_size=128, particles_per_box=150",block_size-128_particles_per_box-150,num_boxes,15,3.030915
rodinia,rodinia_lavamd,"block_size=128, particles_per_box=150",block_size-128_particles_per_box-150,num_boxes,16,3.637824
rodinia,rodinia_lavamd,"block_size=128, particles_per_box=150",block_size-128_particles_per_box-150,num_boxes,18,5.074264
rodinia,rodinia_lavamd,"block_size=128, particles_per_box=150",block_size-128_particles_per_box-150,num_boxes,20,6.469097
rodinia,rodinia_lavamd,"block_size=128, particles_per_box=150",block_size-128_particles_per_box-150,num_boxes,22,8.177163
rodinia,rodinia_lavamd,"block_size=128, particles_per_box=150",block_size-128_particles_per_box-150,num_boxes,24,9.890403
rodinia,rodinia_lavamd,"block_size=128, particles_per_box=150",block_size-128_particles_per_box-150,num_boxes,26,12.928795
rodinia,rodinia_lavamd,"block_size=128, particles_per_box=150",block_size-128_particles_per_box-150,num_boxes,28,15.801485
rodinia,rodinia_lavamd,"block_size=128, particles_per_box=150",block_size-128_particles_per_box-150,num_boxes,30,19.428581
rodinia,rodinia_lavamd,"block_size=128, particles_per_box=200",block_size-128_particles_per_box-200,num_boxes,2,0.457241
rodinia,rodinia_lavamd,"block_size=128, particles_per_box=200",block_size-128_particles_per_box-200,num_boxes,3,1.540516
rodinia,rodinia_lavamd,"block_size=128, particles_per_box=200",block_size-128_particles_per_box-200,num_boxes,4,1.540169
rodinia,rodinia_lavamd,"block_size=128, particles_per_box=200",block_size-128_particles_per_box-200,num_boxes,5,1.541503
rodinia,rodinia_lavamd,"block_size=128, particles_per_box=200",block_size-128_particles_per_box-200,num_boxes,6,1.550792
rodinia,rodinia_lavamd,"block_size=128, particles_per_box=200",block_size-128_particles_per_box-200,num_boxes,7,1.558395
rodinia,rodinia_lavamd,"block_size=128, particles_per_box=200",block_size-128_particles_per_box-200,num_boxes,8,1.857885
rodinia,rodinia_lavamd,"block_size=128, particles_per_box=200",block_size-128_particles_per_box-200,num_boxes,9,1.868100
rodinia,rodinia_lavamd,"block_size=128, particles_per_box=200",block_size-128_particles_per_box-200,num_boxes,10,1.908191
rodinia,rodinia_lavamd,"block_size=128, particles_per_box=200",block_size-128_particles_per_box-200,num_boxes,11,2.480647
rodinia,rodinia_lavamd,"block_size=128, particles_per_box=200",block_size-128_particles_per_box-200,num_boxes,12,2.821955
rodinia,rodinia_lavamd,"block_size=128, particles_per_box=200",block_size-128_particles_per_box-200,num_boxes,13,3.185903
rodinia,rodinia_lavamd,"block_size=128, particles_per_box=200",block_size-128_particles_per_box-200,num_boxes,14,3.757693
rodinia,rodinia_lavamd,"block_size=128, particles_per_box=200",block_size-128_particles_per_box-200,num_boxes,15,4.732227
rodinia,rodinia_lavamd,"block_size=128, particles_per_box=200",block_size-128_particles_per_box-200,num_boxes,16,5.264423
rodinia,rodinia_lavamd,"block_size=128, particles_per_box=200",block_size-128_particles_per_box-200,num_boxes,18,8.175631
rodinia,rodinia_lavamd,"block_size=128, particles_per_box=200",block_size-128_particles_per_box-200,num_boxes,20,10.601080
rodinia,rodinia_lavamd,"block_size=128, particles_per_box=200",block_size-128_particles_per_box-200,num_boxes,22,13.734676
rodinia,rodinia_lavamd,"block_size=128, particles_per_box=200",block_size-128_particles_per_box-200,num_boxes,24,15.980464
rodinia,rodinia_lavamd,"block_size=128, particles_per_box=200",block_size-128_particles_per_box-200,num_boxes,26,22.014390
rodinia,rodinia_lavamd,"block_size=128, particles_per_box=200",block_size-128_particles_per_box-200,num_boxes,28,26.441552
rodinia,rodinia_lavamd,"block_size=128, particles_per_box=200",block_size-128_particles_per_box-200,num_boxes,30,33.515632
rodinia,rodinia_lavamd,"block_size=128, particles_per_box=50",block_size-128_particles_per_box-50,num_boxes,2,0.061379
rodinia,rodinia_lavamd,"block_size=128, particles_per_box=50",block_size-128_particles_per_box-50,num_boxes,3,0.197009
rodinia,rodinia_lavamd,"block_size=128, particles_per_box=50",block_size-128_particles_per_box-50,num_boxes,4,0.198238
rodinia,rodinia_lavamd,"block_size=128, particles_per_box=50",block_size-128_particles_per_box-50,num_boxes,5,0.197997
rodinia,rodinia_lavamd,"block_size=128, particles_per_box=50",block_size-128_particles_per_box-50,num_boxes,6,0.201885
rodinia,rodinia_lavamd,"block_size=128, particles_per_box=50",block_size-128_particles_per_box-50,num_boxes,7,0.199520
rodinia,rodinia_lavamd,"block_size=128, particles_per_box=50",block_size-128_particles_per_box-50,num_boxes,8,0.200162
rodinia,rodinia_lavamd,"block_size=128, particles_per_box=50",block_size-128_particles_per_box-50,num_boxes,9,0.201178
rodinia,rodinia_lavamd,"block_size=128, particles_per_box=50",block_size-128_particles_per_box-50,num_boxes,10,0.238355
rodinia,rodinia_lavamd,"block_size=128, particles_per_box=50",block_size-128_particles_per_box-50,num_boxes,11,0.240293
rodinia,rodinia_lavamd,"block_size=128, particles_per_box=50",block_size-128_particles_per_box-50,num_boxes,12,0.301136
rodinia,rodinia_lavamd,"block_size=128, particles_per_box=50",block_size-128_particles_per_box-50,num_boxes,13,0.326409
rodinia,rodinia_lavamd,"block_size=128, particles_per_box=50",block_size-128_particles_per_box-50,num_boxes,14,0.383565
rodinia,rodinia_lavamd,"block_size=128, particles_per_box=50",block_size-128_particles_per_box-50,num_boxes,15,0.415117
rodinia,rodinia_lavamd,"block_size=128, particles_per_box=50",block_size-128_particles_per_box-50,num_boxes,16,0.506846
rodinia,rodinia_lavamd,"block_size=128, particles_per_box=50",block_size-128_particles_per_box-50,num_boxes,18,0.673865
rodinia,rodinia_lavamd,"block_size=128, particles_per_box=50",block_size-128_particles_per_box-50,num_boxes,20,0.898600
rodinia,rodinia_lavamd,"block_size=128, particles_per_box=50",block_size-128_particles_per_box-50,num_boxes,22,1.074509
rodinia,rodinia_lavamd,"block_size=128, particles_per_box=50",block_size-128_particles_per_box-50,num_boxes,24,1.361855
rodinia,rodinia_lavamd,"block_size=128, particles_per_box=50",block_size-128_particles_per_box-50,num_boxes,26,1.604622
rodinia,rodinia_lavamd,"block_size=128, particles_per_box=50",block_size-128_particles_per_box-50,num_boxes,28,1.936011
rodinia,rodinia_lavamd,"block_size=128, particles_per_box=50",block_size-128_particles_per_box-50,num_boxes,30,2.359093
rodinia,rodinia_lud,"block_size=256, verify=false",block_size-256_verify-false,size,64,0.068354
rodinia,rodinia_lud,"block_size=256, verify=false",block_size-256_verify-false,size,128,0.153656
rodinia,rodinia_lud,"block_size=256, verify=false",block_size-256_verify-false,size,192,0.242350
rodinia,rodinia_lud,"block_size=256, verify=false",block_size-256_verify-false,size,256,0.308245
rodinia,rodinia_lud,"block_size=256, verify=false",block_size-256_verify-false,size,384,0.481107
rodinia,rodinia_lud,"block_size=256, verify=false",block_size-256_verify-false,size,512,0.647875
rodinia,rodinia_lud,"block_size=256, verify=false",block_size-256_verify-false,size,640,0.806597
rodinia,rodinia_lud,"block_size=256, verify=false",block_size-256_verify-false,size,768,1.069470
rodinia,rodinia_lud,"block_size=256, verify=false",block_size-256_verify-false,size,896,1.285853
rodinia,rodinia_lud,"block_size=256, verify=false",block_size-256_verify-false,size,1024,1.536807
rodinia,rodinia_lud,"block_size=256, verify=false",block_size-256_verify-false,size,1280,2.055593
rodinia,rodinia_lud,"block_size=256, verify=false",block_size-256_verify-false,size,1536,2.730622
rodinia,rodinia_lud,"block_size=256, verify=false",block_size-256_verify-false,size,1792,3.359636
rodinia,rodinia_lud,"block_size=256, verify=false",block_size-256_verify-false,size,2048,4.143511
rodinia,rodinia_lud,"block_size=256, verify=false",block_size-256_verify-false,size,2560,5.955853
rodinia,rodinia_lud,"block_size=256, verify=false",block_size-256_verify-false,size,3072,8.064086
rodinia,rodinia_lud,"block_size=256, verify=false",block_size-256_verify-false,size,3584,10.460384
rodinia,rodinia_lud,"block_size=256, verify=skip",block_size-256_verify-skip,size,64,0.066631
rodinia,rodinia_lud,"block_size=256, verify=skip",block_size-256_verify-skip,size,128,0.151453
rodinia,rodinia_lud,"block_size=256, verify=skip",block_size-256_verify-skip,size,192,0.234758
rodinia,rodinia_lud,"block_size=256, verify=skip",block_size-256_verify-skip,size,256,0.316561
rodinia,rodinia_lud,"block_size=256, verify=skip",block_size-256_verify-skip,size,384,0.482387
rodinia,rodinia_lud,"block_size=256, verify=skip",block_size-256_verify-skip,size,512,0.647151
rodinia,rodinia_lud,"block_size=256, verify=skip",block_size-256_verify-skip,size,640,0.809530
rodinia,rodinia_lud,"block_size=256, verify=skip",block_size-256_verify-skip,size,768,1.066224
rodinia,rodinia_lud,"block_size=256, verify=skip",block_size-256_verify-skip,size,896,1.288817
rodinia,rodinia_lud,"block_size=256, verify=skip",block_size-256_verify-skip,size,1024,1.540941
rodinia,rodinia_lud,"block_size=256, verify=skip",block_size-256_verify-skip,size,1280,2.057180
rodinia,rodinia_lud,"block_size=256, verify=skip",block_size-256_verify-skip,size,1536,2.687079
rodinia,rodinia_lud,"block_size=256, verify=skip",block_size-256_verify-skip,size,1792,3.409907
rodinia,rodinia_lud,"block_size=256, verify=skip",block_size-256_verify-skip,size,2048,4.167604
rodinia,rodinia_lud,"block_size=256, verify=skip",block_size-256_verify-skip,size,2560,6.036404
rodinia,rodinia_lud,"block_size=256, verify=skip",block_size-256_verify-skip,size,3072,8.126305
rodinia,rodinia_lud,"block_size=256, verify=skip",block_size-256_verify-skip,size,3584,10.527031
rodinia,rodinia_lud,"block_size=256, verify=true",block_size-256_verify-true,size,64,0.064263
rodinia,rodinia_lud,"block_size=256, verify=true",block_size-256_verify-true,size,128,0.152613
rodinia,rodinia_lud,"block_size=256, verify=true",block_size-256_verify-true,size,192,0.238797
rodinia,rodinia_lud,"block_size=256, verify=true",block_size-256_verify-true,size,256,0.316562
rodinia,rodinia_lud,"block_size=256, verify=true",block_size-256_verify-true,size,384,0.480370
rodinia,rodinia_lud,"block_size=256, verify=true",block_size-256_verify-true,size,512,0.645165
rodinia,rodinia_lud,"block_size=256, verify=true",block_size-256_verify-true,size,640,0.814734
rodinia,rodinia_lud,"block_size=256, verify=true",block_size-256_verify-true,size,768,1.067060
rodinia,rodinia_lud,"block_size=256, verify=true",block_size-256_verify-true,size,896,1.283061
rodinia,rodinia_lud,"block_size=256, verify=true",block_size-256_verify-true,size,1024,1.537688
rodinia,rodinia_lud,"block_size=256, verify=true",block_size-256_verify-true,size,1280,2.049933
rodinia,rodinia_lud,"block_size=256, verify=true",block_size-256_verify-true,size,1536,2.688620
rodinia,rodinia_lud,"block_size=256, verify=true",block_size-256_verify-true,size,1792,3.369200
rodinia,rodinia_lud,"block_size=256, verify=true",block_size-256_verify-true,size,2048,4.164263
rodinia,rodinia_lud,"block_size=256, verify=true",block_size-256_verify-true,size,2560,6.065620
rodinia,rodinia_lud,"block_size=256, verify=true",block_size-256_verify-true,size,3072,8.125307
rodinia,rodinia_lud,"block_size=256, verify=true",block_size-256_verify-true,size,3584,10.305893
rodinia,rodinia_srad,"block_size=16, num_iterations=10",block_size-16_num_iterations-10,image_size,64,0.121998
rodinia,rodinia_srad,"block_size=16, num_iterations=10",block_size-16_num_iterations-10,image_size,128,0.122519
rodinia,rodinia_srad,"block_size=16, num_iterations=10",block_size-16_num_iterations-10,image_size,192,0.126702
rodinia,rodinia_srad,"block_size=16, num_iterations=10",block_size-16_num_iterations-10,image_size,256,0.134305
rodinia,rodinia_srad,"block_size=16, num_iterations=10",block_size-16_num_iterations-10,image_size,384,0.175026
rodinia,rodinia_srad,"block_size=16, num_iterations=10",block_size-16_num_iterations-10,image_size,512,0.229549
rodinia,rodinia_srad,"block_size=16, num_iterations=10",block_size-16_num_iterations-10,image_size,640,0.309385
rodinia,rodinia_srad,"block_size=16, num_iterations=10",block_size-16_num_iterations-10,image_size,768,0.308832
rodinia,rodinia_srad,"block_size=16, num_iterations=10",block_size-16_num_iterations-10,image_size,1024,0.390636
rodinia,rodinia_srad,"block_size=16, num_iterations=10",block_size-16_num_iterations-10,image_size,1280,0.472334
rodinia,rodinia_srad,"block_size=16, num_iterations=10",block_size-16_num_iterations-10,image_size,1536,0.565886
rodinia,rodinia_srad,"block_size=16, num_iterations=10",block_size-16_num_iterations-10,image_size,2048,0.891574
rodinia,rodinia_srad,"block_size=16, num_iterations=10",block_size-16_num_iterations-10,image_size,2560,1.305353
rodinia,rodinia_srad,"block_size=16, num_iterations=10",block_size-16_num_iterations-10,image_size,3072,1.825751
rodinia,rodinia_srad,"block_size=16, num_iterations=10",block_size-16_num_iterations-10,image_size,3584,2.965784
rodinia,rodinia_srad,"block_size=16, num_iterations=10",block_size-16_num_iterations-10,image_size,4096,3.885751
rodinia,rodinia_srad,"block_size=16, num_iterations=10",block_size-16_num_iterations-10,image_size,5120,6.100472
rodinia,rodinia_srad,"block_size=16, num_iterations=10",block_size-16_num_iterations-10,image_size,6144,8.683579
rodinia,rodinia_srad,"block_size=16, num_iterations=10",block_size-16_num_iterations-10,image_size,7168,11.843147
rodinia,rodinia_srad,"block_size=16, num_iterations=10",block_size-16_num_iterations-10,image_size,8192,16.470204
tango,tango_blackscholes,"block_size=256, precision=double",block_size-256_precision-double,size,1024,0.006094
tango,tango_blackscholes,"block_size=256, precision=double",block_size-256_precision-double,size,1536,0.005760
tango,tango_blackscholes,"block_size=256, precision=double",block_size-256_precision-double,size,2048,0.005840
tango,tango_blackscholes,"block_size=256, precision=double",block_size-256_precision-double,size,3072,0.005827
tango,tango_blackscholes,"block_size=256, precision=double",block_size-256_precision-double,size,4096,0.005813
tango,tango_blackscholes,"block_size=256, precision=double",block_size-256_precision-double,size,6144,0.006040
tango,tango_blackscholes,"block_size=256, precision=double",block_size-256_precision-double,size,8192,0.005773
tango,tango_blackscholes,"block_size=256, precision=double",block_size-256_precision-double,size,12288,0.005800
tango,tango_blackscholes,"block_size=256, precision=double",block_size-256_precision-double,size,16384,0.005880
tango,tango_blackscholes,"block_size=256, precision=double",block_size-256_precision-double,size,24576,0.005906
tango,tango_blackscholes,"block_size=256, precision=double",block_size-256_precision-double,size,32768,0.005827
tango,tango_blackscholes,"block_size=256, precision=double",block_size-256_precision-double,size,49152,0.005827
tango,tango_blackscholes,"block_size=256, precision=double",block_size-256_precision-double,size,65536,0.005826
tango,tango_blackscholes,"block_size=256, precision=double",block_size-256_precision-double,size,98304,0.005893
tango,tango_blackscholes,"block_size=256, precision=double",block_size-256_precision-double,size,131072,0.006442
tango,tango_blackscholes,"block_size=256, precision=double",block_size-256_precision-double,size,196608,0.005920
tango,tango_blackscholes,"block_size=256, precision=double",block_size-256_precision-double,size,262144,0.006401
tango,tango_blackscholes,"block_size=256, precision=double",block_size-256_precision-double,size,393216,0.010384
tango,tango_blackscholes,"block_size=256, precision=double",block_size-256_precision-double,size,524288,0.006668
tango,tango_blackscholes,"block_size=256, precision=double",block_size-256_precision-double,size,786432,0.008860
tango,tango_blackscholes,"block_size=256, precision=double",block_size-256_precision-double,size,1048576,0.011252
tango,tango_blackscholes,"block_size=256, precision=double",block_size-256_precision-double,size,1572864,0.014794
tango,tango_blackscholes,"block_size=256, precision=double",block_size-256_precision-double,size,2097152,0.019471
tango,tango_blackscholes,"block_size=256, precision=double",block_size-256_precision-double,size,3145728,0.026327
tango,tango_blackscholes,"block_size=256, precision=double",block_size-256_precision-double,size,4194304,0.034091
tango,tango_blackscholes,"block_size=256, precision=double",block_size-256_precision-double,size,6291456,0.049472
tango,tango_blackscholes,"block_size=256, precision=double",block_size-256_precision-double,size,8388608,0.064747
tango,tango_blackscholes,"block_size=256, precision=float",block_size-256_precision-float,size,1024,0.005867
tango,tango_blackscholes,"block_size=256, precision=float",block_size-256_precision-float,size,1536,0.005813
tango,tango_blackscholes,"block_size=256, precision=float",block_size-256_precision-float,size,2048,0.006736
tango,tango_blackscholes,"block_size=256, precision=float",block_size-256_precision-float,size,3072,0.006254
tango,tango_blackscholes,"block_size=256, precision=float",block_size-256_precision-float,size,4096,0.005880
tango,tango_blackscholes,"block_size=256, precision=float",block_size-256_precision-float,size,6144,0.005827
tango,tango_blackscholes,"block_size=256, precision=float",block_size-256_precision-float,size,8192,0.005800
tango,tango_blackscholes,"block_size=256, precision=float",block_size-256_precision-float,size,12288,0.005813
tango,tango_blackscholes,"block_size=256, precision=float",block_size-256_precision-float,size,16384,0.005800
tango,tango_blackscholes,"block_size=256, precision=float",block_size-256_precision-float,size,24576,0.005866
tango,tango_blackscholes,"block_size=256, precision=float",block_size-256_precision-float,size,32768,0.005880
tango,tango_blackscholes,"block_size=256, precision=float",block_size-256_precision-float,size,49152,0.005881
tango,tango_blackscholes,"block_size=256, precision=float",block_size-256_precision-float,size,65536,0.007230
tango,tango_blackscholes,"block_size=256, precision=float",block_size-256_precision-float,size,98304,0.005907
tango,tango_blackscholes,"block_size=256, precision=float",block_size-256_precision-float,size,131072,0.009434
tango,tango_blackscholes,"block_size=256, precision=float",block_size-256_precision-float,size,196608,0.005974
tango,tango_blackscholes,"block_size=256, precision=float",block_size-256_precision-float,size,262144,0.005974
tango,tango_blackscholes,"block_size=256, precision=float",block_size-256_precision-float,size,393216,0.006334
tango,tango_blackscholes,"block_size=256, precision=float",block_size-256_precision-float,size,524288,0.006695
tango,tango_blackscholes,"block_size=256, precision=float",block_size-256_precision-float,size,786432,0.009501
tango,tango_blackscholes,"block_size=256, precision=float",block_size-256_precision-float,size,1048576,0.014272
tango,tango_blackscholes,"block_size=256, precision=float",block_size-256_precision-float,size,1572864,0.015128
tango,tango_blackscholes,"block_size=256, precision=float",block_size-256_precision-float,size,2097152,0.018669
tango,tango_blackscholes,"block_size=256, precision=float",block_size-256_precision-float,size,3145728,0.026487
tango,tango_blackscholes,"block_size=256, precision=float",block_size-256_precision-float,size,4194304,0.033944
tango,tango_blackscholes,"block_size=256, precision=float",block_size-256_precision-float,size,6291456,0.049660
tango,tango_blackscholes,"block_size=256, precision=float",block_size-256_precision-float,size,8388608,0.065069
tango,tango_blackscholes,"block_size=256, precision=half",block_size-256_precision-half,size,1024,0.005841
tango,tango_blackscholes,"block_size=256, precision=half",block_size-256_precision-half,size,1536,0.005840
tango,tango_blackscholes,"block_size=256, precision=half",block_size-256_precision-half,size,2048,0.005733
tango,tango_blackscholes,"block_size=256, precision=half",block_size-256_precision-half,size,3072,0.005853
tango,tango_blackscholes,"block_size=256, precision=half",block_size-256_precision-half,size,4096,0.005960
tango,tango_blackscholes,"block_size=256, precision=half",block_size-256_precision-half,size,6144,0.005827
tango,tango_blackscholes,"block_size=256, precision=half",block_size-256_precision-half,size,8192,0.005773
tango,tango_blackscholes,"block_size=256, precision=half",block_size-256_precision-half,size,12288,0.006201
tango,tango_blackscholes,"block_size=256, precision=half",block_size-256_precision-half,size,16384,0.005854
tango,tango_blackscholes,"block_size=256, precision=half",block_size-256_precision-half,size,24576,0.006040
tango,tango_blackscholes,"block_size=256, precision=half",block_size-256_precision-half,size,32768,0.005800
tango,tango_blackscholes,"block_size=256, precision=half",block_size-256_precision-half,size,49152,0.006081
tango,tango_blackscholes,"block_size=256, precision=half",block_size-256_precision-half,size,65536,0.005987
tango,tango_blackscholes,"block_size=256, precision=half",block_size-256_precision-half,size,98304,0.005907
tango,tango_blackscholes,"block_size=256, precision=half",block_size-256_precision-half,size,131072,0.005920
tango,tango_blackscholes,"block_size=256, precision=half",block_size-256_precision-half,size,196608,0.005947
tango,tango_blackscholes,"block_size=256, precision=half",block_size-256_precision-half,size,262144,0.006013
tango,tango_blackscholes,"block_size=256, precision=half",block_size-256_precision-half,size,393216,0.006214
tango,tango_blackscholes,"block_size=256, precision=half",block_size-256_precision-half,size,524288,0.006736
tango,tango_blackscholes,"block_size=256, precision=half",block_size-256_precision-half,size,786432,0.008900
tango,tango_blackscholes,"block_size=256, precision=half",block_size-256_precision-half,size,1048576,0.011319
tango,tango_blackscholes,"block_size=256, precision=half",block_size-256_precision-half,size,1572864,0.014994
tango,tango_blackscholes,"block_size=256, precision=half",block_size-256_precision-half,size,2097152,0.018629
tango,tango_blackscholes,"block_size=256, precision=half",block_size-256_precision-half,size,3145728,0.027182
tango,tango_blackscholes,"block_size=256, precision=half",block_size-256_precision-half,size,4194304,0.034425
tango,tango_blackscholes,"block_size=256, precision=half",block_size-256_precision-half,size,6291456,0.049286
tango,tango_blackscholes,"block_size=256, precision=half",block_size-256_precision-half,size,8388608,0.065696
