session_id,tier,suite,benchmark,non_scaling_params_json,scaling_param_name,scaling_param_value,time_ms_avg
2,2,altis,altis_cfd,"{""block_size"":256,""precision"":""double""}",size,500,0.025671
2,2,altis,altis_cfd,"{""block_size"":256,""precision"":""double""}",size,750,0.026020
2,2,altis,altis_cfd,"{""block_size"":256,""precision"":""double""}",size,1000,0.027169
2,2,altis,altis_cfd,"{""block_size"":256,""precision"":""double""}",size,1500,0.028332
2,2,altis,altis_cfd,"{""block_size"":256,""precision"":""double""}",size,2000,0.029294
2,2,altis,altis_cfd,"{""block_size"":256,""precision"":""double""}",size,3000,0.032113
2,2,altis,altis_cfd,"{""block_size"":256,""precision"":""double""}",size,5000,0.030456
2,2,altis,altis_cfd,"{""block_size"":256,""precision"":""double""}",size,7500,0.030069
2,2,altis,altis_cfd,"{""block_size"":256,""precision"":""double""}",size,10000,0.030322
2,2,altis,altis_cfd,"{""block_size"":256,""precision"":""double""}",size,15000,0.030643
2,2,altis,altis_cfd,"{""block_size"":256,""precision"":""double""}",size,20000,0.031873
2,2,altis,altis_cfd,"{""block_size"":256,""precision"":""double""}",size,30000,0.035467
2,2,altis,altis_cfd,"{""block_size"":256,""precision"":""double""}",size,50000,0.053201
2,2,altis,altis_cfd,"{""block_size"":256,""precision"":""double""}",size,75000,0.065950
2,2,altis,altis_cfd,"{""block_size"":256,""precision"":""double""}",size,100000,0.085194
2,2,altis,altis_cfd,"{""block_size"":256,""precision"":""double""}",size,150000,0.104118
2,2,altis,altis_cfd,"{""block_size"":256,""precision"":""double""}",size,200000,0.133732
2,2,altis,altis_cfd,"{""block_size"":256,""precision"":""double""}",size,300000,0.219002
2,2,altis,altis_cfd,"{""block_size"":256,""precision"":""double""}",size,500000,0.437660
2,2,altis,altis_cfd,"{""block_size"":256,""precision"":""double""}",size,750000,0.731235
2,2,altis,altis_cfd,"{""block_size"":256,""precision"":""double""}",size,1000000,1.030153
2,2,altis,altis_cfd,"{""block_size"":256,""precision"":""double""}",size,1500000,1.613420
2,2,altis,altis_cfd,"{""block_size"":256,""precision"":""double""}",size,2000000,2.191903
2,2,altis,altis_cfd,"{""block_size"":256,""precision"":""double""}",size,3000000,3.358820
2,2,altis,altis_cfd,"{""block_size"":256,""precision"":""double""}",size,5000000,5.726457
2,2,altis,altis_cfd,"{""block_size"":256,""precision"":""double""}",size,7500000,8.630508
2,2,altis,altis_cfd,"{""block_size"":256,""precision"":""double""}",size,10000000,11.505570
2,2,altis,altis_cfd,"{""block_size"":256,""precision"":""float""}",size,500,0.027382
2,2,altis,altis_cfd,"{""block_size"":256,""precision"":""float""}",size,750,0.025966
2,2,altis,altis_cfd,"{""block_size"":256,""precision"":""float""}",size,1000,0.026340
2,2,altis,altis_cfd,"{""block_size"":256,""precision"":""float""}",size,1500,0.026473
2,2,altis,altis_cfd,"{""block_size"":256,""precision"":""float""}",size,2000,0.027903
2,2,altis,altis_cfd,"{""block_size"":256,""precision"":""float""}",size,3000,0.034545
2,2,altis,altis_cfd,"{""block_size"":256,""precision"":""float""}",size,5000,0.030722
2,2,altis,altis_cfd,"{""block_size"":256,""precision"":""float""}",size,7500,0.032847
2,2,altis,altis_cfd,"{""block_size"":256,""precision"":""float""}",size,10000,0.034546
2,2,altis,altis_cfd,"{""block_size"":256,""precision"":""float""}",size,15000,0.030229
2,2,altis,altis_cfd,"{""block_size"":256,""precision"":""float""}",size,20000,0.031098
2,2,altis,altis_cfd,"{""block_size"":256,""precision"":""float""}",size,30000,0.038380
2,2,altis,altis_cfd,"{""block_size"":256,""precision"":""float""}",size,50000,0.049726
2,2,altis,altis_cfd,"{""block_size"":256,""precision"":""float""}",size,75000,0.067848
2,2,altis,altis_cfd,"{""block_size"":256,""precision"":""float""}",size,100000,0.088160
2,2,altis,altis_cfd,"{""block_size"":256,""precision"":""float""}",size,150000,0.103156
2,2,altis,altis_cfd,"{""block_size"":256,""precision"":""float""}",size,200000,0.135535
2,2,altis,altis_cfd,"{""block_size"":256,""precision"":""float""}",size,300000,0.210879
2,2,altis,altis_cfd,"{""block_size"":256,""precision"":""float""}",size,500000,0.439370
2,2,altis,altis_cfd,"{""block_size"":256,""precision"":""float""}",size,750000,0.732336
2,2,altis,altis_cfd,"{""block_size"":256,""precision"":""float""}",size,1000000,1.023566
2,2,altis,altis_cfd,"{""block_size"":256,""precision"":""float""}",size,1500000,1.613761
2,2,altis,altis_cfd,"{""block_size"":256,""precision"":""float""}",size,2000000,2.195673
2,2,altis,altis_cfd,"{""block_size"":256,""precision"":""float""}",size,3000000,3.373437
2,2,altis,altis_cfd,"{""block_size"":256,""precision"":""float""}",size,5000000,5.713858
2,2,altis,altis_cfd,"{""block_size"":256,""precision"":""float""}",size,7500000,8.638803
2,2,altis,altis_cfd,"{""block_size"":256,""precision"":""float""}",size,10000000,11.534406
2,2,altis,altis_cfd,"{""block_size"":256,""precision"":""half""}",size,500,0.036018
2,2,altis,altis_cfd,"{""block_size"":256,""precision"":""half""}",size,750,0.026113
2,2,altis,altis_cfd,"{""block_size"":256,""precision"":""half""}",size,1000,0.025804
2,2,altis,altis_cfd,"{""block_size"":256,""precision"":""half""}",size,1500,0.026807
2,2,altis,altis_cfd,"{""block_size"":256,""precision"":""half""}",size,2000,0.027714
2,2,altis,altis_cfd,"{""block_size"":256,""precision"":""half""}",size,3000,0.034772
2,2,altis,altis_cfd,"{""block_size"":256,""precision"":""half""}",size,5000,0.030016
2,2,altis,altis_cfd,"{""block_size"":256,""precision"":""half""}",size,7500,0.029935
2,2,altis,altis_cfd,"{""block_size"":256,""precision"":""half""}",size,10000,0.029842
2,2,altis,altis_cfd,"{""block_size"":256,""precision"":""half""}",size,15000,0.030322
2,2,altis,altis_cfd,"{""block_size"":256,""precision"":""half""}",size,20000,0.031966
2,2,altis,altis_cfd,"{""block_size"":256,""precision"":""half""}",size,30000,0.035254
2,2,altis,altis_cfd,"{""block_size"":256,""precision"":""half""}",size,50000,0.049353
2,2,altis,altis_cfd,"{""block_size"":256,""precision"":""half""}",size,75000,0.066926
2,2,altis,altis_cfd,"{""block_size"":256,""precision"":""half""}",size,100000,0.083122
2,2,altis,altis_cfd,"{""block_size"":256,""precision"":""half""}",size,150000,0.102954
2,2,altis,altis_cfd,"{""block_size"":256,""precision"":""half""}",size,200000,0.134813
2,2,altis,altis_cfd,"{""block_size"":256,""precision"":""half""}",size,300000,0.226355
2,2,altis,altis_cfd,"{""block_size"":256,""precision"":""half""}",size,500000,0.443488
2,2,altis,altis_cfd,"{""block_size"":256,""precision"":""half""}",size,750000,0.734843
2,2,altis,altis_cfd,"{""block_size"":256,""precision"":""half""}",size,1000000,1.028323
2,2,altis,altis_cfd,"{""block_size"":256,""precision"":""half""}",size,1500000,1.611071
2,2,altis,altis_cfd,"{""block_size"":256,""precision"":""half""}",size,2000000,2.186473
2,2,altis,altis_cfd,"{""block_size"":256,""precision"":""half""}",size,3000000,3.370017
2,2,altis,altis_cfd,"{""block_size"":256,""precision"":""half""}",size,5000000,5.710061
2,2,altis,altis_cfd,"{""block_size"":256,""precision"":""half""}",size,7500000,8.630274
2,2,altis,altis_cfd,"{""block_size"":256,""precision"":""half""}",size,10000000,11.531945
2,2,altis,altis_gups,"{""block_size"":256,""num_threads"":16384,""num_updates"":128}",table_size,65536,0.072845
2,2,altis,altis_gups,"{""block_size"":256,""num_threads"":16384,""num_updates"":128}",table_size,81920,0.073661
2,2,altis,altis_gups,"{""block_size"":256,""num_threads"":16384,""num_updates"":128}",table_size,98304,0.073848
2,2,altis,altis_gups,"{""block_size"":256,""num_threads"":16384,""num_updates"":128}",table_size,131072,0.072766
2,2,altis,altis_gups,"{""block_size"":256,""num_threads"":16384,""num_updates"":128}",table_size,163840,0.073153
2,2,altis,altis_gups,"{""block_size"":256,""num_threads"":16384,""num_updates"":128}",table_size,196608,0.073541
2,2,altis,altis_gups,"{""block_size"":256,""num_threads"":16384,""num_updates"":128}",table_size,262144,0.073794
2,2,altis,altis_gups,"{""block_size"":256,""num_threads"":16384,""num_updates"":128}",table_size,327680,0.073433
2,2,altis,altis_gups,"{""block_size"":256,""num_threads"":16384,""num_updates"":128}",table_size,393216,0.073901
2,2,altis,altis_gups,"{""block_size"":256,""num_threads"":16384,""num_updates"":128}",table_size,524288,0.074195
2,2,altis,altis_gups,"{""block_size"":256,""num_threads"":16384,""num_updates"":128}",table_size,655360,0.074796
2,2,altis,altis_gups,"{""block_size"":256,""num_threads"":16384,""num_updates"":128}",table_size,786432,0.076159
2,2,altis,altis_gups,"{""block_size"":256,""num_threads"":16384,""num_updates"":128}",table_size,1048576,0.078418
2,2,altis,altis_gups,"{""block_size"":256,""num_threads"":16384,""num_updates"":128}",table_size,1310720,0.081091
2,2,altis,altis_gups,"{""block_size"":256,""num_threads"":16384,""num_updates"":128}",table_size,1572864,0.084097
2,2,altis,altis_gups,"{""block_size"":256,""num_threads"":16384,""num_updates"":128}",table_size,2097152,0.094214
2,2,altis,altis_gups,"{""block_size"":256,""num_threads"":16384,""num_updates"":128}",table_size,2621440,0.094748
2,2,altis,altis_gups,"{""block_size"":256,""num_threads"":16384,""num_updates"":128}",table_size,3145728,0.101256
2,2,altis,altis_gups,"{""block_size"":256,""num_threads"":16384,""num_updates"":128}",table_size,4194304,0.118548
2,2,altis,altis_gups,"{""block_size"":256,""num_threads"":16384,""num_updates"":128}",table_size,5242880,0.117479
2,2,altis,altis_gups,"{""block_size"":256,""num_threads"":16384,""num_updates"":128}",table_size,6291456,0.128011
2,2,altis,altis_gups,"{""block_size"":256,""num_threads"":16384,""num_updates"":128}",table_size,8388608,0.133663
2,2,altis,altis_gups,"{""block_size"":256,""num_threads"":16384,""num_updates"":128}",table_size,10485760,0.131552
2,2,altis,altis_gups,"{""block_size"":256,""num_threads"":16384,""num_updates"":128}",table_size,12582912,0.139397
2,2,altis,altis_gups,"{""block_size"":256,""num_threads"":16384,""num_updates"":128}",table_size,14680064,0.150247
2,2,altis,altis_gups,"{""block_size"":256,""num_threads"":16384,""num_updates"":128}",table_size,16777216,0.156342
2,2,altis,altis_gups,"{""block_size"":256,""num_threads"":16384,""num_updates"":32}",table_size,65536,0.025431
2,2,altis,altis_gups,"{""block_size"":256,""num_threads"":16384,""num_updates"":32}",table_size,81920,0.021381
2,2,altis,altis_gups,"{""block_size"":256,""num_threads"":16384,""num_updates"":32}",table_size,98304,0.021917
2,2,altis,altis_gups,"{""block_size"":256,""num_threads"":16384,""num_updates"":32}",table_size,131072,0.021703
2,2,altis,altis_gups,"{""block_size"":256,""num_threads"":16384,""num_updates"":32}",table_size,163840,0.021743
2,2,altis,altis_gups,"{""block_size"":256,""num_threads"":16384,""num_updates"":32}",table_size,196608,0.022196
2,2,altis,altis_gups,"{""block_size"":256,""num_threads"":16384,""num_updates"":32}",table_size,262144,0.022037
2,2,altis,altis_gups,"{""block_size"":256,""num_threads"":16384,""num_updates"":32}",table_size,327680,0.023240
2,2,altis,altis_gups,"{""block_size"":256,""num_threads"":16384,""num_updates"":32}",table_size,393216,0.023894
2,2,altis,altis_gups,"{""block_size"":256,""num_threads"":16384,""num_updates"":32}",table_size,524288,0.023333
2,2,altis,altis_gups,"{""block_size"":256,""num_threads"":16384,""num_updates"":32}",table_size,655360,0.024068
2,2,altis,altis_gups,"{""block_size"":256,""num_threads"":16384,""num_updates"":32}",table_size,786432,0.024295
2,2,altis,altis_gups,"{""block_size"":256,""num_threads"":16384,""num_updates"":32}",table_size,1048576,0.026540
2,2,altis,altis_gups,"{""block_size"":256,""num_threads"":16384,""num_updates"":32}",table_size,1310720,0.027596
2,2,altis,altis_gups,"{""block_size"":256,""num_threads"":16384,""num_updates"":32}",table_size,1572864,0.030188
2,2,altis,altis_gups,"{""block_size"":256,""num_threads"":16384,""num_updates"":32}",table_size,2097152,0.031766
2,2,altis,altis_gups,"{""block_size"":256,""num_threads"":16384,""num_updates"":32}",table_size,2621440,0.032728
2,2,altis,altis_gups,"{""block_size"":256,""num_threads"":16384,""num_updates"":32}",table_size,3145728,0.030015
2,2,altis,altis_gups,"{""block_size"":256,""num_threads"":16384,""num_updates"":32}",table_size,4194304,0.035360
2,2,altis,altis_gups,"{""block_size"":256,""num_threads"":16384,""num_updates"":32}",table_size,5242880,0.035026
2,2,altis,altis_gups,"{""block_size"":256,""num_threads"":16384,""num_updates"":32}",table_size,6291456,0.034866
2,2,altis,altis_gups,"{""block_size"":256,""num_threads"":16384,""num_updates"":32}",table_size,8388608,0.037525
2,2,altis,altis_gups,"{""block_size"":256,""num_threads"":16384,""num_updates"":32}",table_size,10485760,0.036523
2,2,altis,altis_gups,"{""block_size"":256,""num_threads"":16384,""num_updates"":32}",table_size,12582912,0.037512
2,2,altis,altis_gups,"{""block_size"":256,""num_threads"":16384,""num_updates"":32}",table_size,14680064,0.040145
2,2,altis,altis_gups,"{""block_size"":256,""num_threads"":16384,""num_updates"":32}",table_size,16777216,0.041561
2,2,altis,altis_gups,"{""block_size"":256,""num_threads"":16384,""num_updates"":512}",table_size,65536,0.306617
2,2,altis,altis_gups,"{""block_size"":256,""num_threads"":16384,""num_updates"":512}",table_size,81920,0.276802
2,2,altis,altis_gups,"{""block_size"":256,""num_threads"":16384,""num_updates"":512}",table_size,98304,0.277123
2,2,altis,altis_gups,"{""block_size"":256,""num_threads"":16384,""num_updates"":512}",table_size,131072,0.277737
2,2,altis,altis_gups,"{""block_size"":256,""num_threads"":16384,""num_updates"":512}",table_size,163840,0.276963
2,2,altis,altis_gups,"{""block_size"":256,""num_threads"":16384,""num_updates"":512}",table_size,196608,0.277911
2,2,altis,altis_gups,"{""block_size"":256,""num_threads"":16384,""num_updates"":512}",table_size,262144,0.279355
2,2,altis,altis_gups,"{""block_size"":256,""num_threads"":16384,""num_updates"":512}",table_size,327680,0.278713
2,2,altis,altis_gups,"{""block_size"":256,""num_threads"":16384,""num_updates"":512}",table_size,393216,0.277684
2,2,altis,altis_gups,"{""block_size"":256,""num_threads"":16384,""num_updates"":512}",table_size,524288,0.278071
2,2,altis,altis_gups,"{""block_size"":256,""num_threads"":16384,""num_updates"":512}",table_size,655360,0.277803
2,2,altis,altis_gups,"{""block_size"":256,""num_threads"":16384,""num_updates"":512}",table_size,786432,0.279741
2,2,altis,altis_gups,"{""block_size"":256,""num_threads"":16384,""num_updates"":512}",table_size,1048576,0.282295
2,2,altis,altis_gups,"{""block_size"":256,""num_threads"":16384,""num_updates"":512}",table_size,1310720,0.287491
2,2,altis,altis_gups,"{""block_size"":256,""num_threads"":16384,""num_updates"":512}",table_size,1572864,0.288708
2,2,altis,altis_gups,"{""block_size"":256,""num_threads"":16384,""num_updates"":512}",table_size,2097152,0.298331
2,2,altis,altis_gups,"{""block_size"":256,""num_threads"":16384,""num_updates"":512}",table_size,2621440,0.302393
2,2,altis,altis_gups,"{""block_size"":256,""num_threads"":16384,""num_updates"":512}",table_size,3145728,0.315274
2,2,altis,altis_gups,"{""block_size"":256,""num_threads"":16384,""num_updates"":512}",table_size,4194304,0.333637
2,2,altis,altis_gups,"{""block_size"":256,""num_threads"":16384,""num_updates"":512}",table_size,5242880,0.346573
2,2,altis,altis_gups,"{""block_size"":256,""num_threads"":16384,""num_updates"":512}",table_size,6291456,0.372526
2,2,altis,altis_gups,"{""block_size"":256,""num_threads"":16384,""num_updates"":512}",table_size,8388608,0.407900
2,2,altis,altis_gups,"{""block_size"":256,""num_threads"":16384,""num_updates"":512}",table_size,10485760,0.476455
2,2,altis,altis_gups,"{""block_size"":256,""num_threads"":16384,""num_updates"":512}",table_size,12582912,0.546615
2,2,altis,altis_gups,"{""block_size"":256,""num_threads"":16384,""num_updates"":512}",table_size,14680064,0.579088
2,2,altis,altis_gups,"{""block_size"":256,""num_threads"":16384,""num_updates"":512}",table_size,16777216,0.606350
2,2,altis,altis_gups,"{""block_size"":256,""num_threads"":262144,""num_updates"":128}",table_size,65536,1.062866
2,2,altis,altis_gups,"{""block_size"":256,""num_threads"":262144,""num_updates"":128}",table_size,81920,1.061665
2,2,altis,altis_gups,"{""block_size"":256,""num_threads"":262144,""num_updates"":128}",table_size,98304,1.058356
2,2,altis,altis_gups,"{""block_size"":256,""num_threads"":262144,""num_updates"":128}",table_size,131072,1.061517
2,2,altis,altis_gups,"{""block_size"":256,""num_threads"":262144,""num_updates"":128}",table_size,163840,1.057880
2,2,altis,altis_gups,"{""block_size"":256,""num_threads"":262144,""num_updates"":128}",table_size,196608,1.064870
2,2,altis,altis_gups,"{""block_size"":256,""num_threads"":262144,""num_updates"":128}",table_size,262144,1.061931
2,2,altis,altis_gups,"{""block_size"":256,""num_threads"":262144,""num_updates"":128}",table_size,327680,1.066553
2,2,altis,altis_gups,"{""block_size"":256,""num_threads"":262144,""num_updates"":128}",table_size,393216,1.064229
2,2,altis,altis_gups,"{""block_size"":256,""num_threads"":262144,""num_updates"":128}",table_size,524288,1.065915
2,2,altis,altis_gups,"{""block_size"":256,""num_threads"":262144,""num_updates"":128}",table_size,655360,1.061254
2,2,altis,altis_gups,"{""block_size"":256,""num_threads"":262144,""num_updates"":128}",table_size,786432,1.060568
2,2,altis,altis_gups,"{""block_size"":256,""num_threads"":262144,""num_updates"":128}",table_size,1048576,1.063096
2,2,altis,altis_gups,"{""block_size"":256,""num_threads"":262144,""num_updates"":128}",table_size,1310720,1.058348
2,2,altis,altis_gups,"{""block_size"":256,""num_threads"":262144,""num_updates"":128}",table_size,1572864,1.061049
2,2,altis,altis_gups,"{""block_size"":256,""num_threads"":262144,""num_updates"":128}",table_size,2097152,1.064118
2,2,altis,altis_gups,"{""block_size"":256,""num_threads"":262144,""num_updates"":128}",table_size,2621440,1.061190
2,2,altis,altis_gups,"{""block_size"":256,""num_threads"":262144,""num_updates"":128}",table_size,3145728,1.063482
2,2,altis,altis_gups,"{""block_size"":256,""num_threads"":262144,""num_updates"":128}",table_size,4194304,1.063264
2,2,altis,altis_gups,"{""block_size"":256,""num_threads"":262144,""num_updates"":128}",table_size,5242880,1.065792
2,2,altis,altis_gups,"{""block_size"":256,""num_threads"":262144,""num_updates"":128}",table_size,6291456,1.073969
2,2,altis,altis_gups,"{""block_size"":256,""num_threads"":262144,""num_updates"":128}",table_size,8388608,1.074644
2,2,altis,altis_gups,"{""block_size"":256,""num_threads"":262144,""num_updates"":128}",table_size,10485760,1.099786
2,2,altis,altis_gups,"{""block_size"":256,""num_threads"":262144,""num_updates"":128}",table_size,12582912,1.136088
2,2,altis,altis_gups,"{""block_size"":256,""num_threads"":262144,""num_updates"":128}",table_size,14680064,1.127707
2,2,altis,altis_gups,"{""block_size"":256,""num_threads"":262144,""num_updates"":128}",table_size,16777216,1.150306
2,2,altis,altis_gups,"{""block_size"":256,""num_threads"":262144,""num_updates"":32}",table_size,65536,0.290179
2,2,altis,altis_gups,"{""block_size"":256,""num_threads"":262144,""num_updates"":32}",table_size,81920,0.270692
2,2,altis,altis_gups,"{""block_size"":256,""num_threads"":262144,""num_updates"":32}",table_size,98304,0.269038
2,2,altis,altis_gups,"{""block_size"":256,""num_threads"":262144,""num_updates"":32}",table_size,131072,0.271176
2,2,altis,altis_gups,"{""block_size"":256,""num_threads"":262144,""num_updates"":32}",table_size,163840,0.271703
2,2,altis,altis_gups,"{""block_size"":256,""num_threads"":262144,""num_updates"":32}",table_size,196608,0.269184
2,2,altis,altis_gups,"{""block_size"":256,""num_threads"":262144,""num_updates"":32}",table_size,262144,0.269104
2,2,altis,altis_gups,"{""block_size"":256,""num_threads"":262144,""num_updates"":32}",table_size,327680,0.269398
2,2,altis,altis_gups,"{""block_size"":256,""num_threads"":262144,""num_updates"":32}",table_size,393216,0.270481
2,2,altis,altis_gups,"{""block_size"":256,""num_threads"":262144,""num_updates"":32}",table_size,524288,0.271310
2,2,altis,altis_gups,"{""block_size"":256,""num_threads"":262144,""num_updates"":32}",table_size,655360,0.269933
2,2,altis,altis_gups,"{""block_size"":256,""num_threads"":262144,""num_updates"":32}",table_size,786432,0.270092
2,2,altis,altis_gups,"{""block_size"":256,""num_threads"":262144,""num_updates"":32}",table_size,1048576,0.267261
2,2,altis,altis_gups,"{""block_size"":256,""num_threads"":262144,""num_updates"":32}",table_size,1310720,0.268516
2,2,altis,altis_gups,"{""block_size"":256,""num_threads"":262144,""num_updates"":32}",table_size,1572864,0.269265
2,2,altis,altis_gups,"{""block_size"":256,""num_threads"":262144,""num_updates"":32}",table_size,2097152,0.270508
2,2,altis,altis_gups,"{""block_size"":256,""num_threads"":262144,""num_updates"":32}",table_size,2621440,0.269959
2,2,altis,altis_gups,"{""block_size"":256,""num_threads"":262144,""num_updates"":32}",table_size,3145728,0.270160
2,2,altis,altis_gups,"{""block_size"":256,""num_threads"":262144,""num_updates"":32}",table_size,4194304,0.274918
2,2,altis,altis_gups,"{""block_size"":256,""num_threads"":262144,""num_updates"":32}",table_size,5242880,0.273569
2,2,altis,altis_gups,"{""block_size"":256,""num_threads"":262144,""num_updates"":32}",table_size,6291456,0.276922
2,2,altis,altis_gups,"{""block_size"":256,""num_threads"":262144,""num_updates"":32}",table_size,8388608,0.283110
2,2,altis,altis_gups,"{""block_size"":256,""num_threads"":262144,""num_updates"":32}",table_size,10485760,0.293961
2,2,altis,altis_gups,"{""block_size"":256,""num_threads"":262144,""num_updates"":32}",table_size,12582912,0.303568
2,2,altis,altis_gups,"{""block_size"":256,""num_threads"":262144,""num_updates"":32}",table_size,14680064,0.311694
2,2,altis,altis_gups,"{""block_size"":256,""num_threads"":262144,""num_updates"":32}",table_size,16777216,0.323601
2,2,altis,altis_gups,"{""block_size"":256,""num_threads"":262144,""num_updates"":512}",table_size,65536,4.206003
2,2,altis,altis_gups,"{""block_size"":256,""num_threads"":262144,""num_updates"":512}",table_size,81920,4.210852
2,2,altis,altis_gups,"{""block_size"":256,""num_threads"":262144,""num_updates"":512}",table_size,98304,4.217990
2,2,altis,altis_gups,"{""block_size"":256,""num_threads"":262144,""num_updates"":512}",table_size,131072,4.217593
2,2,altis,altis_gups,"{""block_size"":256,""num_threads"":262144,""num_updates"":512}",table_size,163840,4.213176
2,2,altis,altis_gups,"{""block_size"":256,""num_threads"":262144,""num_updates"":512}",table_size,196608,4.213453
2,2,altis,altis_gups,"{""block_size"":256,""num_threads"":262144,""num_updates"":512}",table_size,262144,4.211022
2,2,altis,altis_gups,"{""block_size"":256,""num_threads"":262144,""num_updates"":512}",table_size,327680,4.215445
2,2,altis,altis_gups,"{""block_size"":256,""num_threads"":262144,""num_updates"":512}",table_size,393216,4.217197
2,2,altis,altis_gups,"{""block_size"":256,""num_threads"":262144,""num_updates"":512}",table_size,524288,4.217137
2,2,altis,altis_gups,"{""block_size"":256,""num_threads"":262144,""num_updates"":512}",table_size,655360,4.211561
2,2,altis,altis_gups,"{""block_size"":256,""num_threads"":262144,""num_updates"":512}",table_size,786432,4.219956
2,2,altis,altis_gups,"{""block_size"":256,""num_threads"":262144,""num_updates"":512}",table_size,1048576,4.216366
2,2,altis,altis_gups,"{""block_size"":256,""num_threads"":262144,""num_updates"":512}",table_size,1310720,4.225306
2,2,altis,altis_gups,"{""block_size"":256,""num_threads"":262144,""num_updates"":512}",table_size,1572864,4.218734
2,2,altis,altis_gups,"{""block_size"":256,""num_threads"":262144,""num_updates"":512}",table_size,2097152,4.215957
2,2,altis,altis_gups,"{""block_size"":256,""num_threads"":262144,""num_updates"":512}",table_size,2621440,4.214693
2,2,altis,altis_gups,"{""block_size"":256,""num_threads"":262144,""num_updates"":512}",table_size,3145728,4.226313
2,2,altis,altis_gups,"{""block_size"":256,""num_threads"":262144,""num_updates"":512}",table_size,4194304,4.231901
2,2,altis,altis_gups,"{""block_size"":256,""num_threads"":262144,""num_updates"":512}",table_size,5242880,4.230075
2,2,altis,altis_gups,"{""block_size"":256,""num_threads"":262144,""num_updates"":512}",table_size,6291456,4.220988
2,2,altis,altis_gups,"{""block_size"":256,""num_threads"":262144,""num_updates"":512}",table_size,8388608,4.234257
2,2,altis,altis_gups,"{""block_size"":256,""num_threads"":262144,""num_updates"":512}",table_size,10485760,4.282791
2,2,altis,altis_gups,"{""block_size"":256,""num_threads"":262144,""num_updates"":512}",table_size,12582912,4.404028
2,2,altis,altis_gups,"{""block_size"":256,""num_threads"":262144,""num_updates"":512}",table_size,14680064,4.398037
2,2,altis,altis_gups,"{""block_size"":256,""num_threads"":262144,""num_updates"":512}",table_size,16777216,4.436001
2,2,altis,altis_gups,"{""block_size"":256,""num_threads"":65536,""num_updates"":128}",table_size,65536,0.267728
2,2,altis,altis_gups,"{""block_size"":256,""num_threads"":65536,""num_updates"":128}",table_size,81920,0.269143
2,2,altis,altis_gups,"{""block_size"":256,""num_threads"":65536,""num_updates"":128}",table_size,98304,0.268704
2,2,altis,altis_gups,"{""block_size"":256,""num_threads"":65536,""num_updates"":128}",table_size,131072,0.269051
2,2,altis,altis_gups,"{""block_size"":256,""num_threads"":65536,""num_updates"":128}",table_size,163840,0.266827
2,2,altis,altis_gups,"{""block_size"":256,""num_threads"":65536,""num_updates"":128}",table_size,196608,0.267969
2,2,altis,altis_gups,"{""block_size"":256,""num_threads"":65536,""num_updates"":128}",table_size,262144,0.267968
2,2,altis,altis_gups,"{""block_size"":256,""num_threads"":65536,""num_updates"":128}",table_size,327680,0.268196
2,2,altis,altis_gups,"{""block_size"":256,""num_threads"":65536,""num_updates"":128}",table_size,393216,0.267998
2,2,altis,altis_gups,"{""block_size"":256,""num_threads"":65536,""num_updates"":128}",table_size,524288,0.268195
2,2,altis,altis_gups,"{""block_size"":256,""num_threads"":65536,""num_updates"":128}",table_size,655360,0.268731
2,2,altis,altis_gups,"{""block_size"":256,""num_threads"":65536,""num_updates"":128}",table_size,786432,0.266793
2,2,altis,altis_gups,"{""block_size"":256,""num_threads"":65536,""num_updates"":128}",table_size,1048576,0.269987
2,2,altis,altis_gups,"{""block_size"":256,""num_threads"":65536,""num_updates"":128}",table_size,1310720,0.268396
2,2,altis,altis_gups,"{""block_size"":256,""num_threads"":65536,""num_updates"":128}",table_size,1572864,0.268222
2,2,altis,altis_gups,"{""block_size"":256,""num_threads"":65536,""num_updates"":128}",table_size,2097152,0.267821
2,2,altis,altis_gups,"{""block_size"":256,""num_threads"":65536,""num_updates"":128}",table_size,2621440,0.268757
2,2,altis,altis_gups,"{""block_size"":256,""num_threads"":65536,""num_updates"":128}",table_size,3145728,0.271001
2,2,altis,altis_gups,"{""block_size"":256,""num_threads"":65536,""num_updates"":128}",table_size,4194304,0.273194
2,2,altis,altis_gups,"{""block_size"":256,""num_threads"":65536,""num_updates"":128}",table_size,5242880,0.273674
2,2,altis,altis_gups,"{""block_size"":256,""num_threads"":65536,""num_updates"":128}",table_size,6291456,0.275346
2,2,altis,altis_gups,"{""block_size"":256,""num_threads"":65536,""num_updates"":128}",table_size,8388608,0.282935
2,2,altis,altis_gups,"{""block_size"":256,""num_threads"":65536,""num_updates"":128}",table_size,10485760,0.289871
2,2,altis,altis_gups,"{""block_size"":256,""num_threads"":65536,""num_updates"":128}",table_size,12582912,0.296352
2,2,altis,altis_gups,"{""block_size"":256,""num_threads"":65536,""num_updates"":128}",table_size,14680064,0.304077
2,2,altis,altis_gups,"{""block_size"":256,""num_threads"":65536,""num_updates"":128}",table_size,16777216,0.315209
2,2,altis,altis_gups,"{""block_size"":256,""num_threads"":65536,""num_updates"":32}",table_size,65536,0.070627
2,2,altis,altis_gups,"{""block_size"":256,""num_threads"":65536,""num_updates"":32}",table_size,81920,0.070761
2,2,altis,altis_gups,"{""block_size"":256,""num_threads"":65536,""num_updates"":32}",table_size,98304,0.071002
2,2,altis,altis_gups,"{""block_size"":256,""num_threads"":65536,""num_updates"":32}",table_size,131072,0.070641
2,2,altis,altis_gups,"{""block_size"":256,""num_threads"":65536,""num_updates"":32}",table_size,163840,0.070453
2,2,altis,altis_gups,"{""block_size"":256,""num_threads"":65536,""num_updates"":32}",table_size,196608,0.070707
2,2,altis,altis_gups,"{""block_size"":256,""num_threads"":65536,""num_updates"":32}",table_size,262144,0.071148
2,2,altis,altis_gups,"{""block_size"":256,""num_threads"":65536,""num_updates"":32}",table_size,327680,0.070386
2,2,altis,altis_gups,"{""block_size"":256,""num_threads"":65536,""num_updates"":32}",table_size,393216,0.070667
2,2,altis,altis_gups,"{""block_size"":256,""num_threads"":65536,""num_updates"":32}",table_size,524288,0.070386
2,2,altis,altis_gups,"{""block_size"":256,""num_threads"":65536,""num_updates"":32}",table_size,655360,0.069224
2,2,altis,altis_gups,"{""block_size"":256,""num_threads"":65536,""num_updates"":32}",table_size,786432,0.069958
2,2,altis,altis_gups,"{""block_size"":256,""num_threads"":65536,""num_updates"":32}",table_size,1048576,0.069933
2,2,altis,altis_gups,"{""block_size"":256,""num_threads"":65536,""num_updates"":32}",table_size,1310720,0.070387
2,2,altis,altis_gups,"{""block_size"":256,""num_threads"":65536,""num_updates"":32}",table_size,1572864,0.070360
2,2,altis,altis_gups,"{""block_size"":256,""num_threads"":65536,""num_updates"":32}",table_size,2097152,0.070480
2,2,altis,altis_gups,"{""block_size"":256,""num_threads"":65536,""num_updates"":32}",table_size,2621440,0.071135
2,2,altis,altis_gups,"{""block_size"":256,""num_threads"":65536,""num_updates"":32}",table_size,3145728,0.071242
2,2,altis,altis_gups,"{""block_size"":256,""num_threads"":65536,""num_updates"":32}",table_size,4194304,0.076360
2,2,altis,altis_gups,"{""block_size"":256,""num_threads"":65536,""num_updates"":32}",table_size,5242880,0.076266
2,2,altis,altis_gups,"{""block_size"":256,""num_threads"":65536,""num_updates"":32}",table_size,6291456,0.076974
2,2,altis,altis_gups,"{""block_size"":256,""num_threads"":65536,""num_updates"":32}",table_size,8388608,0.085407
2,2,altis,altis_gups,"{""block_size"":256,""num_threads"":65536,""num_updates"":32}",table_size,10485760,0.088507
2,2,altis,altis_gups,"{""block_size"":256,""num_threads"":65536,""num_updates"":32}",table_size,12582912,0.090098
2,2,altis,altis_gups,"{""block_size"":256,""num_threads"":65536,""num_updates"":32}",table_size,14680064,0.097047
2,2,altis,altis_gups,"{""block_size"":256,""num_threads"":65536,""num_updates"":32}",table_size,16777216,0.097288
2,2,altis,altis_gups,"{""block_size"":256,""num_threads"":65536,""num_updates"":512}",table_size,65536,1.057883
2,2,altis,altis_gups,"{""block_size"":256,""num_threads"":65536,""num_updates"":512}",table_size,81920,1.061623
2,2,altis,altis_gups,"{""block_size"":256,""num_threads"":65536,""num_updates"":512}",table_size,98304,1.054059
2,2,altis,altis_gups,"{""block_size"":256,""num_threads"":65536,""num_updates"":512}",table_size,131072,1.060780
2,2,altis,altis_gups,"{""block_size"":256,""num_threads"":65536,""num_updates"":512}",table_size,163840,1.056449
2,2,altis,altis_gups,"{""block_size"":256,""num_threads"":65536,""num_updates"":512}",table_size,196608,1.056747
2,2,altis,altis_gups,"{""block_size"":256,""num_threads"":65536,""num_updates"":512}",table_size,262144,1.060607
2,2,altis,altis_gups,"{""block_size"":256,""num_threads"":65536,""num_updates"":512}",table_size,327680,1.060848
2,2,altis,altis_gups,"{""block_size"":256,""num_threads"":65536,""num_updates"":512}",table_size,393216,1.057909
2,2,altis,altis_gups,"{""block_size"":256,""num_threads"":65536,""num_updates"":512}",table_size,524288,1.058657
2,2,altis,altis_gups,"{""block_size"":256,""num_threads"":65536,""num_updates"":512}",table_size,655360,1.057402
2,2,altis,altis_gups,"{""block_size"":256,""num_threads"":65536,""num_updates"":512}",table_size,786432,1.059138
2,2,altis,altis_gups,"{""block_size"":256,""num_threads"":65536,""num_updates"":512}",table_size,1048576,1.057790
2,2,altis,altis_gups,"{""block_size"":256,""num_threads"":65536,""num_updates"":512}",table_size,1310720,1.058150
2,2,altis,altis_gups,"{""block_size"":256,""num_threads"":65536,""num_updates"":512}",table_size,1572864,1.056849
2,2,altis,altis_gups,"{""block_size"":256,""num_threads"":65536,""num_updates"":512}",table_size,2097152,1.057157
2,2,altis,altis_gups,"{""block_size"":256,""num_threads"":65536,""num_updates"":512}",table_size,2621440,1.057462
2,2,altis,altis_gups,"{""block_size"":256,""num_threads"":65536,""num_updates"":512}",table_size,3145728,1.058506
2,2,altis,altis_gups,"{""block_size"":256,""num_threads"":65536,""num_updates"":512}",table_size,4194304,1.061345
2,2,altis,altis_gups,"{""block_size"":256,""num_threads"":65536,""num_updates"":512}",table_size,5242880,1.062879
2,2,altis,altis_gups,"{""block_size"":256,""num_threads"":65536,""num_updates"":512}",table_size,6291456,1.064605
2,2,altis,altis_gups,"{""block_size"":256,""num_threads"":65536,""num_updates"":512}",table_size,8388608,1.069706
2,2,altis,altis_gups,"{""block_size"":256,""num_threads"":65536,""num_updates"":512}",table_size,10485760,1.079301
2,2,altis,altis_gups,"{""block_size"":256,""num_threads"":65536,""num_updates"":512}",table_size,12582912,1.093924
2,2,altis,altis_gups,"{""block_size"":256,""num_threads"":65536,""num_updates"":512}",table_size,14680064,1.127023
2,2,altis,altis_gups,"{""block_size"":256,""num_threads"":65536,""num_updates"":512}",table_size,16777216,1.130727
2,2,altis,altis_particlefilter,"{""num_particles_ratio"":""0.5"",""seed"":42}",size,500,0.237259
2,2,altis,altis_particlefilter,"{""num_particles_ratio"":""0.5"",""seed"":42}",size,750,0.296661
2,2,altis,altis_particlefilter,"{""num_particles_ratio"":""0.5"",""seed"":42}",size,1000,0.299334
2,2,altis,altis_particlefilter,"{""num_particles_ratio"":""0.5"",""seed"":42}",size,1500,0.303998
2,2,altis,altis_particlefilter,"{""num_particles_ratio"":""0.5"",""seed"":42}",size,2000,0.307619
2,2,altis,altis_particlefilter,"{""num_particles_ratio"":""0.5"",""seed"":42}",size,3000,0.310785
2,2,altis,altis_particlefilter,"{""num_particles_ratio"":""0.5"",""seed"":42}",size,5000,0.316441
2,2,altis,altis_particlefilter,"{""num_particles_ratio"":""0.5"",""seed"":42}",size,7500,0.315557
2,2,altis,altis_particlefilter,"{""num_particles_ratio"":""0.5"",""seed"":42}",size,10000,0.322320
2,2,altis,altis_particlefilter,"{""num_particles_ratio"":""0.5"",""seed"":42}",size,15000,0.322250
2,2,altis,altis_particlefilter,"{""num_particles_ratio"":""0.5"",""seed"":42}",size,20000,0.320301
2,2,altis,altis_particlefilter,"{""num_particles_ratio"":""0.5"",""seed"":42}",size,30000,0.329229
2,2,altis,altis_particlefilter,"{""num_particles_ratio"":""0.5"",""seed"":42}",size,50000,0.335641
2,2,altis,altis_particlefilter,"{""num_particles_ratio"":""0.5"",""seed"":42}",size,75000,0.345516
2,2,altis,altis_particlefilter,"{""num_particles_ratio"":""0.5"",""seed"":42}",size,100000,0.343364
2,2,altis,altis_particlefilter,"{""num_particles_ratio"":""0.5"",""seed"":42}",size,150000,0.367692
2,2,altis,altis_particlefilter,"{""num_particles_ratio"":""0.5"",""seed"":42}",size,200000,0.383757
2,2,altis,altis_particlefilter,"{""num_particles_ratio"":""0.5"",""seed"":42}",size,300000,0.414003
2,2,altis,altis_particlefilter,"{""num_particles_ratio"":""0.5"",""seed"":42}",size,500000,0.472044
2,2,altis,altis_particlefilter,"{""num_particles_ratio"":""0.5"",""seed"":42}",size,750000,0.563830
2,2,altis,altis_particlefilter,"{""num_particles_ratio"":""0.5"",""seed"":42}",size,1000000,0.597114
2,2,altis,altis_particlefilter,"{""num_particles_ratio"":""0.5"",""seed"":42}",size,1500000,0.785403
2,2,altis,altis_particlefilter,"{""num_particles_ratio"":""0.5"",""seed"":42}",size,2000000,0.938860
2,2,altis,altis_particlefilter,"{""num_particles_ratio"":""0.5"",""seed"":42}",size,3000000,1.290799
2,2,altis,altis_particlefilter,"{""num_particles_ratio"":""0.5"",""seed"":42}",size,5000000,1.924003
2,2,altis,altis_particlefilter,"{""num_particles_ratio"":""0.5"",""seed"":42}",size,7500000,2.725232
2,2,altis,altis_particlefilter,"{""num_particles_ratio"":""0.5"",""seed"":42}",size,10000000,3.259629
2,2,altis,altis_raytracing,"{""height"":1024,""spheres"":256}",width,64,0.040425
2,2,altis,altis_raytracing,"{""height"":1024,""spheres"":256}",width,128,0.040745
2,2,altis,altis_raytracing,"{""height"":1024,""spheres"":256}",width,256,0.049753
2,2,altis,altis_raytracing,"{""height"":1024,""spheres"":256}",width,384,0.067874
2,2,altis,altis_raytracing,"{""height"":1024,""spheres"":256}",width,512,0.081719
2,2,altis,altis_raytracing,"{""height"":1024,""spheres"":256}",width,640,0.105372
2,2,altis,altis_raytracing,"{""height"":1024,""spheres"":256}",width,768,0.117347
2,2,altis,altis_raytracing,"{""height"":1024,""spheres"":256}",width,1024,0.148751
2,2,altis,altis_raytracing,"{""height"":1024,""spheres"":256}",width,1280,0.177283
2,2,altis,altis_raytracing,"{""height"":1024,""spheres"":256}",width,1536,0.212697
2,2,altis,altis_raytracing,"{""height"":1024,""spheres"":256}",width,1792,0.243379
2,2,altis,altis_raytracing,"{""height"":1024,""spheres"":256}",width,2048,0.269907
2,2,altis,altis_raytracing,"{""height"":1024,""spheres"":256}",width,2560,0.328762
2,2,altis,altis_raytracing,"{""height"":1024,""spheres"":256}",width,3072,0.394553
2,2,altis,altis_raytracing,"{""height"":1024,""spheres"":256}",width,3584,0.485899
2,2,altis,altis_raytracing,"{""height"":1024,""spheres"":256}",width,4096,0.595790
2,2,altis,altis_raytracing,"{""height"":1024,""spheres"":256}",width,5120,0.766604
2,2,altis,altis_raytracing,"{""height"":1024,""spheres"":256}",width,6144,0.883487
2,2,altis,altis_raytracing,"{""height"":1024,""spheres"":256}",width,7168,0.987760
2,2,altis,altis_raytracing,"{""height"":1024,""spheres"":256}",width,8192,1.092403
2,2,altis,altis_raytracing,"{""height"":1024,""spheres"":64}",width,64,0.015275
2,2,altis,altis_raytracing,"{""height"":1024,""spheres"":64}",width,128,0.013484
2,2,altis,altis_raytracing,"{""height"":1024,""spheres"":64}",width,256,0.016411
2,2,altis,altis_raytracing,"{""height"":1024,""spheres"":64}",width,384,0.021903
2,2,altis,altis_raytracing,"{""height"":1024,""spheres"":64}",width,512,0.025685
2,2,altis,altis_raytracing,"{""height"":1024,""spheres"":64}",width,640,0.031325
2,2,altis,altis_raytracing,"{""height"":1024,""spheres"":64}",width,768,0.034813
2,2,altis,altis_raytracing,"{""height"":1024,""spheres"":64}",width,1024,0.043632
2,2,altis,altis_raytracing,"{""height"":1024,""spheres"":64}",width,1280,0.051263
2,2,altis,altis_raytracing,"{""height"":1024,""spheres"":64}",width,1536,0.060872
2,2,altis,altis_raytracing,"{""height"":1024,""spheres"":64}",width,1792,0.068609
2,2,altis,altis_raytracing,"{""height"":1024,""spheres"":64}",width,2048,0.079113
2,2,altis,altis_raytracing,"{""height"":1024,""spheres"":64}",width,2560,0.095497
2,2,altis,altis_raytracing,"{""height"":1024,""spheres"":64}",width,3072,0.112509
2,2,altis,altis_raytracing,"{""height"":1024,""spheres"":64}",width,3584,0.131111
2,2,altis,altis_raytracing,"{""height"":1024,""spheres"":64}",width,4096,0.152039
2,2,altis,altis_raytracing,"{""height"":1024,""spheres"":64}",width,5120,0.181305
2,2,altis,altis_raytracing,"{""height"":1024,""spheres"":64}",width,6144,0.221744
2,2,altis,altis_raytracing,"{""height"":1024,""spheres"":64}",width,7168,0.247335
2,2,altis,altis_raytracing,"{""height"":1024,""spheres"":64}",width,8192,0.269498
2,2,altis,altis_raytracing,"{""height"":1024,""spheres"":8}",width,64,0.006000
2,2,altis,altis_raytracing,"{""height"":1024,""spheres"":8}",width,128,0.005853
2,2,altis,altis_raytracing,"{""height"":1024,""spheres"":8}",width,256,0.006588
2,2,altis,altis_raytracing,"{""height"":1024,""spheres"":8}",width,384,0.007845
2,2,altis,altis_raytracing,"{""height"":1024,""spheres"":8}",width,512,0.008686
2,2,altis,altis_raytracing,"{""height"":1024,""spheres"":8}",width,640,0.009689
2,2,altis,altis_raytracing,"{""height"":1024,""spheres"":8}",width,768,0.010397
2,2,altis,altis_raytracing,"{""height"":1024,""spheres"":8}",width,1024,0.012455
2,2,altis,altis_raytracing,"{""height"":1024,""spheres"":8}",width,1280,0.014834
2,2,altis,altis_raytracing,"{""height"":1024,""spheres"":8}",width,1536,0.016678
2,2,altis,altis_raytracing,"{""height"":1024,""spheres"":8}",width,1792,0.019017
2,2,altis,altis_raytracing,"{""height"":1024,""spheres"":8}",width,2048,0.021088
2,2,altis,altis_raytracing,"{""height"":1024,""spheres"":8}",width,2560,0.025111
2,2,altis,altis_raytracing,"{""height"":1024,""spheres"":8}",width,3072,0.029400
2,2,altis,altis_raytracing,"{""height"":1024,""spheres"":8}",width,3584,0.033410
2,2,altis,altis_raytracing,"{""height"":1024,""spheres"":8}",width,4096,0.037725
2,2,altis,altis_raytracing,"{""height"":1024,""spheres"":8}",width,5120,0.045570
2,2,altis,altis_raytracing,"{""height"":1024,""spheres"":8}",width,6144,0.054003
2,2,altis,altis_raytracing,"{""height"":1024,""spheres"":8}",width,7168,0.061527
2,2,altis,altis_raytracing,"{""height"":1024,""spheres"":8}",width,8192,0.070466
2,2,altis,altis_raytracing,"{""height"":2048,""spheres"":256}",width,64,0.040425
2,2,altis,altis_raytracing,"{""height"":2048,""spheres"":256}",width,128,0.047735
2,2,altis,altis_raytracing,"{""height"":2048,""spheres"":256}",width,256,0.080729
2,2,altis,altis_raytracing,"{""height"":2048,""spheres"":256}",width,384,0.117667
2,2,altis,altis_raytracing,"{""height"":2048,""spheres"":256}",width,512,0.148418
2,2,altis,altis_raytracing,"{""height"":2048,""spheres"":256}",width,640,0.178125
2,2,altis,altis_raytracing,"{""height"":2048,""spheres"":256}",width,768,0.215058
2,2,altis,altis_raytracing,"{""height"":2048,""spheres"":256}",width,1024,0.267715
2,2,altis,altis_raytracing,"{""height"":2048,""spheres"":256}",width,1280,0.332703
2,2,altis,altis_raytracing,"{""height"":2048,""spheres"":256}",width,1536,0.400704
2,2,altis,altis_raytracing,"{""height"":2048,""spheres"":256}",width,1792,0.479665
2,2,altis,altis_raytracing,"{""height"":2048,""spheres"":256}",width,2048,0.565938
2,2,altis,altis_raytracing,"{""height"":2048,""spheres"":256}",width,2560,0.776159
2,2,altis,altis_raytracing,"{""height"":2048,""spheres"":256}",width,3072,0.918544
2,2,altis,altis_raytracing,"{""height"":2048,""spheres"":256}",width,3584,0.999836
2,2,altis,altis_raytracing,"{""height"":2048,""spheres"":256}",width,4096,1.114376
2,2,altis,altis_raytracing,"{""height"":2048,""spheres"":256}",width,5120,1.325603
2,2,altis,altis_raytracing,"{""height"":2048,""spheres"":256}",width,6144,1.608407
2,2,altis,altis_raytracing,"{""height"":2048,""spheres"":256}",width,7168,1.833232
2,2,altis,altis_raytracing,"{""height"":2048,""spheres"":256}",width,8192,2.082320
2,2,altis,altis_raytracing,"{""height"":2048,""spheres"":64}",width,64,0.013751
2,2,altis,altis_raytracing,"{""height"":2048,""spheres"":64}",width,128,0.016264
2,2,altis,altis_raytracing,"{""height"":2048,""spheres"":64}",width,256,0.025324
2,2,altis,altis_raytracing,"{""height"":2048,""spheres"":64}",width,384,0.035173
2,2,altis,altis_raytracing,"{""height"":2048,""spheres"":64}",width,512,0.043980
2,2,altis,altis_raytracing,"{""height"":2048,""spheres"":64}",width,640,0.052666
2,2,altis,altis_raytracing,"{""height"":2048,""spheres"":64}",width,768,0.062729
2,2,altis,altis_raytracing,"{""height"":2048,""spheres"":64}",width,1024,0.079768
2,2,altis,altis_raytracing,"{""height"":2048,""spheres"":64}",width,1280,0.098250
2,2,altis,altis_raytracing,"{""height"":2048,""spheres"":64}",width,1536,0.116130
2,2,altis,altis_raytracing,"{""height"":2048,""spheres"":64}",width,1792,0.133824
2,2,altis,altis_raytracing,"{""height"":2048,""spheres"":64}",width,2048,0.153040
2,2,altis,altis_raytracing,"{""height"":2048,""spheres"":64}",width,2560,0.184566
2,2,altis,altis_raytracing,"{""height"":2048,""spheres"":64}",width,3072,0.218109
2,2,altis,altis_raytracing,"{""height"":2048,""spheres"":64}",width,3584,0.246106
2,2,altis,altis_raytracing,"{""height"":2048,""spheres"":64}",width,4096,0.288309
2,2,altis,altis_raytracing,"{""height"":2048,""spheres"":64}",width,5120,0.338583
2,2,altis,altis_raytracing,"{""height"":2048,""spheres"":64}",width,6144,0.422378
2,2,altis,altis_raytracing,"{""height"":2048,""spheres"":64}",width,7168,0.546790
2,2,altis,altis_raytracing,"{""height"":2048,""spheres"":64}",width,8192,0.648117
2,2,altis,altis_raytracing,"{""height"":2048,""spheres"":8}",width,64,0.006080
2,2,altis,altis_raytracing,"{""height"":2048,""spheres"":8}",width,128,0.006602
2,2,altis,altis_raytracing,"{""height"":2048,""spheres"":8}",width,256,0.008539
2,2,altis,altis_raytracing,"{""height"":2048,""spheres"":8}",width,384,0.011346
2,2,altis,altis_raytracing,"{""height"":2048,""spheres"":8}",width,512,0.012348
2,2,altis,altis_raytracing,"{""height"":2048,""spheres"":8}",width,640,0.015008
2,2,altis,altis_raytracing,"{""height"":2048,""spheres"":8}",width,768,0.016905
2,2,altis,altis_raytracing,"{""height"":2048,""spheres"":8}",width,1024,0.021168
2,2,altis,altis_raytracing,"{""height"":2048,""spheres"":8}",width,1280,0.025605
2,2,altis,altis_raytracing,"{""height"":2048,""spheres"":8}",width,1536,0.029560
2,2,altis,altis_raytracing,"{""height"":2048,""spheres"":8}",width,1792,0.033837
2,2,altis,altis_raytracing,"{""height"":2048,""spheres"":8}",width,2048,0.038327
2,2,altis,altis_raytracing,"{""height"":2048,""spheres"":8}",width,2560,0.045945
2,2,altis,altis_raytracing,"{""height"":2048,""spheres"":8}",width,3072,0.054711
2,2,altis,altis_raytracing,"{""height"":2048,""spheres"":8}",width,3584,0.062877
2,2,altis,altis_raytracing,"{""height"":2048,""spheres"":8}",width,4096,0.070213
2,2,altis,altis_raytracing,"{""height"":2048,""spheres"":8}",width,5120,0.088040
2,2,altis,altis_raytracing,"{""height"":2048,""spheres"":8}",width,6144,0.103395
2,2,altis,altis_raytracing,"{""height"":2048,""spheres"":8}",width,7168,0.121409
2,2,altis,altis_raytracing,"{""height"":2048,""spheres"":8}",width,8192,0.136457
2,2,altis,altis_raytracing,"{""height"":4096,""spheres"":256}",width,64,0.047454
2,2,altis,altis_raytracing,"{""height"":4096,""spheres"":256}",width,128,0.080850
2,2,altis,altis_raytracing,"{""height"":4096,""spheres"":256}",width,256,0.146559
2,2,altis,altis_raytracing,"{""height"":4096,""spheres"":256}",width,384,0.213351
2,2,altis,altis_raytracing,"{""height"":4096,""spheres"":256}",width,512,0.266792
2,2,altis,altis_raytracing,"{""height"":4096,""spheres"":256}",width,640,0.330620
2,2,altis,altis_raytracing,"{""height"":4096,""spheres"":256}",width,768,0.405220
2,2,altis,altis_raytracing,"{""height"":4096,""spheres"":256}",width,1024,0.604720
2,2,altis,altis_raytracing,"{""height"":4096,""spheres"":256}",width,1280,0.773635
2,2,altis,altis_raytracing,"{""height"":4096,""spheres"":256}",width,1536,0.900514
2,2,altis,altis_raytracing,"{""height"":4096,""spheres"":256}",width,1792,1.006984
2,2,altis,altis_raytracing,"{""height"":4096,""spheres"":256}",width,2048,1.117610
2,2,altis,altis_raytracing,"{""height"":4096,""spheres"":256}",width,2560,1.349955
2,2,altis,altis_raytracing,"{""height"":4096,""spheres"":256}",width,3072,1.628415
2,2,altis,altis_raytracing,"{""height"":4096,""spheres"":256}",width,3584,1.847572
2,2,altis,altis_raytracing,"{""height"":4096,""spheres"":256}",width,4096,2.106358
2,2,altis,altis_raytracing,"{""height"":4096,""spheres"":256}",width,5120,2.583256
2,2,altis,altis_raytracing,"{""height"":4096,""spheres"":256}",width,6144,3.064544
2,2,altis,altis_raytracing,"{""height"":4096,""spheres"":256}",width,7168,3.537606
2,2,altis,altis_raytracing,"{""height"":4096,""spheres"":256}",width,8192,4.041633
2,2,altis,altis_raytracing,"{""height"":4096,""spheres"":64}",width,64,0.016023
2,2,altis,altis_raytracing,"{""height"":4096,""spheres"":64}",width,128,0.025525
2,2,altis,altis_raytracing,"{""height"":4096,""spheres"":64}",width,256,0.044220
2,2,altis,altis_raytracing,"{""height"":4096,""spheres"":64}",width,384,0.063023
2,2,altis,altis_raytracing,"{""height"":4096,""spheres"":64}",width,512,0.079968
2,2,altis,altis_raytracing,"{""height"":4096,""spheres"":64}",width,640,0.098851
2,2,altis,altis_raytracing,"{""height"":4096,""spheres"":64}",width,768,0.116358
2,2,altis,altis_raytracing,"{""height"":4096,""spheres"":64}",width,1024,0.152293
2,2,altis,altis_raytracing,"{""height"":4096,""spheres"":64}",width,1280,0.192543
2,2,altis,altis_raytracing,"{""height"":4096,""spheres"":64}",width,1536,0.220006
2,2,altis,altis_raytracing,"{""height"":4096,""spheres"":64}",width,1792,0.252308
2,2,altis,altis_raytracing,"{""height"":4096,""spheres"":64}",width,2048,0.295926
2,2,altis,altis_raytracing,"{""height"":4096,""spheres"":64}",width,2560,0.354099
2,2,altis,altis_raytracing,"{""height"":4096,""spheres"":64}",width,3072,0.427775
2,2,altis,altis_raytracing,"{""height"":4096,""spheres"":64}",width,3584,0.541550
2,2,altis,altis_raytracing,"{""height"":4096,""spheres"":64}",width,4096,0.674777
2,2,altis,altis_raytracing,"{""height"":4096,""spheres"":64}",width,5120,0.846087
2,2,altis,altis_raytracing,"{""height"":4096,""spheres"":64}",width,6144,0.937156
2,2,altis,altis_raytracing,"{""height"":4096,""spheres"":64}",width,7168,1.073520
2,2,altis,altis_raytracing,"{""height"":4096,""spheres"":64}",width,8192,1.158503
2,2,altis,altis_raytracing,"{""height"":4096,""spheres"":8}",width,64,0.006508
2,2,altis,altis_raytracing,"{""height"":4096,""spheres"":8}",width,128,0.008446
2,2,altis,altis_raytracing,"{""height"":4096,""spheres"":8}",width,256,0.012348
2,2,altis,altis_raytracing,"{""height"":4096,""spheres"":8}",width,384,0.016985
2,2,altis,altis_raytracing,"{""height"":4096,""spheres"":8}",width,512,0.021061
2,2,altis,altis_raytracing,"{""height"":4096,""spheres"":8}",width,640,0.025578
2,2,altis,altis_raytracing,"{""height"":4096,""spheres"":8}",width,768,0.029722
2,2,altis,altis_raytracing,"{""height"":4096,""spheres"":8}",width,1024,0.041815
2,2,altis,altis_raytracing,"{""height"":4096,""spheres"":8}",width,1280,0.047107
2,2,altis,altis_raytracing,"{""height"":4096,""spheres"":8}",width,1536,0.055660
2,2,altis,altis_raytracing,"{""height"":4096,""spheres"":8}",width,1792,0.063344
2,2,altis,altis_raytracing,"{""height"":4096,""spheres"":8}",width,2048,0.070921
2,2,altis,altis_raytracing,"{""height"":4096,""spheres"":8}",width,2560,0.089938
2,2,altis,altis_raytracing,"{""height"":4096,""spheres"":8}",width,3072,0.106789
2,2,altis,altis_raytracing,"{""height"":4096,""spheres"":8}",width,3584,0.121102
2,2,altis,altis_raytracing,"{""height"":4096,""spheres"":8}",width,4096,0.141254
2,2,altis,altis_raytracing,"{""height"":4096,""spheres"":8}",width,5120,0.174049
2,2,altis,altis_raytracing,"{""height"":4096,""spheres"":8}",width,6144,0.205694
2,2,altis,altis_raytracing,"{""height"":4096,""spheres"":8}",width,7168,0.231741
2,2,altis,altis_raytracing,"{""height"":4096,""spheres"":8}",width,8192,0.241576
2,2,altis,altis_raytracing,"{""height"":512,""spheres"":256}",width,64,0.040252
2,2,altis,altis_raytracing,"{""height"":512,""spheres"":256}",width,128,0.039998
2,2,altis,altis_raytracing,"{""height"":512,""spheres"":256}",width,256,0.039744
2,2,altis,altis_raytracing,"{""height"":512,""spheres"":256}",width,384,0.041347
2,2,altis,altis_raytracing,"{""height"":512,""spheres"":256}",width,512,0.048243
2,2,altis,altis_raytracing,"{""height"":512,""spheres"":256}",width,640,0.056796
2,2,altis,altis_raytracing,"{""height"":512,""spheres"":256}",width,768,0.067192
2,2,altis,altis_raytracing,"{""height"":512,""spheres"":256}",width,1024,0.081639
2,2,altis,altis_raytracing,"{""height"":512,""spheres"":256}",width,1280,0.102326
2,2,altis,altis_raytracing,"{""height"":512,""spheres"":256}",width,1536,0.115503
2,2,altis,altis_raytracing,"{""height"":512,""spheres"":256}",width,1792,0.126488
2,2,altis,altis_raytracing,"{""height"":512,""spheres"":256}",width,2048,0.146693
2,2,altis,altis_raytracing,"{""height"":512,""spheres"":256}",width,2560,0.175104
2,2,altis,altis_raytracing,"{""height"":512,""spheres"":256}",width,3072,0.208728
2,2,altis,altis_raytracing,"{""height"":512,""spheres"":256}",width,3584,0.238555
2,2,altis,altis_raytracing,"{""height"":512,""spheres"":256}",width,4096,0.272592
2,2,altis,altis_raytracing,"{""height"":512,""spheres"":256}",width,5120,0.333025
2,2,altis,altis_raytracing,"{""height"":512,""spheres"":256}",width,6144,0.387283
2,2,altis,altis_raytracing,"{""height"":512,""spheres"":256}",width,7168,0.472428
2,2,altis,altis_raytracing,"{""height"":512,""spheres"":256}",width,8192,0.574663
2,2,altis,altis_raytracing,"{""height"":512,""spheres"":64}",width,64,0.013310
2,2,altis,altis_raytracing,"{""height"":512,""spheres"":64}",width,128,0.013190
2,2,altis,altis_raytracing,"{""height"":512,""spheres"":64}",width,256,0.013564
2,2,altis,altis_raytracing,"{""height"":512,""spheres"":64}",width,384,0.014259
2,2,altis,altis_raytracing,"{""height"":512,""spheres"":64}",width,512,0.016330
2,2,altis,altis_raytracing,"{""height"":512,""spheres"":64}",width,640,0.018629
2,2,altis,altis_raytracing,"{""height"":512,""spheres"":64}",width,768,0.021409
2,2,altis,altis_raytracing,"{""height"":512,""spheres"":64}",width,1024,0.025124
2,2,altis,altis_raytracing,"{""height"":512,""spheres"":64}",width,1280,0.030750
2,2,altis,altis_raytracing,"{""height"":512,""spheres"":64}",width,1536,0.034398
2,2,altis,altis_raytracing,"{""height"":512,""spheres"":64}",width,1792,0.037632
2,2,altis,altis_raytracing,"{""height"":512,""spheres"":64}",width,2048,0.042924
2,2,altis,altis_raytracing,"{""height"":512,""spheres"":64}",width,2560,0.050288
2,2,altis,altis_raytracing,"{""height"":512,""spheres"":64}",width,3072,0.060524
2,2,altis,altis_raytracing,"{""height"":512,""spheres"":64}",width,3584,0.068168
2,2,altis,altis_raytracing,"{""height"":512,""spheres"":64}",width,4096,0.078578
2,2,altis,altis_raytracing,"{""height"":512,""spheres"":64}",width,5120,0.094494
2,2,altis,altis_raytracing,"{""height"":512,""spheres"":64}",width,6144,0.110918
2,2,altis,altis_raytracing,"{""height"":512,""spheres"":64}",width,7168,0.129936
2,2,altis,altis_raytracing,"{""height"":512,""spheres"":64}",width,8192,0.147255
2,2,altis,altis_raytracing,"{""height"":512,""spheres"":8}",width,64,0.005986
2,2,altis,altis_raytracing,"{""height"":512,""spheres"":8}",width,128,0.005786
2,2,altis,altis_raytracing,"{""height"":512,""spheres"":8}",width,256,0.005800
2,2,altis,altis_raytracing,"{""height"":512,""spheres"":8}",width,384,0.005987
2,2,altis,altis_raytracing,"{""height"":512,""spheres"":8}",width,512,0.006775
2,2,altis,altis_raytracing,"{""height"":512,""spheres"":8}",width,640,0.006989
2,2,altis,altis_raytracing,"{""height"":512,""spheres"":8}",width,768,0.007924
2,2,altis,altis_raytracing,"{""height"":512,""spheres"":8}",width,1024,0.008446
2,2,altis,altis_raytracing,"{""height"":512,""spheres"":8}",width,1280,0.009435
2,2,altis,altis_raytracing,"{""height"":512,""spheres"":8}",width,1536,0.010303
2,2,altis,altis_raytracing,"{""height"":512,""spheres"":8}",width,1792,0.010998
2,2,altis,altis_raytracing,"{""height"":512,""spheres"":8}",width,2048,0.011961
2,2,altis,altis_raytracing,"{""height"":512,""spheres"":8}",width,2560,0.014566
2,2,altis,altis_raytracing,"{""height"":512,""spheres"":8}",width,3072,0.016584
2,2,altis,altis_raytracing,"{""height"":512,""spheres"":8}",width,3584,0.019738
2,2,altis,altis_raytracing,"{""height"":512,""spheres"":8}",width,4096,0.020633
2,2,altis,altis_raytracing,"{""height"":512,""spheres"":8}",width,5120,0.024496
2,2,altis,altis_raytracing,"{""height"":512,""spheres"":8}",width,6144,0.028932
2,2,altis,altis_raytracing,"{""height"":512,""spheres"":8}",width,7168,0.033208
2,2,altis,altis_raytracing,"{""height"":512,""spheres"":8}",width,8192,0.038795
2,2,chai,chai_cedd,"{""height"":2048,""threshold_high"":150,""threshold_low"":50}",width,64,0.034800
2,2,chai,chai_cedd,"{""height"":2048,""threshold_high"":150,""threshold_low"":50}",width,128,0.041014
2,2,chai,chai_cedd,"{""height"":2048,""threshold_high"":150,""threshold_low"":50}",width,256,0.040399
2,2,chai,chai_cedd,"{""height"":2048,""threshold_high"":150,""threshold_low"":50}",width,384,0.048603
2,2,chai,chai_cedd,"{""height"":2048,""threshold_high"":150,""threshold_low"":50}",width,512,0.052453
2,2,chai,chai_cedd,"{""height"":2048,""threshold_high"":150,""threshold_low"":50}",width,640,0.061686
2,2,chai,chai_cedd,"{""height"":2048,""threshold_high"":150,""threshold_low"":50}",width,768,0.069023
2,2,chai,chai_cedd,"{""height"":2048,""threshold_high"":150,""threshold_low"":50}",width,1024,0.086222
2,2,chai,chai_cedd,"{""height"":2048,""threshold_high"":150,""threshold_low"":50}",width,1280,0.099800
2,2,chai,chai_cedd,"{""height"":2048,""threshold_high"":150,""threshold_low"":50}",width,1536,0.114073
2,2,chai,chai_cedd,"{""height"":2048,""threshold_high"":150,""threshold_low"":50}",width,2048,0.142390
2,2,chai,chai_cedd,"{""height"":2048,""threshold_high"":150,""threshold_low"":50}",width,2560,0.175760
2,2,chai,chai_cedd,"{""height"":2048,""threshold_high"":150,""threshold_low"":50}",width,3072,0.206816
2,2,chai,chai_cedd,"{""height"":2048,""threshold_high"":150,""threshold_low"":50}",width,3584,0.239504
2,2,chai,chai_cedd,"{""height"":2048,""threshold_high"":150,""threshold_low"":50}",width,4096,0.258521
2,2,chai,chai_cedd,"{""height"":2048,""threshold_high"":150,""threshold_low"":50}",width,5120,0.354699
2,2,chai,chai_cedd,"{""height"":2048,""threshold_high"":150,""threshold_low"":50}",width,6144,0.427171
2,2,chai,chai_cedd,"{""height"":2048,""threshold_high"":150,""threshold_low"":50}",width,7168,0.524738
2,2,chai,chai_cedd,"{""height"":2048,""threshold_high"":150,""threshold_low"":50}",width,8192,0.607928
2,2,chai,chai_cedd,"{""height"":2048,""threshold_high"":150,""threshold_low"":50}",width,10240,0.828964
2,2,chai,chai_cedd,"{""height"":2048,""threshold_high"":150,""threshold_low"":50}",width,12288,1.016110
2,2,chai,chai_cedd,"{""height"":2048,""threshold_high"":150,""threshold_low"":50}",width,16384,1.315039
2,2,cuda_sdk,cuda_convolution_separable,"{""height"":1024,""radius"":16}",width,64,0.011467
2,2,cuda_sdk,cuda_convolution_separable,"{""height"":1024,""radius"":16}",width,128,0.011358
2,2,cuda_sdk,cuda_convolution_separable,"{""height"":1024,""radius"":16}",width,256,0.011721
2,2,cuda_sdk,cuda_convolution_separable,"{""height"":1024,""radius"":16}",width,384,0.015235
2,2,cuda_sdk,cuda_convolution_separable,"{""height"":1024,""radius"":16}",width,512,0.015382
2,2,cuda_sdk,cuda_convolution_separable,"{""height"":1024,""radius"":16}",width,640,0.019297
2,2,cuda_sdk,cuda_convolution_separable,"{""height"":1024,""radius"":16}",width,768,0.018723
2,2,cuda_sdk,cuda_convolution_separable,"{""height"":1024,""radius"":16}",width,1024,0.021903
2,2,cuda_sdk,cuda_convolution_separable,"{""height"":1024,""radius"":16}",width,1280,0.025939
2,2,cuda_sdk,cuda_convolution_separable,"{""height"":1024,""radius"":16}",width,1536,0.028197
2,2,cuda_sdk,cuda_convolution_separable,"{""height"":1024,""radius"":16}",width,2048,0.031204
2,2,cuda_sdk,cuda_convolution_separable,"{""height"":1024,""radius"":16}",width,2560,0.037459
2,2,cuda_sdk,cuda_convolution_separable,"{""height"":1024,""radius"":16}",width,3072,0.044634
2,2,cuda_sdk,cuda_convolution_separable,"{""height"":1024,""radius"":16}",width,3584,0.046492
2,2,cuda_sdk,cuda_convolution_separable,"{""height"":1024,""radius"":16}",width,4096,0.053026
2,2,cuda_sdk,cuda_convolution_separable,"{""height"":1024,""radius"":16}",width,5120,0.062982
2,2,cuda_sdk,cuda_convolution_separable,"{""height"":1024,""radius"":16}",width,6144,0.075946
2,2,cuda_sdk,cuda_convolution_separable,"{""height"":1024,""radius"":16}",width,7168,0.084686
2,2,cuda_sdk,cuda_convolution_separable,"{""height"":1024,""radius"":16}",width,8192,0.092664
2,2,cuda_sdk,cuda_convolution_separable,"{""height"":1024,""radius"":16}",width,10240,0.114967
2,2,cuda_sdk,cuda_convolution_separable,"{""height"":1024,""radius"":16}",width,12288,0.135789
2,2,cuda_sdk,cuda_convolution_separable,"{""height"":1024,""radius"":16}",width,16384,0.175184
2,2,cuda_sdk,cuda_convolution_separable,"{""height"":1024,""radius"":32}",width,64,0.014366
2,2,cuda_sdk,cuda_convolution_separable,"{""height"":1024,""radius"":32}",width,128,0.015956
2,2,cuda_sdk,cuda_convolution_separable,"{""height"":1024,""radius"":32}",width,256,0.017452
2,2,cuda_sdk,cuda_convolution_separable,"{""height"":1024,""radius"":32}",width,384,0.020862
2,2,cuda_sdk,cuda_convolution_separable,"{""height"":1024,""radius"":32}",width,512,0.021021
2,2,cuda_sdk,cuda_convolution_separable,"{""height"":1024,""radius"":32}",width,640,0.026286
2,2,cuda_sdk,cuda_convolution_separable,"{""height"":1024,""radius"":32}",width,768,0.026647
2,2,cuda_sdk,cuda_convolution_separable,"{""height"":1024,""radius"":32}",width,1024,0.032340
2,2,cuda_sdk,cuda_convolution_separable,"{""height"":1024,""radius"":32}",width,1280,0.037565
2,2,cuda_sdk,cuda_convolution_separable,"{""height"":1024,""radius"":32}",width,1536,0.043352
2,2,cuda_sdk,cuda_convolution_separable,"{""height"":1024,""radius"":32}",width,2048,0.048978
2,2,cuda_sdk,cuda_convolution_separable,"{""height"":1024,""radius"":32}",width,2560,0.059855
2,2,cuda_sdk,cuda_convolution_separable,"{""height"":1024,""radius"":32}",width,3072,0.070800
2,2,cuda_sdk,cuda_convolution_separable,"{""height"":1024,""radius"":32}",width,3584,0.076467
2,2,cuda_sdk,cuda_convolution_separable,"{""height"":1024,""radius"":32}",width,4096,0.087800
2,2,cuda_sdk,cuda_convolution_separable,"{""height"":1024,""radius"":32}",width,5120,0.103746
2,2,cuda_sdk,cuda_convolution_separable,"{""height"":1024,""radius"":32}",width,6144,0.125936
2,2,cuda_sdk,cuda_convolution_separable,"{""height"":1024,""radius"":32}",width,7168,0.142470
2,2,cuda_sdk,cuda_convolution_separable,"{""height"":1024,""radius"":32}",width,8192,0.158691
2,2,cuda_sdk,cuda_convolution_separable,"{""height"":1024,""radius"":32}",width,10240,0.197301
2,2,cuda_sdk,cuda_convolution_separable,"{""height"":1024,""radius"":32}",width,12288,0.234719
2,2,cuda_sdk,cuda_convolution_separable,"{""height"":1024,""radius"":32}",width,16384,0.307711
2,2,cuda_sdk,cuda_convolution_separable,"{""height"":1024,""radius"":4}",width,64,0.010866
2,2,cuda_sdk,cuda_convolution_separable,"{""height"":1024,""radius"":4}",width,128,0.010062
2,2,cuda_sdk,cuda_convolution_separable,"{""height"":1024,""radius"":4}",width,256,0.010984
2,2,cuda_sdk,cuda_convolution_separable,"{""height"":1024,""radius"":4}",width,384,0.011319
2,2,cuda_sdk,cuda_convolution_separable,"{""height"":1024,""radius"":4}",width,512,0.011293
2,2,cuda_sdk,cuda_convolution_separable,"{""height"":1024,""radius"":4}",width,640,0.012495
2,2,cuda_sdk,cuda_convolution_separable,"{""height"":1024,""radius"":4}",width,768,0.013029
2,2,cuda_sdk,cuda_convolution_separable,"{""height"":1024,""radius"":4}",width,1024,0.015622
2,2,cuda_sdk,cuda_convolution_separable,"{""height"":1024,""radius"":4}",width,1280,0.015248
2,2,cuda_sdk,cuda_convolution_separable,"{""height"":1024,""radius"":4}",width,1536,0.017065
2,2,cuda_sdk,cuda_convolution_separable,"{""height"":1024,""radius"":4}",width,2048,0.018429
2,2,cuda_sdk,cuda_convolution_separable,"{""height"":1024,""radius"":4}",width,2560,0.021141
2,2,cuda_sdk,cuda_convolution_separable,"{""height"":1024,""radius"":4}",width,3072,0.024215
2,2,cuda_sdk,cuda_convolution_separable,"{""height"":1024,""radius"":4}",width,3584,0.025284
2,2,cuda_sdk,cuda_convolution_separable,"{""height"":1024,""radius"":4}",width,4096,0.028277
2,2,cuda_sdk,cuda_convolution_separable,"{""height"":1024,""radius"":4}",width,5120,0.032500
2,2,cuda_sdk,cuda_convolution_separable,"{""height"":1024,""radius"":4}",width,6144,0.037405
2,2,cuda_sdk,cuda_convolution_separable,"{""height"":1024,""radius"":4}",width,7168,0.042430
2,2,cuda_sdk,cuda_convolution_separable,"{""height"":1024,""radius"":4}",width,8192,0.048029
2,2,cuda_sdk,cuda_convolution_separable,"{""height"":1024,""radius"":4}",width,10240,0.055633
2,2,cuda_sdk,cuda_convolution_separable,"{""height"":1024,""radius"":4}",width,12288,0.064133
2,2,cuda_sdk,cuda_convolution_separable,"{""height"":1024,""radius"":4}",width,16384,0.081358
2,2,cuda_sdk,cuda_convolution_separable,"{""height"":1024,""radius"":8}",width,64,0.009929
2,2,cuda_sdk,cuda_convolution_separable,"{""height"":1024,""radius"":8}",width,128,0.009849
2,2,cuda_sdk,cuda_convolution_separable,"{""height"":1024,""radius"":8}",width,256,0.011213
2,2,cuda_sdk,cuda_convolution_separable,"{""height"":1024,""radius"":8}",width,384,0.012522
2,2,cuda_sdk,cuda_convolution_separable,"{""height"":1024,""radius"":8}",width,512,0.012696
2,2,cuda_sdk,cuda_convolution_separable,"{""height"":1024,""radius"":8}",width,640,0.014473
2,2,cuda_sdk,cuda_convolution_separable,"{""height"":1024,""radius"":8}",width,768,0.014540
2,2,cuda_sdk,cuda_convolution_separable,"{""height"":1024,""radius"":8}",width,1024,0.016597
2,2,cuda_sdk,cuda_convolution_separable,"{""height"":1024,""radius"":8}",width,1280,0.018468
2,2,cuda_sdk,cuda_convolution_separable,"{""height"":1024,""radius"":8}",width,1536,0.020633
2,2,cuda_sdk,cuda_convolution_separable,"{""height"":1024,""radius"":8}",width,2048,0.022839
2,2,cuda_sdk,cuda_convolution_separable,"{""height"":1024,""radius"":8}",width,2560,0.026367
2,2,cuda_sdk,cuda_convolution_separable,"{""height"":1024,""radius"":8}",width,3072,0.031070
2,2,cuda_sdk,cuda_convolution_separable,"{""height"":1024,""radius"":8}",width,3584,0.032701
2,2,cuda_sdk,cuda_convolution_separable,"{""height"":1024,""radius"":8}",width,4096,0.036828
2,2,cuda_sdk,cuda_convolution_separable,"{""height"":1024,""radius"":8}",width,5120,0.044343
2,2,cuda_sdk,cuda_convolution_separable,"{""height"":1024,""radius"":8}",width,6144,0.050755
2,2,cuda_sdk,cuda_convolution_separable,"{""height"":1024,""radius"":8}",width,7168,0.057958
2,2,cuda_sdk,cuda_convolution_separable,"{""height"":1024,""radius"":8}",width,8192,0.062181
2,2,cuda_sdk,cuda_convolution_separable,"{""height"":1024,""radius"":8}",width,10240,0.076881
2,2,cuda_sdk,cuda_convolution_separable,"{""height"":1024,""radius"":8}",width,12288,0.089243
2,2,cuda_sdk,cuda_convolution_separable,"{""height"":1024,""radius"":8}",width,16384,0.114700
2,2,cuda_sdk,cuda_convolution_separable,"{""height"":2048,""radius"":16}",width,64,0.011440
2,2,cuda_sdk,cuda_convolution_separable,"{""height"":2048,""radius"":16}",width,128,0.011840
2,2,cuda_sdk,cuda_convolution_separable,"{""height"":2048,""radius"":16}",width,256,0.015742
2,2,cuda_sdk,cuda_convolution_separable,"{""height"":2048,""radius"":16}",width,384,0.018696
2,2,cuda_sdk,cuda_convolution_separable,"{""height"":2048,""radius"":16}",width,512,0.021729
2,2,cuda_sdk,cuda_convolution_separable,"{""height"":2048,""radius"":16}",width,640,0.024803
2,2,cuda_sdk,cuda_convolution_separable,"{""height"":2048,""radius"":16}",width,768,0.028091
2,2,cuda_sdk,cuda_convolution_separable,"{""height"":2048,""radius"":16}",width,1024,0.031418
2,2,cuda_sdk,cuda_convolution_separable,"{""height"":2048,""radius"":16}",width,1280,0.037311
2,2,cuda_sdk,cuda_convolution_separable,"{""height"":2048,""radius"":16}",width,1536,0.043218
2,2,cuda_sdk,cuda_convolution_separable,"{""height"":2048,""radius"":16}",width,2048,0.052958
2,2,cuda_sdk,cuda_convolution_separable,"{""height"":2048,""radius"":16}",width,2560,0.062581
2,2,cuda_sdk,cuda_convolution_separable,"{""height"":2048,""radius"":16}",width,3072,0.074155
2,2,cuda_sdk,cuda_convolution_separable,"{""height"":2048,""radius"":16}",width,3584,0.085808
2,2,cuda_sdk,cuda_convolution_separable,"{""height"":2048,""radius"":16}",width,4096,0.092771
2,2,cuda_sdk,cuda_convolution_separable,"{""height"":2048,""radius"":16}",width,5120,0.114206
2,2,cuda_sdk,cuda_convolution_separable,"{""height"":2048,""radius"":16}",width,6144,0.135427
2,2,cuda_sdk,cuda_convolution_separable,"{""height"":2048,""radius"":16}",width,7168,0.156595
2,2,cuda_sdk,cuda_convolution_separable,"{""height"":2048,""radius"":16}",width,8192,0.174837
2,2,cuda_sdk,cuda_convolution_separable,"{""height"":2048,""radius"":16}",width,10240,0.218215
2,2,cuda_sdk,cuda_convolution_separable,"{""height"":2048,""radius"":16}",width,12288,0.258701
2,2,cuda_sdk,cuda_convolution_separable,"{""height"":2048,""radius"":16}",width,16384,0.358347
2,2,cuda_sdk,cuda_convolution_separable,"{""height"":2048,""radius"":32}",width,64,0.015422
2,2,cuda_sdk,cuda_convolution_separable,"{""height"":2048,""radius"":32}",width,128,0.015769
2,2,cuda_sdk,cuda_convolution_separable,"{""height"":2048,""radius"":32}",width,256,0.021234
2,2,cuda_sdk,cuda_convolution_separable,"{""height"":2048,""radius"":32}",width,384,0.026486
2,2,cuda_sdk,cuda_convolution_separable,"{""height"":2048,""radius"":32}",width,512,0.032059
2,2,cuda_sdk,cuda_convolution_separable,"{""height"":2048,""radius"":32}",width,640,0.037593
2,2,cuda_sdk,cuda_convolution_separable,"{""height"":2048,""radius"":32}",width,768,0.043057
2,2,cuda_sdk,cuda_convolution_separable,"{""height"":2048,""radius"":32}",width,1024,0.049112
2,2,cuda_sdk,cuda_convolution_separable,"{""height"":2048,""radius"":32}",width,1280,0.060351
2,2,cuda_sdk,cuda_convolution_separable,"{""height"":2048,""radius"":32}",width,1536,0.070720
2,2,cuda_sdk,cuda_convolution_separable,"{""height"":2048,""radius"":32}",width,2048,0.087379
2,2,cuda_sdk,cuda_convolution_separable,"{""height"":2048,""radius"":32}",width,2560,0.104077
2,2,cuda_sdk,cuda_convolution_separable,"{""height"":2048,""radius"":32}",width,3072,0.125494
2,2,cuda_sdk,cuda_convolution_separable,"{""height"":2048,""radius"":32}",width,3584,0.142389
2,2,cuda_sdk,cuda_convolution_separable,"{""height"":2048,""radius"":32}",width,4096,0.158384
2,2,cuda_sdk,cuda_convolution_separable,"{""height"":2048,""radius"":32}",width,5120,0.196873
2,2,cuda_sdk,cuda_convolution_separable,"{""height"":2048,""radius"":32}",width,6144,0.235374
2,2,cuda_sdk,cuda_convolution_separable,"{""height"":2048,""radius"":32}",width,7168,0.275519
2,2,cuda_sdk,cuda_convolution_separable,"{""height"":2048,""radius"":32}",width,8192,0.309289
2,2,cuda_sdk,cuda_convolution_separable,"{""height"":2048,""radius"":32}",width,10240,0.392693
2,2,cuda_sdk,cuda_convolution_separable,"{""height"":2048,""radius"":32}",width,12288,0.483886
2,2,cuda_sdk,cuda_convolution_separable,"{""height"":2048,""radius"":32}",width,16384,0.637341
2,2,cuda_sdk,cuda_convolution_separable,"{""height"":2048,""radius"":4}",width,64,0.009916
2,2,cuda_sdk,cuda_convolution_separable,"{""height"":2048,""radius"":4}",width,128,0.011011
2,2,cuda_sdk,cuda_convolution_separable,"{""height"":2048,""radius"":4}",width,256,0.011626
2,2,cuda_sdk,cuda_convolution_separable,"{""height"":2048,""radius"":4}",width,384,0.012763
2,2,cuda_sdk,cuda_convolution_separable,"{""height"":2048,""radius"":4}",width,512,0.013965
2,2,cuda_sdk,cuda_convolution_separable,"{""height"":2048,""radius"":4}",width,640,0.015609
2,2,cuda_sdk,cuda_convolution_separable,"{""height"":2048,""radius"":4}",width,768,0.016571
2,2,cuda_sdk,cuda_convolution_separable,"{""height"":2048,""radius"":4}",width,1024,0.018348
2,2,cuda_sdk,cuda_convolution_separable,"{""height"":2048,""radius"":4}",width,1280,0.020967
2,2,cuda_sdk,cuda_convolution_separable,"{""height"":2048,""radius"":4}",width,1536,0.023400
2,2,cuda_sdk,cuda_convolution_separable,"{""height"":2048,""radius"":4}",width,2048,0.028210
2,2,cuda_sdk,cuda_convolution_separable,"{""height"":2048,""radius"":4}",width,2560,0.032461
2,2,cuda_sdk,cuda_convolution_separable,"{""height"":2048,""radius"":4}",width,3072,0.037245
2,2,cuda_sdk,cuda_convolution_separable,"{""height"":2048,""radius"":4}",width,3584,0.041454
2,2,cuda_sdk,cuda_convolution_separable,"{""height"":2048,""radius"":4}",width,4096,0.045916
2,2,cuda_sdk,cuda_convolution_separable,"{""height"":2048,""radius"":4}",width,5120,0.054738
2,2,cuda_sdk,cuda_convolution_separable,"{""height"":2048,""radius"":4}",width,6144,0.063758
2,2,cuda_sdk,cuda_convolution_separable,"{""height"":2048,""radius"":4}",width,7168,0.072831
2,2,cuda_sdk,cuda_convolution_separable,"{""height"":2048,""radius"":4}",width,8192,0.081399
2,2,cuda_sdk,cuda_convolution_separable,"{""height"":2048,""radius"":4}",width,10240,0.099693
2,2,cuda_sdk,cuda_convolution_separable,"{""height"":2048,""radius"":4}",width,12288,0.117104
2,2,cuda_sdk,cuda_convolution_separable,"{""height"":2048,""radius"":4}",width,16384,0.152880
2,2,cuda_sdk,cuda_convolution_separable,"{""height"":2048,""radius"":8}",width,64,0.011051
2,2,cuda_sdk,cuda_convolution_separable,"{""height"":2048,""radius"":8}",width,128,0.010370
2,2,cuda_sdk,cuda_convolution_separable,"{""height"":2048,""radius"":8}",width,256,0.013030
2,2,cuda_sdk,cuda_convolution_separable,"{""height"":2048,""radius"":8}",width,384,0.014781
2,2,cuda_sdk,cuda_convolution_separable,"{""height"":2048,""radius"":8}",width,512,0.016584
2,2,cuda_sdk,cuda_convolution_separable,"{""height"":2048,""radius"":8}",width,640,0.018696
2,2,cuda_sdk,cuda_convolution_separable,"{""height"":2048,""radius"":8}",width,768,0.020366
2,2,cuda_sdk,cuda_convolution_separable,"{""height"":2048,""radius"":8}",width,1024,0.022732
2,2,cuda_sdk,cuda_convolution_separable,"{""height"":2048,""radius"":8}",width,1280,0.026487
2,2,cuda_sdk,cuda_convolution_separable,"{""height"":2048,""radius"":8}",width,1536,0.031966
2,2,cuda_sdk,cuda_convolution_separable,"{""height"":2048,""radius"":8}",width,2048,0.037045
2,2,cuda_sdk,cuda_convolution_separable,"{""height"":2048,""radius"":8}",width,2560,0.043472
2,2,cuda_sdk,cuda_convolution_separable,"{""height"":2048,""radius"":8}",width,3072,0.050928
2,2,cuda_sdk,cuda_convolution_separable,"{""height"":2048,""radius"":8}",width,3584,0.056996
2,2,cuda_sdk,cuda_convolution_separable,"{""height"":2048,""radius"":8}",width,4096,0.062327
2,2,cuda_sdk,cuda_convolution_separable,"{""height"":2048,""radius"":8}",width,5120,0.077135
2,2,cuda_sdk,cuda_convolution_separable,"{""height"":2048,""radius"":8}",width,6144,0.091914
2,2,cuda_sdk,cuda_convolution_separable,"{""height"":2048,""radius"":8}",width,7168,0.104236
2,2,cuda_sdk,cuda_convolution_separable,"{""height"":2048,""radius"":8}",width,8192,0.114499
2,2,cuda_sdk,cuda_convolution_separable,"{""height"":2048,""radius"":8}",width,10240,0.144394
2,2,cuda_sdk,cuda_convolution_separable,"{""height"":2048,""radius"":8}",width,12288,0.167205
2,2,cuda_sdk,cuda_convolution_separable,"{""height"":2048,""radius"":8}",width,16384,0.219738
2,2,cuda_sdk,cuda_convolution_separable,"{""height"":4096,""radius"":16}",width,64,0.014673
2,2,cuda_sdk,cuda_convolution_separable,"{""height"":4096,""radius"":16}",width,128,0.015676
2,2,cuda_sdk,cuda_convolution_separable,"{""height"":4096,""radius"":16}",width,256,0.023681
2,2,cuda_sdk,cuda_convolution_separable,"{""height"":4096,""radius"":16}",width,384,0.027996
2,2,cuda_sdk,cuda_convolution_separable,"{""height"":4096,""radius"":16}",width,512,0.031044
2,2,cuda_sdk,cuda_convolution_separable,"{""height"":4096,""radius"":16}",width,640,0.037459
2,2,cuda_sdk,cuda_convolution_separable,"{""height"":4096,""radius"":16}",width,768,0.043044
2,2,cuda_sdk,cuda_convolution_separable,"{""height"":4096,""radius"":16}",width,1024,0.053068
2,2,cuda_sdk,cuda_convolution_separable,"{""height"":4096,""radius"":16}",width,1280,0.061352
2,2,cuda_sdk,cuda_convolution_separable,"{""height"":4096,""radius"":16}",width,1536,0.074355
2,2,cuda_sdk,cuda_convolution_separable,"{""height"":4096,""radius"":16}",width,2048,0.092783
2,2,cuda_sdk,cuda_convolution_separable,"{""height"":4096,""radius"":16}",width,2560,0.114366
2,2,cuda_sdk,cuda_convolution_separable,"{""height"":4096,""radius"":16}",width,3072,0.135520
2,2,cuda_sdk,cuda_convolution_separable,"{""height"":4096,""radius"":16}",width,3584,0.156823
2,2,cuda_sdk,cuda_convolution_separable,"{""height"":4096,""radius"":16}",width,4096,0.175157
2,2,cuda_sdk,cuda_convolution_separable,"{""height"":4096,""radius"":16}",width,5120,0.218641
2,2,cuda_sdk,cuda_convolution_separable,"{""height"":4096,""radius"":16}",width,6144,0.260110
2,2,cuda_sdk,cuda_convolution_separable,"{""height"":4096,""radius"":16}",width,7168,0.312563
2,2,cuda_sdk,cuda_convolution_separable,"{""height"":4096,""radius"":16}",width,8192,0.356691
2,2,cuda_sdk,cuda_convolution_separable,"{""height"":4096,""radius"":16}",width,10240,0.469601
2,2,cuda_sdk,cuda_convolution_separable,"{""height"":4096,""radius"":16}",width,12288,0.556277
2,2,cuda_sdk,cuda_convolution_separable,"{""height"":4096,""radius"":16}",width,16384,0.788236
2,2,cuda_sdk,cuda_convolution_separable,"{""height"":4096,""radius"":32}",width,64,0.019204
2,2,cuda_sdk,cuda_convolution_separable,"{""height"":4096,""radius"":32}",width,128,0.021208
2,2,cuda_sdk,cuda_convolution_separable,"{""height"":4096,""radius"":32}",width,256,0.031979
2,2,cuda_sdk,cuda_convolution_separable,"{""height"":4096,""radius"":32}",width,384,0.044688
2,2,cuda_sdk,cuda_convolution_separable,"{""height"":4096,""radius"":32}",width,512,0.048898
2,2,cuda_sdk,cuda_convolution_separable,"{""height"":4096,""radius"":32}",width,640,0.060791
2,2,cuda_sdk,cuda_convolution_separable,"{""height"":4096,""radius"":32}",width,768,0.070876
2,2,cuda_sdk,cuda_convolution_separable,"{""height"":4096,""radius"":32}",width,1024,0.087487
2,2,cuda_sdk,cuda_convolution_separable,"{""height"":4096,""radius"":32}",width,1280,0.103781
2,2,cuda_sdk,cuda_convolution_separable,"{""height"":4096,""radius"":32}",width,1536,0.126728
2,2,cuda_sdk,cuda_convolution_separable,"{""height"":4096,""radius"":32}",width,2048,0.158386
2,2,cuda_sdk,cuda_convolution_separable,"{""height"":4096,""radius"":32}",width,2560,0.197006
2,2,cuda_sdk,cuda_convolution_separable,"{""height"":4096,""radius"":32}",width,3072,0.234933
2,2,cuda_sdk,cuda_convolution_separable,"{""height"":4096,""radius"":32}",width,3584,0.273328
2,2,cuda_sdk,cuda_convolution_separable,"{""height"":4096,""radius"":32}",width,4096,0.313125
2,2,cuda_sdk,cuda_convolution_separable,"{""height"":4096,""radius"":32}",width,5120,0.394643
2,2,cuda_sdk,cuda_convolution_separable,"{""height"":4096,""radius"":32}",width,6144,0.480371
2,2,cuda_sdk,cuda_convolution_separable,"{""height"":4096,""radius"":32}",width,7168,0.559027
2,2,cuda_sdk,cuda_convolution_separable,"{""height"":4096,""radius"":32}",width,8192,0.639694
2,2,cuda_sdk,cuda_convolution_separable,"{""height"":4096,""radius"":32}",width,10240,0.827892
2,2,cuda_sdk,cuda_convolution_separable,"{""height"":4096,""radius"":32}",width,12288,0.975472
2,2,cuda_sdk,cuda_convolution_separable,"{""height"":4096,""radius"":32}",width,16384,1.254164
2,2,cuda_sdk,cuda_convolution_separable,"{""height"":4096,""radius"":4}",width,64,0.010557
2,2,cuda_sdk,cuda_convolution_separable,"{""height"":4096,""radius"":4}",width,128,0.011666
2,2,cuda_sdk,cuda_convolution_separable,"{""height"":4096,""radius"":4}",width,256,0.014300
2,2,cuda_sdk,cuda_convolution_separable,"{""height"":4096,""radius"":4}",width,384,0.016772
2,2,cuda_sdk,cuda_convolution_separable,"{""height"":4096,""radius"":4}",width,512,0.018441
2,2,cuda_sdk,cuda_convolution_separable,"{""height"":4096,""radius"":4}",width,640,0.021048
2,2,cuda_sdk,cuda_convolution_separable,"{""height"":4096,""radius"":4}",width,768,0.023346
2,2,cuda_sdk,cuda_convolution_separable,"{""height"":4096,""radius"":4}",width,1024,0.028117
2,2,cuda_sdk,cuda_convolution_separable,"{""height"":4096,""radius"":4}",width,1280,0.032246
2,2,cuda_sdk,cuda_convolution_separable,"{""height"":4096,""radius"":4}",width,1536,0.038527
2,2,cuda_sdk,cuda_convolution_separable,"{""height"":4096,""radius"":4}",width,2048,0.045958
2,2,cuda_sdk,cuda_convolution_separable,"{""height"":4096,""radius"":4}",width,2560,0.054977
2,2,cuda_sdk,cuda_convolution_separable,"{""height"":4096,""radius"":4}",width,3072,0.063838
2,2,cuda_sdk,cuda_convolution_separable,"{""height"":4096,""radius"":4}",width,3584,0.073086
2,2,cuda_sdk,cuda_convolution_separable,"{""height"":4096,""radius"":4}",width,4096,0.081612
2,2,cuda_sdk,cuda_convolution_separable,"{""height"":4096,""radius"":4}",width,5120,0.099399
2,2,cuda_sdk,cuda_convolution_separable,"{""height"":4096,""radius"":4}",width,6144,0.117641
2,2,cuda_sdk,cuda_convolution_separable,"{""height"":4096,""radius"":4}",width,7168,0.135376
2,2,cuda_sdk,cuda_convolution_separable,"{""height"":4096,""radius"":4}",width,8192,0.152666
2,2,cuda_sdk,cuda_convolution_separable,"{""height"":4096,""radius"":4}",width,10240,0.206494
2,2,cuda_sdk,cuda_convolution_separable,"{""height"":4096,""radius"":4}",width,12288,0.247509
2,2,cuda_sdk,cuda_convolution_separable,"{""height"":4096,""radius"":4}",width,16384,0.342271
2,2,cuda_sdk,cuda_convolution_separable,"{""height"":4096,""radius"":8}",width,64,0.012615
2,2,cuda_sdk,cuda_convolution_separable,"{""height"":4096,""radius"":8}",width,128,0.013043
2,2,cuda_sdk,cuda_convolution_separable,"{""height"":4096,""radius"":8}",width,256,0.016651
2,2,cuda_sdk,cuda_convolution_separable,"{""height"":4096,""radius"":8}",width,384,0.020353
2,2,cuda_sdk,cuda_convolution_separable,"{""height"":4096,""radius"":8}",width,512,0.022918
2,2,cuda_sdk,cuda_convolution_separable,"{""height"":4096,""radius"":8}",width,640,0.026607
2,2,cuda_sdk,cuda_convolution_separable,"{""height"":4096,""radius"":8}",width,768,0.029895
2,2,cuda_sdk,cuda_convolution_separable,"{""height"":4096,""radius"":8}",width,1024,0.037352
2,2,cuda_sdk,cuda_convolution_separable,"{""height"":4096,""radius"":8}",width,1280,0.041494
2,2,cuda_sdk,cuda_convolution_separable,"{""height"":4096,""radius"":8}",width,1536,0.050995
2,2,cuda_sdk,cuda_convolution_separable,"{""height"":4096,""radius"":8}",width,2048,0.062970
2,2,cuda_sdk,cuda_convolution_separable,"{""height"":4096,""radius"":8}",width,2560,0.076961
2,2,cuda_sdk,cuda_convolution_separable,"{""height"":4096,""radius"":8}",width,3072,0.090633
2,2,cuda_sdk,cuda_convolution_separable,"{""height"":4096,""radius"":8}",width,3584,0.103795
2,2,cuda_sdk,cuda_convolution_separable,"{""height"":4096,""radius"":8}",width,4096,0.114727
2,2,cuda_sdk,cuda_convolution_separable,"{""height"":4096,""radius"":8}",width,5120,0.143748
2,2,cuda_sdk,cuda_convolution_separable,"{""height"":4096,""radius"":8}",width,6144,0.169678
2,2,cuda_sdk,cuda_convolution_separable,"{""height"":4096,""radius"":8}",width,7168,0.196980
2,2,cuda_sdk,cuda_convolution_separable,"{""height"":4096,""radius"":8}",width,8192,0.219205
2,2,cuda_sdk,cuda_convolution_separable,"{""height"":4096,""radius"":8}",width,10240,0.290721
2,2,cuda_sdk,cuda_convolution_separable,"{""height"":4096,""radius"":8}",width,12288,0.371552
2,2,cuda_sdk,cuda_convolution_separable,"{""height"":4096,""radius"":8}",width,16384,0.509603
2,2,cuda_sdk,cuda_convolution_separable,"{""height"":8192,""radius"":16}",width,64,0.020607
2,2,cuda_sdk,cuda_convolution_separable,"{""height"":8192,""radius"":16}",width,128,0.021755
2,2,cuda_sdk,cuda_convolution_separable,"{""height"":8192,""radius"":16}",width,256,0.031057
2,2,cuda_sdk,cuda_convolution_separable,"{""height"":8192,""radius"":16}",width,384,0.043458
2,2,cuda_sdk,cuda_convolution_separable,"{""height"":8192,""radius"":16}",width,512,0.052131
2,2,cuda_sdk,cuda_convolution_separable,"{""height"":8192,""radius"":16}",width,640,0.062355
2,2,cuda_sdk,cuda_convolution_separable,"{""height"":8192,""radius"":16}",width,768,0.073286
2,2,cuda_sdk,cuda_convolution_separable,"{""height"":8192,""radius"":16}",width,1024,0.092986
2,2,cuda_sdk,cuda_convolution_separable,"{""height"":8192,""radius"":16}",width,1280,0.113582
2,2,cuda_sdk,cuda_convolution_separable,"{""height"":8192,""radius"":16}",width,1536,0.135681
2,2,cuda_sdk,cuda_convolution_separable,"{""height"":8192,""radius"":16}",width,2048,0.175571
2,2,cuda_sdk,cuda_convolution_separable,"{""height"":8192,""radius"":16}",width,2560,0.218539
2,2,cuda_sdk,cuda_convolution_separable,"{""height"":8192,""radius"":16}",width,3072,0.258479
2,2,cuda_sdk,cuda_convolution_separable,"{""height"":8192,""radius"":16}",width,3584,0.307859
2,2,cuda_sdk,cuda_convolution_separable,"{""height"":8192,""radius"":16}",width,4096,0.360286
2,2,cuda_sdk,cuda_convolution_separable,"{""height"":8192,""radius"":16}",width,5120,0.472220
2,2,cuda_sdk,cuda_convolution_separable,"{""height"":8192,""radius"":16}",width,6144,0.583366
2,2,cuda_sdk,cuda_convolution_separable,"{""height"":8192,""radius"":16}",width,7168,0.684084
2,2,cuda_sdk,cuda_convolution_separable,"{""height"":8192,""radius"":16}",width,8192,0.787697
2,2,cuda_sdk,cuda_convolution_separable,"{""height"":8192,""radius"":16}",width,10240,0.958377
2,2,cuda_sdk,cuda_convolution_separable,"{""height"":8192,""radius"":16}",width,12288,1.120493
2,2,cuda_sdk,cuda_convolution_separable,"{""height"":8192,""radius"":16}",width,16384,1.453902
2,2,cuda_sdk,cuda_convolution_separable,"{""height"":8192,""radius"":32}",width,64,0.029386
2,2,cuda_sdk,cuda_convolution_separable,"{""height"":8192,""radius"":32}",width,128,0.032099
2,2,cuda_sdk,cuda_convolution_separable,"{""height"":8192,""radius"":32}",width,256,0.048591
2,2,cuda_sdk,cuda_convolution_separable,"{""height"":8192,""radius"":32}",width,384,0.070827
2,2,cuda_sdk,cuda_convolution_separable,"{""height"":8192,""radius"":32}",width,512,0.087047
2,2,cuda_sdk,cuda_convolution_separable,"{""height"":8192,""radius"":32}",width,640,0.104022
2,2,cuda_sdk,cuda_convolution_separable,"{""height"":8192,""radius"":32}",width,768,0.125202
2,2,cuda_sdk,cuda_convolution_separable,"{""height"":8192,""radius"":32}",width,1024,0.158533
2,2,cuda_sdk,cuda_convolution_separable,"{""height"":8192,""radius"":32}",width,1280,0.197488
2,2,cuda_sdk,cuda_convolution_separable,"{""height"":8192,""radius"":32}",width,1536,0.234980
2,2,cuda_sdk,cuda_convolution_separable,"{""height"":8192,""radius"":32}",width,2048,0.313565
2,2,cuda_sdk,cuda_convolution_separable,"{""height"":8192,""radius"":32}",width,2560,0.397075
2,2,cuda_sdk,cuda_convolution_separable,"{""height"":8192,""radius"":32}",width,3072,0.479497
2,2,cuda_sdk,cuda_convolution_separable,"{""height"":8192,""radius"":32}",width,3584,0.565795
2,2,cuda_sdk,cuda_convolution_separable,"{""height"":8192,""radius"":32}",width,4096,0.644304
2,2,cuda_sdk,cuda_convolution_separable,"{""height"":8192,""radius"":32}",width,5120,0.813795
2,2,cuda_sdk,cuda_convolution_separable,"{""height"":8192,""radius"":32}",width,6144,0.965442
2,2,cuda_sdk,cuda_convolution_separable,"{""height"":8192,""radius"":32}",width,7168,1.112526
2,2,cuda_sdk,cuda_convolution_separable,"{""height"":8192,""radius"":32}",width,8192,1.252379
2,2,cuda_sdk,cuda_convolution_separable,"{""height"":8192,""radius"":32}",width,10240,1.539678
2,2,cuda_sdk,cuda_convolution_separable,"{""height"":8192,""radius"":32}",width,12288,1.836511
2,2,cuda_sdk,cuda_convolution_separable,"{""height"":8192,""radius"":32}",width,16384,2.420868
2,2,cuda_sdk,cuda_convolution_separable,"{""height"":8192,""radius"":4}",width,64,0.013858
2,2,cuda_sdk,cuda_convolution_separable,"{""height"":8192,""radius"":4}",width,128,0.013992
2,2,cuda_sdk,cuda_convolution_separable,"{""height"":8192,""radius"":4}",width,256,0.018308
2,2,cuda_sdk,cuda_convolution_separable,"{""height"":8192,""radius"":4}",width,384,0.023546
2,2,cuda_sdk,cuda_convolution_separable,"{""height"":8192,""radius"":4}",width,512,0.027249
2,2,cuda_sdk,cuda_convolution_separable,"{""height"":8192,""radius"":4}",width,640,0.032540
2,2,cuda_sdk,cuda_convolution_separable,"{""height"":8192,""radius"":4}",width,768,0.036014
2,2,cuda_sdk,cuda_convolution_separable,"{""height"":8192,""radius"":4}",width,1024,0.045825
2,2,cuda_sdk,cuda_convolution_separable,"{""height"":8192,""radius"":4}",width,1280,0.054256
2,2,cuda_sdk,cuda_convolution_separable,"{""height"":8192,""radius"":4}",width,1536,0.063945
2,2,cuda_sdk,cuda_convolution_separable,"{""height"":8192,""radius"":4}",width,2048,0.081758
2,2,cuda_sdk,cuda_convolution_separable,"{""height"":8192,""radius"":4}",width,2560,0.099612
2,2,cuda_sdk,cuda_convolution_separable,"{""height"":8192,""radius"":4}",width,3072,0.117316
2,2,cuda_sdk,cuda_convolution_separable,"{""height"":8192,""radius"":4}",width,3584,0.135095
2,2,cuda_sdk,cuda_convolution_separable,"{""height"":8192,""radius"":4}",width,4096,0.153574
2,2,cuda_sdk,cuda_convolution_separable,"{""height"":8192,""radius"":4}",width,5120,0.206856
2,2,cuda_sdk,cuda_convolution_separable,"{""height"":8192,""radius"":4}",width,6144,0.253354
2,2,cuda_sdk,cuda_convolution_separable,"{""height"":8192,""radius"":4}",width,7168,0.299319
2,2,cuda_sdk,cuda_convolution_separable,"{""height"":8192,""radius"":4}",width,8192,0.336324
2,2,cuda_sdk,cuda_convolution_separable,"{""height"":8192,""radius"":4}",width,10240,0.444771
2,2,cuda_sdk,cuda_convolution_separable,"{""height"":8192,""radius"":4}",width,12288,0.558150
2,2,cuda_sdk,cuda_convolution_separable,"{""height"":8192,""radius"":4}",width,16384,0.759395
2,2,cuda_sdk,cuda_convolution_separable,"{""height"":8192,""radius"":8}",width,64,0.016503
2,2,cuda_sdk,cuda_convolution_separable,"{""height"":8192,""radius"":8}",width,128,0.018563
2,2,cuda_sdk,cuda_convolution_separable,"{""height"":8192,""radius"":8}",width,256,0.022302
2,2,cuda_sdk,cuda_convolution_separable,"{""height"":8192,""radius"":8}",width,384,0.030296
2,2,cuda_sdk,cuda_convolution_separable,"{""height"":8192,""radius"":8}",width,512,0.035588
2,2,cuda_sdk,cuda_convolution_separable,"{""height"":8192,""radius"":8}",width,640,0.043352
2,2,cuda_sdk,cuda_convolution_separable,"{""height"":8192,""radius"":8}",width,768,0.048804
2,2,cuda_sdk,cuda_convolution_separable,"{""height"":8192,""radius"":8}",width,1024,0.063010
2,2,cuda_sdk,cuda_convolution_separable,"{""height"":8192,""radius"":8}",width,1280,0.076386
2,2,cuda_sdk,cuda_convolution_separable,"{""height"":8192,""radius"":8}",width,1536,0.090617
2,2,cuda_sdk,cuda_convolution_separable,"{""height"":8192,""radius"":8}",width,2048,0.116397
2,2,cuda_sdk,cuda_convolution_separable,"{""height"":8192,""radius"":8}",width,2560,0.144039
2,2,cuda_sdk,cuda_convolution_separable,"{""height"":8192,""radius"":8}",width,3072,0.170531
2,2,cuda_sdk,cuda_convolution_separable,"{""height"":8192,""radius"":8}",width,3584,0.196351
2,2,cuda_sdk,cuda_convolution_separable,"{""height"":8192,""radius"":8}",width,4096,0.220112
2,2,cuda_sdk,cuda_convolution_separable,"{""height"":8192,""radius"":8}",width,5120,0.284670
2,2,cuda_sdk,cuda_convolution_separable,"{""height"":8192,""radius"":8}",width,6144,0.362477
2,2,cuda_sdk,cuda_convolution_separable,"{""height"":8192,""radius"":8}",width,7168,0.431465
2,2,cuda_sdk,cuda_convolution_separable,"{""height"":8192,""radius"":8}",width,8192,0.497863
2,2,cuda_sdk,cuda_convolution_separable,"{""height"":8192,""radius"":8}",width,10240,0.667904
2,2,cuda_sdk,cuda_convolution_separable,"{""height"":8192,""radius"":8}",width,12288,0.800514
2,2,cuda_sdk,cuda_convolution_separable,"{""height"":8192,""radius"":8}",width,16384,1.030688
2,2,cuda_sdk,cuda_nbody,"{""block_size"":256,""iterations"":1,""timesteps"":10}",bodies,256,0.197904
2,2,cuda_sdk,cuda_nbody,"{""block_size"":256,""iterations"":1,""timesteps"":10}",bodies,384,0.351506
2,2,cuda_sdk,cuda_nbody,"{""block_size"":256,""iterations"":1,""timesteps"":10}",bodies,512,0.368905
2,2,cuda_sdk,cuda_nbody,"{""block_size"":256,""iterations"":1,""timesteps"":10}",bodies,768,0.530540
2,2,cuda_sdk,cuda_nbody,"{""block_size"":256,""iterations"":1,""timesteps"":10}",bodies,1024,0.665259
2,2,cuda_sdk,cuda_nbody,"{""block_size"":256,""iterations"":1,""timesteps"":10}",bodies,1536,0.973316
2,2,cuda_sdk,cuda_nbody,"{""block_size"":256,""iterations"":1,""timesteps"":10}",bodies,2048,1.283503
2,2,cuda_sdk,cuda_nbody,"{""block_size"":256,""iterations"":1,""timesteps"":10}",bodies,3072,1.901127
2,2,cuda_sdk,cuda_nbody,"{""block_size"":256,""iterations"":1,""timesteps"":10}",bodies,4096,2.518266
2,2,cuda_sdk,cuda_nbody,"{""block_size"":256,""iterations"":1,""timesteps"":10}",bodies,6144,3.758561
2,2,cuda_sdk,cuda_nbody,"{""block_size"":256,""iterations"":1,""timesteps"":10}",bodies,8192,4.991785
2,2,cuda_sdk,cuda_nbody,"{""block_size"":256,""iterations"":1,""timesteps"":10}",bodies,12288,7.483689
2,2,cuda_sdk,cuda_nbody,"{""block_size"":256,""iterations"":1,""timesteps"":10}",bodies,16384,9.978527
2,2,cuda_sdk,cuda_nbody,"{""block_size"":256,""iterations"":1,""timesteps"":10}",bodies,24576,15.020558
2,2,cuda_sdk,cuda_nbody,"{""block_size"":256,""iterations"":1,""timesteps"":10}",bodies,32768,20.122364
2,2,cuda_sdk,cuda_nbody,"{""block_size"":256,""iterations"":1,""timesteps"":10}",bodies,49152,30.530222
2,2,cuda_sdk,cuda_nbody,"{""block_size"":256,""iterations"":1,""timesteps"":10}",bodies,65536,42.532113
2,2,cuda_sdk,cuda_nbody,"{""block_size"":256,""iterations"":1,""timesteps"":10}",bodies,98304,110.022484
2,2,cuda_sdk,cuda_nbody,"{""block_size"":256,""iterations"":1,""timesteps"":10}",bodies,131072,151.342061
2,2,cuda_sdk,cuda_nbody,"{""block_size"":256,""iterations"":1,""timesteps"":10}",bodies,196608,328.254791
2,2,cuda_sdk,cuda_nbody,"{""block_size"":256,""iterations"":1,""timesteps"":10}",bodies,262144,575.069356
2,2,cuda_sdk,cuda_nbody,"{""block_size"":256,""iterations"":1,""timesteps"":10}",bodies,393216,1265.050578
2,2,cuda_sdk,cuda_nbody,"{""block_size"":256,""iterations"":1,""timesteps"":10}",bodies,524288,1989.535441
2,2,cuda_sdk,cuda_nbody,"{""block_size"":256,""iterations"":1,""timesteps"":1}",bodies,256,0.042176
2,2,cuda_sdk,cuda_nbody,"{""block_size"":256,""iterations"":1,""timesteps"":1}",bodies,384,0.057477
2,2,cuda_sdk,cuda_nbody,"{""block_size"":256,""iterations"":1,""timesteps"":1}",bodies,512,0.061823
2,2,cuda_sdk,cuda_nbody,"{""block_size"":256,""iterations"":1,""timesteps"":1}",bodies,768,0.079781
2,2,cuda_sdk,cuda_nbody,"{""block_size"":256,""iterations"":1,""timesteps"":1}",bodies,1024,0.094882
2,2,cuda_sdk,cuda_nbody,"{""block_size"":256,""iterations"":1,""timesteps"":1}",bodies,1536,0.126648
2,2,cuda_sdk,cuda_nbody,"{""block_size"":256,""iterations"":1,""timesteps"":1}",bodies,2048,0.159696
2,2,cuda_sdk,cuda_nbody,"{""block_size"":256,""iterations"":1,""timesteps"":1}",bodies,3072,0.226715
2,2,cuda_sdk,cuda_nbody,"{""block_size"":256,""iterations"":1,""timesteps"":1}",bodies,4096,0.288278
2,2,cuda_sdk,cuda_nbody,"{""block_size"":256,""iterations"":1,""timesteps"":1}",bodies,6144,0.414516
2,2,cuda_sdk,cuda_nbody,"{""block_size"":256,""iterations"":1,""timesteps"":1}",bodies,8192,0.558211
2,2,cuda_sdk,cuda_nbody,"{""block_size"":256,""iterations"":1,""timesteps"":1}",bodies,12288,0.802841
2,2,cuda_sdk,cuda_nbody,"{""block_size"":256,""iterations"":1,""timesteps"":1}",bodies,16384,1.057751
2,2,cuda_sdk,cuda_nbody,"{""block_size"":256,""iterations"":1,""timesteps"":1}",bodies,24576,1.572992
2,2,cuda_sdk,cuda_nbody,"{""block_size"":256,""iterations"":1,""timesteps"":1}",bodies,32768,2.110585
2,2,cuda_sdk,cuda_nbody,"{""block_size"":256,""iterations"":1,""timesteps"":1}",bodies,49152,3.190128
2,2,cuda_sdk,cuda_nbody,"{""block_size"":256,""iterations"":1,""timesteps"":1}",bodies,65536,4.401270
2,2,cuda_sdk,cuda_nbody,"{""block_size"":256,""iterations"":1,""timesteps"":1}",bodies,98304,11.025495
2,2,cuda_sdk,cuda_nbody,"{""block_size"":256,""iterations"":1,""timesteps"":1}",bodies,131072,15.213857
2,2,cuda_sdk,cuda_nbody,"{""block_size"":256,""iterations"":1,""timesteps"":1}",bodies,196608,32.844227
2,2,cuda_sdk,cuda_nbody,"{""block_size"":256,""iterations"":1,""timesteps"":1}",bodies,262144,57.605139
2,2,cuda_sdk,cuda_nbody,"{""block_size"":256,""iterations"":1,""timesteps"":1}",bodies,393216,126.776184
2,2,cuda_sdk,cuda_nbody,"{""block_size"":256,""iterations"":1,""timesteps"":1}",bodies,524288,198.843257
2,2,cuda_sdk,cuda_nbody,"{""block_size"":256,""iterations"":1,""timesteps"":50}",bodies,256,0.884650
2,2,cuda_sdk,cuda_nbody,"{""block_size"":256,""iterations"":1,""timesteps"":50}",bodies,384,1.650325
2,2,cuda_sdk,cuda_nbody,"{""block_size"":256,""iterations"":1,""timesteps"":50}",bodies,512,1.643202
2,2,cuda_sdk,cuda_nbody,"{""block_size"":256,""iterations"":1,""timesteps"":50}",bodies,768,2.415905
2,2,cuda_sdk,cuda_nbody,"{""block_size"":256,""iterations"":1,""timesteps"":50}",bodies,1024,3.205429
2,2,cuda_sdk,cuda_nbody,"{""block_size"":256,""iterations"":1,""timesteps"":50}",bodies,1536,4.726971
2,2,cuda_sdk,cuda_nbody,"{""block_size"":256,""iterations"":1,""timesteps"":50}",bodies,2048,6.266455
2,2,cuda_sdk,cuda_nbody,"{""block_size"":256,""iterations"":1,""timesteps"":50}",bodies,3072,9.340070
2,2,cuda_sdk,cuda_nbody,"{""block_size"":256,""iterations"":1,""timesteps"":50}",bodies,4096,12.417419
2,2,cuda_sdk,cuda_nbody,"{""block_size"":256,""iterations"":1,""timesteps"":50}",bodies,6144,18.589160
2,2,cuda_sdk,cuda_nbody,"{""block_size"":256,""iterations"":1,""timesteps"":50}",bodies,8192,24.766944
2,2,cuda_sdk,cuda_nbody,"{""block_size"":256,""iterations"":1,""timesteps"":50}",bodies,12288,37.171963
2,2,cuda_sdk,cuda_nbody,"{""block_size"":256,""iterations"":1,""timesteps"":50}",bodies,16384,49.638439
2,2,cuda_sdk,cuda_nbody,"{""block_size"":256,""iterations"":1,""timesteps"":50}",bodies,24576,74.768501
2,2,cuda_sdk,cuda_nbody,"{""block_size"":256,""iterations"":1,""timesteps"":50}",bodies,32768,100.187688
2,2,cuda_sdk,cuda_nbody,"{""block_size"":256,""iterations"":1,""timesteps"":50}",bodies,49152,152.042556
2,2,cuda_sdk,cuda_nbody,"{""block_size"":256,""iterations"":1,""timesteps"":50}",bodies,65536,212.442057
2,2,cuda_sdk,cuda_nbody,"{""block_size"":256,""iterations"":1,""timesteps"":50}",bodies,98304,551.217183
2,2,cuda_sdk,cuda_nbody,"{""block_size"":256,""iterations"":1,""timesteps"":50}",bodies,131072,756.072734
2,2,cuda_sdk,cuda_nbody,"{""block_size"":256,""iterations"":1,""timesteps"":50}",bodies,196608,1641.821493
2,2,cuda_sdk,cuda_nbody,"{""block_size"":256,""iterations"":1,""timesteps"":50}",bodies,262144,2872.660889
2,2,cuda_sdk,cuda_nbody,"{""block_size"":256,""iterations"":1,""timesteps"":50}",bodies,393216,6324.561686
2,2,cuda_sdk,cuda_scan_large,"{""block_size"":256,""verify"":""false""}",size,1024,0.017400
2,2,cuda_sdk,cuda_scan_large,"{""block_size"":256,""verify"":""false""}",size,1536,0.017411
2,2,cuda_sdk,cuda_scan_large,"{""block_size"":256,""verify"":""false""}",size,2048,0.017573
2,2,cuda_sdk,cuda_scan_large,"{""block_size"":256,""verify"":""false""}",size,3072,0.017814
2,2,cuda_sdk,cuda_scan_large,"{""block_size"":256,""verify"":""false""}",size,4096,0.018802
2,2,cuda_sdk,cuda_scan_large,"{""block_size"":256,""verify"":""false""}",size,6144,0.023614
2,2,cuda_sdk,cuda_scan_large,"{""block_size"":256,""verify"":""false""}",size,8192,0.020299
2,2,cuda_sdk,cuda_scan_large,"{""block_size"":256,""verify"":""false""}",size,12288,0.019631
2,2,cuda_sdk,cuda_scan_large,"{""block_size"":256,""verify"":""false""}",size,16384,0.018346
2,2,cuda_sdk,cuda_scan_large,"{""block_size"":256,""verify"":""false""}",size,24576,0.022852
2,2,cuda_sdk,cuda_scan_large,"{""block_size"":256,""verify"":""false""}",size,32768,0.018536
2,2,cuda_sdk,cuda_scan_large,"{""block_size"":256,""verify"":""false""}",size,49152,0.018656
2,2,cuda_sdk,cuda_scan_large,"{""block_size"":256,""verify"":""false""}",size,65536,0.018923
2,2,cuda_sdk,cuda_scan_large,"{""block_size"":256,""verify"":""false""}",size,98304,0.018990
2,2,cuda_sdk,cuda_scan_large,"{""block_size"":256,""verify"":""false""}",size,131072,0.018776
2,2,cuda_sdk,cuda_scan_large,"{""block_size"":256,""verify"":""false""}",size,196608,0.020246
2,2,cuda_sdk,cuda_scan_large,"{""block_size"":256,""verify"":""false""}",size,262144,0.021128
2,2,cuda_sdk,cuda_scan_large,"{""block_size"":256,""verify"":""false""}",size,393216,0.031606
2,2,cuda_sdk,cuda_scan_large,"{""block_size"":256,""verify"":""false""}",size,524288,0.035960
2,2,cuda_sdk,cuda_scan_large,"{""block_size"":256,""verify"":""false""}",size,786432,0.036977
2,2,cuda_sdk,cuda_scan_large,"{""block_size"":256,""verify"":""false""}",size,1048576,0.037392
2,2,cuda_sdk,cuda_scan_large,"{""block_size"":256,""verify"":""false""}",size,1572864,0.042817
2,2,cuda_sdk,cuda_scan_large,"{""block_size"":256,""verify"":""false""}",size,2097152,0.048618
2,2,cuda_sdk,cuda_scan_large,"{""block_size"":256,""verify"":""false""}",size,3145728,0.056154
2,2,cuda_sdk,cuda_scan_large,"{""block_size"":256,""verify"":""false""}",size,4194304,0.063477
2,2,cuda_sdk,cuda_scan_large,"{""block_size"":256,""verify"":""false""}",size,6291456,0.075278
2,2,cuda_sdk,cuda_scan_large,"{""block_size"":256,""verify"":""false""}",size,8388608,0.093692
2,2,cuda_sdk,cuda_scan_large,"{""block_size"":256,""verify"":""skip""}",size,1024,0.017052
2,2,cuda_sdk,cuda_scan_large,"{""block_size"":256,""verify"":""skip""}",size,1536,0.017667
2,2,cuda_sdk,cuda_scan_large,"{""block_size"":256,""verify"":""skip""}",size,2048,0.020526
2,2,cuda_sdk,cuda_scan_large,"{""block_size"":256,""verify"":""skip""}",size,3072,0.017586
2,2,cuda_sdk,cuda_scan_large,"{""block_size"":256,""verify"":""skip""}",size,4096,0.017533
2,2,cuda_sdk,cuda_scan_large,"{""block_size"":256,""verify"":""skip""}",size,6144,0.018656
2,2,cuda_sdk,cuda_scan_large,"{""block_size"":256,""verify"":""skip""}",size,8192,0.018536
2,2,cuda_sdk,cuda_scan_large,"{""block_size"":256,""verify"":""skip""}",size,12288,0.021369
2,2,cuda_sdk,cuda_scan_large,"{""block_size"":256,""verify"":""skip""}",size,16384,0.018334
2,2,cuda_sdk,cuda_scan_large,"{""block_size"":256,""verify"":""skip""}",size,24576,0.023787
2,2,cuda_sdk,cuda_scan_large,"{""block_size"":256,""verify"":""skip""}",size,32768,0.018389
2,2,cuda_sdk,cuda_scan_large,"{""block_size"":256,""verify"":""skip""}",size,49152,0.018455
2,2,cuda_sdk,cuda_scan_large,"{""block_size"":256,""verify"":""skip""}",size,65536,0.018749
2,2,cuda_sdk,cuda_scan_large,"{""block_size"":256,""verify"":""skip""}",size,98304,0.018656
2,2,cuda_sdk,cuda_scan_large,"{""block_size"":256,""verify"":""skip""}",size,131072,0.019016
2,2,cuda_sdk,cuda_scan_large,"{""block_size"":256,""verify"":""skip""}",size,196608,0.022345
2,2,cuda_sdk,cuda_scan_large,"{""block_size"":256,""verify"":""skip""}",size,262144,0.024870
2,2,cuda_sdk,cuda_scan_large,"{""block_size"":256,""verify"":""skip""}",size,393216,0.032181
2,2,cuda_sdk,cuda_scan_large,"{""block_size"":256,""verify"":""skip""}",size,524288,0.033436
2,2,cuda_sdk,cuda_scan_large,"{""block_size"":256,""verify"":""skip""}",size,786432,0.035976
2,2,cuda_sdk,cuda_scan_large,"{""block_size"":256,""verify"":""skip""}",size,1048576,0.040291
2,2,cuda_sdk,cuda_scan_large,"{""block_size"":256,""verify"":""skip""}",size,1572864,0.044286
2,2,cuda_sdk,cuda_scan_large,"{""block_size"":256,""verify"":""skip""}",size,2097152,0.046078
2,2,cuda_sdk,cuda_scan_large,"{""block_size"":256,""verify"":""skip""}",size,3145728,0.054270
2,2,cuda_sdk,cuda_scan_large,"{""block_size"":256,""verify"":""skip""}",size,4194304,0.064516
2,2,cuda_sdk,cuda_scan_large,"{""block_size"":256,""verify"":""skip""}",size,6291456,0.077402
2,2,cuda_sdk,cuda_scan_large,"{""block_size"":256,""verify"":""skip""}",size,8388608,0.090378
2,2,cuda_sdk,cuda_scan_large,"{""block_size"":256,""verify"":""true""}",size,1024,0.017066
2,2,cuda_sdk,cuda_scan_large,"{""block_size"":256,""verify"":""true""}",size,1536,0.017240
2,2,cuda_sdk,cuda_scan_large,"{""block_size"":256,""verify"":""true""}",size,2048,0.017599
2,2,cuda_sdk,cuda_scan_large,"{""block_size"":256,""verify"":""true""}",size,3072,0.019565
2,2,cuda_sdk,cuda_scan_large,"{""block_size"":256,""verify"":""true""}",size,4096,0.017533
2,2,cuda_sdk,cuda_scan_large,"{""block_size"":256,""verify"":""true""}",size,6144,0.020927
2,2,cuda_sdk,cuda_scan_large,"{""block_size"":256,""verify"":""true""}",size,8192,0.019230
2,2,cuda_sdk,cuda_scan_large,"{""block_size"":256,""verify"":""true""}",size,12288,0.021449
2,2,cuda_sdk,cuda_scan_large,"{""block_size"":256,""verify"":""true""}",size,16384,0.019991
2,2,cuda_sdk,cuda_scan_large,"{""block_size"":256,""verify"":""true""}",size,24576,0.020474
2,2,cuda_sdk,cuda_scan_large,"{""block_size"":256,""verify"":""true""}",size,32768,0.020311
2,2,cuda_sdk,cuda_scan_large,"{""block_size"":256,""verify"":""true""}",size,49152,0.018468
2,2,cuda_sdk,cuda_scan_large,"{""block_size"":256,""verify"":""true""}",size,65536,0.018710
2,2,cuda_sdk,cuda_scan_large,"{""block_size"":256,""verify"":""true""}",size,98304,0.018696
2,2,cuda_sdk,cuda_scan_large,"{""block_size"":256,""verify"":""true""}",size,131072,0.020580
2,2,cuda_sdk,cuda_scan_large,"{""block_size"":256,""verify"":""true""}",size,196608,0.019992
2,2,cuda_sdk,cuda_scan_large,"{""block_size"":256,""verify"":""true""}",size,262144,0.021756
2,2,cuda_sdk,cuda_scan_large,"{""block_size"":256,""verify"":""true""}",size,393216,0.032927
2,2,cuda_sdk,cuda_scan_large,"{""block_size"":256,""verify"":""true""}",size,524288,0.032125
2,2,cuda_sdk,cuda_scan_large,"{""block_size"":256,""verify"":""true""}",size,786432,0.037392
2,2,cuda_sdk,cuda_scan_large,"{""block_size"":256,""verify"":""true""}",size,1048576,0.038115
2,2,cuda_sdk,cuda_scan_large,"{""block_size"":256,""verify"":""true""}",size,1572864,0.044823
2,2,cuda_sdk,cuda_scan_large,"{""block_size"":256,""verify"":""true""}",size,2097152,0.045902
2,2,cuda_sdk,cuda_scan_large,"{""block_size"":256,""verify"":""true""}",size,3145728,0.056728
2,2,cuda_sdk,cuda_scan_large,"{""block_size"":256,""verify"":""true""}",size,4194304,0.065108
2,2,cuda_sdk,cuda_scan_large,"{""block_size"":256,""verify"":""true""}",size,6291456,0.079020
2,2,cuda_sdk,cuda_scan_large,"{""block_size"":256,""verify"":""true""}",size,8388608,0.092838
2,2,cuda_sdk,cuda_transpose,"{""block_size"":256,""tile_dim"":16}",size,64,0.012161
2,2,cuda_sdk,cuda_transpose,"{""block_size"":256,""tile_dim"":16}",size,128,0.011677
2,2,cuda_sdk,cuda_transpose,"{""block_size"":256,""tile_dim"":16}",size,256,0.012051
2,2,cuda_sdk,cuda_transpose,"{""block_size"":256,""tile_dim"":16}",size,384,0.012046
2,2,cuda_sdk,cuda_transpose,"{""block_size"":256,""tile_dim"":16}",size,512,0.012073
2,2,cuda_sdk,cuda_transpose,"{""block_size"":256,""tile_dim"":16}",size,640,0.014390
2,2,cuda_sdk,cuda_transpose,"{""block_size"":256,""tile_dim"":16}",size,768,0.014400
2,2,cuda_sdk,cuda_transpose,"{""block_size"":256,""tile_dim"":16}",size,1024,0.016870
2,2,cuda_sdk,cuda_transpose,"{""block_size"":256,""tile_dim"":16}",size,1280,0.021524
2,2,cuda_sdk,cuda_transpose,"{""block_size"":256,""tile_dim"":16}",size,1536,0.026773
2,2,cuda_sdk,cuda_transpose,"{""block_size"":256,""tile_dim"":16}",size,2048,0.042058
2,2,cuda_sdk,cuda_transpose,"{""block_size"":256,""tile_dim"":16}",size,2560,0.056987
2,2,cuda_sdk,cuda_transpose,"{""block_size"":256,""tile_dim"":16}",size,3072,0.074796
2,2,cuda_sdk,cuda_transpose,"{""block_size"":256,""tile_dim"":16}",size,3584,0.098827
2,2,cuda_sdk,cuda_transpose,"{""block_size"":256,""tile_dim"":16}",size,4096,0.236962
2,2,cuda_sdk,cuda_transpose,"{""block_size"":256,""tile_dim"":16}",size,5120,0.198718
2,2,cuda_sdk,cuda_transpose,"{""block_size"":256,""tile_dim"":16}",size,6144,0.448680
2,2,cuda_sdk,cuda_transpose,"{""block_size"":256,""tile_dim"":16}",size,7168,0.540571
2,2,cuda_sdk,cuda_transpose,"{""block_size"":256,""tile_dim"":16}",size,8192,0.800769
2,2,cuda_sdk,cuda_transpose,"{""block_size"":256,""tile_dim"":16}",size,10240,1.183759
2,2,cuda_sdk,cuda_transpose,"{""block_size"":256,""tile_dim"":16}",size,12288,1.889144
2,2,cuda_sdk,cuda_transpose,"{""block_size"":256,""tile_dim"":16}",size,16384,3.369345
2,2,cuda_sdk,cuda_transpose,"{""block_size"":256,""tile_dim"":32}",size,64,0.012246
2,2,cuda_sdk,cuda_transpose,"{""block_size"":256,""tile_dim"":32}",size,128,0.012070
2,2,cuda_sdk,cuda_transpose,"{""block_size"":256,""tile_dim"":32}",size,256,0.011896
2,2,cuda_sdk,cuda_transpose,"{""block_size"":256,""tile_dim"":32}",size,384,0.013254
2,2,cuda_sdk,cuda_transpose,"{""block_size"":256,""tile_dim"":32}",size,512,0.011786
2,2,cuda_sdk,cuda_transpose,"{""block_size"":256,""tile_dim"":32}",size,640,0.013484
2,2,cuda_sdk,cuda_transpose,"{""block_size"":256,""tile_dim"":32}",size,768,0.013875
2,2,cuda_sdk,cuda_transpose,"{""block_size"":256,""tile_dim"":32}",size,1024,0.017044
2,2,cuda_sdk,cuda_transpose,"{""block_size"":256,""tile_dim"":32}",size,1280,0.021855
2,2,cuda_sdk,cuda_transpose,"{""block_size"":256,""tile_dim"":32}",size,1536,0.026898
2,2,cuda_sdk,cuda_transpose,"{""block_size"":256,""tile_dim"":32}",size,2048,0.041631
2,2,cuda_sdk,cuda_transpose,"{""block_size"":256,""tile_dim"":32}",size,2560,0.056780
2,2,cuda_sdk,cuda_transpose,"{""block_size"":256,""tile_dim"":32}",size,3072,0.075152
2,2,cuda_sdk,cuda_transpose,"{""block_size"":256,""tile_dim"":32}",size,3584,0.098456
2,2,cuda_sdk,cuda_transpose,"{""block_size"":256,""tile_dim"":32}",size,4096,0.236764
2,2,cuda_sdk,cuda_transpose,"{""block_size"":256,""tile_dim"":32}",size,5120,0.197186
2,2,cuda_sdk,cuda_transpose,"{""block_size"":256,""tile_dim"":32}",size,6144,0.448713
2,2,cuda_sdk,cuda_transpose,"{""block_size"":256,""tile_dim"":32}",size,7168,0.535882
2,2,cuda_sdk,cuda_transpose,"{""block_size"":256,""tile_dim"":32}",size,8192,0.838058
2,2,cuda_sdk,cuda_transpose,"{""block_size"":256,""tile_dim"":32}",size,10240,1.195867
2,2,cuda_sdk,cuda_transpose,"{""block_size"":256,""tile_dim"":32}",size,12288,1.890765
2,2,cuda_sdk,cuda_transpose,"{""block_size"":256,""tile_dim"":32}",size,16384,3.196981
2,2,cuda_sdk,cuda_transpose,"{""block_size"":256,""tile_dim"":8}",size,64,0.011963
2,2,cuda_sdk,cuda_transpose,"{""block_size"":256,""tile_dim"":8}",size,128,0.011709
2,2,cuda_sdk,cuda_transpose,"{""block_size"":256,""tile_dim"":8}",size,256,0.011917
2,2,cuda_sdk,cuda_transpose,"{""block_size"":256,""tile_dim"":8}",size,384,0.011712
2,2,cuda_sdk,cuda_transpose,"{""block_size"":256,""tile_dim"":8}",size,512,0.011789
2,2,cuda_sdk,cuda_transpose,"{""block_size"":256,""tile_dim"":8}",size,640,0.014430
2,2,cuda_sdk,cuda_transpose,"{""block_size"":256,""tile_dim"":8}",size,768,0.014585
2,2,cuda_sdk,cuda_transpose,"{""block_size"":256,""tile_dim"":8}",size,1024,0.017247
2,2,cuda_sdk,cuda_transpose,"{""block_size"":256,""tile_dim"":8}",size,1280,0.022140
2,2,cuda_sdk,cuda_transpose,"{""block_size"":256,""tile_dim"":8}",size,1536,0.026759
2,2,cuda_sdk,cuda_transpose,"{""block_size"":256,""tile_dim"":8}",size,2048,0.042093
2,2,cuda_sdk,cuda_transpose,"{""block_size"":256,""tile_dim"":8}",size,2560,0.056932
2,2,cuda_sdk,cuda_transpose,"{""block_size"":256,""tile_dim"":8}",size,3072,0.075228
2,2,cuda_sdk,cuda_transpose,"{""block_size"":256,""tile_dim"":8}",size,3584,0.098994
2,2,cuda_sdk,cuda_transpose,"{""block_size"":256,""tile_dim"":8}",size,4096,0.236974
2,2,cuda_sdk,cuda_transpose,"{""block_size"":256,""tile_dim"":8}",size,5120,0.196983
2,2,cuda_sdk,cuda_transpose,"{""block_size"":256,""tile_dim"":8}",size,6144,0.452515
2,2,cuda_sdk,cuda_transpose,"{""block_size"":256,""tile_dim"":8}",size,7168,0.535154
2,2,cuda_sdk,cuda_transpose,"{""block_size"":256,""tile_dim"":8}",size,8192,0.833457
2,2,cuda_sdk,cuda_transpose,"{""block_size"":256,""tile_dim"":8}",size,10240,1.163412
2,2,cuda_sdk,cuda_transpose,"{""block_size"":256,""tile_dim"":8}",size,12288,1.969577
2,2,cuda_sdk,cuda_transpose,"{""block_size"":256,""tile_dim"":8}",size,16384,3.205489
2,2,graph,graph_cc,"{""avg_degree"":16,""block_size"":256,""iterations"":1,""max_iterations"":100}",num_vertices,1000,0.201887
2,2,graph,graph_cc,"{""avg_degree"":16,""block_size"":256,""iterations"":1,""max_iterations"":100}",num_vertices,2000,0.208489
2,2,graph,graph_cc,"{""avg_degree"":16,""block_size"":256,""iterations"":1,""max_iterations"":100}",num_vertices,3000,0.219981
2,2,graph,graph_cc,"{""avg_degree"":16,""block_size"":256,""iterations"":1,""max_iterations"":100}",num_vertices,5000,0.250238
2,2,graph,graph_cc,"{""avg_degree"":16,""block_size"":256,""iterations"":1,""max_iterations"":100}",num_vertices,8000,0.257186
2,2,graph,graph_cc,"{""avg_degree"":16,""block_size"":256,""iterations"":1,""max_iterations"":100}",num_vertices,10000,0.256197
2,2,graph,graph_cc,"{""avg_degree"":16,""block_size"":256,""iterations"":1,""max_iterations"":100}",num_vertices,15000,0.260368
2,2,graph,graph_cc,"{""avg_degree"":16,""block_size"":256,""iterations"":1,""max_iterations"":100}",num_vertices,20000,0.266154
2,2,graph,graph_cc,"{""avg_degree"":16,""block_size"":256,""iterations"":1,""max_iterations"":100}",num_vertices,30000,0.285545
2,2,graph,graph_cc,"{""avg_degree"":16,""block_size"":256,""iterations"":1,""max_iterations"":100}",num_vertices,40000,0.291665
2,2,graph,graph_cc,"{""avg_degree"":16,""block_size"":256,""iterations"":1,""max_iterations"":100}",num_vertices,50000,0.301120
2,2,graph,graph_cc,"{""avg_degree"":16,""block_size"":256,""iterations"":1,""max_iterations"":100}",num_vertices,75000,0.333087
2,2,graph,graph_cc,"{""avg_degree"":16,""block_size"":256,""iterations"":1,""max_iterations"":100}",num_vertices,100000,0.370445
2,2,graph,graph_cc,"{""avg_degree"":16,""block_size"":256,""iterations"":1,""max_iterations"":100}",num_vertices,150000,0.509163
2,2,graph,graph_cc,"{""avg_degree"":16,""block_size"":256,""iterations"":1,""max_iterations"":100}",num_vertices,200000,0.570248
2,2,graph,graph_cc,"{""avg_degree"":16,""block_size"":256,""iterations"":1,""max_iterations"":100}",num_vertices,250000,0.704502
2,2,graph,graph_cc,"{""avg_degree"":16,""block_size"":256,""iterations"":1,""max_iterations"":100}",num_vertices,300000,0.825162
2,2,graph,graph_cc,"{""avg_degree"":16,""block_size"":256,""iterations"":1,""max_iterations"":100}",num_vertices,400000,1.240207
2,2,graph,graph_cc,"{""avg_degree"":16,""block_size"":256,""iterations"":1,""max_iterations"":100}",num_vertices,500000,1.361367
2,2,graph,graph_cc,"{""avg_degree"":16,""block_size"":256,""iterations"":1,""max_iterations"":100}",num_vertices,600000,1.699663
2,2,graph,graph_cc,"{""avg_degree"":16,""block_size"":256,""iterations"":1,""max_iterations"":100}",num_vertices,750000,2.337446
2,2,graph,graph_cc,"{""avg_degree"":16,""block_size"":256,""iterations"":1,""max_iterations"":100}",num_vertices,850000,2.830758
2,2,graph,graph_cc,"{""avg_degree"":16,""block_size"":256,""iterations"":1,""max_iterations"":100}",num_vertices,1000000,3.466544
2,2,graph,graph_cc,"{""avg_degree"":16,""block_size"":256,""iterations"":1,""max_iterations"":20}",num_vertices,1000,0.198573
2,2,graph,graph_cc,"{""avg_degree"":16,""block_size"":256,""iterations"":1,""max_iterations"":20}",num_vertices,2000,0.207968
2,2,graph,graph_cc,"{""avg_degree"":16,""block_size"":256,""iterations"":1,""max_iterations"":20}",num_vertices,3000,0.206364
2,2,graph,graph_cc,"{""avg_degree"":16,""block_size"":256,""iterations"":1,""max_iterations"":20}",num_vertices,5000,0.254714
2,2,graph,graph_cc,"{""avg_degree"":16,""block_size"":256,""iterations"":1,""max_iterations"":20}",num_vertices,8000,0.255157
2,2,graph,graph_cc,"{""avg_degree"":16,""block_size"":256,""iterations"":1,""max_iterations"":20}",num_vertices,10000,0.256812
2,2,graph,graph_cc,"{""avg_degree"":16,""block_size"":256,""iterations"":1,""max_iterations"":20}",num_vertices,15000,0.260180
2,2,graph,graph_cc,"{""avg_degree"":16,""block_size"":256,""iterations"":1,""max_iterations"":20}",num_vertices,20000,0.262640
2,2,graph,graph_cc,"{""avg_degree"":16,""block_size"":256,""iterations"":1,""max_iterations"":20}",num_vertices,30000,0.270832
2,2,graph,graph_cc,"{""avg_degree"":16,""block_size"":256,""iterations"":1,""max_iterations"":20}",num_vertices,40000,0.294975
2,2,graph,graph_cc,"{""avg_degree"":16,""block_size"":256,""iterations"":1,""max_iterations"":20}",num_vertices,50000,0.307087
2,2,graph,graph_cc,"{""avg_degree"":16,""block_size"":256,""iterations"":1,""max_iterations"":20}",num_vertices,75000,0.366569
2,2,graph,graph_cc,"{""avg_degree"":16,""block_size"":256,""iterations"":1,""max_iterations"":20}",num_vertices,100000,0.384558
2,2,graph,graph_cc,"{""avg_degree"":16,""block_size"":256,""iterations"":1,""max_iterations"":20}",num_vertices,150000,0.528259
2,2,graph,graph_cc,"{""avg_degree"":16,""block_size"":256,""iterations"":1,""max_iterations"":20}",num_vertices,200000,0.653184
2,2,graph,graph_cc,"{""avg_degree"":16,""block_size"":256,""iterations"":1,""max_iterations"":20}",num_vertices,250000,0.711102
2,2,graph,graph_cc,"{""avg_degree"":16,""block_size"":256,""iterations"":1,""max_iterations"":20}",num_vertices,300000,0.825406
2,2,graph,graph_cc,"{""avg_degree"":16,""block_size"":256,""iterations"":1,""max_iterations"":20}",num_vertices,400000,1.242299
2,2,graph,graph_cc,"{""avg_degree"":16,""block_size"":256,""iterations"":1,""max_iterations"":20}",num_vertices,500000,1.347046
2,2,graph,graph_cc,"{""avg_degree"":16,""block_size"":256,""iterations"":1,""max_iterations"":20}",num_vertices,600000,1.697415
2,2,graph,graph_cc,"{""avg_degree"":16,""block_size"":256,""iterations"":1,""max_iterations"":20}",num_vertices,750000,2.369373
2,2,graph,graph_cc,"{""avg_degree"":16,""block_size"":256,""iterations"":1,""max_iterations"":20}",num_vertices,850000,2.794498
2,2,graph,graph_cc,"{""avg_degree"":16,""block_size"":256,""iterations"":1,""max_iterations"":20}",num_vertices,1000000,3.515340
2,2,graph,graph_cc,"{""avg_degree"":16,""block_size"":256,""iterations"":1,""max_iterations"":500}",num_vertices,1000,0.206056
2,2,graph,graph_cc,"{""avg_degree"":16,""block_size"":256,""iterations"":1,""max_iterations"":500}",num_vertices,2000,0.206618
2,2,graph,graph_cc,"{""avg_degree"":16,""block_size"":256,""iterations"":1,""max_iterations"":500}",num_vertices,3000,0.219247
2,2,graph,graph_cc,"{""avg_degree"":16,""block_size"":256,""iterations"":1,""max_iterations"":500}",num_vertices,5000,0.253231
2,2,graph,graph_cc,"{""avg_degree"":16,""block_size"":256,""iterations"":1,""max_iterations"":500}",num_vertices,8000,0.261103
2,2,graph,graph_cc,"{""avg_degree"":16,""block_size"":256,""iterations"":1,""max_iterations"":500}",num_vertices,10000,0.253739
2,2,graph,graph_cc,"{""avg_degree"":16,""block_size"":256,""iterations"":1,""max_iterations"":500}",num_vertices,15000,0.258536
2,2,graph,graph_cc,"{""avg_degree"":16,""block_size"":256,""iterations"":1,""max_iterations"":500}",num_vertices,20000,0.259846
2,2,graph,graph_cc,"{""avg_degree"":16,""block_size"":256,""iterations"":1,""max_iterations"":500}",num_vertices,30000,0.291960
2,2,graph,graph_cc,"{""avg_degree"":16,""block_size"":256,""iterations"":1,""max_iterations"":500}",num_vertices,40000,0.297973
2,2,graph,graph_cc,"{""avg_degree"":16,""block_size"":256,""iterations"":1,""max_iterations"":500}",num_vertices,50000,0.319129
2,2,graph,graph_cc,"{""avg_degree"":16,""block_size"":256,""iterations"":1,""max_iterations"":500}",num_vertices,75000,0.348741
2,2,graph,graph_cc,"{""avg_degree"":16,""block_size"":256,""iterations"":1,""max_iterations"":500}",num_vertices,100000,0.371441
2,2,graph,graph_cc,"{""avg_degree"":16,""block_size"":256,""iterations"":1,""max_iterations"":500}",num_vertices,150000,0.512635
2,2,graph,graph_cc,"{""avg_degree"":16,""block_size"":256,""iterations"":1,""max_iterations"":500}",num_vertices,200000,0.574629
2,2,graph,graph_cc,"{""avg_degree"":16,""block_size"":256,""iterations"":1,""max_iterations"":500}",num_vertices,250000,0.712039
2,2,graph,graph_cc,"{""avg_degree"":16,""block_size"":256,""iterations"":1,""max_iterations"":500}",num_vertices,300000,0.826578
2,2,graph,graph_cc,"{""avg_degree"":16,""block_size"":256,""iterations"":1,""max_iterations"":500}",num_vertices,400000,1.246324
2,2,graph,graph_cc,"{""avg_degree"":16,""block_size"":256,""iterations"":1,""max_iterations"":500}",num_vertices,500000,1.358765
2,2,graph,graph_cc,"{""avg_degree"":16,""block_size"":256,""iterations"":1,""max_iterations"":500}",num_vertices,600000,1.698603
2,2,graph,graph_cc,"{""avg_degree"":16,""block_size"":256,""iterations"":1,""max_iterations"":500}",num_vertices,750000,2.327023
2,2,graph,graph_cc,"{""avg_degree"":16,""block_size"":256,""iterations"":1,""max_iterations"":500}",num_vertices,850000,2.813045
2,2,graph,graph_cc,"{""avg_degree"":16,""block_size"":256,""iterations"":1,""max_iterations"":500}",num_vertices,1000000,3.486845
2,2,graph,graph_cc,"{""avg_degree"":4,""block_size"":256,""iterations"":1,""max_iterations"":100}",num_vertices,1000,0.252283
2,2,graph,graph_cc,"{""avg_degree"":4,""block_size"":256,""iterations"":1,""max_iterations"":100}",num_vertices,2000,0.263375
2,2,graph,graph_cc,"{""avg_degree"":4,""block_size"":256,""iterations"":1,""max_iterations"":100}",num_vertices,3000,0.302732
2,2,graph,graph_cc,"{""avg_degree"":4,""block_size"":256,""iterations"":1,""max_iterations"":100}",num_vertices,5000,0.302894
2,2,graph,graph_cc,"{""avg_degree"":4,""block_size"":256,""iterations"":1,""max_iterations"":100}",num_vertices,8000,0.307140
2,2,graph,graph_cc,"{""avg_degree"":4,""block_size"":256,""iterations"":1,""max_iterations"":100}",num_vertices,10000,0.346431
2,2,graph,graph_cc,"{""avg_degree"":4,""block_size"":256,""iterations"":1,""max_iterations"":100}",num_vertices,15000,0.308624
2,2,graph,graph_cc,"{""avg_degree"":4,""block_size"":256,""iterations"":1,""max_iterations"":100}",num_vertices,20000,0.351254
2,2,graph,graph_cc,"{""avg_degree"":4,""block_size"":256,""iterations"":1,""max_iterations"":100}",num_vertices,30000,0.350947
2,2,graph,graph_cc,"{""avg_degree"":4,""block_size"":256,""iterations"":1,""max_iterations"":100}",num_vertices,40000,0.363068
2,2,graph,graph_cc,"{""avg_degree"":4,""block_size"":256,""iterations"":1,""max_iterations"":100}",num_vertices,50000,0.408466
2,2,graph,graph_cc,"{""avg_degree"":4,""block_size"":256,""iterations"":1,""max_iterations"":100}",num_vertices,75000,0.442716
2,2,graph,graph_cc,"{""avg_degree"":4,""block_size"":256,""iterations"":1,""max_iterations"":100}",num_vertices,100000,0.510073
2,2,graph,graph_cc,"{""avg_degree"":4,""block_size"":256,""iterations"":1,""max_iterations"":100}",num_vertices,150000,0.528674
2,2,graph,graph_cc,"{""avg_degree"":4,""block_size"":256,""iterations"":1,""max_iterations"":100}",num_vertices,200000,0.566531
2,2,graph,graph_cc,"{""avg_degree"":4,""block_size"":256,""iterations"":1,""max_iterations"":100}",num_vertices,250000,0.624612
2,2,graph,graph_cc,"{""avg_degree"":4,""block_size"":256,""iterations"":1,""max_iterations"":100}",num_vertices,300000,0.661135
2,2,graph,graph_cc,"{""avg_degree"":4,""block_size"":256,""iterations"":1,""max_iterations"":100}",num_vertices,400000,0.753439
2,2,graph,graph_cc,"{""avg_degree"":4,""block_size"":256,""iterations"":1,""max_iterations"":100}",num_vertices,500000,0.837612
2,2,graph,graph_cc,"{""avg_degree"":4,""block_size"":256,""iterations"":1,""max_iterations"":100}",num_vertices,600000,0.923223
2,2,graph,graph_cc,"{""avg_degree"":4,""block_size"":256,""iterations"":1,""max_iterations"":100}",num_vertices,750000,0.981262
2,2,graph,graph_cc,"{""avg_degree"":4,""block_size"":256,""iterations"":1,""max_iterations"":100}",num_vertices,850000,1.044072
2,2,graph,graph_cc,"{""avg_degree"":4,""block_size"":256,""iterations"":1,""max_iterations"":100}",num_vertices,1000000,1.231176
2,2,graph,graph_cc,"{""avg_degree"":4,""block_size"":256,""iterations"":1,""max_iterations"":20}",num_vertices,1000,0.250918
2,2,graph,graph_cc,"{""avg_degree"":4,""block_size"":256,""iterations"":1,""max_iterations"":20}",num_vertices,2000,0.257655
2,2,graph,graph_cc,"{""avg_degree"":4,""block_size"":256,""iterations"":1,""max_iterations"":20}",num_vertices,3000,0.298454
2,2,graph,graph_cc,"{""avg_degree"":4,""block_size"":256,""iterations"":1,""max_iterations"":20}",num_vertices,5000,0.303867
2,2,graph,graph_cc,"{""avg_degree"":4,""block_size"":256,""iterations"":1,""max_iterations"":20}",num_vertices,8000,0.307034
2,2,graph,graph_cc,"{""avg_degree"":4,""block_size"":256,""iterations"":1,""max_iterations"":20}",num_vertices,10000,0.330126
2,2,graph,graph_cc,"{""avg_degree"":4,""block_size"":256,""iterations"":1,""max_iterations"":20}",num_vertices,15000,0.308998
2,2,graph,graph_cc,"{""avg_degree"":4,""block_size"":256,""iterations"":1,""max_iterations"":20}",num_vertices,20000,0.348756
2,2,graph,graph_cc,"{""avg_degree"":4,""block_size"":256,""iterations"":1,""max_iterations"":20}",num_vertices,30000,0.354327
2,2,graph,graph_cc,"{""avg_degree"":4,""block_size"":256,""iterations"":1,""max_iterations"":20}",num_vertices,40000,0.367959
2,2,graph,graph_cc,"{""avg_degree"":4,""block_size"":256,""iterations"":1,""max_iterations"":20}",num_vertices,50000,0.375608
2,2,graph,graph_cc,"{""avg_degree"":4,""block_size"":256,""iterations"":1,""max_iterations"":20}",num_vertices,75000,0.432641
2,2,graph,graph_cc,"{""avg_degree"":4,""block_size"":256,""iterations"":1,""max_iterations"":20}",num_vertices,100000,0.468228
2,2,graph,graph_cc,"{""avg_degree"":4,""block_size"":256,""iterations"":1,""max_iterations"":20}",num_vertices,150000,0.533254
2,2,graph,graph_cc,"{""avg_degree"":4,""block_size"":256,""iterations"":1,""max_iterations"":20}",num_vertices,200000,0.565423
2,2,graph,graph_cc,"{""avg_degree"":4,""block_size"":256,""iterations"":1,""max_iterations"":20}",num_vertices,250000,0.620417
2,2,graph,graph_cc,"{""avg_degree"":4,""block_size"":256,""iterations"":1,""max_iterations"":20}",num_vertices,300000,0.652049
2,2,graph,graph_cc,"{""avg_degree"":4,""block_size"":256,""iterations"":1,""max_iterations"":20}",num_vertices,400000,0.755160
2,2,graph,graph_cc,"{""avg_degree"":4,""block_size"":256,""iterations"":1,""max_iterations"":20}",num_vertices,500000,0.836157
2,2,graph,graph_cc,"{""avg_degree"":4,""block_size"":256,""iterations"":1,""max_iterations"":20}",num_vertices,600000,0.922420
2,2,graph,graph_cc,"{""avg_degree"":4,""block_size"":256,""iterations"":1,""max_iterations"":20}",num_vertices,750000,0.952931
2,2,graph,graph_cc,"{""avg_degree"":4,""block_size"":256,""iterations"":1,""max_iterations"":20}",num_vertices,850000,1.061082
2,2,graph,graph_cc,"{""avg_degree"":4,""block_size"":256,""iterations"":1,""max_iterations"":20}",num_vertices,1000000,1.231635
2,2,graph,graph_cc,"{""avg_degree"":4,""block_size"":256,""iterations"":1,""max_iterations"":500}",num_vertices,1000,0.259509
2,2,graph,graph_cc,"{""avg_degree"":4,""block_size"":256,""iterations"":1,""max_iterations"":500}",num_vertices,2000,0.260848
2,2,graph,graph_cc,"{""avg_degree"":4,""block_size"":256,""iterations"":1,""max_iterations"":500}",num_vertices,3000,0.297798
2,2,graph,graph_cc,"{""avg_degree"":4,""block_size"":256,""iterations"":1,""max_iterations"":500}",num_vertices,5000,0.299563
2,2,graph,graph_cc,"{""avg_degree"":4,""block_size"":256,""iterations"":1,""max_iterations"":500}",num_vertices,8000,0.307313
2,2,graph,graph_cc,"{""avg_degree"":4,""block_size"":256,""iterations"":1,""max_iterations"":500}",num_vertices,10000,0.348330
2,2,graph,graph_cc,"{""avg_degree"":4,""block_size"":256,""iterations"":1,""max_iterations"":500}",num_vertices,15000,0.314130
2,2,graph,graph_cc,"{""avg_degree"":4,""block_size"":256,""iterations"":1,""max_iterations"":500}",num_vertices,20000,0.354049
2,2,graph,graph_cc,"{""avg_degree"":4,""block_size"":256,""iterations"":1,""max_iterations"":500}",num_vertices,30000,0.359326
2,2,graph,graph_cc,"{""avg_degree"":4,""block_size"":256,""iterations"":1,""max_iterations"":500}",num_vertices,40000,0.373598
2,2,graph,graph_cc,"{""avg_degree"":4,""block_size"":256,""iterations"":1,""max_iterations"":500}",num_vertices,50000,0.383234
2,2,graph,graph_cc,"{""avg_degree"":4,""block_size"":256,""iterations"":1,""max_iterations"":500}",num_vertices,75000,0.417579
2,2,graph,graph_cc,"{""avg_degree"":4,""block_size"":256,""iterations"":1,""max_iterations"":500}",num_vertices,100000,0.478011
2,2,graph,graph_cc,"{""avg_degree"":4,""block_size"":256,""iterations"":1,""max_iterations"":500}",num_vertices,150000,0.490199
2,2,graph,graph_cc,"{""avg_degree"":4,""block_size"":256,""iterations"":1,""max_iterations"":500}",num_vertices,200000,0.566640
2,2,graph,graph_cc,"{""avg_degree"":4,""block_size"":256,""iterations"":1,""max_iterations"":500}",num_vertices,250000,0.612051
2,2,graph,graph_cc,"{""avg_degree"":4,""block_size"":256,""iterations"":1,""max_iterations"":500}",num_vertices,300000,0.654760
2,2,graph,graph_cc,"{""avg_degree"":4,""block_size"":256,""iterations"":1,""max_iterations"":500}",num_vertices,400000,0.772723
2,2,graph,graph_cc,"{""avg_degree"":4,""block_size"":256,""iterations"":1,""max_iterations"":500}",num_vertices,500000,0.829266
2,2,graph,graph_cc,"{""avg_degree"":4,""block_size"":256,""iterations"":1,""max_iterations"":500}",num_vertices,600000,0.912099
2,2,graph,graph_cc,"{""avg_degree"":4,""block_size"":256,""iterations"":1,""max_iterations"":500}",num_vertices,750000,0.936299
2,2,graph,graph_cc,"{""avg_degree"":4,""block_size"":256,""iterations"":1,""max_iterations"":500}",num_vertices,850000,1.045195
2,2,graph,graph_cc,"{""avg_degree"":4,""block_size"":256,""iterations"":1,""max_iterations"":500}",num_vertices,1000000,1.237008
2,2,graph,graph_cc,"{""avg_degree"":64,""block_size"":256,""iterations"":1,""max_iterations"":100}",num_vertices,1000,0.213046
2,2,graph,graph_cc,"{""avg_degree"":64,""block_size"":256,""iterations"":1,""max_iterations"":100}",num_vertices,2000,0.215171
2,2,graph,graph_cc,"{""avg_degree"":64,""block_size"":256,""iterations"":1,""max_iterations"":100}",num_vertices,3000,0.280320
2,2,graph,graph_cc,"{""avg_degree"":64,""block_size"":256,""iterations"":1,""max_iterations"":100}",num_vertices,5000,0.283179
2,2,graph,graph_cc,"{""avg_degree"":64,""block_size"":256,""iterations"":1,""max_iterations"":100}",num_vertices,8000,0.287577
2,2,graph,graph_cc,"{""avg_degree"":64,""block_size"":256,""iterations"":1,""max_iterations"":100}",num_vertices,10000,0.295688
2,2,graph,graph_cc,"{""avg_degree"":64,""block_size"":256,""iterations"":1,""max_iterations"":100}",num_vertices,15000,0.305765
2,2,graph,graph_cc,"{""avg_degree"":64,""block_size"":256,""iterations"":1,""max_iterations"":100}",num_vertices,20000,0.301488
2,2,graph,graph_cc,"{""avg_degree"":64,""block_size"":256,""iterations"":1,""max_iterations"":100}",num_vertices,30000,0.316055
2,2,graph,graph_cc,"{""avg_degree"":64,""block_size"":256,""iterations"":1,""max_iterations"":100}",num_vertices,40000,0.366584
2,2,graph,graph_cc,"{""avg_degree"":64,""block_size"":256,""iterations"":1,""max_iterations"":100}",num_vertices,50000,0.389926
2,2,graph,graph_cc,"{""avg_degree"":64,""block_size"":256,""iterations"":1,""max_iterations"":100}",num_vertices,75000,0.484372
2,2,graph,graph_cc,"{""avg_degree"":64,""block_size"":256,""iterations"":1,""max_iterations"":100}",num_vertices,100000,0.607492
2,2,graph,graph_cc,"{""avg_degree"":64,""block_size"":256,""iterations"":1,""max_iterations"":100}",num_vertices,150000,0.728955
2,2,graph,graph_cc,"{""avg_degree"":64,""block_size"":256,""iterations"":1,""max_iterations"":100}",num_vertices,200000,0.939650
2,2,graph,graph_cc,"{""avg_degree"":64,""block_size"":256,""iterations"":1,""max_iterations"":100}",num_vertices,250000,1.331129
2,2,graph,graph_cc,"{""avg_degree"":64,""block_size"":256,""iterations"":1,""max_iterations"":100}",num_vertices,300000,1.748239
2,2,graph,graph_cc,"{""avg_degree"":64,""block_size"":256,""iterations"":1,""max_iterations"":100}",num_vertices,400000,2.580630
2,2,graph,graph_cc,"{""avg_degree"":64,""block_size"":256,""iterations"":1,""max_iterations"":100}",num_vertices,500000,3.186252
2,2,graph,graph_cc,"{""avg_degree"":64,""block_size"":256,""iterations"":1,""max_iterations"":100}",num_vertices,600000,4.285476
2,2,graph,graph_cc,"{""avg_degree"":64,""block_size"":256,""iterations"":1,""max_iterations"":100}",num_vertices,750000,4.720218
2,2,graph,graph_cc,"{""avg_degree"":64,""block_size"":256,""iterations"":1,""max_iterations"":100}",num_vertices,850000,5.556749
2,2,graph,graph_cc,"{""avg_degree"":64,""block_size"":256,""iterations"":1,""max_iterations"":100}",num_vertices,1000000,7.167687
2,2,graph,graph_cc,"{""avg_degree"":64,""block_size"":256,""iterations"":1,""max_iterations"":20}",num_vertices,1000,0.211190
2,2,graph,graph_cc,"{""avg_degree"":64,""block_size"":256,""iterations"":1,""max_iterations"":20}",num_vertices,2000,0.216146
2,2,graph,graph_cc,"{""avg_degree"":64,""block_size"":256,""iterations"":1,""max_iterations"":20}",num_vertices,3000,0.275201
2,2,graph,graph_cc,"{""avg_degree"":64,""block_size"":256,""iterations"":1,""max_iterations"":20}",num_vertices,5000,0.284783
2,2,graph,graph_cc,"{""avg_degree"":64,""block_size"":256,""iterations"":1,""max_iterations"":20}",num_vertices,8000,0.292815
2,2,graph,graph_cc,"{""avg_degree"":64,""block_size"":256,""iterations"":1,""max_iterations"":20}",num_vertices,10000,0.293657
2,2,graph,graph_cc,"{""avg_degree"":64,""block_size"":256,""iterations"":1,""max_iterations"":20}",num_vertices,15000,0.297051
2,2,graph,graph_cc,"{""avg_degree"":64,""block_size"":256,""iterations"":1,""max_iterations"":20}",num_vertices,20000,0.302610
2,2,graph,graph_cc,"{""avg_degree"":64,""block_size"":256,""iterations"":1,""max_iterations"":20}",num_vertices,30000,0.311042
2,2,graph,graph_cc,"{""avg_degree"":64,""block_size"":256,""iterations"":1,""max_iterations"":20}",num_vertices,40000,0.362356
2,2,graph,graph_cc,"{""avg_degree"":64,""block_size"":256,""iterations"":1,""max_iterations"":20}",num_vertices,50000,0.399444
2,2,graph,graph_cc,"{""avg_degree"":64,""block_size"":256,""iterations"":1,""max_iterations"":20}",num_vertices,75000,0.467105
2,2,graph,graph_cc,"{""avg_degree"":64,""block_size"":256,""iterations"":1,""max_iterations"":20}",num_vertices,100000,0.595441
2,2,graph,graph_cc,"{""avg_degree"":64,""block_size"":256,""iterations"":1,""max_iterations"":20}",num_vertices,150000,0.728369
2,2,graph,graph_cc,"{""avg_degree"":64,""block_size"":256,""iterations"":1,""max_iterations"":20}",num_vertices,200000,0.941039
2,2,graph,graph_cc,"{""avg_degree"":64,""block_size"":256,""iterations"":1,""max_iterations"":20}",num_vertices,250000,1.333322
2,2,graph,graph_cc,"{""avg_degree"":64,""block_size"":256,""iterations"":1,""max_iterations"":20}",num_vertices,300000,1.734169
2,2,graph,graph_cc,"{""avg_degree"":64,""block_size"":256,""iterations"":1,""max_iterations"":20}",num_vertices,400000,2.600655
2,2,graph,graph_cc,"{""avg_degree"":64,""block_size"":256,""iterations"":1,""max_iterations"":20}",num_vertices,500000,3.197765
2,2,graph,graph_cc,"{""avg_degree"":64,""block_size"":256,""iterations"":1,""max_iterations"":20}",num_vertices,600000,3.971569
2,2,graph,graph_cc,"{""avg_degree"":64,""block_size"":256,""iterations"":1,""max_iterations"":20}",num_vertices,750000,4.699777
2,2,graph,graph_cc,"{""avg_degree"":64,""block_size"":256,""iterations"":1,""max_iterations"":20}",num_vertices,850000,5.584810
2,2,graph,graph_cc,"{""avg_degree"":64,""block_size"":256,""iterations"":1,""max_iterations"":20}",num_vertices,1000000,7.213221
2,2,graph,graph_cc,"{""avg_degree"":64,""block_size"":256,""iterations"":1,""max_iterations"":500}",num_vertices,1000,0.207620
2,2,graph,graph_cc,"{""avg_degree"":64,""block_size"":256,""iterations"":1,""max_iterations"":500}",num_vertices,2000,0.218191
2,2,graph,graph_cc,"{""avg_degree"":64,""block_size"":256,""iterations"":1,""max_iterations"":500}",num_vertices,3000,0.279863
2,2,graph,graph_cc,"{""avg_degree"":64,""block_size"":256,""iterations"":1,""max_iterations"":500}",num_vertices,5000,0.283072
2,2,graph,graph_cc,"{""avg_degree"":64,""block_size"":256,""iterations"":1,""max_iterations"":500}",num_vertices,8000,0.292013
2,2,graph,graph_cc,"{""avg_degree"":64,""block_size"":256,""iterations"":1,""max_iterations"":500}",num_vertices,10000,0.293831
2,2,graph,graph_cc,"{""avg_degree"":64,""block_size"":256,""iterations"":1,""max_iterations"":500}",num_vertices,15000,0.294578
2,2,graph,graph_cc,"{""avg_degree"":64,""block_size"":256,""iterations"":1,""max_iterations"":500}",num_vertices,20000,0.298627
2,2,graph,graph_cc,"{""avg_degree"":64,""block_size"":256,""iterations"":1,""max_iterations"":500}",num_vertices,30000,0.333766
2,2,graph,graph_cc,"{""avg_degree"":64,""block_size"":256,""iterations"":1,""max_iterations"":500}",num_vertices,40000,0.356039
2,2,graph,graph_cc,"{""avg_degree"":64,""block_size"":256,""iterations"":1,""max_iterations"":500}",num_vertices,50000,0.384825
2,2,graph,graph_cc,"{""avg_degree"":64,""block_size"":256,""iterations"":1,""max_iterations"":500}",num_vertices,75000,0.462562
2,2,graph,graph_cc,"{""avg_degree"":64,""block_size"":256,""iterations"":1,""max_iterations"":500}",num_vertices,100000,0.591951
2,2,graph,graph_cc,"{""avg_degree"":64,""block_size"":256,""iterations"":1,""max_iterations"":500}",num_vertices,150000,0.725390
2,2,graph,graph_cc,"{""avg_degree"":64,""block_size"":256,""iterations"":1,""max_iterations"":500}",num_vertices,200000,0.943806
2,2,graph,graph_cc,"{""avg_degree"":64,""block_size"":256,""iterations"":1,""max_iterations"":500}",num_vertices,250000,1.331242
2,2,graph,graph_cc,"{""avg_degree"":64,""block_size"":256,""iterations"":1,""max_iterations"":500}",num_vertices,300000,1.744044
2,2,graph,graph_cc,"{""avg_degree"":64,""block_size"":256,""iterations"":1,""max_iterations"":500}",num_vertices,400000,2.578546
2,2,graph,graph_cc,"{""avg_degree"":64,""block_size"":256,""iterations"":1,""max_iterations"":500}",num_vertices,500000,3.181672
2,2,graph,graph_cc,"{""avg_degree"":64,""block_size"":256,""iterations"":1,""max_iterations"":500}",num_vertices,600000,4.305839
2,2,graph,graph_cc,"{""avg_degree"":64,""block_size"":256,""iterations"":1,""max_iterations"":500}",num_vertices,750000,4.671473
2,2,graph,graph_cc,"{""avg_degree"":64,""block_size"":256,""iterations"":1,""max_iterations"":500}",num_vertices,850000,5.604544
2,2,graph,graph_cc,"{""avg_degree"":64,""block_size"":256,""iterations"":1,""max_iterations"":500}",num_vertices,1000000,7.190722
2,2,graph,graph_pr,"{""degree"":16,""pr_iterations"":5}",vertices,1024,0.087145
2,2,graph,graph_pr,"{""degree"":16,""pr_iterations"":5}",vertices,1536,0.088642
2,2,graph,graph_pr,"{""degree"":16,""pr_iterations"":5}",vertices,2048,0.091729
2,2,graph,graph_pr,"{""degree"":16,""pr_iterations"":5}",vertices,3072,0.096554
2,2,graph,graph_pr,"{""degree"":16,""pr_iterations"":5}",vertices,4096,0.104505
2,2,graph,graph_pr,"{""degree"":16,""pr_iterations"":5}",vertices,6144,0.110545
2,2,graph,graph_pr,"{""degree"":16,""pr_iterations"":5}",vertices,8192,0.115370
2,2,graph,graph_pr,"{""degree"":16,""pr_iterations"":5}",vertices,12288,0.118550
2,2,graph,graph_pr,"{""degree"":16,""pr_iterations"":5}",vertices,16384,0.118243
2,2,graph,graph_pr,"{""degree"":16,""pr_iterations"":5}",vertices,24576,0.126168
2,2,graph,graph_pr,"{""degree"":16,""pr_iterations"":5}",vertices,32768,0.130711
2,2,graph,graph_pr,"{""degree"":16,""pr_iterations"":5}",vertices,49152,0.143322
2,2,graph,graph_pr,"{""degree"":16,""pr_iterations"":5}",vertices,65536,0.158802
2,2,graph,graph_pr,"{""degree"":16,""pr_iterations"":5}",vertices,98304,0.197383
2,2,graph,graph_pr,"{""degree"":16,""pr_iterations"":5}",vertices,131072,0.232329
2,2,graph,graph_pr,"{""degree"":16,""pr_iterations"":5}",vertices,196608,0.321266
2,2,graph,graph_pr,"{""degree"":16,""pr_iterations"":5}",vertices,262144,0.403492
2,2,graph,graph_pr,"{""degree"":16,""pr_iterations"":5}",vertices,393216,0.621656
2,2,graph,graph_pr,"{""degree"":16,""pr_iterations"":5}",vertices,524288,0.983164
2,2,graph,graph_pr,"{""degree"":16,""pr_iterations"":5}",vertices,786432,2.067137
2,2,graph,graph_pr,"{""degree"":16,""pr_iterations"":5}",vertices,1048576,3.195200
2,2,graph,graph_pr,"{""degree"":16,""pr_iterations"":5}",vertices,1572864,5.974803
2,2,graph,graph_pr,"{""degree"":16,""pr_iterations"":5}",vertices,2097152,8.735816
2,2,graph,graph_pr,"{""degree"":16,""pr_iterations"":5}",vertices,3145728,14.270455
2,2,graph,graph_pr,"{""degree"":16,""pr_iterations"":5}",vertices,4194304,19.662735
2,2,graph,graph_pr,"{""degree"":16,""pr_iterations"":5}",vertices,6291456,30.479400
2,2,graph,graph_pr,"{""degree"":16,""pr_iterations"":5}",vertices,8388608,41.130813
2,2,graph,graph_pr,"{""degree"":4,""pr_iterations"":5}",vertices,1024,0.049981
2,2,graph,graph_pr,"{""degree"":4,""pr_iterations"":5}",vertices,1536,0.054070
2,2,graph,graph_pr,"{""degree"":4,""pr_iterations"":5}",vertices,2048,0.054858
2,2,graph,graph_pr,"{""degree"":4,""pr_iterations"":5}",vertices,3072,0.059897
2,2,graph,graph_pr,"{""degree"":4,""pr_iterations"":5}",vertices,4096,0.057919
2,2,graph,graph_pr,"{""degree"":4,""pr_iterations"":5}",vertices,6144,0.065442
2,2,graph,graph_pr,"{""degree"":4,""pr_iterations"":5}",vertices,8192,0.068235
2,2,graph,graph_pr,"{""degree"":4,""pr_iterations"":5}",vertices,12288,0.071363
2,2,graph,graph_pr,"{""degree"":4,""pr_iterations"":5}",vertices,16384,0.073073
2,2,graph,graph_pr,"{""degree"":4,""pr_iterations"":5}",vertices,24576,0.075345
2,2,graph,graph_pr,"{""degree"":4,""pr_iterations"":5}",vertices,32768,0.078018
2,2,graph,graph_pr,"{""degree"":4,""pr_iterations"":5}",vertices,49152,0.089524
2,2,graph,graph_pr,"{""degree"":4,""pr_iterations"":5}",vertices,65536,0.094789
2,2,graph,graph_pr,"{""degree"":4,""pr_iterations"":5}",vertices,98304,0.121330
2,2,graph,graph_pr,"{""degree"":4,""pr_iterations"":5}",vertices,131072,0.135803
2,2,graph,graph_pr,"{""degree"":4,""pr_iterations"":5}",vertices,196608,0.188363
2,2,graph,graph_pr,"{""degree"":4,""pr_iterations"":5}",vertices,262144,0.247618
2,2,graph,graph_pr,"{""degree"":4,""pr_iterations"":5}",vertices,393216,0.244505
2,2,graph,graph_pr,"{""degree"":4,""pr_iterations"":5}",vertices,524288,0.322709
2,2,graph,graph_pr,"{""degree"":4,""pr_iterations"":5}",vertices,786432,0.577648
2,2,graph,graph_pr,"{""degree"":4,""pr_iterations"":5}",vertices,1048576,0.871441
2,2,graph,graph_pr,"{""degree"":4,""pr_iterations"":5}",vertices,1572864,1.554192
2,2,graph,graph_pr,"{""degree"":4,""pr_iterations"":5}",vertices,2097152,2.222334
2,2,graph,graph_pr,"{""degree"":4,""pr_iterations"":5}",vertices,3145728,3.536010
2,2,graph,graph_pr,"{""degree"":4,""pr_iterations"":5}",vertices,4194304,4.894872
2,2,graph,graph_pr,"{""degree"":4,""pr_iterations"":5}",vertices,6291456,7.520478
2,2,graph,graph_pr,"{""degree"":4,""pr_iterations"":5}",vertices,8388608,18.059811
2,2,graph,graph_pr,"{""degree"":64,""pr_iterations"":5}",vertices,1024,0.223148
2,2,graph,graph_pr,"{""degree"":64,""pr_iterations"":5}",vertices,1536,0.231690
2,2,graph,graph_pr,"{""degree"":64,""pr_iterations"":5}",vertices,2048,0.245881
2,2,graph,graph_pr,"{""degree"":64,""pr_iterations"":5}",vertices,3072,0.246040
2,2,graph,graph_pr,"{""degree"":64,""pr_iterations"":5}",vertices,4096,0.259177
2,2,graph,graph_pr,"{""degree"":64,""pr_iterations"":5}",vertices,6144,0.258175
2,2,graph,graph_pr,"{""degree"":64,""pr_iterations"":5}",vertices,8192,0.255756
2,2,graph,graph_pr,"{""degree"":64,""pr_iterations"":5}",vertices,12288,0.269360
2,2,graph,graph_pr,"{""degree"":64,""pr_iterations"":5}",vertices,16384,0.277057
2,2,graph,graph_pr,"{""degree"":64,""pr_iterations"":5}",vertices,24576,0.285771
2,2,graph,graph_pr,"{""degree"":64,""pr_iterations"":5}",vertices,32768,0.332144
2,2,graph,graph_pr,"{""degree"":64,""pr_iterations"":5}",vertices,49152,0.353111
2,2,graph,graph_pr,"{""degree"":64,""pr_iterations"":5}",vertices,65536,0.403480
2,2,graph,graph_pr,"{""degree"":64,""pr_iterations"":5}",vertices,98304,0.604364
2,2,graph,graph_pr,"{""degree"":64,""pr_iterations"":5}",vertices,131072,0.676925
2,2,graph,graph_pr,"{""degree"":64,""pr_iterations"":5}",vertices,196608,1.077415
2,2,graph,graph_pr,"{""degree"":64,""pr_iterations"":5}",vertices,262144,1.734286
2,2,graph,graph_pr,"{""degree"":64,""pr_iterations"":5}",vertices,393216,4.314583
2,2,graph,graph_pr,"{""degree"":64,""pr_iterations"":5}",vertices,524288,4.565709
2,2,graph,graph_pr,"{""degree"":64,""pr_iterations"":5}",vertices,786432,9.141636
2,2,graph,graph_pr,"{""degree"":64,""pr_iterations"":5}",vertices,1048576,14.019172
2,2,graph,graph_pr,"{""degree"":64,""pr_iterations"":5}",vertices,1572864,26.443354
2,2,graph,graph_pr,"{""degree"":64,""pr_iterations"":5}",vertices,2097152,39.227551
2,2,graph,graph_pr,"{""degree"":64,""pr_iterations"":5}",vertices,3145728,64.145198
2,2,graph,graph_pr,"{""degree"":64,""pr_iterations"":5}",vertices,4194304,89.322197
2,2,graph,graph_pr,"{""degree"":64,""pr_iterations"":5}",vertices,6291456,138.595861
2,2,graph,graph_pr,"{""degree"":64,""pr_iterations"":5}",vertices,8388608,187.177760
2,2,graph,graph_tc,"{""avg_degree"":128,""block_size"":256,""verify"":""false""}",vertices,256,0.058212
2,2,graph,graph_tc,"{""avg_degree"":128,""block_size"":256,""verify"":""false""}",vertices,384,0.065389
2,2,graph,graph_tc,"{""avg_degree"":128,""block_size"":256,""verify"":""false""}",vertices,512,0.069199
2,2,graph,graph_tc,"{""avg_degree"":128,""block_size"":256,""verify"":""false""}",vertices,768,0.071016
2,2,graph,graph_tc,"{""avg_degree"":128,""block_size"":256,""verify"":""false""}",vertices,1024,0.074369
2,2,graph,graph_tc,"{""avg_degree"":128,""block_size"":256,""verify"":""false""}",vertices,1536,0.096674
2,2,graph,graph_tc,"{""avg_degree"":128,""block_size"":256,""verify"":""false""}",vertices,2048,0.150115
2,2,graph,graph_tc,"{""avg_degree"":128,""block_size"":256,""verify"":""false""}",vertices,3072,0.247362
2,2,graph,graph_tc,"{""avg_degree"":128,""block_size"":256,""verify"":""false""}",vertices,4096,0.328814
2,2,graph,graph_tc,"{""avg_degree"":128,""block_size"":256,""verify"":""false""}",vertices,6144,0.472567
2,2,graph,graph_tc,"{""avg_degree"":128,""block_size"":256,""verify"":""false""}",vertices,8192,0.678088
2,2,graph,graph_tc,"{""avg_degree"":128,""block_size"":256,""verify"":""false""}",vertices,12288,1.011633
2,2,graph,graph_tc,"{""avg_degree"":128,""block_size"":256,""verify"":""false""}",vertices,16384,1.322471
2,2,graph,graph_tc,"{""avg_degree"":128,""block_size"":256,""verify"":""false""}",vertices,24576,2.008736
2,2,graph,graph_tc,"{""avg_degree"":128,""block_size"":256,""verify"":""false""}",vertices,32768,2.849511
2,2,graph,graph_tc,"{""avg_degree"":128,""block_size"":256,""verify"":""false""}",vertices,49152,6.099052
2,2,graph,graph_tc,"{""avg_degree"":128,""block_size"":256,""verify"":""false""}",vertices,65536,10.320544
2,2,graph,graph_tc,"{""avg_degree"":128,""block_size"":256,""verify"":""false""}",vertices,98304,19.315461
2,2,graph,graph_tc,"{""avg_degree"":128,""block_size"":256,""verify"":""false""}",vertices,131072,29.159685
2,2,graph,graph_tc,"{""avg_degree"":128,""block_size"":256,""verify"":""false""}",vertices,196608,30.566574
2,2,graph,graph_tc,"{""avg_degree"":128,""block_size"":256,""verify"":""false""}",vertices,262144,55.257646
2,2,graph,graph_tc,"{""avg_degree"":128,""block_size"":256,""verify"":""skip""}",vertices,256,0.056742
2,2,graph,graph_tc,"{""avg_degree"":128,""block_size"":256,""verify"":""skip""}",vertices,384,0.067968
2,2,graph,graph_tc,"{""avg_degree"":128,""block_size"":256,""verify"":""skip""}",vertices,512,0.069477
2,2,graph,graph_tc,"{""avg_degree"":128,""block_size"":256,""verify"":""skip""}",vertices,768,0.070720
2,2,graph,graph_tc,"{""avg_degree"":128,""block_size"":256,""verify"":""skip""}",vertices,1024,0.074396
2,2,graph,graph_tc,"{""avg_degree"":128,""block_size"":256,""verify"":""skip""}",vertices,1536,0.096540
2,2,graph,graph_tc,"{""avg_degree"":128,""block_size"":256,""verify"":""skip""}",vertices,2048,0.151210
2,2,graph,graph_tc,"{""avg_degree"":128,""block_size"":256,""verify"":""skip""}",vertices,3072,0.247817
2,2,graph,graph_tc,"{""avg_degree"":128,""block_size"":256,""verify"":""skip""}",vertices,4096,0.330431
2,2,graph,graph_tc,"{""avg_degree"":128,""block_size"":256,""verify"":""skip""}",vertices,6144,0.480506
2,2,graph,graph_tc,"{""avg_degree"":128,""block_size"":256,""verify"":""skip""}",vertices,8192,0.672983
2,2,graph,graph_tc,"{""avg_degree"":128,""block_size"":256,""verify"":""skip""}",vertices,12288,1.013022
2,2,graph,graph_tc,"{""avg_degree"":128,""block_size"":256,""verify"":""skip""}",vertices,16384,1.315014
2,2,graph,graph_tc,"{""avg_degree"":128,""block_size"":256,""verify"":""skip""}",vertices,24576,1.999742
2,2,graph,graph_tc,"{""avg_degree"":128,""block_size"":256,""verify"":""skip""}",vertices,32768,2.849624
2,2,graph,graph_tc,"{""avg_degree"":128,""block_size"":256,""verify"":""skip""}",vertices,49152,6.082842
2,2,graph,graph_tc,"{""avg_degree"":128,""block_size"":256,""verify"":""skip""}",vertices,65536,10.196528
2,2,graph,graph_tc,"{""avg_degree"":128,""block_size"":256,""verify"":""skip""}",vertices,98304,19.317078
2,2,graph,graph_tc,"{""avg_degree"":128,""block_size"":256,""verify"":""skip""}",vertices,131072,29.115964
2,2,graph,graph_tc,"{""avg_degree"":128,""block_size"":256,""verify"":""skip""}",vertices,196608,30.497699
2,2,graph,graph_tc,"{""avg_degree"":128,""block_size"":256,""verify"":""skip""}",vertices,262144,54.843194
2,2,graph,graph_tc,"{""avg_degree"":128,""block_size"":256,""verify"":""true""}",vertices,256,0.056596
2,2,graph,graph_tc,"{""avg_degree"":128,""block_size"":256,""verify"":""true""}",vertices,384,0.064828
2,2,graph,graph_tc,"{""avg_degree"":128,""block_size"":256,""verify"":""true""}",vertices,512,0.069665
2,2,graph,graph_tc,"{""avg_degree"":128,""block_size"":256,""verify"":""true""}",vertices,768,0.071055
2,2,graph,graph_tc,"{""avg_degree"":128,""block_size"":256,""verify"":""true""}",vertices,1024,0.076240
2,2,graph,graph_tc,"{""avg_degree"":128,""block_size"":256,""verify"":""true""}",vertices,1536,0.095016
2,2,graph,graph_tc,"{""avg_degree"":128,""block_size"":256,""verify"":""true""}",vertices,2048,0.148591
2,2,graph,graph_tc,"{""avg_degree"":128,""block_size"":256,""verify"":""true""}",vertices,3072,0.249794
2,2,graph,graph_tc,"{""avg_degree"":128,""block_size"":256,""verify"":""true""}",vertices,4096,0.329629
2,2,graph,graph_tc,"{""avg_degree"":128,""block_size"":256,""verify"":""true""}",vertices,6144,0.479677
2,2,graph,graph_tc,"{""avg_degree"":128,""block_size"":256,""verify"":""true""}",vertices,8192,0.670948
2,2,graph,graph_tc,"{""avg_degree"":128,""block_size"":256,""verify"":""true""}",vertices,12288,1.014683
2,2,graph,graph_tc,"{""avg_degree"":128,""block_size"":256,""verify"":""true""}",vertices,16384,1.319571
2,2,graph,graph_tc,"{""avg_degree"":128,""block_size"":256,""verify"":""true""}",vertices,24576,2.009725
2,2,graph,graph_tc,"{""avg_degree"":128,""block_size"":256,""verify"":""true""}",vertices,32768,2.840211
2,2,graph,graph_tc,"{""avg_degree"":128,""block_size"":256,""verify"":""true""}",vertices,49152,6.144353
2,2,graph,graph_tc,"{""avg_degree"":128,""block_size"":256,""verify"":""true""}",vertices,65536,10.269590
2,2,graph,graph_tc,"{""avg_degree"":128,""block_size"":256,""verify"":""true""}",vertices,98304,19.210090
2,2,graph,graph_tc,"{""avg_degree"":128,""block_size"":256,""verify"":""true""}",vertices,131072,28.906572
2,2,graph,graph_tc,"{""avg_degree"":128,""block_size"":256,""verify"":""true""}",vertices,196608,30.995335
2,2,graph,graph_tc,"{""avg_degree"":128,""block_size"":256,""verify"":""true""}",vertices,262144,55.486309
2,2,graph,graph_tc,"{""avg_degree"":32,""block_size"":256,""verify"":""false""}",vertices,256,0.023280
2,2,graph,graph_tc,"{""avg_degree"":32,""block_size"":256,""verify"":""false""}",vertices,384,0.024416
2,2,graph,graph_tc,"{""avg_degree"":32,""block_size"":256,""verify"":""false""}",vertices,512,0.030109
2,2,graph,graph_tc,"{""avg_degree"":32,""block_size"":256,""verify"":""false""}",vertices,768,0.025365
2,2,graph,graph_tc,"{""avg_degree"":32,""block_size"":256,""verify"":""false""}",vertices,1024,0.025832
2,2,graph,graph_tc,"{""avg_degree"":32,""block_size"":256,""verify"":""false""}",vertices,1536,0.027155
2,2,graph,graph_tc,"{""avg_degree"":32,""block_size"":256,""verify"":""false""}",vertices,2048,0.029601
2,2,graph,graph_tc,"{""avg_degree"":32,""block_size"":256,""verify"":""false""}",vertices,3072,0.027476
2,2,graph,graph_tc,"{""avg_degree"":32,""block_size"":256,""verify"":""false""}",vertices,4096,0.027930
2,2,graph,graph_tc,"{""avg_degree"":32,""block_size"":256,""verify"":""false""}",vertices,6144,0.039396
2,2,graph,graph_tc,"{""avg_degree"":32,""block_size"":256,""verify"":""false""}",vertices,8192,0.053054
2,2,graph,graph_tc,"{""avg_degree"":32,""block_size"":256,""verify"":""false""}",vertices,12288,0.075919
2,2,graph,graph_tc,"{""avg_degree"":32,""block_size"":256,""verify"":""false""}",vertices,16384,0.097622
2,2,graph,graph_tc,"{""avg_degree"":32,""block_size"":256,""verify"":""false""}",vertices,24576,0.140213
2,2,graph,graph_tc,"{""avg_degree"":32,""block_size"":256,""verify"":""false""}",vertices,32768,0.184847
2,2,graph,graph_tc,"{""avg_degree"":32,""block_size"":256,""verify"":""false""}",vertices,49152,0.277551
2,2,graph,graph_tc,"{""avg_degree"":32,""block_size"":256,""verify"":""false""}",vertices,65536,0.381560
2,2,graph,graph_tc,"{""avg_degree"":32,""block_size"":256,""verify"":""false""}",vertices,98304,0.675575
2,2,graph,graph_tc,"{""avg_degree"":32,""block_size"":256,""verify"":""false""}",vertices,131072,1.121214
2,2,graph,graph_tc,"{""avg_degree"":32,""block_size"":256,""verify"":""false""}",vertices,196608,2.227244
2,2,graph,graph_tc,"{""avg_degree"":32,""block_size"":256,""verify"":""false""}",vertices,262144,3.394741
2,2,graph,graph_tc,"{""avg_degree"":32,""block_size"":256,""verify"":""false""}",vertices,393216,5.926344
2,2,graph,graph_tc,"{""avg_degree"":32,""block_size"":256,""verify"":""skip""}",vertices,256,0.022825
2,2,graph,graph_tc,"{""avg_degree"":32,""block_size"":256,""verify"":""skip""}",vertices,384,0.024897
2,2,graph,graph_tc,"{""avg_degree"":32,""block_size"":256,""verify"":""skip""}",vertices,512,0.025057
2,2,graph,graph_tc,"{""avg_degree"":32,""block_size"":256,""verify"":""skip""}",vertices,768,0.025111
2,2,graph,graph_tc,"{""avg_degree"":32,""block_size"":256,""verify"":""skip""}",vertices,1024,0.026260
2,2,graph,graph_tc,"{""avg_degree"":32,""block_size"":256,""verify"":""skip""}",vertices,1536,0.027877
2,2,graph,graph_tc,"{""avg_degree"":32,""block_size"":256,""verify"":""skip""}",vertices,2048,0.027222
2,2,graph,graph_tc,"{""avg_degree"":32,""block_size"":256,""verify"":""skip""}",vertices,3072,0.027449
2,2,graph,graph_tc,"{""avg_degree"":32,""block_size"":256,""verify"":""skip""}",vertices,4096,0.027863
2,2,graph,graph_tc,"{""avg_degree"":32,""block_size"":256,""verify"":""skip""}",vertices,6144,0.038381
2,2,graph,graph_tc,"{""avg_degree"":32,""block_size"":256,""verify"":""skip""}",vertices,8192,0.051463
2,2,graph,graph_tc,"{""avg_degree"":32,""block_size"":256,""verify"":""skip""}",vertices,12288,0.075786
2,2,graph,graph_tc,"{""avg_degree"":32,""block_size"":256,""verify"":""skip""}",vertices,16384,0.097782
2,2,graph,graph_tc,"{""avg_degree"":32,""block_size"":256,""verify"":""skip""}",vertices,24576,0.142564
2,2,graph,graph_tc,"{""avg_degree"":32,""block_size"":256,""verify"":""skip""}",vertices,32768,0.184299
2,2,graph,graph_tc,"{""avg_degree"":32,""block_size"":256,""verify"":""skip""}",vertices,49152,0.276040
2,2,graph,graph_tc,"{""avg_degree"":32,""block_size"":256,""verify"":""skip""}",vertices,65536,0.374919
2,2,graph,graph_tc,"{""avg_degree"":32,""block_size"":256,""verify"":""skip""}",vertices,98304,0.682952
2,2,graph,graph_tc,"{""avg_degree"":32,""block_size"":256,""verify"":""skip""}",vertices,131072,1.096423
2,2,graph,graph_tc,"{""avg_degree"":32,""block_size"":256,""verify"":""skip""}",vertices,196608,2.212704
2,2,graph,graph_tc,"{""avg_degree"":32,""block_size"":256,""verify"":""skip""}",vertices,262144,3.392496
2,2,graph,graph_tc,"{""avg_degree"":32,""block_size"":256,""verify"":""skip""}",vertices,393216,5.930379
2,2,graph,graph_tc,"{""avg_degree"":32,""block_size"":256,""verify"":""true""}",vertices,256,0.022785
2,2,graph,graph_tc,"{""avg_degree"":32,""block_size"":256,""verify"":""true""}",vertices,384,0.024215
2,2,graph,graph_tc,"{""avg_degree"":32,""block_size"":256,""verify"":""true""}",vertices,512,0.024937
2,2,graph,graph_tc,"{""avg_degree"":32,""block_size"":256,""verify"":""true""}",vertices,768,0.025231
2,2,graph,graph_tc,"{""avg_degree"":32,""block_size"":256,""verify"":""true""}",vertices,1024,0.025699
2,2,graph,graph_tc,"{""avg_degree"":32,""block_size"":256,""verify"":""true""}",vertices,1536,0.027476
2,2,graph,graph_tc,"{""avg_degree"":32,""block_size"":256,""verify"":""true""}",vertices,2048,0.027315
2,2,graph,graph_tc,"{""avg_degree"":32,""block_size"":256,""verify"":""true""}",vertices,3072,0.027649
2,2,graph,graph_tc,"{""avg_degree"":32,""block_size"":256,""verify"":""true""}",vertices,4096,0.029266
2,2,graph,graph_tc,"{""avg_degree"":32,""block_size"":256,""verify"":""true""}",vertices,6144,0.038581
2,2,graph,graph_tc,"{""avg_degree"":32,""block_size"":256,""verify"":""true""}",vertices,8192,0.051143
2,2,graph,graph_tc,"{""avg_degree"":32,""block_size"":256,""verify"":""true""}",vertices,12288,0.075518
2,2,graph,graph_tc,"{""avg_degree"":32,""block_size"":256,""verify"":""true""}",vertices,16384,0.097395
2,2,graph,graph_tc,"{""avg_degree"":32,""block_size"":256,""verify"":""true""}",vertices,24576,0.140787
2,2,graph,graph_tc,"{""avg_degree"":32,""block_size"":256,""verify"":""true""}",vertices,32768,0.184633
2,2,graph,graph_tc,"{""avg_degree"":32,""block_size"":256,""verify"":""true""}",vertices,49152,0.273809
2,2,graph,graph_tc,"{""avg_degree"":32,""block_size"":256,""verify"":""true""}",vertices,65536,0.378687
2,2,graph,graph_tc,"{""avg_degree"":32,""block_size"":256,""verify"":""true""}",vertices,98304,0.682857
2,2,graph,graph_tc,"{""avg_degree"":32,""block_size"":256,""verify"":""true""}",vertices,131072,1.119716
2,2,graph,graph_tc,"{""avg_degree"":32,""block_size"":256,""verify"":""true""}",vertices,196608,2.197965
2,2,graph,graph_tc,"{""avg_degree"":32,""block_size"":256,""verify"":""true""}",vertices,262144,3.436942
2,2,graph,graph_tc,"{""avg_degree"":32,""block_size"":256,""verify"":""true""}",vertices,393216,5.903183
2,2,graph,graph_tc,"{""avg_degree"":8,""block_size"":256,""verify"":""false""}",vertices,256,0.012602
2,2,graph,graph_tc,"{""avg_degree"":8,""block_size"":256,""verify"":""false""}",vertices,384,0.012669
2,2,graph,graph_tc,"{""avg_degree"":8,""block_size"":256,""verify"":""false""}",vertices,512,0.012963
2,2,graph,graph_tc,"{""avg_degree"":8,""block_size"":256,""verify"":""false""}",vertices,768,0.013003
2,2,graph,graph_tc,"{""avg_degree"":8,""block_size"":256,""verify"":""false""}",vertices,1024,0.012976
2,2,graph,graph_tc,"{""avg_degree"":8,""block_size"":256,""verify"":""false""}",vertices,1536,0.013057
2,2,graph,graph_tc,"{""avg_degree"":8,""block_size"":256,""verify"":""false""}",vertices,2048,0.012949
2,2,graph,graph_tc,"{""avg_degree"":8,""block_size"":256,""verify"":""false""}",vertices,3072,0.013257
2,2,graph,graph_tc,"{""avg_degree"":8,""block_size"":256,""verify"":""false""}",vertices,4096,0.013765
2,2,graph,graph_tc,"{""avg_degree"":8,""block_size"":256,""verify"":""false""}",vertices,6144,0.013805
2,2,graph,graph_tc,"{""avg_degree"":8,""block_size"":256,""verify"":""false""}",vertices,8192,0.013978
2,2,graph,graph_tc,"{""avg_degree"":8,""block_size"":256,""verify"":""false""}",vertices,12288,0.014153
2,2,graph,graph_tc,"{""avg_degree"":8,""block_size"":256,""verify"":""false""}",vertices,16384,0.014018
2,2,graph,graph_tc,"{""avg_degree"":8,""block_size"":256,""verify"":""false""}",vertices,24576,0.017092
2,2,graph,graph_tc,"{""avg_degree"":8,""block_size"":256,""verify"":""false""}",vertices,32768,0.020313
2,2,graph,graph_tc,"{""avg_degree"":8,""block_size"":256,""verify"":""false""}",vertices,49152,0.026500
2,2,graph,graph_tc,"{""avg_degree"":8,""block_size"":256,""verify"":""false""}",vertices,65536,0.033021
2,2,graph,graph_tc,"{""avg_degree"":8,""block_size"":256,""verify"":""false""}",vertices,98304,0.046065
2,2,graph,graph_tc,"{""avg_degree"":8,""block_size"":256,""verify"":""false""}",vertices,131072,0.057076
2,2,graph,graph_tc,"{""avg_degree"":8,""block_size"":256,""verify"":""false""}",vertices,196608,0.080490
2,2,graph,graph_tc,"{""avg_degree"":8,""block_size"":256,""verify"":""false""}",vertices,262144,0.103942
2,2,graph,graph_tc,"{""avg_degree"":8,""block_size"":256,""verify"":""false""}",vertices,393216,0.188013
2,2,graph,graph_tc,"{""avg_degree"":8,""block_size"":256,""verify"":""skip""}",vertices,256,0.012575
2,2,graph,graph_tc,"{""avg_degree"":8,""block_size"":256,""verify"":""skip""}",vertices,384,0.012803
2,2,graph,graph_tc,"{""avg_degree"":8,""block_size"":256,""verify"":""skip""}",vertices,512,0.012816
2,2,graph,graph_tc,"{""avg_degree"":8,""block_size"":256,""verify"":""skip""}",vertices,768,0.012896
2,2,graph,graph_tc,"{""avg_degree"":8,""block_size"":256,""verify"":""skip""}",vertices,1024,0.013016
2,2,graph,graph_tc,"{""avg_degree"":8,""block_size"":256,""verify"":""skip""}",vertices,1536,0.013297
2,2,graph,graph_tc,"{""avg_degree"":8,""block_size"":256,""verify"":""skip""}",vertices,2048,0.013083
2,2,graph,graph_tc,"{""avg_degree"":8,""block_size"":256,""verify"":""skip""}",vertices,3072,0.013176
2,2,graph,graph_tc,"{""avg_degree"":8,""block_size"":256,""verify"":""skip""}",vertices,4096,0.017293
2,2,graph,graph_tc,"{""avg_degree"":8,""block_size"":256,""verify"":""skip""}",vertices,6144,0.013898
2,2,graph,graph_tc,"{""avg_degree"":8,""block_size"":256,""verify"":""skip""}",vertices,8192,0.014099
2,2,graph,graph_tc,"{""avg_degree"":8,""block_size"":256,""verify"":""skip""}",vertices,12288,0.014059
2,2,graph,graph_tc,"{""avg_degree"":8,""block_size"":256,""verify"":""skip""}",vertices,16384,0.014138
2,2,graph,graph_tc,"{""avg_degree"":8,""block_size"":256,""verify"":""skip""}",vertices,24576,0.016972
2,2,graph,graph_tc,"{""avg_degree"":8,""block_size"":256,""verify"":""skip""}",vertices,32768,0.020112
2,2,graph,graph_tc,"{""avg_degree"":8,""block_size"":256,""verify"":""skip""}",vertices,49152,0.026513
2,2,graph,graph_tc,"{""avg_degree"":8,""block_size"":256,""verify"":""skip""}",vertices,65536,0.033102
2,2,graph,graph_tc,"{""avg_degree"":8,""block_size"":256,""verify"":""skip""}",vertices,98304,0.045837
2,2,graph,graph_tc,"{""avg_degree"":8,""block_size"":256,""verify"":""skip""}",vertices,131072,0.056609
2,2,graph,graph_tc,"{""avg_degree"":8,""block_size"":256,""verify"":""skip""}",vertices,196608,0.081625
2,2,graph,graph_tc,"{""avg_degree"":8,""block_size"":256,""verify"":""skip""}",vertices,262144,0.106307
2,2,graph,graph_tc,"{""avg_degree"":8,""block_size"":256,""verify"":""skip""}",vertices,393216,0.187611
2,2,graph,graph_tc,"{""avg_degree"":8,""block_size"":256,""verify"":""true""}",vertices,256,0.012669
2,2,graph,graph_tc,"{""avg_degree"":8,""block_size"":256,""verify"":""true""}",vertices,384,0.012829
2,2,graph,graph_tc,"{""avg_degree"":8,""block_size"":256,""verify"":""true""}",vertices,512,0.012856
2,2,graph,graph_tc,"{""avg_degree"":8,""block_size"":256,""verify"":""true""}",vertices,768,0.012842
2,2,graph,graph_tc,"{""avg_degree"":8,""block_size"":256,""verify"":""true""}",vertices,1024,0.012936
2,2,graph,graph_tc,"{""avg_degree"":8,""block_size"":256,""verify"":""true""}",vertices,1536,0.013257
2,2,graph,graph_tc,"{""avg_degree"":8,""block_size"":256,""verify"":""true""}",vertices,2048,0.013524
2,2,graph,graph_tc,"{""avg_degree"":8,""block_size"":256,""verify"":""true""}",vertices,3072,0.013150
2,2,graph,graph_tc,"{""avg_degree"":8,""block_size"":256,""verify"":""true""}",vertices,4096,0.013497
2,2,graph,graph_tc,"{""avg_degree"":8,""block_size"":256,""verify"":""true""}",vertices,6144,0.013818
2,2,graph,graph_tc,"{""avg_degree"":8,""block_size"":256,""verify"":""true""}",vertices,8192,0.014366
2,2,graph,graph_tc,"{""avg_degree"":8,""block_size"":256,""verify"":""true""}",vertices,12288,0.015328
2,2,graph,graph_tc,"{""avg_degree"":8,""block_size"":256,""verify"":""true""}",vertices,16384,0.014179
2,2,graph,graph_tc,"{""avg_degree"":8,""block_size"":256,""verify"":""true""}",vertices,24576,0.019364
2,2,graph,graph_tc,"{""avg_degree"":8,""block_size"":256,""verify"":""true""}",vertices,32768,0.020005
2,2,graph,graph_tc,"{""avg_degree"":8,""block_size"":256,""verify"":""true""}",vertices,49152,0.026955
2,2,graph,graph_tc,"{""avg_degree"":8,""block_size"":256,""verify"":""true""}",vertices,65536,0.032862
2,2,graph,graph_tc,"{""avg_degree"":8,""block_size"":256,""verify"":""true""}",vertices,98304,0.048898
2,2,graph,graph_tc,"{""avg_degree"":8,""block_size"":256,""verify"":""true""}",vertices,131072,0.056649
2,2,graph,graph_tc,"{""avg_degree"":8,""block_size"":256,""verify"":""true""}",vertices,196608,0.080450
2,2,graph,graph_tc,"{""avg_degree"":8,""block_size"":256,""verify"":""true""}",vertices,262144,0.104597
2,2,graph,graph_tc,"{""avg_degree"":8,""block_size"":256,""verify"":""true""}",vertices,393216,0.190218
2,2,heteromark,heteromark_aes,"{""block_size"":256,""key_length"":""128""}",size,1024,0.013818
2,2,heteromark,heteromark_aes,"{""block_size"":256,""key_length"":""128""}",size,1536,0.014406
2,2,heteromark,heteromark_aes,"{""block_size"":256,""key_length"":""128""}",size,2048,0.014606
2,2,heteromark,heteromark_aes,"{""block_size"":256,""key_length"":""128""}",size,3072,0.014754
2,2,heteromark,heteromark_aes,"{""block_size"":256,""key_length"":""128""}",size,4096,0.014887
2,2,heteromark,heteromark_aes,"{""block_size"":256,""key_length"":""128""}",size,6144,0.014860
2,2,heteromark,heteromark_aes,"{""block_size"":256,""key_length"":""128""}",size,8192,0.014620
2,2,heteromark,heteromark_aes,"{""block_size"":256,""key_length"":""128""}",size,12288,0.014940
2,2,heteromark,heteromark_aes,"{""block_size"":256,""key_length"":""128""}",size,16384,0.014754
2,2,heteromark,heteromark_aes,"{""block_size"":256,""key_length"":""128""}",size,24576,0.014887
2,2,heteromark,heteromark_aes,"{""block_size"":256,""key_length"":""128""}",size,32768,0.015022
2,2,heteromark,heteromark_aes,"{""block_size"":256,""key_length"":""128""}",size,49152,0.015488
2,2,heteromark,heteromark_aes,"{""block_size"":256,""key_length"":""128""}",size,65536,0.016036
2,2,heteromark,heteromark_aes,"{""block_size"":256,""key_length"":""128""}",size,98304,0.024215
2,2,heteromark,heteromark_aes,"{""block_size"":256,""key_length"":""128""}",size,131072,0.025271
2,2,heteromark,heteromark_aes,"{""block_size"":256,""key_length"":""128""}",size,196608,0.035481
2,2,heteromark,heteromark_aes,"{""block_size"":256,""key_length"":""128""}",size,262144,0.047321
2,2,heteromark,heteromark_aes,"{""block_size"":256,""key_length"":""128""}",size,393216,0.064413
2,2,heteromark,heteromark_aes,"{""block_size"":256,""key_length"":""128""}",size,524288,0.073754
2,2,heteromark,heteromark_aes,"{""block_size"":256,""key_length"":""128""}",size,786432,0.114180
2,2,heteromark,heteromark_aes,"{""block_size"":256,""key_length"":""128""}",size,1048576,0.143659
2,2,heteromark,heteromark_aes,"{""block_size"":256,""key_length"":""128""}",size,1572864,0.208648
2,2,heteromark,heteromark_aes,"{""block_size"":256,""key_length"":""128""}",size,2097152,0.265617
2,2,heteromark,heteromark_aes,"{""block_size"":256,""key_length"":""128""}",size,3145728,0.393975
2,2,heteromark,heteromark_aes,"{""block_size"":256,""key_length"":""128""}",size,4194304,0.516012
2,2,heteromark,heteromark_aes,"{""block_size"":256,""key_length"":""128""}",size,6291456,0.768145
2,2,heteromark,heteromark_aes,"{""block_size"":256,""key_length"":""128""}",size,8388608,1.018365
2,2,heteromark,heteromark_aes,"{""block_size"":256,""key_length"":""192""}",size,1024,0.013631
2,2,heteromark,heteromark_aes,"{""block_size"":256,""key_length"":""192""}",size,1536,0.014527
2,2,heteromark,heteromark_aes,"{""block_size"":256,""key_length"":""192""}",size,2048,0.016464
2,2,heteromark,heteromark_aes,"{""block_size"":256,""key_length"":""192""}",size,3072,0.014700
2,2,heteromark,heteromark_aes,"{""block_size"":256,""key_length"":""192""}",size,4096,0.015355
2,2,heteromark,heteromark_aes,"{""block_size"":256,""key_length"":""192""}",size,6144,0.014780
2,2,heteromark,heteromark_aes,"{""block_size"":256,""key_length"":""192""}",size,8192,0.014633
2,2,heteromark,heteromark_aes,"{""block_size"":256,""key_length"":""192""}",size,12288,0.014887
2,2,heteromark,heteromark_aes,"{""block_size"":256,""key_length"":""192""}",size,16384,0.014767
2,2,heteromark,heteromark_aes,"{""block_size"":256,""key_length"":""192""}",size,24576,0.014834
2,2,heteromark,heteromark_aes,"{""block_size"":256,""key_length"":""192""}",size,32768,0.014941
2,2,heteromark,heteromark_aes,"{""block_size"":256,""key_length"":""192""}",size,49152,0.016210
2,2,heteromark,heteromark_aes,"{""block_size"":256,""key_length"":""192""}",size,65536,0.016838
2,2,heteromark,heteromark_aes,"{""block_size"":256,""key_length"":""192""}",size,98304,0.024322
2,2,heteromark,heteromark_aes,"{""block_size"":256,""key_length"":""192""}",size,131072,0.025378
2,2,heteromark,heteromark_aes,"{""block_size"":256,""key_length"":""192""}",size,196608,0.035387
2,2,heteromark,heteromark_aes,"{""block_size"":256,""key_length"":""192""}",size,262144,0.045944
2,2,heteromark,heteromark_aes,"{""block_size"":256,""key_length"":""192""}",size,393216,0.063531
2,2,heteromark,heteromark_aes,"{""block_size"":256,""key_length"":""192""}",size,524288,0.074115
2,2,heteromark,heteromark_aes,"{""block_size"":256,""key_length"":""192""}",size,786432,0.112990
2,2,heteromark,heteromark_aes,"{""block_size"":256,""key_length"":""192""}",size,1048576,0.144341
2,2,heteromark,heteromark_aes,"{""block_size"":256,""key_length"":""192""}",size,1572864,0.207884
2,2,heteromark,heteromark_aes,"{""block_size"":256,""key_length"":""192""}",size,2097152,0.265524
2,2,heteromark,heteromark_aes,"{""block_size"":256,""key_length"":""192""}",size,3145728,0.394910
2,2,heteromark,heteromark_aes,"{""block_size"":256,""key_length"":""192""}",size,4194304,0.515210
2,2,heteromark,heteromark_aes,"{""block_size"":256,""key_length"":""192""}",size,6291456,0.765510
2,2,heteromark,heteromark_aes,"{""block_size"":256,""key_length"":""192""}",size,8388608,1.019514
2,2,heteromark,heteromark_aes,"{""block_size"":256,""key_length"":""256""}",size,1024,0.013671
2,2,heteromark,heteromark_aes,"{""block_size"":256,""key_length"":""256""}",size,1536,0.014540
2,2,heteromark,heteromark_aes,"{""block_size"":256,""key_length"":""256""}",size,2048,0.014646
2,2,heteromark,heteromark_aes,"{""block_size"":256,""key_length"":""256""}",size,3072,0.014513
2,2,heteromark,heteromark_aes,"{""block_size"":256,""key_length"":""256""}",size,4096,0.015756
2,2,heteromark,heteromark_aes,"{""block_size"":256,""key_length"":""256""}",size,6144,0.014753
2,2,heteromark,heteromark_aes,"{""block_size"":256,""key_length"":""256""}",size,8192,0.014794
2,2,heteromark,heteromark_aes,"{""block_size"":256,""key_length"":""256""}",size,12288,0.014754
2,2,heteromark,heteromark_aes,"{""block_size"":256,""key_length"":""256""}",size,16384,0.014861
2,2,heteromark,heteromark_aes,"{""block_size"":256,""key_length"":""256""}",size,24576,0.015770
2,2,heteromark,heteromark_aes,"{""block_size"":256,""key_length"":""256""}",size,32768,0.015007
2,2,heteromark,heteromark_aes,"{""block_size"":256,""key_length"":""256""}",size,49152,0.015355
2,2,heteromark,heteromark_aes,"{""block_size"":256,""key_length"":""256""}",size,65536,0.016785
2,2,heteromark,heteromark_aes,"{""block_size"":256,""key_length"":""256""}",size,98304,0.024242
2,2,heteromark,heteromark_aes,"{""block_size"":256,""key_length"":""256""}",size,131072,0.025444
2,2,heteromark,heteromark_aes,"{""block_size"":256,""key_length"":""256""}",size,196608,0.036804
2,2,heteromark,heteromark_aes,"{""block_size"":256,""key_length"":""256""}",size,262144,0.046385
2,2,heteromark,heteromark_aes,"{""block_size"":256,""key_length"":""256""}",size,393216,0.065455
2,2,heteromark,heteromark_aes,"{""block_size"":256,""key_length"":""256""}",size,524288,0.074222
2,2,heteromark,heteromark_aes,"{""block_size"":256,""key_length"":""256""}",size,786432,0.112736
2,2,heteromark,heteromark_aes,"{""block_size"":256,""key_length"":""256""}",size,1048576,0.142844
2,2,heteromark,heteromark_aes,"{""block_size"":256,""key_length"":""256""}",size,1572864,0.209061
2,2,heteromark,heteromark_aes,"{""block_size"":256,""key_length"":""256""}",size,2097152,0.266151
2,2,heteromark,heteromark_aes,"{""block_size"":256,""key_length"":""256""}",size,3145728,0.394456
2,2,heteromark,heteromark_aes,"{""block_size"":256,""key_length"":""256""}",size,4194304,0.514810
2,2,heteromark,heteromark_aes,"{""block_size"":256,""key_length"":""256""}",size,6291456,0.766259
2,2,heteromark,heteromark_aes,"{""block_size"":256,""key_length"":""256""}",size,8388608,1.019314
2,2,heteromark,heteromark_fir,"{""block_size"":256,""num_taps"":128}",size,1024,0.014753
2,2,heteromark,heteromark_fir,"{""block_size"":256,""num_taps"":128}",size,1536,0.014967
2,2,heteromark,heteromark_fir,"{""block_size"":256,""num_taps"":128}",size,2048,0.015088
2,2,heteromark,heteromark_fir,"{""block_size"":256,""num_taps"":128}",size,3072,0.015168
2,2,heteromark,heteromark_fir,"{""block_size"":256,""num_taps"":128}",size,4096,0.014994
2,2,heteromark,heteromark_fir,"{""block_size"":256,""num_taps"":128}",size,6144,0.014994
2,2,heteromark,heteromark_fir,"{""block_size"":256,""num_taps"":128}",size,8192,0.017721
2,2,heteromark,heteromark_fir,"{""block_size"":256,""num_taps"":128}",size,12288,0.015154
2,2,heteromark,heteromark_fir,"{""block_size"":256,""num_taps"":128}",size,16384,0.015823
2,2,heteromark,heteromark_fir,"{""block_size"":256,""num_taps"":128}",size,24576,0.017079
2,2,heteromark,heteromark_fir,"{""block_size"":256,""num_taps"":128}",size,32768,0.015675
2,2,heteromark,heteromark_fir,"{""block_size"":256,""num_taps"":128}",size,49152,0.015208
2,2,heteromark,heteromark_fir,"{""block_size"":256,""num_taps"":128}",size,65536,0.015154
2,2,heteromark,heteromark_fir,"{""block_size"":256,""num_taps"":128}",size,98304,0.015408
2,2,heteromark,heteromark_fir,"{""block_size"":256,""num_taps"":128}",size,131072,0.015675
2,2,heteromark,heteromark_fir,"{""block_size"":256,""num_taps"":128}",size,196608,0.016437
2,2,heteromark,heteromark_fir,"{""block_size"":256,""num_taps"":128}",size,262144,0.016878
2,2,heteromark,heteromark_fir,"{""block_size"":256,""num_taps"":128}",size,393216,0.017841
2,2,heteromark,heteromark_fir,"{""block_size"":256,""num_taps"":128}",size,524288,0.020807
2,2,heteromark,heteromark_fir,"{""block_size"":256,""num_taps"":128}",size,786432,0.032206
2,2,heteromark,heteromark_fir,"{""block_size"":256,""num_taps"":128}",size,1048576,0.035347
2,2,heteromark,heteromark_fir,"{""block_size"":256,""num_taps"":128}",size,1572864,0.050755
2,2,heteromark,heteromark_fir,"{""block_size"":256,""num_taps"":128}",size,2097152,0.066711
2,2,heteromark,heteromark_fir,"{""block_size"":256,""num_taps"":128}",size,3145728,0.099854
2,2,heteromark,heteromark_fir,"{""block_size"":256,""num_taps"":128}",size,4194304,0.127436
2,2,heteromark,heteromark_fir,"{""block_size"":256,""num_taps"":128}",size,6291456,0.202594
2,2,heteromark,heteromark_fir,"{""block_size"":256,""num_taps"":128}",size,8388608,0.276176
2,2,heteromark,heteromark_fir,"{""block_size"":256,""num_taps"":16}",size,1024,0.005853
2,2,heteromark,heteromark_fir,"{""block_size"":256,""num_taps"":16}",size,1536,0.005760
2,2,heteromark,heteromark_fir,"{""block_size"":256,""num_taps"":16}",size,2048,0.005786
2,2,heteromark,heteromark_fir,"{""block_size"":256,""num_taps"":16}",size,3072,0.005747
2,2,heteromark,heteromark_fir,"{""block_size"":256,""num_taps"":16}",size,4096,0.005773
2,2,heteromark,heteromark_fir,"{""block_size"":256,""num_taps"":16}",size,6144,0.005840
2,2,heteromark,heteromark_fir,"{""block_size"":256,""num_taps"":16}",size,8192,0.008032
2,2,heteromark,heteromark_fir,"{""block_size"":256,""num_taps"":16}",size,12288,0.005934
2,2,heteromark,heteromark_fir,"{""block_size"":256,""num_taps"":16}",size,16384,0.005773
2,2,heteromark,heteromark_fir,"{""block_size"":256,""num_taps"":16}",size,24576,0.005853
2,2,heteromark,heteromark_fir,"{""block_size"":256,""num_taps"":16}",size,32768,0.005893
2,2,heteromark,heteromark_fir,"{""block_size"":256,""num_taps"":16}",size,49152,0.005746
2,2,heteromark,heteromark_fir,"{""block_size"":256,""num_taps"":16}",size,65536,0.005853
2,2,heteromark,heteromark_fir,"{""block_size"":256,""num_taps"":16}",size,98304,0.005827
2,2,heteromark,heteromark_fir,"{""block_size"":256,""num_taps"":16}",size,131072,0.006000
2,2,heteromark,heteromark_fir,"{""block_size"":256,""num_taps"":16}",size,196608,0.005893
2,2,heteromark,heteromark_fir,"{""block_size"":256,""num_taps"":16}",size,262144,0.006000
2,2,heteromark,heteromark_fir,"{""block_size"":256,""num_taps"":16}",size,393216,0.006334
2,2,heteromark,heteromark_fir,"{""block_size"":256,""num_taps"":16}",size,524288,0.006655
2,2,heteromark,heteromark_fir,"{""block_size"":256,""num_taps"":16}",size,786432,0.008673
2,2,heteromark,heteromark_fir,"{""block_size"":256,""num_taps"":16}",size,1048576,0.009314
2,2,heteromark,heteromark_fir,"{""block_size"":256,""num_taps"":16}",size,1572864,0.013123
2,2,heteromark,heteromark_fir,"{""block_size"":256,""num_taps"":16}",size,2097152,0.014393
2,2,heteromark,heteromark_fir,"{""block_size"":256,""num_taps"":16}",size,3145728,0.021475
2,2,heteromark,heteromark_fir,"{""block_size"":256,""num_taps"":16}",size,4194304,0.027275
2,2,heteromark,heteromark_fir,"{""block_size"":256,""num_taps"":16}",size,6291456,0.040091
2,2,heteromark,heteromark_fir,"{""block_size"":256,""num_taps"":16}",size,8388608,0.053081
2,2,heteromark,heteromark_fir,"{""block_size"":256,""num_taps"":32}",size,1024,0.006695
2,2,heteromark,heteromark_fir,"{""block_size"":256,""num_taps"":32}",size,1536,0.006789
2,2,heteromark,heteromark_fir,"{""block_size"":256,""num_taps"":32}",size,2048,0.006776
2,2,heteromark,heteromark_fir,"{""block_size"":256,""num_taps"":32}",size,3072,0.006642
2,2,heteromark,heteromark_fir,"{""block_size"":256,""num_taps"":32}",size,4096,0.006589
2,2,heteromark,heteromark_fir,"{""block_size"":256,""num_taps"":32}",size,6144,0.006709
2,2,heteromark,heteromark_fir,"{""block_size"":256,""num_taps"":32}",size,8192,0.006722
2,2,heteromark,heteromark_fir,"{""block_size"":256,""num_taps"":32}",size,12288,0.006762
2,2,heteromark,heteromark_fir,"{""block_size"":256,""num_taps"":32}",size,16384,0.006522
2,2,heteromark,heteromark_fir,"{""block_size"":256,""num_taps"":32}",size,24576,0.006642
2,2,heteromark,heteromark_fir,"{""block_size"":256,""num_taps"":32}",size,32768,0.006575
2,2,heteromark,heteromark_fir,"{""block_size"":256,""num_taps"":32}",size,49152,0.006655
2,2,heteromark,heteromark_fir,"{""block_size"":256,""num_taps"":32}",size,65536,0.007297
2,2,heteromark,heteromark_fir,"{""block_size"":256,""num_taps"":32}",size,98304,0.006615
2,2,heteromark,heteromark_fir,"{""block_size"":256,""num_taps"":32}",size,131072,0.006762
2,2,heteromark,heteromark_fir,"{""block_size"":256,""num_taps"":32}",size,196608,0.006989
2,2,heteromark,heteromark_fir,"{""block_size"":256,""num_taps"":32}",size,262144,0.007818
2,2,heteromark,heteromark_fir,"{""block_size"":256,""num_taps"":32}",size,393216,0.007898
2,2,heteromark,heteromark_fir,"{""block_size"":256,""num_taps"":32}",size,524288,0.008619
2,2,heteromark,heteromark_fir,"{""block_size"":256,""num_taps"":32}",size,786432,0.011734
2,2,heteromark,heteromark_fir,"{""block_size"":256,""num_taps"":32}",size,1048576,0.012722
2,2,heteromark,heteromark_fir,"{""block_size"":256,""num_taps"":32}",size,1572864,0.017533
2,2,heteromark,heteromark_fir,"{""block_size"":256,""num_taps"":32}",size,2097152,0.021997
2,2,heteromark,heteromark_fir,"{""block_size"":256,""num_taps"":32}",size,3145728,0.033663
2,2,heteromark,heteromark_fir,"{""block_size"":256,""num_taps"":32}",size,4194304,0.041775
2,2,heteromark,heteromark_fir,"{""block_size"":256,""num_taps"":32}",size,6291456,0.062890
2,2,heteromark,heteromark_fir,"{""block_size"":256,""num_taps"":32}",size,8388608,0.083776
2,2,heteromark,heteromark_fir,"{""block_size"":256,""num_taps"":64}",size,1024,0.009421
2,2,heteromark,heteromark_fir,"{""block_size"":256,""num_taps"":64}",size,1536,0.009368
2,2,heteromark,heteromark_fir,"{""block_size"":256,""num_taps"":64}",size,2048,0.009408
2,2,heteromark,heteromark_fir,"{""block_size"":256,""num_taps"":64}",size,3072,0.009381
2,2,heteromark,heteromark_fir,"{""block_size"":256,""num_taps"":64}",size,4096,0.009582
2,2,heteromark,heteromark_fir,"{""block_size"":256,""num_taps"":64}",size,6144,0.009435
2,2,heteromark,heteromark_fir,"{""block_size"":256,""num_taps"":64}",size,8192,0.009569
2,2,heteromark,heteromark_fir,"{""block_size"":256,""num_taps"":64}",size,12288,0.009742
2,2,heteromark,heteromark_fir,"{""block_size"":256,""num_taps"":64}",size,16384,0.009555
2,2,heteromark,heteromark_fir,"{""block_size"":256,""num_taps"":64}",size,24576,0.009382
2,2,heteromark,heteromark_fir,"{""block_size"":256,""num_taps"":64}",size,32768,0.009408
2,2,heteromark,heteromark_fir,"{""block_size"":256,""num_taps"":64}",size,49152,0.009916
2,2,heteromark,heteromark_fir,"{""block_size"":256,""num_taps"":64}",size,65536,0.009595
2,2,heteromark,heteromark_fir,"{""block_size"":256,""num_taps"":64}",size,98304,0.009555
2,2,heteromark,heteromark_fir,"{""block_size"":256,""num_taps"":64}",size,131072,0.009715
2,2,heteromark,heteromark_fir,"{""block_size"":256,""num_taps"":64}",size,196608,0.009957
2,2,heteromark,heteromark_fir,"{""block_size"":256,""num_taps"":64}",size,262144,0.010343
2,2,heteromark,heteromark_fir,"{""block_size"":256,""num_taps"":64}",size,393216,0.011159
2,2,heteromark,heteromark_fir,"{""block_size"":256,""num_taps"":64}",size,524288,0.012121
2,2,heteromark,heteromark_fir,"{""block_size"":256,""num_taps"":64}",size,786432,0.018495
2,2,heteromark,heteromark_fir,"{""block_size"":256,""num_taps"":64}",size,1048576,0.020246
2,2,heteromark,heteromark_fir,"{""block_size"":256,""num_taps"":64}",size,1572864,0.028558
2,2,heteromark,heteromark_fir,"{""block_size"":256,""num_taps"":64}",size,2097152,0.036389
2,2,heteromark,heteromark_fir,"{""block_size"":256,""num_taps"":64}",size,3145728,0.055486
2,2,heteromark,heteromark_fir,"{""block_size"":256,""num_taps"":64}",size,4194304,0.070186
2,2,heteromark,heteromark_fir,"{""block_size"":256,""num_taps"":64}",size,6291456,0.110079
2,2,heteromark,heteromark_fir,"{""block_size"":256,""num_taps"":64}",size,8388608,0.144969
2,2,heteromark,heteromark_pagerank,"{""damping_factor"":0.7,""pr_iterations"":5}",vertices,1024,0.057838
2,2,heteromark,heteromark_pagerank,"{""damping_factor"":0.7,""pr_iterations"":5}",vertices,1536,0.060096
2,2,heteromark,heteromark_pagerank,"{""damping_factor"":0.7,""pr_iterations"":5}",vertices,2048,0.066525
2,2,heteromark,heteromark_pagerank,"{""damping_factor"":0.7,""pr_iterations"":5}",vertices,3072,0.067474
2,2,heteromark,heteromark_pagerank,"{""damping_factor"":0.7,""pr_iterations"":5}",vertices,4096,0.077069
2,2,heteromark,heteromark_pagerank,"{""damping_factor"":0.7,""pr_iterations"":5}",vertices,6144,0.075705
2,2,heteromark,heteromark_pagerank,"{""damping_factor"":0.7,""pr_iterations"":5}",vertices,8192,0.079153
2,2,heteromark,heteromark_pagerank,"{""damping_factor"":0.7,""pr_iterations"":5}",vertices,12288,0.085875
2,2,heteromark,heteromark_pagerank,"{""damping_factor"":0.7,""pr_iterations"":5}",vertices,16384,0.086156
2,2,heteromark,heteromark_pagerank,"{""damping_factor"":0.7,""pr_iterations"":5}",vertices,24576,0.092035
2,2,heteromark,heteromark_pagerank,"{""damping_factor"":0.7,""pr_iterations"":5}",vertices,32768,0.097207
2,2,heteromark,heteromark_pagerank,"{""damping_factor"":0.7,""pr_iterations"":5}",vertices,49152,0.113351
2,2,heteromark,heteromark_pagerank,"{""damping_factor"":0.7,""pr_iterations"":5}",vertices,65536,0.127824
2,2,heteromark,heteromark_pagerank,"{""damping_factor"":0.7,""pr_iterations"":5}",vertices,98304,0.170227
2,2,heteromark,heteromark_pagerank,"{""damping_factor"":0.7,""pr_iterations"":5}",vertices,131072,0.209743
2,2,heteromark,heteromark_pagerank,"{""damping_factor"":0.7,""pr_iterations"":5}",vertices,196608,0.289658
2,2,heteromark,heteromark_pagerank,"{""damping_factor"":0.7,""pr_iterations"":5}",vertices,262144,0.382321
2,2,heteromark,heteromark_pagerank,"{""damping_factor"":0.7,""pr_iterations"":5}",vertices,393216,0.614033
2,2,heteromark,heteromark_pagerank,"{""damping_factor"":0.7,""pr_iterations"":5}",vertices,524288,1.038597
2,2,heteromark,heteromark_pagerank,"{""damping_factor"":0.7,""pr_iterations"":5}",vertices,786432,2.261278
2,2,heteromark,heteromark_pagerank,"{""damping_factor"":0.7,""pr_iterations"":5}",vertices,1048576,3.566170
2,2,heteromark,heteromark_pagerank,"{""damping_factor"":0.7,""pr_iterations"":5}",vertices,1572864,6.301271
2,2,heteromark,heteromark_pagerank,"{""damping_factor"":0.7,""pr_iterations"":5}",vertices,2097152,9.069244
2,2,heteromark,heteromark_pagerank,"{""damping_factor"":0.7,""pr_iterations"":5}",vertices,3145728,14.459341
2,2,heteromark,heteromark_pagerank,"{""damping_factor"":0.7,""pr_iterations"":5}",vertices,4194304,19.918179
2,2,heteromark,heteromark_pagerank,"{""damping_factor"":0.7,""pr_iterations"":5}",vertices,6291456,30.612003
2,2,heteromark,heteromark_pagerank,"{""damping_factor"":0.7,""pr_iterations"":5}",vertices,8388608,41.327573
2,2,heteromark,heteromark_pagerank,"{""damping_factor"":0.8,""pr_iterations"":5}",vertices,1024,0.057558
2,2,heteromark,heteromark_pagerank,"{""damping_factor"":0.8,""pr_iterations"":5}",vertices,1536,0.062048
2,2,heteromark,heteromark_pagerank,"{""damping_factor"":0.8,""pr_iterations"":5}",vertices,2048,0.066538
2,2,heteromark,heteromark_pagerank,"{""damping_factor"":0.8,""pr_iterations"":5}",vertices,3072,0.068917
2,2,heteromark,heteromark_pagerank,"{""damping_factor"":0.8,""pr_iterations"":5}",vertices,4096,0.077456
2,2,heteromark,heteromark_pagerank,"{""damping_factor"":0.8,""pr_iterations"":5}",vertices,6144,0.075799
2,2,heteromark,heteromark_pagerank,"{""damping_factor"":0.8,""pr_iterations"":5}",vertices,8192,0.078979
2,2,heteromark,heteromark_pagerank,"{""damping_factor"":0.8,""pr_iterations"":5}",vertices,12288,0.086370
2,2,heteromark,heteromark_pagerank,"{""damping_factor"":0.8,""pr_iterations"":5}",vertices,16384,0.087372
2,2,heteromark,heteromark_pagerank,"{""damping_factor"":0.8,""pr_iterations"":5}",vertices,24576,0.093104
2,2,heteromark,heteromark_pagerank,"{""damping_factor"":0.8,""pr_iterations"":5}",vertices,32768,0.097154
2,2,heteromark,heteromark_pagerank,"{""damping_factor"":0.8,""pr_iterations"":5}",vertices,49152,0.112268
2,2,heteromark,heteromark_pagerank,"{""damping_factor"":0.8,""pr_iterations"":5}",vertices,65536,0.130256
2,2,heteromark,heteromark_pagerank,"{""damping_factor"":0.8,""pr_iterations"":5}",vertices,98304,0.178660
2,2,heteromark,heteromark_pagerank,"{""damping_factor"":0.8,""pr_iterations"":5}",vertices,131072,0.209569
2,2,heteromark,heteromark_pagerank,"{""damping_factor"":0.8,""pr_iterations"":5}",vertices,196608,0.287961
2,2,heteromark,heteromark_pagerank,"{""damping_factor"":0.8,""pr_iterations"":5}",vertices,262144,0.371055
2,2,heteromark,heteromark_pagerank,"{""damping_factor"":0.8,""pr_iterations"":5}",vertices,393216,0.606564
2,2,heteromark,heteromark_pagerank,"{""damping_factor"":0.8,""pr_iterations"":5}",vertices,524288,1.044825
2,2,heteromark,heteromark_pagerank,"{""damping_factor"":0.8,""pr_iterations"":5}",vertices,786432,2.246874
2,2,heteromark,heteromark_pagerank,"{""damping_factor"":0.8,""pr_iterations"":5}",vertices,1048576,3.561987
2,2,heteromark,heteromark_pagerank,"{""damping_factor"":0.8,""pr_iterations"":5}",vertices,1572864,6.302752
2,2,heteromark,heteromark_pagerank,"{""damping_factor"":0.8,""pr_iterations"":5}",vertices,2097152,9.072594
2,2,heteromark,heteromark_pagerank,"{""damping_factor"":0.8,""pr_iterations"":5}",vertices,3145728,14.458665
2,2,heteromark,heteromark_pagerank,"{""damping_factor"":0.8,""pr_iterations"":5}",vertices,4194304,19.917098
2,2,heteromark,heteromark_pagerank,"{""damping_factor"":0.8,""pr_iterations"":5}",vertices,6291456,30.571152
2,2,heteromark,heteromark_pagerank,"{""damping_factor"":0.8,""pr_iterations"":5}",vertices,8388608,41.329662
2,2,heteromark,heteromark_pagerank,"{""damping_factor"":0.85,""pr_iterations"":5}",vertices,1024,0.056555
2,2,heteromark,heteromark_pagerank,"{""damping_factor"":0.85,""pr_iterations"":5}",vertices,1536,0.061072
2,2,heteromark,heteromark_pagerank,"{""damping_factor"":0.85,""pr_iterations"":5}",vertices,2048,0.066043
2,2,heteromark,heteromark_pagerank,"{""damping_factor"":0.85,""pr_iterations"":5}",vertices,3072,0.069638
2,2,heteromark,heteromark_pagerank,"{""damping_factor"":0.85,""pr_iterations"":5}",vertices,4096,0.077322
2,2,heteromark,heteromark_pagerank,"{""damping_factor"":0.85,""pr_iterations"":5}",vertices,6144,0.074903
2,2,heteromark,heteromark_pagerank,"{""damping_factor"":0.85,""pr_iterations"":5}",vertices,8192,0.078418
2,2,heteromark,heteromark_pagerank,"{""damping_factor"":0.85,""pr_iterations"":5}",vertices,12288,0.086837
2,2,heteromark,heteromark_pagerank,"{""damping_factor"":0.85,""pr_iterations"":5}",vertices,16384,0.087063
2,2,heteromark,heteromark_pagerank,"{""damping_factor"":0.85,""pr_iterations"":5}",vertices,24576,0.091313
2,2,heteromark,heteromark_pagerank,"{""damping_factor"":0.85,""pr_iterations"":5}",vertices,32768,0.097902
2,2,heteromark,heteromark_pagerank,"{""damping_factor"":0.85,""pr_iterations"":5}",vertices,49152,0.113257
2,2,heteromark,heteromark_pagerank,"{""damping_factor"":0.85,""pr_iterations"":5}",vertices,65536,0.126434
2,2,heteromark,heteromark_pagerank,"{""damping_factor"":0.85,""pr_iterations"":5}",vertices,98304,0.173862
2,2,heteromark,heteromark_pagerank,"{""damping_factor"":0.85,""pr_iterations"":5}",vertices,131072,0.210785
2,2,heteromark,heteromark_pagerank,"{""damping_factor"":0.85,""pr_iterations"":5}",vertices,196608,0.290113
2,2,heteromark,heteromark_pagerank,"{""damping_factor"":0.85,""pr_iterations"":5}",vertices,262144,0.375853
2,2,heteromark,heteromark_pagerank,"{""damping_factor"":0.85,""pr_iterations"":5}",vertices,393216,0.616292
2,2,heteromark,heteromark_pagerank,"{""damping_factor"":0.85,""pr_iterations"":5}",vertices,524288,1.041002
2,2,heteromark,heteromark_pagerank,"{""damping_factor"":0.85,""pr_iterations"":5}",vertices,786432,2.262628
2,2,heteromark,heteromark_pagerank,"{""damping_factor"":0.85,""pr_iterations"":5}",vertices,1048576,3.566561
2,2,heteromark,heteromark_pagerank,"{""damping_factor"":0.85,""pr_iterations"":5}",vertices,1572864,6.320714
2,2,heteromark,heteromark_pagerank,"{""damping_factor"":0.85,""pr_iterations"":5}",vertices,2097152,9.044720
2,2,heteromark,heteromark_pagerank,"{""damping_factor"":0.85,""pr_iterations"":5}",vertices,3145728,14.476759
2,2,heteromark,heteromark_pagerank,"{""damping_factor"":0.85,""pr_iterations"":5}",vertices,4194304,19.867600
2,2,heteromark,heteromark_pagerank,"{""damping_factor"":0.85,""pr_iterations"":5}",vertices,6291456,30.560717
2,2,heteromark,heteromark_pagerank,"{""damping_factor"":0.85,""pr_iterations"":5}",vertices,8388608,41.371492
2,2,heteromark,heteromark_pagerank,"{""damping_factor"":0.9,""pr_iterations"":5}",vertices,1024,0.057638
2,2,heteromark,heteromark_pagerank,"{""damping_factor"":0.9,""pr_iterations"":5}",vertices,1536,0.061087
2,2,heteromark,heteromark_pagerank,"{""damping_factor"":0.9,""pr_iterations"":5}",vertices,2048,0.065683
2,2,heteromark,heteromark_pagerank,"{""damping_factor"":0.9,""pr_iterations"":5}",vertices,3072,0.067647
2,2,heteromark,heteromark_pagerank,"{""damping_factor"":0.9,""pr_iterations"":5}",vertices,4096,0.080850
2,2,heteromark,heteromark_pagerank,"{""damping_factor"":0.9,""pr_iterations"":5}",vertices,6144,0.075224
2,2,heteromark,heteromark_pagerank,"{""damping_factor"":0.9,""pr_iterations"":5}",vertices,8192,0.078445
2,2,heteromark,heteromark_pagerank,"{""damping_factor"":0.9,""pr_iterations"":5}",vertices,12288,0.087492
2,2,heteromark,heteromark_pagerank,"{""damping_factor"":0.9,""pr_iterations"":5}",vertices,16384,0.085888
2,2,heteromark,heteromark_pagerank,"{""damping_factor"":0.9,""pr_iterations"":5}",vertices,24576,0.092918
2,2,heteromark,heteromark_pagerank,"{""damping_factor"":0.9,""pr_iterations"":5}",vertices,32768,0.099372
2,2,heteromark,heteromark_pagerank,"{""damping_factor"":0.9,""pr_iterations"":5}",vertices,49152,0.111961
2,2,heteromark,heteromark_pagerank,"{""damping_factor"":0.9,""pr_iterations"":5}",vertices,65536,0.129641
2,2,heteromark,heteromark_pagerank,"{""damping_factor"":0.9,""pr_iterations"":5}",vertices,98304,0.169893
2,2,heteromark,heteromark_pagerank,"{""damping_factor"":0.9,""pr_iterations"":5}",vertices,131072,0.207177
2,2,heteromark,heteromark_pagerank,"{""damping_factor"":0.9,""pr_iterations"":5}",vertices,196608,0.292611
2,2,heteromark,heteromark_pagerank,"{""damping_factor"":0.9,""pr_iterations"":5}",vertices,262144,0.369291
2,2,heteromark,heteromark_pagerank,"{""damping_factor"":0.9,""pr_iterations"":5}",vertices,393216,0.606403
2,2,heteromark,heteromark_pagerank,"{""damping_factor"":0.9,""pr_iterations"":5}",vertices,524288,1.046917
2,2,heteromark,heteromark_pagerank,"{""damping_factor"":0.9,""pr_iterations"":5}",vertices,786432,2.263751
2,2,heteromark,heteromark_pagerank,"{""damping_factor"":0.9,""pr_iterations"":5}",vertices,1048576,3.612825
2,2,heteromark,heteromark_pagerank,"{""damping_factor"":0.9,""pr_iterations"":5}",vertices,1572864,6.314224
2,2,heteromark,heteromark_pagerank,"{""damping_factor"":0.9,""pr_iterations"":5}",vertices,2097152,9.066569
2,2,heteromark,heteromark_pagerank,"{""damping_factor"":0.9,""pr_iterations"":5}",vertices,3145728,14.471399
2,2,heteromark,heteromark_pagerank,"{""damping_factor"":0.9,""pr_iterations"":5}",vertices,4194304,19.889117
2,2,heteromark,heteromark_pagerank,"{""damping_factor"":0.9,""pr_iterations"":5}",vertices,6291456,30.608870
2,2,heteromark,heteromark_pagerank,"{""damping_factor"":0.9,""pr_iterations"":5}",vertices,8388608,41.254803
2,2,lonestar,lonestar_bh,"{""iterations"":1,""theta"":0.3,""timesteps"":10}",bodies,256,4.329898
2,2,lonestar,lonestar_bh,"{""iterations"":1,""theta"":0.3,""timesteps"":10}",bodies,384,5.024591
2,2,lonestar,lonestar_bh,"{""iterations"":1,""theta"":0.3,""timesteps"":10}",bodies,512,6.040641
2,2,lonestar,lonestar_bh,"{""iterations"":1,""theta"":0.3,""timesteps"":10}",bodies,768,7.082260
2,2,lonestar,lonestar_bh,"{""iterations"":1,""theta"":0.3,""timesteps"":10}",bodies,1024,7.890633
2,2,lonestar,lonestar_bh,"{""iterations"":1,""theta"":0.3,""timesteps"":10}",bodies,1536,9.058425
2,2,lonestar,lonestar_bh,"{""iterations"":1,""theta"":0.3,""timesteps"":10}",bodies,2048,10.075580
2,2,lonestar,lonestar_bh,"{""iterations"":1,""theta"":0.3,""timesteps"":10}",bodies,3072,11.373742
2,2,lonestar,lonestar_bh,"{""iterations"":1,""theta"":0.3,""timesteps"":10}",bodies,4096,12.098580
2,2,lonestar,lonestar_bh,"{""iterations"":1,""theta"":0.3,""timesteps"":10}",bodies,6144,13.080694
2,2,lonestar,lonestar_bh,"{""iterations"":1,""theta"":0.3,""timesteps"":10}",bodies,8192,13.623650
2,2,lonestar,lonestar_bh,"{""iterations"":1,""theta"":0.3,""timesteps"":10}",bodies,12288,14.438498
2,2,lonestar,lonestar_bh,"{""iterations"":1,""theta"":0.3,""timesteps"":10}",bodies,16384,14.921117
2,2,lonestar,lonestar_bh,"{""iterations"":1,""theta"":0.3,""timesteps"":10}",bodies,24576,15.542774
2,2,lonestar,lonestar_bh,"{""iterations"":1,""theta"":0.3,""timesteps"":10}",bodies,32768,16.069926
2,2,lonestar,lonestar_bh,"{""iterations"":1,""theta"":0.3,""timesteps"":10}",bodies,49152,16.996425
2,2,lonestar,lonestar_bh,"{""iterations"":1,""theta"":0.3,""timesteps"":10}",bodies,65536,18.488695
2,2,lonestar,lonestar_bh,"{""iterations"":1,""theta"":0.3,""timesteps"":10}",bodies,98304,28.688075
2,2,lonestar,lonestar_bh,"{""iterations"":1,""theta"":0.3,""timesteps"":10}",bodies,131072,37.960654
2,2,lonestar,lonestar_bh,"{""iterations"":1,""theta"":0.3,""timesteps"":10}",bodies,196608,65.372039
2,2,lonestar,lonestar_bh,"{""iterations"":1,""theta"":0.3,""timesteps"":10}",bodies,262144,98.688566
2,2,lonestar,lonestar_bh,"{""iterations"":1,""theta"":0.3,""timesteps"":10}",bodies,393216,175.040455
2,2,lonestar,lonestar_bh,"{""iterations"":1,""theta"":0.3,""timesteps"":10}",bodies,524288,237.928977
2,2,lonestar,lonestar_bh,"{""iterations"":1,""theta"":0.3,""timesteps"":10}",bodies,786432,375.141745
2,2,lonestar,lonestar_bh,"{""iterations"":1,""theta"":0.3,""timesteps"":10}",bodies,1048576,491.422533
2,2,lonestar,lonestar_bh,"{""iterations"":1,""theta"":0.3,""timesteps"":1}",bodies,256,0.431194
2,2,lonestar,lonestar_bh,"{""iterations"":1,""theta"":0.3,""timesteps"":1}",bodies,384,0.505296
2,2,lonestar,lonestar_bh,"{""iterations"":1,""theta"":0.3,""timesteps"":1}",bodies,512,0.619863
2,2,lonestar,lonestar_bh,"{""iterations"":1,""theta"":0.3,""timesteps"":1}",bodies,768,0.703735
2,2,lonestar,lonestar_bh,"{""iterations"":1,""theta"":0.3,""timesteps"":1}",bodies,1024,0.786613
2,2,lonestar,lonestar_bh,"{""iterations"":1,""theta"":0.3,""timesteps"":1}",bodies,1536,0.896746
2,2,lonestar,lonestar_bh,"{""iterations"":1,""theta"":0.3,""timesteps"":1}",bodies,2048,0.998340
2,2,lonestar,lonestar_bh,"{""iterations"":1,""theta"":0.3,""timesteps"":1}",bodies,3072,1.145954
2,2,lonestar,lonestar_bh,"{""iterations"":1,""theta"":0.3,""timesteps"":1}",bodies,4096,1.217212
2,2,lonestar,lonestar_bh,"{""iterations"":1,""theta"":0.3,""timesteps"":1}",bodies,6144,1.309016
2,2,lonestar,lonestar_bh,"{""iterations"":1,""theta"":0.3,""timesteps"":1}",bodies,8192,1.360439
2,2,lonestar,lonestar_bh,"{""iterations"":1,""theta"":0.3,""timesteps"":1}",bodies,12288,1.435643
2,2,lonestar,lonestar_bh,"{""iterations"":1,""theta"":0.3,""timesteps"":1}",bodies,16384,1.503657
2,2,lonestar,lonestar_bh,"{""iterations"":1,""theta"":0.3,""timesteps"":1}",bodies,24576,1.555708
2,2,lonestar,lonestar_bh,"{""iterations"":1,""theta"":0.3,""timesteps"":1}",bodies,32768,1.592741
2,2,lonestar,lonestar_bh,"{""iterations"":1,""theta"":0.3,""timesteps"":1}",bodies,49152,1.695745
2,2,lonestar,lonestar_bh,"{""iterations"":1,""theta"":0.3,""timesteps"":1}",bodies,65536,1.853880
2,2,lonestar,lonestar_bh,"{""iterations"":1,""theta"":0.3,""timesteps"":1}",bodies,98304,2.885761
2,2,lonestar,lonestar_bh,"{""iterations"":1,""theta"":0.3,""timesteps"":1}",bodies,131072,3.816626
2,2,lonestar,lonestar_bh,"{""iterations"":1,""theta"":0.3,""timesteps"":1}",bodies,196608,6.576755
2,2,lonestar,lonestar_bh,"{""iterations"":1,""theta"":0.3,""timesteps"":1}",bodies,262144,10.004017
2,2,lonestar,lonestar_bh,"{""iterations"":1,""theta"":0.3,""timesteps"":1}",bodies,393216,17.962941
2,2,lonestar,lonestar_bh,"{""iterations"":1,""theta"":0.3,""timesteps"":1}",bodies,524288,23.655376
2,2,lonestar,lonestar_bh,"{""iterations"":1,""theta"":0.3,""timesteps"":1}",bodies,786432,38.525828
2,2,lonestar,lonestar_bh,"{""iterations"":1,""theta"":0.3,""timesteps"":1}",bodies,1048576,51.739135
2,2,lonestar,lonestar_bh,"{""iterations"":1,""theta"":0.3,""timesteps"":20}",bodies,256,8.547920
2,2,lonestar,lonestar_bh,"{""iterations"":1,""theta"":0.3,""timesteps"":20}",bodies,384,10.063076
2,2,lonestar,lonestar_bh,"{""iterations"":1,""theta"":0.3,""timesteps"":20}",bodies,512,11.989916
2,2,lonestar,lonestar_bh,"{""iterations"":1,""theta"":0.3,""timesteps"":20}",bodies,768,14.143410
2,2,lonestar,lonestar_bh,"{""iterations"":1,""theta"":0.3,""timesteps"":20}",bodies,1024,15.867707
2,2,lonestar,lonestar_bh,"{""iterations"":1,""theta"":0.3,""timesteps"":20}",bodies,1536,18.325495
2,2,lonestar,lonestar_bh,"{""iterations"":1,""theta"":0.3,""timesteps"":20}",bodies,2048,20.126368
2,2,lonestar,lonestar_bh,"{""iterations"":1,""theta"":0.3,""timesteps"":20}",bodies,3072,22.695635
2,2,lonestar,lonestar_bh,"{""iterations"":1,""theta"":0.3,""timesteps"":20}",bodies,4096,24.237238
2,2,lonestar,lonestar_bh,"{""iterations"":1,""theta"":0.3,""timesteps"":20}",bodies,6144,26.255142
2,2,lonestar,lonestar_bh,"{""iterations"":1,""theta"":0.3,""timesteps"":20}",bodies,8192,27.310486
2,2,lonestar,lonestar_bh,"{""iterations"":1,""theta"":0.3,""timesteps"":20}",bodies,12288,28.848993
2,2,lonestar,lonestar_bh,"{""iterations"":1,""theta"":0.3,""timesteps"":20}",bodies,16384,29.838059
2,2,lonestar,lonestar_bh,"{""iterations"":1,""theta"":0.3,""timesteps"":20}",bodies,24576,31.152234
2,2,lonestar,lonestar_bh,"{""iterations"":1,""theta"":0.3,""timesteps"":20}",bodies,32768,32.155411
2,2,lonestar,lonestar_bh,"{""iterations"":1,""theta"":0.3,""timesteps"":20}",bodies,49152,34.140230
2,2,lonestar,lonestar_bh,"{""iterations"":1,""theta"":0.3,""timesteps"":20}",bodies,65536,37.129254
2,2,lonestar,lonestar_bh,"{""iterations"":1,""theta"":0.3,""timesteps"":20}",bodies,98304,57.025967
2,2,lonestar,lonestar_bh,"{""iterations"":1,""theta"":0.3,""timesteps"":20}",bodies,131072,75.605886
2,2,lonestar,lonestar_bh,"{""iterations"":1,""theta"":0.3,""timesteps"":20}",bodies,196608,127.887152
2,2,lonestar,lonestar_bh,"{""iterations"":1,""theta"":0.3,""timesteps"":20}",bodies,262144,192.538212
2,2,lonestar,lonestar_bh,"{""iterations"":1,""theta"":0.3,""timesteps"":20}",bodies,393216,334.703681
2,2,lonestar,lonestar_bh,"{""iterations"":1,""theta"":0.3,""timesteps"":20}",bodies,524288,454.856192
2,2,lonestar,lonestar_bh,"{""iterations"":1,""theta"":0.3,""timesteps"":20}",bodies,786432,725.993574
2,2,lonestar,lonestar_bh,"{""iterations"":1,""theta"":0.3,""timesteps"":20}",bodies,1048576,932.003690
2,2,lonestar,lonestar_bh,"{""iterations"":1,""theta"":0.3,""timesteps"":5}",bodies,256,2.148100
2,2,lonestar,lonestar_bh,"{""iterations"":1,""theta"":0.3,""timesteps"":5}",bodies,384,2.533060
2,2,lonestar,lonestar_bh,"{""iterations"":1,""theta"":0.3,""timesteps"":5}",bodies,512,3.008719
2,2,lonestar,lonestar_bh,"{""iterations"":1,""theta"":0.3,""timesteps"":5}",bodies,768,3.551008
2,2,lonestar,lonestar_bh,"{""iterations"":1,""theta"":0.3,""timesteps"":5}",bodies,1024,3.932122
2,2,lonestar,lonestar_bh,"{""iterations"":1,""theta"":0.3,""timesteps"":5}",bodies,1536,4.620153
2,2,lonestar,lonestar_bh,"{""iterations"":1,""theta"":0.3,""timesteps"":5}",bodies,2048,5.080154
2,2,lonestar,lonestar_bh,"{""iterations"":1,""theta"":0.3,""timesteps"":5}",bodies,3072,5.654764
2,2,lonestar,lonestar_bh,"{""iterations"":1,""theta"":0.3,""timesteps"":5}",bodies,4096,6.037498
2,2,lonestar,lonestar_bh,"{""iterations"":1,""theta"":0.3,""timesteps"":5}",bodies,6144,6.512585
2,2,lonestar,lonestar_bh,"{""iterations"":1,""theta"":0.3,""timesteps"":5}",bodies,8192,6.795495
2,2,lonestar,lonestar_bh,"{""iterations"":1,""theta"":0.3,""timesteps"":5}",bodies,12288,7.193258
2,2,lonestar,lonestar_bh,"{""iterations"":1,""theta"":0.3,""timesteps"":5}",bodies,16384,7.441484
2,2,lonestar,lonestar_bh,"{""iterations"":1,""theta"":0.3,""timesteps"":5}",bodies,24576,7.755725
2,2,lonestar,lonestar_bh,"{""iterations"":1,""theta"":0.3,""timesteps"":5}",bodies,32768,8.021934
2,2,lonestar,lonestar_bh,"{""iterations"":1,""theta"":0.3,""timesteps"":5}",bodies,49152,8.522480
2,2,lonestar,lonestar_bh,"{""iterations"":1,""theta"":0.3,""timesteps"":5}",bodies,65536,9.282509
2,2,lonestar,lonestar_bh,"{""iterations"":1,""theta"":0.3,""timesteps"":5}",bodies,98304,14.370913
2,2,lonestar,lonestar_bh,"{""iterations"":1,""theta"":0.3,""timesteps"":5}",bodies,131072,19.044818
2,2,lonestar,lonestar_bh,"{""iterations"":1,""theta"":0.3,""timesteps"":5}",bodies,196608,32.744755
2,2,lonestar,lonestar_bh,"{""iterations"":1,""theta"":0.3,""timesteps"":5}",bodies,262144,49.761139
2,2,lonestar,lonestar_bh,"{""iterations"":1,""theta"":0.3,""timesteps"":5}",bodies,393216,88.949045
2,2,lonestar,lonestar_bh,"{""iterations"":1,""theta"":0.3,""timesteps"":5}",bodies,524288,117.867831
2,2,lonestar,lonestar_bh,"{""iterations"":1,""theta"":0.3,""timesteps"":5}",bodies,786432,190.681339
2,2,lonestar,lonestar_bh,"{""iterations"":1,""theta"":0.3,""timesteps"":5}",bodies,1048576,256.446671
2,2,lonestar,lonestar_bh,"{""iterations"":1,""theta"":0.5,""timesteps"":10}",bodies,256,2.764805
2,2,lonestar,lonestar_bh,"{""iterations"":1,""theta"":0.5,""timesteps"":10}",bodies,384,3.161980
2,2,lonestar,lonestar_bh,"{""iterations"":1,""theta"":0.5,""timesteps"":10}",bodies,512,3.427764
2,2,lonestar,lonestar_bh,"{""iterations"":1,""theta"":0.5,""timesteps"":10}",bodies,768,3.984192
2,2,lonestar,lonestar_bh,"{""iterations"":1,""theta"":0.5,""timesteps"":10}",bodies,1024,4.177093
2,2,lonestar,lonestar_bh,"{""iterations"":1,""theta"":0.5,""timesteps"":10}",bodies,1536,4.595672
2,2,lonestar,lonestar_bh,"{""iterations"":1,""theta"":0.5,""timesteps"":10}",bodies,2048,4.877160
2,2,lonestar,lonestar_bh,"{""iterations"":1,""theta"":0.5,""timesteps"":10}",bodies,3072,5.277857
2,2,lonestar,lonestar_bh,"{""iterations"":1,""theta"":0.5,""timesteps"":10}",bodies,4096,5.487717
2,2,lonestar,lonestar_bh,"{""iterations"":1,""theta"":0.5,""timesteps"":10}",bodies,6144,5.763566
2,2,lonestar,lonestar_bh,"{""iterations"":1,""theta"":0.5,""timesteps"":10}",bodies,8192,5.962274
2,2,lonestar,lonestar_bh,"{""iterations"":1,""theta"":0.5,""timesteps"":10}",bodies,12288,6.184345
2,2,lonestar,lonestar_bh,"{""iterations"":1,""theta"":0.5,""timesteps"":10}",bodies,16384,6.287121
2,2,lonestar,lonestar_bh,"{""iterations"":1,""theta"":0.5,""timesteps"":10}",bodies,24576,6.475608
2,2,lonestar,lonestar_bh,"{""iterations"":1,""theta"":0.5,""timesteps"":10}",bodies,32768,6.583503
2,2,lonestar,lonestar_bh,"{""iterations"":1,""theta"":0.5,""timesteps"":10}",bodies,49152,6.959241
2,2,lonestar,lonestar_bh,"{""iterations"":1,""theta"":0.5,""timesteps"":10}",bodies,65536,7.358026
2,2,lonestar,lonestar_bh,"{""iterations"":1,""theta"":0.5,""timesteps"":10}",bodies,98304,10.315370
2,2,lonestar,lonestar_bh,"{""iterations"":1,""theta"":0.5,""timesteps"":10}",bodies,131072,12.535426
2,2,lonestar,lonestar_bh,"{""iterations"":1,""theta"":0.5,""timesteps"":10}",bodies,196608,20.632405
2,2,lonestar,lonestar_bh,"{""iterations"":1,""theta"":0.5,""timesteps"":10}",bodies,262144,31.064027
2,2,lonestar,lonestar_bh,"{""iterations"":1,""theta"":0.5,""timesteps"":10}",bodies,393216,53.731614
2,2,lonestar,lonestar_bh,"{""iterations"":1,""theta"":0.5,""timesteps"":10}",bodies,524288,75.041988
2,2,lonestar,lonestar_bh,"{""iterations"":1,""theta"":0.5,""timesteps"":10}",bodies,786432,112.075988
2,2,lonestar,lonestar_bh,"{""iterations"":1,""theta"":0.5,""timesteps"":10}",bodies,1048576,140.526564
2,2,lonestar,lonestar_bh,"{""iterations"":1,""theta"":0.5,""timesteps"":1}",bodies,256,0.273475
2,2,lonestar,lonestar_bh,"{""iterations"":1,""theta"":0.5,""timesteps"":1}",bodies,384,0.319608
2,2,lonestar,lonestar_bh,"{""iterations"":1,""theta"":0.5,""timesteps"":1}",bodies,512,0.348927
2,2,lonestar,lonestar_bh,"{""iterations"":1,""theta"":0.5,""timesteps"":1}",bodies,768,0.403971
2,2,lonestar,lonestar_bh,"{""iterations"":1,""theta"":0.5,""timesteps"":1}",bodies,1024,0.418286
2,2,lonestar,lonestar_bh,"{""iterations"":1,""theta"":0.5,""timesteps"":1}",bodies,1536,0.464055
2,2,lonestar,lonestar_bh,"{""iterations"":1,""theta"":0.5,""timesteps"":1}",bodies,2048,0.489766
2,2,lonestar,lonestar_bh,"{""iterations"":1,""theta"":0.5,""timesteps"":1}",bodies,3072,0.530312
2,2,lonestar,lonestar_bh,"{""iterations"":1,""theta"":0.5,""timesteps"":1}",bodies,4096,0.547672
2,2,lonestar,lonestar_bh,"{""iterations"":1,""theta"":0.5,""timesteps"":1}",bodies,6144,0.581758
2,2,lonestar,lonestar_bh,"{""iterations"":1,""theta"":0.5,""timesteps"":1}",bodies,8192,0.596527
2,2,lonestar,lonestar_bh,"{""iterations"":1,""theta"":0.5,""timesteps"":1}",bodies,12288,0.610776
2,2,lonestar,lonestar_bh,"{""iterations"":1,""theta"":0.5,""timesteps"":1}",bodies,16384,0.626931
2,2,lonestar,lonestar_bh,"{""iterations"":1,""theta"":0.5,""timesteps"":1}",bodies,24576,0.648675
2,2,lonestar,lonestar_bh,"{""iterations"":1,""theta"":0.5,""timesteps"":1}",bodies,32768,0.660449
2,2,lonestar,lonestar_bh,"{""iterations"":1,""theta"":0.5,""timesteps"":1}",bodies,49152,0.694673
2,2,lonestar,lonestar_bh,"{""iterations"":1,""theta"":0.5,""timesteps"":1}",bodies,65536,0.734094
2,2,lonestar,lonestar_bh,"{""iterations"":1,""theta"":0.5,""timesteps"":1}",bodies,98304,1.031196
2,2,lonestar,lonestar_bh,"{""iterations"":1,""theta"":0.5,""timesteps"":1}",bodies,131072,1.258299
2,2,lonestar,lonestar_bh,"{""iterations"":1,""theta"":0.5,""timesteps"":1}",bodies,196608,2.054377
2,2,lonestar,lonestar_bh,"{""iterations"":1,""theta"":0.5,""timesteps"":1}",bodies,262144,3.100708
2,2,lonestar,lonestar_bh,"{""iterations"":1,""theta"":0.5,""timesteps"":1}",bodies,393216,5.417318
2,2,lonestar,lonestar_bh,"{""iterations"":1,""theta"":0.5,""timesteps"":1}",bodies,524288,6.952947
2,2,lonestar,lonestar_bh,"{""iterations"":1,""theta"":0.5,""timesteps"":1}",bodies,786432,10.878230
2,2,lonestar,lonestar_bh,"{""iterations"":1,""theta"":0.5,""timesteps"":1}",bodies,1048576,14.176666
2,2,lonestar,lonestar_bh,"{""iterations"":1,""theta"":0.5,""timesteps"":20}",bodies,256,5.451053
2,2,lonestar,lonestar_bh,"{""iterations"":1,""theta"":0.5,""timesteps"":20}",bodies,384,6.287135
2,2,lonestar,lonestar_bh,"{""iterations"":1,""theta"":0.5,""timesteps"":20}",bodies,512,6.835395
2,2,lonestar,lonestar_bh,"{""iterations"":1,""theta"":0.5,""timesteps"":20}",bodies,768,7.899781
2,2,lonestar,lonestar_bh,"{""iterations"":1,""theta"":0.5,""timesteps"":20}",bodies,1024,8.384059
2,2,lonestar,lonestar_bh,"{""iterations"":1,""theta"":0.5,""timesteps"":20}",bodies,1536,9.266294
2,2,lonestar,lonestar_bh,"{""iterations"":1,""theta"":0.5,""timesteps"":20}",bodies,2048,9.784569
2,2,lonestar,lonestar_bh,"{""iterations"":1,""theta"":0.5,""timesteps"":20}",bodies,3072,10.586325
2,2,lonestar,lonestar_bh,"{""iterations"":1,""theta"":0.5,""timesteps"":20}",bodies,4096,11.051379
2,2,lonestar,lonestar_bh,"{""iterations"":1,""theta"":0.5,""timesteps"":20}",bodies,6144,11.602959
2,2,lonestar,lonestar_bh,"{""iterations"":1,""theta"":0.5,""timesteps"":20}",bodies,8192,11.936094
2,2,lonestar,lonestar_bh,"{""iterations"":1,""theta"":0.5,""timesteps"":20}",bodies,12288,12.291452
2,2,lonestar,lonestar_bh,"{""iterations"":1,""theta"":0.5,""timesteps"":20}",bodies,16384,12.561202
2,2,lonestar,lonestar_bh,"{""iterations"":1,""theta"":0.5,""timesteps"":20}",bodies,24576,12.910068
2,2,lonestar,lonestar_bh,"{""iterations"":1,""theta"":0.5,""timesteps"":20}",bodies,32768,13.199956
2,2,lonestar,lonestar_bh,"{""iterations"":1,""theta"":0.5,""timesteps"":20}",bodies,49152,13.904388
2,2,lonestar,lonestar_bh,"{""iterations"":1,""theta"":0.5,""timesteps"":20}",bodies,65536,14.692750
2,2,lonestar,lonestar_bh,"{""iterations"":1,""theta"":0.5,""timesteps"":20}",bodies,98304,20.438659
2,2,lonestar,lonestar_bh,"{""iterations"":1,""theta"":0.5,""timesteps"":20}",bodies,131072,24.981505
2,2,lonestar,lonestar_bh,"{""iterations"":1,""theta"":0.5,""timesteps"":20}",bodies,196608,40.636692
2,2,lonestar,lonestar_bh,"{""iterations"":1,""theta"":0.5,""timesteps"":20}",bodies,262144,60.672805
2,2,lonestar,lonestar_bh,"{""iterations"":1,""theta"":0.5,""timesteps"":20}",bodies,393216,103.656635
2,2,lonestar,lonestar_bh,"{""iterations"":1,""theta"":0.5,""timesteps"":20}",bodies,524288,147.676773
2,2,lonestar,lonestar_bh,"{""iterations"":1,""theta"":0.5,""timesteps"":20}",bodies,786432,215.667230
2,2,lonestar,lonestar_bh,"{""iterations"":1,""theta"":0.5,""timesteps"":20}",bodies,1048576,268.522830
2,2,lonestar,lonestar_bh,"{""iterations"":1,""theta"":0.5,""timesteps"":5}",bodies,256,1.376917
2,2,lonestar,lonestar_bh,"{""iterations"":1,""theta"":0.5,""timesteps"":5}",bodies,384,1.588167
2,2,lonestar,lonestar_bh,"{""iterations"":1,""theta"":0.5,""timesteps"":5}",bodies,512,1.714189
2,2,lonestar,lonestar_bh,"{""iterations"":1,""theta"":0.5,""timesteps"":5}",bodies,768,2.000787
2,2,lonestar,lonestar_bh,"{""iterations"":1,""theta"":0.5,""timesteps"":5}",bodies,1024,2.094988
2,2,lonestar,lonestar_bh,"{""iterations"":1,""theta"":0.5,""timesteps"":5}",bodies,1536,2.310843
2,2,lonestar,lonestar_bh,"{""iterations"":1,""theta"":0.5,""timesteps"":5}",bodies,2048,2.440791
2,2,lonestar,lonestar_bh,"{""iterations"":1,""theta"":0.5,""timesteps"":5}",bodies,3072,2.642332
2,2,lonestar,lonestar_bh,"{""iterations"":1,""theta"":0.5,""timesteps"":5}",bodies,4096,2.731665
2,2,lonestar,lonestar_bh,"{""iterations"":1,""theta"":0.5,""timesteps"":5}",bodies,6144,2.870177
2,2,lonestar,lonestar_bh,"{""iterations"":1,""theta"":0.5,""timesteps"":5}",bodies,8192,2.978865
2,2,lonestar,lonestar_bh,"{""iterations"":1,""theta"":0.5,""timesteps"":5}",bodies,12288,3.084481
2,2,lonestar,lonestar_bh,"{""iterations"":1,""theta"":0.5,""timesteps"":5}",bodies,16384,3.143878
2,2,lonestar,lonestar_bh,"{""iterations"":1,""theta"":0.5,""timesteps"":5}",bodies,24576,3.227884
2,2,lonestar,lonestar_bh,"{""iterations"":1,""theta"":0.5,""timesteps"":5}",bodies,32768,3.294376
2,2,lonestar,lonestar_bh,"{""iterations"":1,""theta"":0.5,""timesteps"":5}",bodies,49152,3.476084
2,2,lonestar,lonestar_bh,"{""iterations"":1,""theta"":0.5,""timesteps"":5}",bodies,65536,3.676270
2,2,lonestar,lonestar_bh,"{""iterations"":1,""theta"":0.5,""timesteps"":5}",bodies,98304,5.153195
2,2,lonestar,lonestar_bh,"{""iterations"":1,""theta"":0.5,""timesteps"":5}",bodies,131072,6.269578
2,2,lonestar,lonestar_bh,"{""iterations"":1,""theta"":0.5,""timesteps"":5}",bodies,196608,10.326345
2,2,lonestar,lonestar_bh,"{""iterations"":1,""theta"":0.5,""timesteps"":5}",bodies,262144,15.496033
2,2,lonestar,lonestar_bh,"{""iterations"":1,""theta"":0.5,""timesteps"":5}",bodies,393216,27.132711
2,2,lonestar,lonestar_bh,"{""iterations"":1,""theta"":0.5,""timesteps"":5}",bodies,524288,34.672388
2,2,lonestar,lonestar_bh,"{""iterations"":1,""theta"":0.5,""timesteps"":5}",bodies,786432,56.293399
2,2,lonestar,lonestar_bh,"{""iterations"":1,""theta"":0.5,""timesteps"":5}",bodies,1048576,71.937979
2,2,lonestar,lonestar_bh,"{""iterations"":1,""theta"":0.7,""timesteps"":10}",bodies,256,1.633873
2,2,lonestar,lonestar_bh,"{""iterations"":1,""theta"":0.7,""timesteps"":10}",bodies,384,1.808736
2,2,lonestar,lonestar_bh,"{""iterations"":1,""theta"":0.7,""timesteps"":10}",bodies,512,1.870693
2,2,lonestar,lonestar_bh,"{""iterations"":1,""theta"":0.7,""timesteps"":10}",bodies,768,2.122510
2,2,lonestar,lonestar_bh,"{""iterations"":1,""theta"":0.7,""timesteps"":10}",bodies,1024,2.271031
2,2,lonestar,lonestar_bh,"{""iterations"":1,""theta"":0.7,""timesteps"":10}",bodies,1536,2.521386
2,2,lonestar,lonestar_bh,"{""iterations"":1,""theta"":0.7,""timesteps"":10}",bodies,2048,2.603238
2,2,lonestar,lonestar_bh,"{""iterations"":1,""theta"":0.7,""timesteps"":10}",bodies,3072,2.832884
2,2,lonestar,lonestar_bh,"{""iterations"":1,""theta"":0.7,""timesteps"":10}",bodies,4096,2.923195
2,2,lonestar,lonestar_bh,"{""iterations"":1,""theta"":0.7,""timesteps"":10}",bodies,6144,3.077802
2,2,lonestar,lonestar_bh,"{""iterations"":1,""theta"":0.7,""timesteps"":10}",bodies,8192,3.157129
2,2,lonestar,lonestar_bh,"{""iterations"":1,""theta"":0.7,""timesteps"":10}",bodies,12288,3.299905
2,2,lonestar,lonestar_bh,"{""iterations"":1,""theta"":0.7,""timesteps"":10}",bodies,16384,3.362751
2,2,lonestar,lonestar_bh,"{""iterations"":1,""theta"":0.7,""timesteps"":10}",bodies,24576,3.466794
2,2,lonestar,lonestar_bh,"{""iterations"":1,""theta"":0.7,""timesteps"":10}",bodies,32768,3.524725
2,2,lonestar,lonestar_bh,"{""iterations"":1,""theta"":0.7,""timesteps"":10}",bodies,49152,3.736615
2,2,lonestar,lonestar_bh,"{""iterations"":1,""theta"":0.7,""timesteps"":10}",bodies,65536,3.894654
2,2,lonestar,lonestar_bh,"{""iterations"":1,""theta"":0.7,""timesteps"":10}",bodies,98304,5.247191
2,2,lonestar,lonestar_bh,"{""iterations"":1,""theta"":0.7,""timesteps"":10}",bodies,131072,6.052913
2,2,lonestar,lonestar_bh,"{""iterations"":1,""theta"":0.7,""timesteps"":10}",bodies,196608,9.009864
2,2,lonestar,lonestar_bh,"{""iterations"":1,""theta"":0.7,""timesteps"":10}",bodies,262144,12.779672
2,2,lonestar,lonestar_bh,"{""iterations"":1,""theta"":0.7,""timesteps"":10}",bodies,393216,21.293534
2,2,lonestar,lonestar_bh,"{""iterations"":1,""theta"":0.7,""timesteps"":10}",bodies,524288,32.965979
2,2,lonestar,lonestar_bh,"{""iterations"":1,""theta"":0.7,""timesteps"":10}",bodies,786432,46.760960
2,2,lonestar,lonestar_bh,"{""iterations"":1,""theta"":0.7,""timesteps"":10}",bodies,1048576,56.584127
2,2,lonestar,lonestar_bh,"{""iterations"":1,""theta"":0.7,""timesteps"":1}",bodies,256,0.175198
2,2,lonestar,lonestar_bh,"{""iterations"":1,""theta"":0.7,""timesteps"":1}",bodies,384,0.181786
2,2,lonestar,lonestar_bh,"{""iterations"":1,""theta"":0.7,""timesteps"":1}",bodies,512,0.189204
2,2,lonestar,lonestar_bh,"{""iterations"":1,""theta"":0.7,""timesteps"":1}",bodies,768,0.211989
2,2,lonestar,lonestar_bh,"{""iterations"":1,""theta"":0.7,""timesteps"":1}",bodies,1024,0.226676
2,2,lonestar,lonestar_bh,"{""iterations"":1,""theta"":0.7,""timesteps"":1}",bodies,1536,0.251786
2,2,lonestar,lonestar_bh,"{""iterations"":1,""theta"":0.7,""timesteps"":1}",bodies,2048,0.263505
2,2,lonestar,lonestar_bh,"{""iterations"":1,""theta"":0.7,""timesteps"":1}",bodies,3072,0.281092
2,2,lonestar,lonestar_bh,"{""iterations"":1,""theta"":0.7,""timesteps"":1}",bodies,4096,0.292319
2,2,lonestar,lonestar_bh,"{""iterations"":1,""theta"":0.7,""timesteps"":1}",bodies,6144,0.310172
2,2,lonestar,lonestar_bh,"{""iterations"":1,""theta"":0.7,""timesteps"":1}",bodies,8192,0.321571
2,2,lonestar,lonestar_bh,"{""iterations"":1,""theta"":0.7,""timesteps"":1}",bodies,12288,0.329735
2,2,lonestar,lonestar_bh,"{""iterations"":1,""theta"":0.7,""timesteps"":1}",bodies,16384,0.337888
2,2,lonestar,lonestar_bh,"{""iterations"":1,""theta"":0.7,""timesteps"":1}",bodies,24576,0.355367
2,2,lonestar,lonestar_bh,"{""iterations"":1,""theta"":0.7,""timesteps"":1}",bodies,32768,0.355516
2,2,lonestar,lonestar_bh,"{""iterations"":1,""theta"":0.7,""timesteps"":1}",bodies,49152,0.375265
2,2,lonestar,lonestar_bh,"{""iterations"":1,""theta"":0.7,""timesteps"":1}",bodies,65536,0.390785
2,2,lonestar,lonestar_bh,"{""iterations"":1,""theta"":0.7,""timesteps"":1}",bodies,98304,0.525073
2,2,lonestar,lonestar_bh,"{""iterations"":1,""theta"":0.7,""timesteps"":1}",bodies,131072,0.605254
2,2,lonestar,lonestar_bh,"{""iterations"":1,""theta"":0.7,""timesteps"":1}",bodies,196608,0.910869
2,2,lonestar,lonestar_bh,"{""iterations"":1,""theta"":0.7,""timesteps"":1}",bodies,262144,1.283809
2,2,lonestar,lonestar_bh,"{""iterations"":1,""theta"":0.7,""timesteps"":1}",bodies,393216,2.181562
2,2,lonestar,lonestar_bh,"{""iterations"":1,""theta"":0.7,""timesteps"":1}",bodies,524288,2.815937
2,2,lonestar,lonestar_bh,"{""iterations"":1,""theta"":0.7,""timesteps"":1}",bodies,786432,4.364886
2,2,lonestar,lonestar_bh,"{""iterations"":1,""theta"":0.7,""timesteps"":1}",bodies,1048576,5.715477
2,2,lonestar,lonestar_bh,"{""iterations"":1,""theta"":0.7,""timesteps"":20}",bodies,256,3.244376
2,2,lonestar,lonestar_bh,"{""iterations"":1,""theta"":0.7,""timesteps"":20}",bodies,384,3.608266
2,2,lonestar,lonestar_bh,"{""iterations"":1,""theta"":0.7,""timesteps"":20}",bodies,512,3.759615
2,2,lonestar,lonestar_bh,"{""iterations"":1,""theta"":0.7,""timesteps"":20}",bodies,768,4.267272
2,2,lonestar,lonestar_bh,"{""iterations"":1,""theta"":0.7,""timesteps"":20}",bodies,1024,4.542134
2,2,lonestar,lonestar_bh,"{""iterations"":1,""theta"":0.7,""timesteps"":20}",bodies,1536,5.016430
2,2,lonestar,lonestar_bh,"{""iterations"":1,""theta"":0.7,""timesteps"":20}",bodies,2048,5.205532
2,2,lonestar,lonestar_bh,"{""iterations"":1,""theta"":0.7,""timesteps"":20}",bodies,3072,5.652850
2,2,lonestar,lonestar_bh,"{""iterations"":1,""theta"":0.7,""timesteps"":20}",bodies,4096,5.874371
2,2,lonestar,lonestar_bh,"{""iterations"":1,""theta"":0.7,""timesteps"":20}",bodies,6144,6.173238
2,2,lonestar,lonestar_bh,"{""iterations"":1,""theta"":0.7,""timesteps"":20}",bodies,8192,6.335060
2,2,lonestar,lonestar_bh,"{""iterations"":1,""theta"":0.7,""timesteps"":20}",bodies,12288,6.587831
2,2,lonestar,lonestar_bh,"{""iterations"":1,""theta"":0.7,""timesteps"":20}",bodies,16384,6.728983
2,2,lonestar,lonestar_bh,"{""iterations"":1,""theta"":0.7,""timesteps"":20}",bodies,24576,6.923511
2,2,lonestar,lonestar_bh,"{""iterations"":1,""theta"":0.7,""timesteps"":20}",bodies,32768,7.042552
2,2,lonestar,lonestar_bh,"{""iterations"":1,""theta"":0.7,""timesteps"":20}",bodies,49152,7.409434
2,2,lonestar,lonestar_bh,"{""iterations"":1,""theta"":0.7,""timesteps"":20}",bodies,65536,7.746332
2,2,lonestar,lonestar_bh,"{""iterations"":1,""theta"":0.7,""timesteps"":20}",bodies,98304,10.384863
2,2,lonestar,lonestar_bh,"{""iterations"":1,""theta"":0.7,""timesteps"":20}",bodies,131072,11.945085
2,2,lonestar,lonestar_bh,"{""iterations"":1,""theta"":0.7,""timesteps"":20}",bodies,196608,17.644604
2,2,lonestar,lonestar_bh,"{""iterations"":1,""theta"":0.7,""timesteps"":20}",bodies,262144,24.748350
2,2,lonestar,lonestar_bh,"{""iterations"":1,""theta"":0.7,""timesteps"":20}",bodies,393216,40.636897
2,2,lonestar,lonestar_bh,"{""iterations"":1,""theta"":0.7,""timesteps"":20}",bodies,524288,64.530234
2,2,lonestar,lonestar_bh,"{""iterations"":1,""theta"":0.7,""timesteps"":20}",bodies,786432,93.127714
2,2,lonestar,lonestar_bh,"{""iterations"":1,""theta"":0.7,""timesteps"":20}",bodies,1048576,110.904196
2,2,lonestar,lonestar_bh,"{""iterations"":1,""theta"":0.7,""timesteps"":5}",bodies,256,0.810804
2,2,lonestar,lonestar_bh,"{""iterations"":1,""theta"":0.7,""timesteps"":5}",bodies,384,0.900622
2,2,lonestar,lonestar_bh,"{""iterations"":1,""theta"":0.7,""timesteps"":5}",bodies,512,0.944041
2,2,lonestar,lonestar_bh,"{""iterations"":1,""theta"":0.7,""timesteps"":5}",bodies,768,1.066425
2,2,lonestar,lonestar_bh,"{""iterations"":1,""theta"":0.7,""timesteps"":5}",bodies,1024,1.152127
2,2,lonestar,lonestar_bh,"{""iterations"":1,""theta"":0.7,""timesteps"":5}",bodies,1536,1.251055
2,2,lonestar,lonestar_bh,"{""iterations"":1,""theta"":0.7,""timesteps"":5}",bodies,2048,1.316782
2,2,lonestar,lonestar_bh,"{""iterations"":1,""theta"":0.7,""timesteps"":5}",bodies,3072,1.415606
2,2,lonestar,lonestar_bh,"{""iterations"":1,""theta"":0.7,""timesteps"":5}",bodies,4096,1.463877
2,2,lonestar,lonestar_bh,"{""iterations"":1,""theta"":0.7,""timesteps"":5}",bodies,6144,1.540787
2,2,lonestar,lonestar_bh,"{""iterations"":1,""theta"":0.7,""timesteps"":5}",bodies,8192,1.595591
2,2,lonestar,lonestar_bh,"{""iterations"":1,""theta"":0.7,""timesteps"":5}",bodies,12288,1.652985
2,2,lonestar,lonestar_bh,"{""iterations"":1,""theta"":0.7,""timesteps"":5}",bodies,16384,1.688893
2,2,lonestar,lonestar_bh,"{""iterations"":1,""theta"":0.7,""timesteps"":5}",bodies,24576,1.733769
2,2,lonestar,lonestar_bh,"{""iterations"":1,""theta"":0.7,""timesteps"":5}",bodies,32768,1.765092
2,2,lonestar,lonestar_bh,"{""iterations"":1,""theta"":0.7,""timesteps"":5}",bodies,49152,1.871614
2,2,lonestar,lonestar_bh,"{""iterations"":1,""theta"":0.7,""timesteps"":5}",bodies,65536,1.948130
2,2,lonestar,lonestar_bh,"{""iterations"":1,""theta"":0.7,""timesteps"":5}",bodies,98304,2.624825
2,2,lonestar,lonestar_bh,"{""iterations"":1,""theta"":0.7,""timesteps"":5}",bodies,131072,3.014003
2,2,lonestar,lonestar_bh,"{""iterations"":1,""theta"":0.7,""timesteps"":5}",bodies,196608,4.538955
2,2,lonestar,lonestar_bh,"{""iterations"":1,""theta"":0.7,""timesteps"":5}",bodies,262144,6.412130
2,2,lonestar,lonestar_bh,"{""iterations"":1,""theta"":0.7,""timesteps"":5}",bodies,393216,10.880992
2,2,lonestar,lonestar_bh,"{""iterations"":1,""theta"":0.7,""timesteps"":5}",bodies,524288,16.994252
2,2,lonestar,lonestar_bh,"{""iterations"":1,""theta"":0.7,""timesteps"":5}",bodies,786432,23.998506
2,2,lonestar,lonestar_bh,"{""iterations"":1,""theta"":0.7,""timesteps"":5}",bodies,1048576,29.290044
2,2,lonestar,lonestar_bh,"{""iterations"":1,""theta"":1,""timesteps"":10}",bodies,256,1.157319
2,2,lonestar,lonestar_bh,"{""iterations"":1,""theta"":1,""timesteps"":10}",bodies,384,1.242104
2,2,lonestar,lonestar_bh,"{""iterations"":1,""theta"":1,""timesteps"":10}",bodies,512,1.337244
2,2,lonestar,lonestar_bh,"{""iterations"":1,""theta"":1,""timesteps"":10}",bodies,768,1.460034
2,2,lonestar,lonestar_bh,"{""iterations"":1,""theta"":1,""timesteps"":10}",bodies,1024,1.506896
2,2,lonestar,lonestar_bh,"{""iterations"":1,""theta"":1,""timesteps"":10}",bodies,1536,1.612935
2,2,lonestar,lonestar_bh,"{""iterations"":1,""theta"":1,""timesteps"":10}",bodies,2048,1.675198
2,2,lonestar,lonestar_bh,"{""iterations"":1,""theta"":1,""timesteps"":10}",bodies,3072,1.738031
2,2,lonestar,lonestar_bh,"{""iterations"":1,""theta"":1,""timesteps"":10}",bodies,4096,1.803849
2,2,lonestar,lonestar_bh,"{""iterations"":1,""theta"":1,""timesteps"":10}",bodies,6144,1.835893
2,2,lonestar,lonestar_bh,"{""iterations"":1,""theta"":1,""timesteps"":10}",bodies,8192,1.863040
2,2,lonestar,lonestar_bh,"{""iterations"":1,""theta"":1,""timesteps"":10}",bodies,12288,1.962713
2,2,lonestar,lonestar_bh,"{""iterations"":1,""theta"":1,""timesteps"":10}",bodies,16384,1.969242
2,2,lonestar,lonestar_bh,"{""iterations"":1,""theta"":1,""timesteps"":10}",bodies,24576,2.005061
2,2,lonestar,lonestar_bh,"{""iterations"":1,""theta"":1,""timesteps"":10}",bodies,32768,2.040339
2,2,lonestar,lonestar_bh,"{""iterations"":1,""theta"":1,""timesteps"":10}",bodies,49152,2.139806
2,2,lonestar,lonestar_bh,"{""iterations"":1,""theta"":1,""timesteps"":10}",bodies,65536,2.179576
2,2,lonestar,lonestar_bh,"{""iterations"":1,""theta"":1,""timesteps"":10}",bodies,98304,2.769703
2,2,lonestar,lonestar_bh,"{""iterations"":1,""theta"":1,""timesteps"":10}",bodies,131072,2.986445
2,2,lonestar,lonestar_bh,"{""iterations"":1,""theta"":1,""timesteps"":10}",bodies,196608,4.026512
2,2,lonestar,lonestar_bh,"{""iterations"":1,""theta"":1,""timesteps"":10}",bodies,262144,5.358549
2,2,lonestar,lonestar_bh,"{""iterations"":1,""theta"":1,""timesteps"":10}",bodies,393216,8.561125
2,2,lonestar,lonestar_bh,"{""iterations"":1,""theta"":1,""timesteps"":10}",bodies,524288,13.170195
2,2,lonestar,lonestar_bh,"{""iterations"":1,""theta"":1,""timesteps"":10}",bodies,786432,19.087740
2,2,lonestar,lonestar_bh,"{""iterations"":1,""theta"":1,""timesteps"":10}",bodies,1048576,23.562413
2,2,lonestar,lonestar_bh,"{""iterations"":1,""theta"":1,""timesteps"":1}",bodies,256,0.117266
2,2,lonestar,lonestar_bh,"{""iterations"":1,""theta"":1,""timesteps"":1}",bodies,384,0.124898
2,2,lonestar,lonestar_bh,"{""iterations"":1,""theta"":1,""timesteps"":1}",bodies,512,0.136471
2,2,lonestar,lonestar_bh,"{""iterations"":1,""theta"":1,""timesteps"":1}",bodies,768,0.147589
2,2,lonestar,lonestar_bh,"{""iterations"":1,""theta"":1,""timesteps"":1}",bodies,1024,0.149647
2,2,lonestar,lonestar_bh,"{""iterations"":1,""theta"":1,""timesteps"":1}",bodies,1536,0.162517
2,2,lonestar,lonestar_bh,"{""iterations"":1,""theta"":1,""timesteps"":1}",bodies,2048,0.166125
2,2,lonestar,lonestar_bh,"{""iterations"":1,""theta"":1,""timesteps"":1}",bodies,3072,0.175479
2,2,lonestar,lonestar_bh,"{""iterations"":1,""theta"":1,""timesteps"":1}",bodies,4096,0.180665
2,2,lonestar,lonestar_bh,"{""iterations"":1,""theta"":1,""timesteps"":1}",bodies,6144,0.184245
2,2,lonestar,lonestar_bh,"{""iterations"":1,""theta"":1,""timesteps"":1}",bodies,8192,0.193520
2,2,lonestar,lonestar_bh,"{""iterations"":1,""theta"":1,""timesteps"":1}",bodies,12288,0.194229
2,2,lonestar,lonestar_bh,"{""iterations"":1,""theta"":1,""timesteps"":1}",bodies,16384,0.196139
2,2,lonestar,lonestar_bh,"{""iterations"":1,""theta"":1,""timesteps"":1}",bodies,24576,0.202326
2,2,lonestar,lonestar_bh,"{""iterations"":1,""theta"":1,""timesteps"":1}",bodies,32768,0.203061
2,2,lonestar,lonestar_bh,"{""iterations"":1,""theta"":1,""timesteps"":1}",bodies,49152,0.210839
2,2,lonestar,lonestar_bh,"{""iterations"":1,""theta"":1,""timesteps"":1}",bodies,65536,0.216625
2,2,lonestar,lonestar_bh,"{""iterations"":1,""theta"":1,""timesteps"":1}",bodies,98304,0.277137
2,2,lonestar,lonestar_bh,"{""iterations"":1,""theta"":1,""timesteps"":1}",bodies,131072,0.300242
2,2,lonestar,lonestar_bh,"{""iterations"":1,""theta"":1,""timesteps"":1}",bodies,196608,0.398545
2,2,lonestar,lonestar_bh,"{""iterations"":1,""theta"":1,""timesteps"":1}",bodies,262144,0.529482
2,2,lonestar,lonestar_bh,"{""iterations"":1,""theta"":1,""timesteps"":1}",bodies,393216,0.850628
2,2,lonestar,lonestar_bh,"{""iterations"":1,""theta"":1,""timesteps"":1}",bodies,524288,1.112288
2,2,lonestar,lonestar_bh,"{""iterations"":1,""theta"":1,""timesteps"":1}",bodies,786432,1.645832
2,2,lonestar,lonestar_bh,"{""iterations"":1,""theta"":1,""timesteps"":1}",bodies,1048576,2.175967
2,2,lonestar,lonestar_bh,"{""iterations"":1,""theta"":1,""timesteps"":20}",bodies,256,2.306290
2,2,lonestar,lonestar_bh,"{""iterations"":1,""theta"":1,""timesteps"":20}",bodies,384,2.522976
2,2,lonestar,lonestar_bh,"{""iterations"":1,""theta"":1,""timesteps"":20}",bodies,512,2.677456
2,2,lonestar,lonestar_bh,"{""iterations"":1,""theta"":1,""timesteps"":20}",bodies,768,2.922064
2,2,lonestar,lonestar_bh,"{""iterations"":1,""theta"":1,""timesteps"":20}",bodies,1024,3.042721
2,2,lonestar,lonestar_bh,"{""iterations"":1,""theta"":1,""timesteps"":20}",bodies,1536,3.241477
2,2,lonestar,lonestar_bh,"{""iterations"":1,""theta"":1,""timesteps"":20}",bodies,2048,3.356216
2,2,lonestar,lonestar_bh,"{""iterations"":1,""theta"":1,""timesteps"":20}",bodies,3072,3.475663
2,2,lonestar,lonestar_bh,"{""iterations"":1,""theta"":1,""timesteps"":20}",bodies,4096,3.596987
2,2,lonestar,lonestar_bh,"{""iterations"":1,""theta"":1,""timesteps"":20}",bodies,6144,3.708776
2,2,lonestar,lonestar_bh,"{""iterations"":1,""theta"":1,""timesteps"":20}",bodies,8192,3.764930
2,2,lonestar,lonestar_bh,"{""iterations"":1,""theta"":1,""timesteps"":20}",bodies,12288,3.930190
2,2,lonestar,lonestar_bh,"{""iterations"":1,""theta"":1,""timesteps"":20}",bodies,16384,4.013996
2,2,lonestar,lonestar_bh,"{""iterations"":1,""theta"":1,""timesteps"":20}",bodies,24576,4.034926
2,2,lonestar,lonestar_bh,"{""iterations"":1,""theta"":1,""timesteps"":20}",bodies,32768,4.083900
2,2,lonestar,lonestar_bh,"{""iterations"":1,""theta"":1,""timesteps"":20}",bodies,49152,4.256452
2,2,lonestar,lonestar_bh,"{""iterations"":1,""theta"":1,""timesteps"":20}",bodies,65536,4.379273
2,2,lonestar,lonestar_bh,"{""iterations"":1,""theta"":1,""timesteps"":20}",bodies,98304,5.737715
2,2,lonestar,lonestar_bh,"{""iterations"":1,""theta"":1,""timesteps"":20}",bodies,131072,5.999473
2,2,lonestar,lonestar_bh,"{""iterations"":1,""theta"":1,""timesteps"":20}",bodies,196608,8.038590
2,2,lonestar,lonestar_bh,"{""iterations"":1,""theta"":1,""timesteps"":20}",bodies,262144,10.726724
2,2,lonestar,lonestar_bh,"{""iterations"":1,""theta"":1,""timesteps"":20}",bodies,393216,16.938177
2,2,lonestar,lonestar_bh,"{""iterations"":1,""theta"":1,""timesteps"":20}",bodies,524288,26.216801
2,2,lonestar,lonestar_bh,"{""iterations"":1,""theta"":1,""timesteps"":20}",bodies,786432,38.973441
2,2,lonestar,lonestar_bh,"{""iterations"":1,""theta"":1,""timesteps"":20}",bodies,1048576,48.607463
2,2,lonestar,lonestar_bh,"{""iterations"":1,""theta"":1,""timesteps"":5}",bodies,256,0.581855
2,2,lonestar,lonestar_bh,"{""iterations"":1,""theta"":1,""timesteps"":5}",bodies,384,0.623632
2,2,lonestar,lonestar_bh,"{""iterations"":1,""theta"":1,""timesteps"":5}",bodies,512,0.665204
2,2,lonestar,lonestar_bh,"{""iterations"":1,""theta"":1,""timesteps"":5}",bodies,768,0.734040
2,2,lonestar,lonestar_bh,"{""iterations"":1,""theta"":1,""timesteps"":5}",bodies,1024,0.747805
2,2,lonestar,lonestar_bh,"{""iterations"":1,""theta"":1,""timesteps"":5}",bodies,1536,0.803467
2,2,lonestar,lonestar_bh,"{""iterations"":1,""theta"":1,""timesteps"":5}",bodies,2048,0.831905
2,2,lonestar,lonestar_bh,"{""iterations"":1,""theta"":1,""timesteps"":5}",bodies,3072,0.872185
2,2,lonestar,lonestar_bh,"{""iterations"":1,""theta"":1,""timesteps"":5}",bodies,4096,0.895961
2,2,lonestar,lonestar_bh,"{""iterations"":1,""theta"":1,""timesteps"":5}",bodies,6144,0.920666
2,2,lonestar,lonestar_bh,"{""iterations"":1,""theta"":1,""timesteps"":5}",bodies,8192,0.940068
2,2,lonestar,lonestar_bh,"{""iterations"":1,""theta"":1,""timesteps"":5}",bodies,12288,0.987220
2,2,lonestar,lonestar_bh,"{""iterations"":1,""theta"":1,""timesteps"":5}",bodies,16384,0.986450
2,2,lonestar,lonestar_bh,"{""iterations"":1,""theta"":1,""timesteps"":5}",bodies,24576,1.003706
2,2,lonestar,lonestar_bh,"{""iterations"":1,""theta"":1,""timesteps"":5}",bodies,32768,1.013980
2,2,lonestar,lonestar_bh,"{""iterations"":1,""theta"":1,""timesteps"":5}",bodies,49152,1.055276
2,2,lonestar,lonestar_bh,"{""iterations"":1,""theta"":1,""timesteps"":5}",bodies,65536,1.087602
2,2,lonestar,lonestar_bh,"{""iterations"":1,""theta"":1,""timesteps"":5}",bodies,98304,1.370182
2,2,lonestar,lonestar_bh,"{""iterations"":1,""theta"":1,""timesteps"":5}",bodies,131072,1.492668
2,2,lonestar,lonestar_bh,"{""iterations"":1,""theta"":1,""timesteps"":5}",bodies,196608,2.000833
2,2,lonestar,lonestar_bh,"{""iterations"":1,""theta"":1,""timesteps"":5}",bodies,262144,2.676461
2,2,lonestar,lonestar_bh,"{""iterations"":1,""theta"":1,""timesteps"":5}",bodies,393216,4.275491
2,2,lonestar,lonestar_bh,"{""iterations"":1,""theta"":1,""timesteps"":5}",bodies,524288,6.569604
2,2,lonestar,lonestar_bh,"{""iterations"":1,""theta"":1,""timesteps"":5}",bodies,786432,10.094820
2,2,lonestar,lonestar_bh,"{""iterations"":1,""theta"":1,""timesteps"":5}",bodies,1048576,12.321469
2,2,lonestar,lonestar_dmr,"{""block_size"":256,""max_refine_iterations"":5,""min_angle"":30,""precision"":""float""}",num_triangles,1000,0.075625
2,2,lonestar,lonestar_dmr,"{""block_size"":256,""max_refine_iterations"":5,""min_angle"":30,""precision"":""float""}",num_triangles,2000,0.077723
2,2,lonestar,lonestar_dmr,"{""block_size"":256,""max_refine_iterations"":5,""min_angle"":30,""precision"":""float""}",num_triangles,3000,0.086892
2,2,lonestar,lonestar_dmr,"{""block_size"":256,""max_refine_iterations"":5,""min_angle"":30,""precision"":""float""}",num_triangles,5000,0.091082
2,2,lonestar,lonestar_dmr,"{""block_size"":256,""max_refine_iterations"":5,""min_angle"":30,""precision"":""float""}",num_triangles,7500,0.093786
2,2,lonestar,lonestar_dmr,"{""block_size"":256,""max_refine_iterations"":5,""min_angle"":30,""precision"":""float""}",num_triangles,10000,0.097261
2,2,lonestar,lonestar_dmr,"{""block_size"":256,""max_refine_iterations"":5,""min_angle"":30,""precision"":""float""}",num_triangles,15000,0.110304
2,2,lonestar,lonestar_dmr,"{""block_size"":256,""max_refine_iterations"":5,""min_angle"":30,""precision"":""float""}",num_triangles,20000,0.115810
2,2,lonestar,lonestar_dmr,"{""block_size"":256,""max_refine_iterations"":5,""min_angle"":30,""precision"":""float""}",num_triangles,30000,0.137403
2,2,lonestar,lonestar_dmr,"{""block_size"":256,""max_refine_iterations"":5,""min_angle"":30,""precision"":""float""}",num_triangles,50000,0.176722
2,2,lonestar,lonestar_dmr,"{""block_size"":256,""max_refine_iterations"":5,""min_angle"":30,""precision"":""float""}",num_triangles,75000,0.222892
2,2,lonestar,lonestar_dmr,"{""block_size"":256,""max_refine_iterations"":5,""min_angle"":30,""precision"":""float""}",num_triangles,100000,0.276319
2,2,lonestar,lonestar_dmr,"{""block_size"":256,""max_refine_iterations"":5,""min_angle"":30,""precision"":""float""}",num_triangles,125000,0.355702
2,2,lonestar,lonestar_dmr,"{""block_size"":256,""max_refine_iterations"":5,""min_angle"":30,""precision"":""float""}",num_triangles,150000,0.398256
2,2,lonestar,lonestar_dmr,"{""block_size"":256,""max_refine_iterations"":5,""min_angle"":30,""precision"":""float""}",num_triangles,175000,0.447269
2,2,lonestar,lonestar_dmr,"{""block_size"":256,""max_refine_iterations"":5,""min_angle"":30,""precision"":""float""}",num_triangles,200000,0.496332
2,2,lonestar,lonestar_dmr,"{""block_size"":256,""max_refine_iterations"":5,""min_angle"":30,""precision"":""float""}",num_triangles,225000,0.567273
2,2,lonestar,lonestar_dmr,"{""block_size"":256,""max_refine_iterations"":5,""min_angle"":30,""precision"":""float""}",num_triangles,250000,0.617409
2,2,lonestar,lonestar_dmr,"{""block_size"":256,""max_refine_iterations"":5,""min_angle"":30,""precision"":""float""}",num_triangles,275000,0.665083
2,2,lonestar,lonestar_dmr,"{""block_size"":256,""max_refine_iterations"":5,""min_angle"":30,""precision"":""float""}",num_triangles,300000,0.733132
2,2,lonestar,lonestar_dmr,"{""block_size"":256,""max_refine_iterations"":5,""min_angle"":30,""precision"":""float""}",num_triangles,350000,0.858532
2,2,lonestar,lonestar_dmr,"{""block_size"":256,""max_refine_iterations"":5,""min_angle"":30,""precision"":""float""}",num_triangles,400000,0.967329
2,2,lonestar,lonestar_dmr,"{""block_size"":256,""max_refine_iterations"":5,""min_angle"":30,""precision"":""float""}",num_triangles,450000,1.089221
2,2,lonestar,lonestar_dmr,"{""block_size"":256,""max_refine_iterations"":5,""min_angle"":30,""precision"":""float""}",num_triangles,500000,1.199335
2,2,lonestar,lonestar_sssp,"{""block_size"":256,""degree"":16,""iterations"":1}",vertices,1024,0.603877
2,2,lonestar,lonestar_sssp,"{""block_size"":256,""degree"":16,""iterations"":1}",vertices,1536,0.854382
2,2,lonestar,lonestar_sssp,"{""block_size"":256,""degree"":16,""iterations"":1}",vertices,2048,0.793734
2,2,lonestar,lonestar_sssp,"{""block_size"":256,""degree"":16,""iterations"":1}",vertices,3072,0.801967
2,2,lonestar,lonestar_sssp,"{""block_size"":256,""degree"":16,""iterations"":1}",vertices,4096,0.837886
2,2,lonestar,lonestar_sssp,"{""block_size"":256,""degree"":16,""iterations"":1}",vertices,6144,0.942460
2,2,lonestar,lonestar_sssp,"{""block_size"":256,""degree"":16,""iterations"":1}",vertices,8192,0.954313
2,2,lonestar,lonestar_sssp,"{""block_size"":256,""degree"":16,""iterations"":1}",vertices,12288,1.053176
2,2,lonestar,lonestar_sssp,"{""block_size"":256,""degree"":16,""iterations"":1}",vertices,16384,1.121381
2,2,lonestar,lonestar_sssp,"{""block_size"":256,""degree"":16,""iterations"":1}",vertices,24576,1.367759
2,2,lonestar,lonestar_sssp,"{""block_size"":256,""degree"":16,""iterations"":1}",vertices,32768,1.216479
2,2,lonestar,lonestar_sssp,"{""block_size"":256,""degree"":16,""iterations"":1}",vertices,49152,1.341001
2,2,lonestar,lonestar_sssp,"{""block_size"":256,""degree"":16,""iterations"":1}",vertices,65536,1.873601
2,2,lonestar,lonestar_sssp,"{""block_size"":256,""degree"":16,""iterations"":1}",vertices,98304,3.033795
2,2,lonestar,lonestar_sssp,"{""block_size"":256,""degree"":16,""iterations"":1}",vertices,131072,4.054442
2,2,lonestar,lonestar_sssp,"{""block_size"":256,""degree"":16,""iterations"":1}",vertices,196608,6.627579
2,2,lonestar,lonestar_sssp,"{""block_size"":256,""degree"":16,""iterations"":1}",vertices,262144,7.434589
2,2,lonestar,lonestar_sssp,"{""block_size"":256,""degree"":16,""iterations"":1}",vertices,393216,12.536648
2,2,lonestar,lonestar_sssp,"{""block_size"":256,""degree"":16,""iterations"":1}",vertices,524288,14.271803
2,2,lonestar,lonestar_sssp,"{""block_size"":256,""degree"":16,""iterations"":1}",vertices,786432,21.233034
2,2,lonestar,lonestar_sssp,"{""block_size"":256,""degree"":16,""iterations"":1}",vertices,1048576,24.500455
2,2,lonestar,lonestar_sssp,"{""block_size"":256,""degree"":16,""iterations"":1}",vertices,1572864,37.787202
2,2,lonestar,lonestar_sssp,"{""block_size"":256,""degree"":16,""iterations"":1}",vertices,2097152,44.771747
2,2,lonestar,lonestar_sssp,"{""block_size"":256,""degree"":16,""iterations"":1}",vertices,3145728,80.659935
2,2,lonestar,lonestar_sssp,"{""block_size"":256,""degree"":16,""iterations"":1}",vertices,4194304,97.643590
2,2,lonestar,lonestar_sssp,"{""block_size"":256,""degree"":16,""iterations"":1}",vertices,6291456,142.355754
2,2,lonestar,lonestar_sssp,"{""block_size"":256,""degree"":16,""iterations"":1}",vertices,8388608,193.201584
2,2,lonestar,lonestar_sssp,"{""block_size"":256,""degree"":4,""iterations"":1}",vertices,1024,0.575666
2,2,lonestar,lonestar_sssp,"{""block_size"":256,""degree"":4,""iterations"":1}",vertices,1536,0.630604
2,2,lonestar,lonestar_sssp,"{""block_size"":256,""degree"":4,""iterations"":1}",vertices,2048,0.658866
2,2,lonestar,lonestar_sssp,"{""block_size"":256,""degree"":4,""iterations"":1}",vertices,3072,0.863416
2,2,lonestar,lonestar_sssp,"{""block_size"":256,""degree"":4,""iterations"":1}",vertices,4096,0.807675
2,2,lonestar,lonestar_sssp,"{""block_size"":256,""degree"":4,""iterations"":1}",vertices,6144,0.856436
2,2,lonestar,lonestar_sssp,"{""block_size"":256,""degree"":4,""iterations"":1}",vertices,8192,0.898340
2,2,lonestar,lonestar_sssp,"{""block_size"":256,""degree"":4,""iterations"":1}",vertices,12288,1.003036
2,2,lonestar,lonestar_sssp,"{""block_size"":256,""degree"":4,""iterations"":1}",vertices,16384,1.093668
2,2,lonestar,lonestar_sssp,"{""block_size"":256,""degree"":4,""iterations"":1}",vertices,24576,0.964120
2,2,lonestar,lonestar_sssp,"{""block_size"":256,""degree"":4,""iterations"":1}",vertices,32768,1.096285
2,2,lonestar,lonestar_sssp,"{""block_size"":256,""degree"":4,""iterations"":1}",vertices,49152,1.036079
2,2,lonestar,lonestar_sssp,"{""block_size"":256,""degree"":4,""iterations"":1}",vertices,65536,1.321983
2,2,lonestar,lonestar_sssp,"{""block_size"":256,""degree"":4,""iterations"":1}",vertices,98304,1.664843
2,2,lonestar,lonestar_sssp,"{""block_size"":256,""degree"":4,""iterations"":1}",vertices,131072,1.977998
2,2,lonestar,lonestar_sssp,"{""block_size"":256,""degree"":4,""iterations"":1}",vertices,196608,2.694743
2,2,lonestar,lonestar_sssp,"{""block_size"":256,""degree"":4,""iterations"":1}",vertices,262144,3.799890
2,2,lonestar,lonestar_sssp,"{""block_size"":256,""degree"":4,""iterations"":1}",vertices,393216,5.427570
2,2,lonestar,lonestar_sssp,"{""block_size"":256,""degree"":4,""iterations"":1}",vertices,524288,6.600849
2,2,lonestar,lonestar_sssp,"{""block_size"":256,""degree"":4,""iterations"":1}",vertices,786432,7.412020
2,2,lonestar,lonestar_sssp,"{""block_size"":256,""degree"":4,""iterations"":1}",vertices,1048576,10.316906
2,2,lonestar,lonestar_sssp,"{""block_size"":256,""degree"":4,""iterations"":1}",vertices,1572864,12.662532
2,2,lonestar,lonestar_sssp,"{""block_size"":256,""degree"":4,""iterations"":1}",vertices,2097152,20.796478
2,2,lonestar,lonestar_sssp,"{""block_size"":256,""degree"":4,""iterations"":1}",vertices,3145728,27.065026
2,2,lonestar,lonestar_sssp,"{""block_size"":256,""degree"":4,""iterations"":1}",vertices,4194304,29.893292
2,2,lonestar,lonestar_sssp,"{""block_size"":256,""degree"":4,""iterations"":1}",vertices,6291456,50.475380
2,2,lonestar,lonestar_sssp,"{""block_size"":256,""degree"":4,""iterations"":1}",vertices,8388608,71.517947
2,2,lonestar,lonestar_sssp,"{""block_size"":256,""degree"":64,""iterations"":1}",vertices,1024,1.138035
2,2,lonestar,lonestar_sssp,"{""block_size"":256,""degree"":64,""iterations"":1}",vertices,1536,1.109529
2,2,lonestar,lonestar_sssp,"{""block_size"":256,""degree"":64,""iterations"":1}",vertices,2048,1.429375
2,2,lonestar,lonestar_sssp,"{""block_size"":256,""degree"":64,""iterations"":1}",vertices,3072,1.283793
2,2,lonestar,lonestar_sssp,"{""block_size"":256,""degree"":64,""iterations"":1}",vertices,4096,1.554995
2,2,lonestar,lonestar_sssp,"{""block_size"":256,""degree"":64,""iterations"":1}",vertices,6144,1.772938
2,2,lonestar,lonestar_sssp,"{""block_size"":256,""degree"":64,""iterations"":1}",vertices,8192,1.652537
2,2,lonestar,lonestar_sssp,"{""block_size"":256,""degree"":64,""iterations"":1}",vertices,12288,1.939927
2,2,lonestar,lonestar_sssp,"{""block_size"":256,""degree"":64,""iterations"":1}",vertices,16384,2.082779
2,2,lonestar,lonestar_sssp,"{""block_size"":256,""degree"":64,""iterations"":1}",vertices,24576,2.122573
2,2,lonestar,lonestar_sssp,"{""block_size"":256,""degree"":64,""iterations"":1}",vertices,32768,2.162070
2,2,lonestar,lonestar_sssp,"{""block_size"":256,""degree"":64,""iterations"":1}",vertices,49152,2.789544
2,2,lonestar,lonestar_sssp,"{""block_size"":256,""degree"":64,""iterations"":1}",vertices,65536,4.126578
2,2,lonestar,lonestar_sssp,"{""block_size"":256,""degree"":64,""iterations"":1}",vertices,98304,6.926907
2,2,lonestar,lonestar_sssp,"{""block_size"":256,""degree"":64,""iterations"":1}",vertices,131072,9.505423
2,2,lonestar,lonestar_sssp,"{""block_size"":256,""degree"":64,""iterations"":1}",vertices,196608,15.022710
2,2,lonestar,lonestar_sssp,"{""block_size"":256,""degree"":64,""iterations"":1}",vertices,262144,22.813594
2,2,lonestar,lonestar_sssp,"{""block_size"":256,""degree"":64,""iterations"":1}",vertices,393216,43.675757
2,2,lonestar,lonestar_sssp,"{""block_size"":256,""degree"":64,""iterations"":1}",vertices,524288,47.645047
2,2,lonestar,lonestar_sssp,"{""block_size"":256,""degree"":64,""iterations"":1}",vertices,786432,70.487083
2,2,lonestar,lonestar_sssp,"{""block_size"":256,""degree"":64,""iterations"":1}",vertices,1048576,91.993624
2,2,lonestar,lonestar_sssp,"{""block_size"":256,""degree"":64,""iterations"":1}",vertices,1572864,131.290771
2,2,lonestar,lonestar_sssp,"{""block_size"":256,""degree"":64,""iterations"":1}",vertices,2097152,162.092331
2,2,lonestar,lonestar_sssp,"{""block_size"":256,""degree"":64,""iterations"":1}",vertices,3145728,262.684113
2,2,lonestar,lonestar_sssp,"{""block_size"":256,""degree"":64,""iterations"":1}",vertices,4194304,317.108022
2,2,lonestar,lonestar_sssp,"{""block_size"":256,""degree"":64,""iterations"":1}",vertices,6291456,499.426564
2,2,lonestar,lonestar_sssp,"{""block_size"":256,""degree"":64,""iterations"":1}",vertices,8388608,674.504069
1,1,microbench,atomic_operations,"{""atomic_op"":""atomicAdd"",""num_blocks"":2048,""threads_per_block"":256}",ops_per_thread,4,0.384421
1,1,microbench,atomic_operations,"{""atomic_op"":""atomicAdd"",""num_blocks"":2048,""threads_per_block"":256}",ops_per_thread,6,0.522361
1,1,microbench,atomic_operations,"{""atomic_op"":""atomicAdd"",""num_blocks"":2048,""threads_per_block"":256}",ops_per_thread,8,0.624367
1,1,microbench,atomic_operations,"{""atomic_op"":""atomicAdd"",""num_blocks"":2048,""threads_per_block"":256}",ops_per_thread,12,0.933760
1,1,microbench,atomic_operations,"{""atomic_op"":""atomicAdd"",""num_blocks"":2048,""threads_per_block"":256}",ops_per_thread,16,1.243987
1,1,microbench,atomic_operations,"{""atomic_op"":""atomicAdd"",""num_blocks"":2048,""threads_per_block"":256}",ops_per_thread,24,1.864225
1,1,microbench,atomic_operations,"{""atomic_op"":""atomicAdd"",""num_blocks"":2048,""threads_per_block"":256}",ops_per_thread,32,2.484584
1,1,microbench,atomic_operations,"{""atomic_op"":""atomicAdd"",""num_blocks"":2048,""threads_per_block"":256}",ops_per_thread,48,3.725420
1,1,microbench,atomic_operations,"{""atomic_op"":""atomicAdd"",""num_blocks"":2048,""threads_per_block"":256}",ops_per_thread,64,4.966727
1,1,microbench,atomic_operations,"{""atomic_op"":""atomicAdd"",""num_blocks"":2048,""threads_per_block"":256}",ops_per_thread,96,7.447514
1,1,microbench,atomic_operations,"{""atomic_op"":""atomicAdd"",""num_blocks"":2048,""threads_per_block"":256}",ops_per_thread,128,9.931253
1,1,microbench,atomic_operations,"{""atomic_op"":""atomicAdd"",""num_blocks"":2048,""threads_per_block"":256}",ops_per_thread,192,14.892972
1,1,microbench,atomic_operations,"{""atomic_op"":""atomicAdd"",""num_blocks"":2048,""threads_per_block"":256}",ops_per_thread,256,19.856592
1,1,microbench,atomic_operations,"{""atomic_op"":""atomicAdd"",""num_blocks"":2048,""threads_per_block"":256}",ops_per_thread,384,29.782543
1,1,microbench,atomic_operations,"{""atomic_op"":""atomicAdd"",""num_blocks"":2048,""threads_per_block"":256}",ops_per_thread,512,39.708158
1,1,microbench,atomic_operations,"{""atomic_op"":""atomicAdd"",""num_blocks"":2048,""threads_per_block"":256}",ops_per_thread,768,59.562094
1,1,microbench,atomic_operations,"{""atomic_op"":""atomicAdd"",""num_blocks"":2048,""threads_per_block"":256}",ops_per_thread,1024,79.413623
1,1,microbench,atomic_operations,"{""atomic_op"":""atomicAdd"",""num_blocks"":2048,""threads_per_block"":256}",ops_per_thread,1536,119.113149
1,1,microbench,atomic_operations,"{""atomic_op"":""atomicAdd"",""num_blocks"":2048,""threads_per_block"":256}",ops_per_thread,2048,158.816396
1,1,microbench,atomic_operations,"{""atomic_op"":""atomicCAS"",""num_blocks"":2048,""threads_per_block"":256}",ops_per_thread,4,21.110554
1,1,microbench,atomic_operations,"{""atomic_op"":""atomicCAS"",""num_blocks"":2048,""threads_per_block"":256}",ops_per_thread,6,31.869904
1,1,microbench,atomic_operations,"{""atomic_op"":""atomicCAS"",""num_blocks"":2048,""threads_per_block"":256}",ops_per_thread,8,42.405071
1,1,microbench,atomic_operations,"{""atomic_op"":""atomicCAS"",""num_blocks"":2048,""threads_per_block"":256}",ops_per_thread,12,63.969891
1,1,microbench,atomic_operations,"{""atomic_op"":""atomicCAS"",""num_blocks"":2048,""threads_per_block"":256}",ops_per_thread,16,85.094131
1,1,microbench,atomic_operations,"{""atomic_op"":""atomicCAS"",""num_blocks"":2048,""threads_per_block"":256}",ops_per_thread,24,127.789327
1,1,microbench,atomic_operations,"{""atomic_op"":""atomicCAS"",""num_blocks"":2048,""threads_per_block"":256}",ops_per_thread,32,169.778946
1,1,microbench,atomic_operations,"{""atomic_op"":""atomicCAS"",""num_blocks"":2048,""threads_per_block"":256}",ops_per_thread,48,254.784098
1,1,microbench,atomic_operations,"{""atomic_op"":""atomicCAS"",""num_blocks"":2048,""threads_per_block"":256}",ops_per_thread,64,343.773926
1,1,microbench,atomic_operations,"{""atomic_op"":""atomicCAS"",""num_blocks"":2048,""threads_per_block"":256}",ops_per_thread,96,510.878632
1,1,microbench,atomic_operations,"{""atomic_op"":""atomicCAS"",""num_blocks"":2048,""threads_per_block"":256}",ops_per_thread,128,681.932841
1,1,microbench,atomic_operations,"{""atomic_op"":""atomicCAS"",""num_blocks"":2048,""threads_per_block"":256}",ops_per_thread,192,1020.991496
1,1,microbench,atomic_operations,"{""atomic_op"":""atomicCAS"",""num_blocks"":2048,""threads_per_block"":256}",ops_per_thread,256,1360.443685
1,1,microbench,atomic_operations,"{""atomic_op"":""atomicCAS"",""num_blocks"":2048,""threads_per_block"":256}",ops_per_thread,384,2039.996216
1,1,microbench,atomic_operations,"{""atomic_op"":""atomicCAS"",""num_blocks"":2048,""threads_per_block"":256}",ops_per_thread,512,2720.029134
1,1,microbench,atomic_operations,"{""atomic_op"":""atomicCAS"",""num_blocks"":2048,""threads_per_block"":256}",ops_per_thread,768,4086.684977
1,1,microbench,atomic_operations,"{""atomic_op"":""atomicCAS"",""num_blocks"":2048,""threads_per_block"":256}",ops_per_thread,1024,5437.339355
1,1,microbench,atomic_operations,"{""atomic_op"":""atomicCAS"",""num_blocks"":2048,""threads_per_block"":256}",ops_per_thread,1536,8184.307129
1,1,microbench,atomic_operations,"{""atomic_op"":""atomicMin"",""num_blocks"":2048,""threads_per_block"":256}",ops_per_thread,4,0.431676
1,1,microbench,atomic_operations,"{""atomic_op"":""atomicMin"",""num_blocks"":2048,""threads_per_block"":256}",ops_per_thread,6,0.510401
1,1,microbench,atomic_operations,"{""atomic_op"":""atomicMin"",""num_blocks"":2048,""threads_per_block"":256}",ops_per_thread,8,0.626397
1,1,microbench,atomic_operations,"{""atomic_op"":""atomicMin"",""num_blocks"":2048,""threads_per_block"":256}",ops_per_thread,12,0.935807
1,1,microbench,atomic_operations,"{""atomic_op"":""atomicMin"",""num_blocks"":2048,""threads_per_block"":256}",ops_per_thread,16,1.246102
1,1,microbench,atomic_operations,"{""atomic_op"":""atomicMin"",""num_blocks"":2048,""threads_per_block"":256}",ops_per_thread,24,1.866497
1,1,microbench,atomic_operations,"{""atomic_op"":""atomicMin"",""num_blocks"":2048,""threads_per_block"":256}",ops_per_thread,32,2.486661
1,1,microbench,atomic_operations,"{""atomic_op"":""atomicMin"",""num_blocks"":2048,""threads_per_block"":256}",ops_per_thread,48,3.727512
1,1,microbench,atomic_operations,"{""atomic_op"":""atomicMin"",""num_blocks"":2048,""threads_per_block"":256}",ops_per_thread,64,4.968089
1,1,microbench,atomic_operations,"{""atomic_op"":""atomicMin"",""num_blocks"":2048,""threads_per_block"":256}",ops_per_thread,96,7.449816
1,1,microbench,atomic_operations,"{""atomic_op"":""atomicMin"",""num_blocks"":2048,""threads_per_block"":256}",ops_per_thread,128,9.931219
1,1,microbench,atomic_operations,"{""atomic_op"":""atomicMin"",""num_blocks"":2048,""threads_per_block"":256}",ops_per_thread,192,14.896636
1,1,microbench,atomic_operations,"{""atomic_op"":""atomicMin"",""num_blocks"":2048,""threads_per_block"":256}",ops_per_thread,256,19.857726
1,1,microbench,atomic_operations,"{""atomic_op"":""atomicMin"",""num_blocks"":2048,""threads_per_block"":256}",ops_per_thread,384,29.783204
1,1,microbench,atomic_operations,"{""atomic_op"":""atomicMin"",""num_blocks"":2048,""threads_per_block"":256}",ops_per_thread,512,39.711958
1,1,microbench,atomic_operations,"{""atomic_op"":""atomicMin"",""num_blocks"":2048,""threads_per_block"":256}",ops_per_thread,768,59.561442
1,1,microbench,atomic_operations,"{""atomic_op"":""atomicMin"",""num_blocks"":2048,""threads_per_block"":256}",ops_per_thread,1024,79.413826
1,1,microbench,atomic_operations,"{""atomic_op"":""atomicMin"",""num_blocks"":2048,""threads_per_block"":256}",ops_per_thread,1536,119.116236
1,1,microbench,cache_bandwidth,"{""mode"":""private""}",working_set_bytes,1024,3.661902
1,1,microbench,cache_bandwidth,"{""mode"":""private""}",working_set_bytes,2048,1.838714
1,1,microbench,cache_bandwidth,"{""mode"":""private""}",working_set_bytes,4096,0.927116
1,1,microbench,cache_bandwidth,"{""mode"":""private""}",working_set_bytes,8192,0.489418
1,1,microbench,cache_bandwidth,"{""mode"":""private""}",working_set_bytes,16384,0.262850
1,1,microbench,cache_bandwidth,"{""mode"":""private""}",working_set_bytes,32768,0.226007
1,1,microbench,cache_bandwidth,"{""mode"":""private""}",working_set_bytes,65536,0.360523
1,1,microbench,cache_bandwidth,"{""mode"":""private""}",working_set_bytes,131072,0.804279
1,1,microbench,cache_bandwidth,"{""mode"":""private""}",working_set_bytes,262144,1.687775
1,1,microbench,cache_bandwidth,"{""mode"":""private""}",working_set_bytes,524288,1.675921
1,1,microbench,cache_bandwidth,"{""mode"":""private""}",working_set_bytes,1048576,1.556294
1,1,microbench,cache_bandwidth,"{""mode"":""private""}",working_set_bytes,2097152,1.915361
1,1,microbench,cache_bandwidth,"{""mode"":""private""}",working_set_bytes,4194304,1.821575
1,1,microbench,cache_bandwidth,"{""mode"":""private""}",working_set_bytes,8388608,1.840549
1,1,microbench,cache_bandwidth,"{""mode"":""private""}",working_set_bytes,16777216,3.039594
1,1,microbench,cache_bandwidth,"{""mode"":""private""}",working_set_bytes,33554432,3.518240
1,1,microbench,cache_bandwidth,"{""mode"":""private""}",working_set_bytes,67108864,5.801236
1,1,microbench,cache_bandwidth,"{""mode"":""private""}",working_set_bytes,134217728,10.891995
1,1,microbench,cache_bandwidth,"{""mode"":""private""}",working_set_bytes,268435456,21.303672
1,1,microbench,cache_bandwidth,"{""mode"":""private""}",working_set_bytes,536870912,43.081129
1,1,microbench,cache_bandwidth,"{""mode"":""private""}",working_set_bytes,1073741824,77.302434
1,1,microbench,cache_bandwidth,"{""mode"":""shared""}",working_set_bytes,1024,0.618015
1,1,microbench,cache_bandwidth,"{""mode"":""shared""}",working_set_bytes,2048,0.335681
1,1,microbench,cache_bandwidth,"{""mode"":""shared""}",working_set_bytes,4096,0.259483
1,1,microbench,cache_bandwidth,"{""mode"":""shared""}",working_set_bytes,8192,0.285127
1,1,microbench,cache_bandwidth,"{""mode"":""shared""}",working_set_bytes,16384,0.234398
1,1,microbench,cache_bandwidth,"{""mode"":""shared""}",working_set_bytes,32768,0.230176
1,1,microbench,cache_bandwidth,"{""mode"":""shared""}",working_set_bytes,65536,0.229881
1,1,microbench,cache_bandwidth,"{""mode"":""shared""}",working_set_bytes,131072,0.230469
1,1,microbench,cache_bandwidth,"{""mode"":""shared""}",working_set_bytes,262144,0.236884
1,1,microbench,cache_bandwidth,"{""mode"":""shared""}",working_set_bytes,524288,0.226193
1,1,microbench,cache_bandwidth,"{""mode"":""shared""}",working_set_bytes,1048576,0.222238
1,1,microbench,cache_bandwidth,"{""mode"":""shared""}",working_set_bytes,2097152,0.490393
1,1,microbench,cache_bandwidth,"{""mode"":""shared""}",working_set_bytes,4194304,0.861422
1,1,microbench,cache_bandwidth,"{""mode"":""shared""}",working_set_bytes,8388608,1.773049
1,1,microbench,cache_bandwidth,"{""mode"":""shared""}",working_set_bytes,16777216,3.482095
1,1,microbench,cache_bandwidth,"{""mode"":""shared""}",working_set_bytes,33554432,6.956370
1,1,microbench,cache_bandwidth,"{""mode"":""shared""}",working_set_bytes,67108864,13.953954
1,1,microbench,cache_bandwidth,"{""mode"":""shared""}",working_set_bytes,134217728,28.088590
1,1,microbench,cache_bandwidth,"{""mode"":""shared""}",working_set_bytes,268435456,56.230409
1,1,microbench,cache_bandwidth,"{""mode"":""shared""}",working_set_bytes,536870912,149.760823
1,1,microbench,cache_bandwidth,"{""mode"":""shared""}",working_set_bytes,1073741824,299.367543
1,1,microbench,cache_latency,"{""cacheline_bytes"":64,""measure_laps"":4,""rng_seed"":42}",array_bytes,4096,4.252205
1,1,microbench,cache_latency,"{""cacheline_bytes"":64,""measure_laps"":4,""rng_seed"":42}",array_bytes,8192,4.257787
1,1,microbench,cache_latency,"{""cacheline_bytes"":64,""measure_laps"":4,""rng_seed"":42}",array_bytes,16384,4.262149
1,1,microbench,cache_latency,"{""cacheline_bytes"":64,""measure_laps"":4,""rng_seed"":42}",array_bytes,32768,10.915204
1,1,microbench,cache_latency,"{""cacheline_bytes"":64,""measure_laps"":4,""rng_seed"":42}",array_bytes,49152,11.311056
1,1,microbench,cache_latency,"{""cacheline_bytes"":64,""measure_laps"":4,""rng_seed"":42}",array_bytes,65536,11.290122
1,1,microbench,cache_latency,"{""cacheline_bytes"":64,""measure_laps"":4,""rng_seed"":42}",array_bytes,131072,10.933500
1,1,microbench,cache_latency,"{""cacheline_bytes"":64,""measure_laps"":4,""rng_seed"":42}",array_bytes,262144,11.310029
1,1,microbench,cache_latency,"{""cacheline_bytes"":64,""measure_laps"":4,""rng_seed"":42}",array_bytes,524288,11.331776
1,1,microbench,cache_latency,"{""cacheline_bytes"":64,""measure_laps"":4,""rng_seed"":42}",array_bytes,1048576,10.894747
1,1,microbench,cache_latency,"{""cacheline_bytes"":64,""measure_laps"":4,""rng_seed"":42}",array_bytes,2097152,11.330874
1,1,microbench,cache_latency,"{""cacheline_bytes"":64,""measure_laps"":4,""rng_seed"":42}",array_bytes,3145728,16.990629
1,1,microbench,cache_latency,"{""cacheline_bytes"":64,""measure_laps"":4,""rng_seed"":42}",array_bytes,4194304,21.761363
1,1,microbench,cache_latency,"{""cacheline_bytes"":64,""measure_laps"":4,""rng_seed"":42}",array_bytes,6291456,78.314011
1,1,microbench,cache_latency,"{""cacheline_bytes"":64,""measure_laps"":4,""rng_seed"":42}",array_bytes,8388608,104.474091
1,1,microbench,cache_latency,"{""cacheline_bytes"":64,""measure_laps"":4,""rng_seed"":42}",array_bytes,16777216,205.612885
1,1,microbench,cache_latency,"{""cacheline_bytes"":64,""measure_laps"":4,""rng_seed"":42}",array_bytes,33554432,417.904277
1,1,microbench,cache_latency,"{""cacheline_bytes"":64,""measure_laps"":4,""rng_seed"":42}",array_bytes,67108864,836.011129
1,1,microbench,cache_latency,"{""cacheline_bytes"":64,""measure_laps"":4,""rng_seed"":42}",array_bytes,134217728,1844.972005
1,1,microbench,cache_latency,"{""cacheline_bytes"":64,""measure_laps"":4,""rng_seed"":42}",array_bytes,201326592,2962.085612
1,1,microbench,cache_latency,"{""cacheline_bytes"":64,""measure_laps"":4,""rng_seed"":42}",array_bytes,268435456,3847.641520
1,1,microbench,cache_latency,"{""cacheline_bytes"":64,""measure_laps"":4,""rng_seed"":42}",array_bytes,402653184,5269.884440
1,1,microbench,cache_latency,"{""cacheline_bytes"":64,""measure_laps"":4,""rng_seed"":42}",array_bytes,536870912,5455.859049
1,1,microbench,cache_latency,"{""cacheline_bytes"":64,""measure_laps"":4,""rng_seed"":42}",array_bytes,1073741824,5523.750488
1,1,microbench,cache_latency,"{""cacheline_bytes"":64,""measure_laps"":4,""rng_seed"":42}",array_bytes,2147483648,5401.753581
1,1,microbench,cache_latency,"{""cacheline_bytes"":64,""measure_laps"":4,""rng_seed"":42}",array_bytes,4294967296,5571.581868
1,1,microbench,empty_kernel,"{""block_size"":1024}",num_blocks,1,49.357957
1,1,microbench,empty_kernel,"{""block_size"":1024}",num_blocks,8,48.795148
1,1,microbench,empty_kernel,"{""block_size"":1024}",num_blocks,64,47.272714
1,1,microbench,empty_kernel,"{""block_size"":1024}",num_blocks,512,47.067055
1,1,microbench,empty_kernel,"{""block_size"":1024}",num_blocks,4096,49.658331
1,1,microbench,empty_kernel,"{""block_size"":1024}",num_blocks,32768,49.298340
1,1,microbench,empty_kernel,"{""block_size"":1024}",num_blocks,100000,49.721866
1,1,microbench,empty_kernel,"{""block_size"":1024}",num_blocks,262144,49.652720
1,1,microbench,empty_kernel,"{""block_size"":1024}",num_blocks,500000,49.720352
1,1,microbench,empty_kernel,"{""block_size"":1024}",num_blocks,1000000,49.811886
1,1,microbench,empty_kernel,"{""block_size"":1024}",num_blocks,2097152,48.810945
1,1,microbench,empty_kernel,"{""block_size"":256}",num_blocks,1,44.354341
1,1,microbench,empty_kernel,"{""block_size"":256}",num_blocks,8,48.571609
1,1,microbench,empty_kernel,"{""block_size"":256}",num_blocks,64,48.697128
1,1,microbench,empty_kernel,"{""block_size"":256}",num_blocks,512,49.393264
1,1,microbench,empty_kernel,"{""block_size"":256}",num_blocks,4096,45.772908
1,1,microbench,empty_kernel,"{""block_size"":256}",num_blocks,32768,49.913434
1,1,microbench,empty_kernel,"{""block_size"":256}",num_blocks,100000,49.274827
1,1,microbench,empty_kernel,"{""block_size"":256}",num_blocks,262144,49.700251
1,1,microbench,empty_kernel,"{""block_size"":256}",num_blocks,500000,49.693830
1,1,microbench,empty_kernel,"{""block_size"":256}",num_blocks,1000000,49.656320
1,1,microbench,empty_kernel,"{""block_size"":256}",num_blocks,2097152,49.575523
1,1,microbench,empty_kernel,"{""block_size"":32}",num_blocks,1,46.819076
1,1,microbench,empty_kernel,"{""block_size"":32}",num_blocks,8,47.376384
1,1,microbench,empty_kernel,"{""block_size"":32}",num_blocks,64,49.577465
1,1,microbench,empty_kernel,"{""block_size"":32}",num_blocks,512,49.000331
1,1,microbench,empty_kernel,"{""block_size"":32}",num_blocks,4096,49.093439
1,1,microbench,empty_kernel,"{""block_size"":32}",num_blocks,32768,49.689782
1,1,microbench,empty_kernel,"{""block_size"":32}",num_blocks,100000,49.808000
1,1,microbench,empty_kernel,"{""block_size"":32}",num_blocks,262144,49.660327
1,1,microbench,empty_kernel,"{""block_size"":32}",num_blocks,500000,49.710971
1,1,microbench,empty_kernel,"{""block_size"":32}",num_blocks,1000000,49.647749
1,1,microbench,empty_kernel,"{""block_size"":32}",num_blocks,2097152,49.556788
1,1,microbench,empty_kernel,"{""block_size"":64}",num_blocks,1,49.513355
1,1,microbench,empty_kernel,"{""block_size"":64}",num_blocks,8,49.385134
1,1,microbench,empty_kernel,"{""block_size"":64}",num_blocks,64,46.022613
1,1,microbench,empty_kernel,"{""block_size"":64}",num_blocks,512,48.138430
1,1,microbench,empty_kernel,"{""block_size"":64}",num_blocks,4096,49.218629
1,1,microbench,empty_kernel,"{""block_size"":64}",num_blocks,32768,48.517046
1,1,microbench,empty_kernel,"{""block_size"":64}",num_blocks,100000,48.235917
1,1,microbench,empty_kernel,"{""block_size"":64}",num_blocks,262144,49.785354
1,1,microbench,empty_kernel,"{""block_size"":64}",num_blocks,500000,49.769859
1,1,microbench,empty_kernel,"{""block_size"":64}",num_blocks,1000000,49.655276
1,1,microbench,empty_kernel,"{""block_size"":64}",num_blocks,2097152,49.551349
1,1,microbench,fp16_throughput,"{""num_blocks"":1,""threads_per_block"":1024}",fmas_per_thread,256,0.005786
1,1,microbench,fp16_throughput,"{""num_blocks"":1,""threads_per_block"":1024}",fmas_per_thread,512,0.008366
1,1,microbench,fp16_throughput,"{""num_blocks"":1,""threads_per_block"":1024}",fmas_per_thread,1024,0.013377
1,1,microbench,fp16_throughput,"{""num_blocks"":1,""threads_per_block"":1024}",fmas_per_thread,2048,0.023641
1,1,microbench,fp16_throughput,"{""num_blocks"":1,""threads_per_block"":1024}",fmas_per_thread,4096,0.043699
1,1,microbench,fp16_throughput,"{""num_blocks"":1,""threads_per_block"":1024}",fmas_per_thread,8192,0.084554
1,1,microbench,fp16_throughput,"{""num_blocks"":1,""threads_per_block"":1024}",fmas_per_thread,16384,0.164748
1,1,microbench,fp16_throughput,"{""num_blocks"":1,""threads_per_block"":1024}",fmas_per_thread,32768,0.325995
1,1,microbench,fp16_throughput,"{""num_blocks"":1,""threads_per_block"":1024}",fmas_per_thread,65536,0.648849
1,1,microbench,fp16_throughput,"{""num_blocks"":1,""threads_per_block"":1024}",fmas_per_thread,131072,1.294730
1,1,microbench,fp16_throughput,"{""num_blocks"":1,""threads_per_block"":1024}",fmas_per_thread,262144,2.584501
1,1,microbench,fp16_throughput,"{""num_blocks"":1,""threads_per_block"":1024}",fmas_per_thread,524288,5.167304
1,1,microbench,fp16_throughput,"{""num_blocks"":1,""threads_per_block"":1024}",fmas_per_thread,1048576,10.329209
1,1,microbench,fp16_throughput,"{""num_blocks"":1,""threads_per_block"":1}",fmas_per_thread,256,0.009408
1,1,microbench,fp16_throughput,"{""num_blocks"":1,""threads_per_block"":1}",fmas_per_thread,512,0.007203
1,1,microbench,fp16_throughput,"{""num_blocks"":1,""threads_per_block"":1}",fmas_per_thread,1024,0.010530
1,1,microbench,fp16_throughput,"{""num_blocks"":1,""threads_per_block"":1}",fmas_per_thread,2048,0.017146
1,1,microbench,fp16_throughput,"{""num_blocks"":1,""threads_per_block"":1}",fmas_per_thread,4096,0.030991
1,1,microbench,fp16_throughput,"{""num_blocks"":1,""threads_per_block"":1}",fmas_per_thread,8192,0.058198
1,1,microbench,fp16_throughput,"{""num_blocks"":1,""threads_per_block"":1}",fmas_per_thread,16384,0.113540
1,1,microbench,fp16_throughput,"{""num_blocks"":1,""threads_per_block"":1}",fmas_per_thread,32768,0.222025
1,1,microbench,fp16_throughput,"{""num_blocks"":1,""threads_per_block"":1}",fmas_per_thread,65536,0.440429
1,1,microbench,fp16_throughput,"{""num_blocks"":1,""threads_per_block"":1}",fmas_per_thread,131072,0.877033
1,1,microbench,fp16_throughput,"{""num_blocks"":1,""threads_per_block"":1}",fmas_per_thread,262144,1.751159
1,1,microbench,fp16_throughput,"{""num_blocks"":1,""threads_per_block"":1}",fmas_per_thread,524288,3.499434
1,1,microbench,fp16_throughput,"{""num_blocks"":1,""threads_per_block"":1}",fmas_per_thread,1048576,6.994619
1,1,microbench,fp16_throughput,"{""num_blocks"":1,""threads_per_block"":256}",fmas_per_thread,256,0.005666
1,1,microbench,fp16_throughput,"{""num_blocks"":1,""threads_per_block"":256}",fmas_per_thread,512,0.007070
1,1,microbench,fp16_throughput,"{""num_blocks"":1,""threads_per_block"":256}",fmas_per_thread,1024,0.010170
1,1,microbench,fp16_throughput,"{""num_blocks"":1,""threads_per_block"":256}",fmas_per_thread,2048,0.017146
1,1,microbench,fp16_throughput,"{""num_blocks"":1,""threads_per_block"":256}",fmas_per_thread,4096,0.031552
1,1,microbench,fp16_throughput,"{""num_blocks"":1,""threads_per_block"":256}",fmas_per_thread,8192,0.058226
1,1,microbench,fp16_throughput,"{""num_blocks"":1,""threads_per_block"":256}",fmas_per_thread,16384,0.112870
1,1,microbench,fp16_throughput,"{""num_blocks"":1,""threads_per_block"":256}",fmas_per_thread,32768,0.223387
1,1,microbench,fp16_throughput,"{""num_blocks"":1,""threads_per_block"":256}",fmas_per_thread,65536,0.440562
1,1,microbench,fp16_throughput,"{""num_blocks"":1,""threads_per_block"":256}",fmas_per_thread,131072,0.877504
1,1,microbench,fp16_throughput,"{""num_blocks"":1,""threads_per_block"":256}",fmas_per_thread,262144,1.752026
1,1,microbench,fp16_throughput,"{""num_blocks"":1,""threads_per_block"":256}",fmas_per_thread,524288,3.499091
1,1,microbench,fp16_throughput,"{""num_blocks"":1,""threads_per_block"":256}",fmas_per_thread,1048576,6.995547
1,1,microbench,fp16_throughput,"{""num_blocks"":1,""threads_per_block"":32}",fmas_per_thread,256,0.005586
1,1,microbench,fp16_throughput,"{""num_blocks"":1,""threads_per_block"":32}",fmas_per_thread,512,0.006775
1,1,microbench,fp16_throughput,"{""num_blocks"":1,""threads_per_block"":32}",fmas_per_thread,1024,0.010330
1,1,microbench,fp16_throughput,"{""num_blocks"":1,""threads_per_block"":32}",fmas_per_thread,2048,0.017146
1,1,microbench,fp16_throughput,"{""num_blocks"":1,""threads_per_block"":32}",fmas_per_thread,4096,0.031859
1,1,microbench,fp16_throughput,"{""num_blocks"":1,""threads_per_block"":32}",fmas_per_thread,8192,0.058333
1,1,microbench,fp16_throughput,"{""num_blocks"":1,""threads_per_block"":32}",fmas_per_thread,16384,0.112696
1,1,microbench,fp16_throughput,"{""num_blocks"":1,""threads_per_block"":32}",fmas_per_thread,32768,0.222707
1,1,microbench,fp16_throughput,"{""num_blocks"":1,""threads_per_block"":32}",fmas_per_thread,65536,0.440482
1,1,microbench,fp16_throughput,"{""num_blocks"":1,""threads_per_block"":32}",fmas_per_thread,131072,0.877021
1,1,microbench,fp16_throughput,"{""num_blocks"":1,""threads_per_block"":32}",fmas_per_thread,262144,1.753346
1,1,microbench,fp16_throughput,"{""num_blocks"":1,""threads_per_block"":32}",fmas_per_thread,524288,3.502178
1,1,microbench,fp16_throughput,"{""num_blocks"":1,""threads_per_block"":32}",fmas_per_thread,1048576,6.993450
1,1,microbench,fp16_throughput,"{""num_blocks"":1,""threads_per_block"":64}",fmas_per_thread,256,0.005613
1,1,microbench,fp16_throughput,"{""num_blocks"":1,""threads_per_block"":64}",fmas_per_thread,512,0.010557
1,1,microbench,fp16_throughput,"{""num_blocks"":1,""threads_per_block"":64}",fmas_per_thread,1024,0.010103
1,1,microbench,fp16_throughput,"{""num_blocks"":1,""threads_per_block"":64}",fmas_per_thread,2048,0.017146
1,1,microbench,fp16_throughput,"{""num_blocks"":1,""threads_per_block"":64}",fmas_per_thread,4096,0.030857
1,1,microbench,fp16_throughput,"{""num_blocks"":1,""threads_per_block"":64}",fmas_per_thread,8192,0.058252
1,1,microbench,fp16_throughput,"{""num_blocks"":1,""threads_per_block"":64}",fmas_per_thread,16384,0.113565
1,1,microbench,fp16_throughput,"{""num_blocks"":1,""threads_per_block"":64}",fmas_per_thread,32768,0.221838
1,1,microbench,fp16_throughput,"{""num_blocks"":1,""threads_per_block"":64}",fmas_per_thread,65536,0.440361
1,1,microbench,fp16_throughput,"{""num_blocks"":1,""threads_per_block"":64}",fmas_per_thread,131072,0.877628
1,1,microbench,fp16_throughput,"{""num_blocks"":1,""threads_per_block"":64}",fmas_per_thread,262144,1.751049
1,1,microbench,fp16_throughput,"{""num_blocks"":1,""threads_per_block"":64}",fmas_per_thread,524288,3.498018
1,1,microbench,fp16_throughput,"{""num_blocks"":1,""threads_per_block"":64}",fmas_per_thread,1048576,6.993418
1,1,microbench,fp32_throughput,"{""num_blocks"":1,""threads_per_block"":1024}",fmas_per_thread,256,0.005692
1,1,microbench,fp32_throughput,"{""num_blocks"":1,""threads_per_block"":1024}",fmas_per_thread,512,0.008152
1,1,microbench,fp32_throughput,"{""num_blocks"":1,""threads_per_block"":1024}",fmas_per_thread,1024,0.009074
1,1,microbench,fp32_throughput,"{""num_blocks"":1,""threads_per_block"":1024}",fmas_per_thread,2048,0.014928
1,1,microbench,fp32_throughput,"{""num_blocks"":1,""threads_per_block"":1024}",fmas_per_thread,4096,0.026995
1,1,microbench,fp32_throughput,"{""num_blocks"":1,""threads_per_block"":1024}",fmas_per_thread,8192,0.050368
1,1,microbench,fp32_throughput,"{""num_blocks"":1,""threads_per_block"":1024}",fmas_per_thread,16384,0.097368
1,1,microbench,fp32_throughput,"{""num_blocks"":1,""threads_per_block"":1024}",fmas_per_thread,32768,0.190981
1,1,microbench,fp32_throughput,"{""num_blocks"":1,""threads_per_block"":1024}",fmas_per_thread,65536,0.378849
1,1,microbench,fp32_throughput,"{""num_blocks"":1,""threads_per_block"":1024}",fmas_per_thread,131072,0.753527
1,1,microbench,fp32_throughput,"{""num_blocks"":1,""threads_per_block"":1024}",fmas_per_thread,262144,1.503125
1,1,microbench,fp32_throughput,"{""num_blocks"":1,""threads_per_block"":1024}",fmas_per_thread,524288,3.002543
1,1,microbench,fp32_throughput,"{""num_blocks"":1,""threads_per_block"":1024}",fmas_per_thread,1048576,6.004612
1,1,microbench,fp32_throughput,"{""num_blocks"":1,""threads_per_block"":1}",fmas_per_thread,256,0.005626
1,1,microbench,fp32_throughput,"{""num_blocks"":1,""threads_per_block"":1}",fmas_per_thread,512,0.005720
1,1,microbench,fp32_throughput,"{""num_blocks"":1,""threads_per_block"":1}",fmas_per_thread,1024,0.011025
1,1,microbench,fp32_throughput,"{""num_blocks"":1,""threads_per_block"":1}",fmas_per_thread,2048,0.012696
1,1,microbench,fp32_throughput,"{""num_blocks"":1,""threads_per_block"":1}",fmas_per_thread,4096,0.021009
1,1,microbench,fp32_throughput,"{""num_blocks"":1,""threads_per_block"":1}",fmas_per_thread,8192,0.038768
1,1,microbench,fp32_throughput,"{""num_blocks"":1,""threads_per_block"":1}",fmas_per_thread,16384,0.073901
1,1,microbench,fp32_throughput,"{""num_blocks"":1,""threads_per_block"":1}",fmas_per_thread,32768,0.143887
1,1,microbench,fp32_throughput,"{""num_blocks"":1,""threads_per_block"":1}",fmas_per_thread,65536,0.284380
1,1,microbench,fp32_throughput,"{""num_blocks"":1,""threads_per_block"":1}",fmas_per_thread,131072,0.565525
1,1,microbench,fp32_throughput,"{""num_blocks"":1,""threads_per_block"":1}",fmas_per_thread,262144,1.127229
1,1,microbench,fp32_throughput,"{""num_blocks"":1,""threads_per_block"":1}",fmas_per_thread,524288,2.250848
1,1,microbench,fp32_throughput,"{""num_blocks"":1,""threads_per_block"":1}",fmas_per_thread,1048576,4.496850
1,1,microbench,fp32_throughput,"{""num_blocks"":1,""threads_per_block"":256}",fmas_per_thread,256,0.005666
1,1,microbench,fp32_throughput,"{""num_blocks"":1,""threads_per_block"":256}",fmas_per_thread,512,0.005893
1,1,microbench,fp32_throughput,"{""num_blocks"":1,""threads_per_block"":256}",fmas_per_thread,1024,0.007818
1,1,microbench,fp32_throughput,"{""num_blocks"":1,""threads_per_block"":256}",fmas_per_thread,2048,0.012282
1,1,microbench,fp32_throughput,"{""num_blocks"":1,""threads_per_block"":256}",fmas_per_thread,4096,0.020954
1,1,microbench,fp32_throughput,"{""num_blocks"":1,""threads_per_block"":256}",fmas_per_thread,8192,0.038715
1,1,microbench,fp32_throughput,"{""num_blocks"":1,""threads_per_block"":256}",fmas_per_thread,16384,0.074008
1,1,microbench,fp32_throughput,"{""num_blocks"":1,""threads_per_block"":256}",fmas_per_thread,32768,0.144061
1,1,microbench,fp32_throughput,"{""num_blocks"":1,""threads_per_block"":256}",fmas_per_thread,65536,0.284420
1,1,microbench,fp32_throughput,"{""num_blocks"":1,""threads_per_block"":256}",fmas_per_thread,131072,0.565939
1,1,microbench,fp32_throughput,"{""num_blocks"":1,""threads_per_block"":256}",fmas_per_thread,262144,1.127537
1,1,microbench,fp32_throughput,"{""num_blocks"":1,""threads_per_block"":256}",fmas_per_thread,524288,2.251492
1,1,microbench,fp32_throughput,"{""num_blocks"":1,""threads_per_block"":256}",fmas_per_thread,1048576,4.500243
1,1,microbench,fp32_throughput,"{""num_blocks"":1,""threads_per_block"":32}",fmas_per_thread,256,0.005680
1,1,microbench,fp32_throughput,"{""num_blocks"":1,""threads_per_block"":32}",fmas_per_thread,512,0.008553
1,1,microbench,fp32_throughput,"{""num_blocks"":1,""threads_per_block"":32}",fmas_per_thread,1024,0.010838
1,1,microbench,fp32_throughput,"{""num_blocks"":1,""threads_per_block"":32}",fmas_per_thread,2048,0.012308
1,1,microbench,fp32_throughput,"{""num_blocks"":1,""threads_per_block"":32}",fmas_per_thread,4096,0.021155
1,1,microbench,fp32_throughput,"{""num_blocks"":1,""threads_per_block"":32}",fmas_per_thread,8192,0.038461
1,1,microbench,fp32_throughput,"{""num_blocks"":1,""threads_per_block"":32}",fmas_per_thread,16384,0.073808
1,1,microbench,fp32_throughput,"{""num_blocks"":1,""threads_per_block"":32}",fmas_per_thread,32768,0.143994
1,1,microbench,fp32_throughput,"{""num_blocks"":1,""threads_per_block"":32}",fmas_per_thread,65536,0.284447
1,1,microbench,fp32_throughput,"{""num_blocks"":1,""threads_per_block"":32}",fmas_per_thread,131072,0.565419
1,1,microbench,fp32_throughput,"{""num_blocks"":1,""threads_per_block"":32}",fmas_per_thread,262144,1.127521
1,1,microbench,fp32_throughput,"{""num_blocks"":1,""threads_per_block"":32}",fmas_per_thread,524288,2.251106
1,1,microbench,fp32_throughput,"{""num_blocks"":1,""threads_per_block"":32}",fmas_per_thread,1048576,4.496319
1,1,microbench,fp32_throughput,"{""num_blocks"":1,""threads_per_block"":64}",fmas_per_thread,256,0.006548
1,1,microbench,fp32_throughput,"{""num_blocks"":1,""threads_per_block"":64}",fmas_per_thread,512,0.005760
1,1,microbench,fp32_throughput,"{""num_blocks"":1,""threads_per_block"":64}",fmas_per_thread,1024,0.008005
1,1,microbench,fp32_throughput,"{""num_blocks"":1,""threads_per_block"":64}",fmas_per_thread,2048,0.012214
1,1,microbench,fp32_throughput,"{""num_blocks"":1,""threads_per_block"":64}",fmas_per_thread,4096,0.021074
1,1,microbench,fp32_throughput,"{""num_blocks"":1,""threads_per_block"":64}",fmas_per_thread,8192,0.040225
1,1,microbench,fp32_throughput,"{""num_blocks"":1,""threads_per_block"":64}",fmas_per_thread,16384,0.073781
1,1,microbench,fp32_throughput,"{""num_blocks"":1,""threads_per_block"":64}",fmas_per_thread,32768,0.144088
1,1,microbench,fp32_throughput,"{""num_blocks"":1,""threads_per_block"":64}",fmas_per_thread,65536,0.284605
1,1,microbench,fp32_throughput,"{""num_blocks"":1,""threads_per_block"":64}",fmas_per_thread,131072,0.565433
1,1,microbench,fp32_throughput,"{""num_blocks"":1,""threads_per_block"":64}",fmas_per_thread,262144,1.127097
1,1,microbench,fp32_throughput,"{""num_blocks"":1,""threads_per_block"":64}",fmas_per_thread,524288,2.251162
1,1,microbench,fp32_throughput,"{""num_blocks"":1,""threads_per_block"":64}",fmas_per_thread,1048576,4.499761
1,1,microbench,fp64_throughput,"{""num_blocks"":1,""threads_per_block"":1024}",fmas_per_thread,256,0.005934
1,1,microbench,fp64_throughput,"{""num_blocks"":1,""threads_per_block"":1024}",fmas_per_thread,512,0.008606
1,1,microbench,fp64_throughput,"{""num_blocks"":1,""threads_per_block"":1024}",fmas_per_thread,1024,0.013858
1,1,microbench,fp64_throughput,"{""num_blocks"":1,""threads_per_block"":1024}",fmas_per_thread,2048,0.024443
1,1,microbench,fp64_throughput,"{""num_blocks"":1,""threads_per_block"":1024}",fmas_per_thread,4096,0.045545
1,1,microbench,fp64_throughput,"{""num_blocks"":1,""threads_per_block"":1024}",fmas_per_thread,8192,0.087413
1,1,microbench,fp64_throughput,"{""num_blocks"":1,""threads_per_block"":1024}",fmas_per_thread,16384,0.172124
1,1,microbench,fp64_throughput,"{""num_blocks"":1,""threads_per_block"":1024}",fmas_per_thread,32768,0.340775
1,1,microbench,fp64_throughput,"{""num_blocks"":1,""threads_per_block"":1024}",fmas_per_thread,65536,0.676244
1,1,microbench,fp64_throughput,"{""num_blocks"":1,""threads_per_block"":1024}",fmas_per_thread,131072,1.357729
1,1,microbench,fp64_throughput,"{""num_blocks"":1,""threads_per_block"":1024}",fmas_per_thread,262144,2.700887
1,1,microbench,fp64_throughput,"{""num_blocks"":1,""threads_per_block"":1024}",fmas_per_thread,524288,5.380391
1,1,microbench,fp64_throughput,"{""num_blocks"":1,""threads_per_block"":1024}",fmas_per_thread,1048576,10.793443
1,1,microbench,fp64_throughput,"{""num_blocks"":1,""threads_per_block"":1}",fmas_per_thread,256,0.005773
1,1,microbench,fp64_throughput,"{""num_blocks"":1,""threads_per_block"":1}",fmas_per_thread,512,0.006682
1,1,microbench,fp64_throughput,"{""num_blocks"":1,""threads_per_block"":1}",fmas_per_thread,1024,0.010183
1,1,microbench,fp64_throughput,"{""num_blocks"":1,""threads_per_block"":1}",fmas_per_thread,2048,0.017092
1,1,microbench,fp64_throughput,"{""num_blocks"":1,""threads_per_block"":1}",fmas_per_thread,4096,0.031886
1,1,microbench,fp64_throughput,"{""num_blocks"":1,""threads_per_block"":1}",fmas_per_thread,8192,0.058239
1,1,microbench,fp64_throughput,"{""num_blocks"":1,""threads_per_block"":1}",fmas_per_thread,16384,0.112737
1,1,microbench,fp64_throughput,"{""num_blocks"":1,""threads_per_block"":1}",fmas_per_thread,32768,0.222466
1,1,microbench,fp64_throughput,"{""num_blocks"":1,""threads_per_block"":1}",fmas_per_thread,65536,0.440455
1,1,microbench,fp64_throughput,"{""num_blocks"":1,""threads_per_block"":1}",fmas_per_thread,131072,0.878677
1,1,microbench,fp64_throughput,"{""num_blocks"":1,""threads_per_block"":1}",fmas_per_thread,262144,1.751436
1,1,microbench,fp64_throughput,"{""num_blocks"":1,""threads_per_block"":1}",fmas_per_thread,524288,3.498674
1,1,microbench,fp64_throughput,"{""num_blocks"":1,""threads_per_block"":1}",fmas_per_thread,1048576,6.994751
1,1,microbench,fp64_throughput,"{""num_blocks"":1,""threads_per_block"":256}",fmas_per_thread,256,0.005653
1,1,microbench,fp64_throughput,"{""num_blocks"":1,""threads_per_block"":256}",fmas_per_thread,512,0.006869
1,1,microbench,fp64_throughput,"{""num_blocks"":1,""threads_per_block"":256}",fmas_per_thread,1024,0.010451
1,1,microbench,fp64_throughput,"{""num_blocks"":1,""threads_per_block"":256}",fmas_per_thread,2048,0.017052
1,1,microbench,fp64_throughput,"{""num_blocks"":1,""threads_per_block"":256}",fmas_per_thread,4096,0.030737
1,1,microbench,fp64_throughput,"{""num_blocks"":1,""threads_per_block"":256}",fmas_per_thread,8192,0.058226
1,1,microbench,fp64_throughput,"{""num_blocks"":1,""threads_per_block"":256}",fmas_per_thread,16384,0.112858
1,1,microbench,fp64_throughput,"{""num_blocks"":1,""threads_per_block"":256}",fmas_per_thread,32768,0.222158
1,1,microbench,fp64_throughput,"{""num_blocks"":1,""threads_per_block"":256}",fmas_per_thread,65536,0.440762
1,1,microbench,fp64_throughput,"{""num_blocks"":1,""threads_per_block"":256}",fmas_per_thread,131072,0.878491
1,1,microbench,fp64_throughput,"{""num_blocks"":1,""threads_per_block"":256}",fmas_per_thread,262144,1.754056
1,1,microbench,fp64_throughput,"{""num_blocks"":1,""threads_per_block"":256}",fmas_per_thread,524288,3.501140
1,1,microbench,fp64_throughput,"{""num_blocks"":1,""threads_per_block"":256}",fmas_per_thread,1048576,6.999119
1,1,microbench,fp64_throughput,"{""num_blocks"":1,""threads_per_block"":32}",fmas_per_thread,256,0.006976
1,1,microbench,fp64_throughput,"{""num_blocks"":1,""threads_per_block"":32}",fmas_per_thread,512,0.006802
1,1,microbench,fp64_throughput,"{""num_blocks"":1,""threads_per_block"":32}",fmas_per_thread,1024,0.010317
1,1,microbench,fp64_throughput,"{""num_blocks"":1,""threads_per_block"":32}",fmas_per_thread,2048,0.017240
1,1,microbench,fp64_throughput,"{""num_blocks"":1,""threads_per_block"":32}",fmas_per_thread,4096,0.030723
1,1,microbench,fp64_throughput,"{""num_blocks"":1,""threads_per_block"":32}",fmas_per_thread,8192,0.058186
1,1,microbench,fp64_throughput,"{""num_blocks"":1,""threads_per_block"":32}",fmas_per_thread,16384,0.112710
1,1,microbench,fp64_throughput,"{""num_blocks"":1,""threads_per_block"":32}",fmas_per_thread,32768,0.221971
1,1,microbench,fp64_throughput,"{""num_blocks"":1,""threads_per_block"":32}",fmas_per_thread,65536,0.440535
1,1,microbench,fp64_throughput,"{""num_blocks"":1,""threads_per_block"":32}",fmas_per_thread,131072,0.879559
1,1,microbench,fp64_throughput,"{""num_blocks"":1,""threads_per_block"":32}",fmas_per_thread,262144,1.750832
1,1,microbench,fp64_throughput,"{""num_blocks"":1,""threads_per_block"":32}",fmas_per_thread,524288,3.498973
1,1,microbench,fp64_throughput,"{""num_blocks"":1,""threads_per_block"":32}",fmas_per_thread,1048576,6.994561
1,1,microbench,fp64_throughput,"{""num_blocks"":1,""threads_per_block"":64}",fmas_per_thread,256,0.005600
1,1,microbench,fp64_throughput,"{""num_blocks"":1,""threads_per_block"":64}",fmas_per_thread,512,0.006949
1,1,microbench,fp64_throughput,"{""num_blocks"":1,""threads_per_block"":64}",fmas_per_thread,1024,0.010451
1,1,microbench,fp64_throughput,"{""num_blocks"":1,""threads_per_block"":64}",fmas_per_thread,2048,0.017159
1,1,microbench,fp64_throughput,"{""num_blocks"":1,""threads_per_block"":64}",fmas_per_thread,4096,0.030857
1,1,microbench,fp64_throughput,"{""num_blocks"":1,""threads_per_block"":64}",fmas_per_thread,8192,0.058172
1,1,microbench,fp64_throughput,"{""num_blocks"":1,""threads_per_block"":64}",fmas_per_thread,16384,0.112749
1,1,microbench,fp64_throughput,"{""num_blocks"":1,""threads_per_block"":64}",fmas_per_thread,32768,0.222145
1,1,microbench,fp64_throughput,"{""num_blocks"":1,""threads_per_block"":64}",fmas_per_thread,65536,0.440468
1,1,microbench,fp64_throughput,"{""num_blocks"":1,""threads_per_block"":64}",fmas_per_thread,131072,0.877569
1,1,microbench,fp64_throughput,"{""num_blocks"":1,""threads_per_block"":64}",fmas_per_thread,262144,1.751270
1,1,microbench,fp64_throughput,"{""num_blocks"":1,""threads_per_block"":64}",fmas_per_thread,524288,3.499235
1,1,microbench,fp64_throughput,"{""num_blocks"":1,""threads_per_block"":64}",fmas_per_thread,1048576,6.993897
1,1,microbench,int32_throughput,"{""num_blocks"":1,""threads_per_block"":1024}",mads_per_thread,256,0.006348
1,1,microbench,int32_throughput,"{""num_blocks"":1,""threads_per_block"":1024}",mads_per_thread,512,0.009502
1,1,microbench,int32_throughput,"{""num_blocks"":1,""threads_per_block"":1024}",mads_per_thread,1024,0.015903
1,1,microbench,int32_throughput,"{""num_blocks"":1,""threads_per_block"":1024}",mads_per_thread,2048,0.028345
1,1,microbench,int32_throughput,"{""num_blocks"":1,""threads_per_block"":1024}",mads_per_thread,4096,0.053241
1,1,microbench,int32_throughput,"{""num_blocks"":1,""threads_per_block"":1024}",mads_per_thread,8192,0.102914
1,1,microbench,int32_throughput,"{""num_blocks"":1,""threads_per_block"":1024}",mads_per_thread,16384,0.203613
1,1,microbench,int32_throughput,"{""num_blocks"":1,""threads_per_block"":1024}",mads_per_thread,32768,0.401457
1,1,microbench,int32_throughput,"{""num_blocks"":1,""threads_per_block"":1024}",mads_per_thread,65536,0.799483
1,1,microbench,int32_throughput,"{""num_blocks"":1,""threads_per_block"":1024}",mads_per_thread,131072,1.595667
1,1,microbench,int32_throughput,"{""num_blocks"":1,""threads_per_block"":1024}",mads_per_thread,262144,3.187973
1,1,microbench,int32_throughput,"{""num_blocks"":1,""threads_per_block"":1024}",mads_per_thread,524288,6.372500
1,1,microbench,int32_throughput,"{""num_blocks"":1,""threads_per_block"":1024}",mads_per_thread,1048576,12.744462
1,1,microbench,int32_throughput,"{""num_blocks"":1,""threads_per_block"":1}",mads_per_thread,256,0.005666
1,1,microbench,int32_throughput,"{""num_blocks"":1,""threads_per_block"":1}",mads_per_thread,512,0.007724
1,1,microbench,int32_throughput,"{""num_blocks"":1,""threads_per_block"":1}",mads_per_thread,1024,0.014674
1,1,microbench,int32_throughput,"{""num_blocks"":1,""threads_per_block"":1}",mads_per_thread,2048,0.021837
1,1,microbench,int32_throughput,"{""num_blocks"":1,""threads_per_block"":1}",mads_per_thread,4096,0.037392
1,1,microbench,int32_throughput,"{""num_blocks"":1,""threads_per_block"":1}",mads_per_thread,8192,0.069625
1,1,microbench,int32_throughput,"{""num_blocks"":1,""threads_per_block"":1}",mads_per_thread,16384,0.136125
1,1,microbench,int32_throughput,"{""num_blocks"":1,""threads_per_block"":1}",mads_per_thread,32768,0.268785
1,1,microbench,int32_throughput,"{""num_blocks"":1,""threads_per_block"":1}",mads_per_thread,65536,0.534027
1,1,microbench,int32_throughput,"{""num_blocks"":1,""threads_per_block"":1}",mads_per_thread,131072,1.064056
1,1,microbench,int32_throughput,"{""num_blocks"":1,""threads_per_block"":1}",mads_per_thread,262144,2.125738
1,1,microbench,int32_throughput,"{""num_blocks"":1,""threads_per_block"":1}",mads_per_thread,524288,4.247146
1,1,microbench,int32_throughput,"{""num_blocks"":1,""threads_per_block"":1}",mads_per_thread,1048576,8.490343
1,1,microbench,int32_throughput,"{""num_blocks"":1,""threads_per_block"":256}",mads_per_thread,256,0.005653
1,1,microbench,int32_throughput,"{""num_blocks"":1,""threads_per_block"":256}",mads_per_thread,512,0.007550
1,1,microbench,int32_throughput,"{""num_blocks"":1,""threads_per_block"":256}",mads_per_thread,1024,0.011693
1,1,microbench,int32_throughput,"{""num_blocks"":1,""threads_per_block"":256}",mads_per_thread,2048,0.020032
1,1,microbench,int32_throughput,"{""num_blocks"":1,""threads_per_block"":256}",mads_per_thread,4096,0.036777
1,1,microbench,int32_throughput,"{""num_blocks"":1,""threads_per_block"":256}",mads_per_thread,8192,0.070040
1,1,microbench,int32_throughput,"{""num_blocks"":1,""threads_per_block"":256}",mads_per_thread,16384,0.136296
1,1,microbench,int32_throughput,"{""num_blocks"":1,""threads_per_block"":256}",mads_per_thread,32768,0.269012
1,1,microbench,int32_throughput,"{""num_blocks"":1,""threads_per_block"":256}",mads_per_thread,65536,0.534160
1,1,microbench,int32_throughput,"{""num_blocks"":1,""threads_per_block"":256}",mads_per_thread,131072,1.064582
1,1,microbench,int32_throughput,"{""num_blocks"":1,""threads_per_block"":256}",mads_per_thread,262144,2.127211
1,1,microbench,int32_throughput,"{""num_blocks"":1,""threads_per_block"":256}",mads_per_thread,524288,4.247564
1,1,microbench,int32_throughput,"{""num_blocks"":1,""threads_per_block"":256}",mads_per_thread,1048576,8.494463
1,1,microbench,int32_throughput,"{""num_blocks"":1,""threads_per_block"":32}",mads_per_thread,256,0.005680
1,1,microbench,int32_throughput,"{""num_blocks"":1,""threads_per_block"":32}",mads_per_thread,512,0.007751
1,1,microbench,int32_throughput,"{""num_blocks"":1,""threads_per_block"":32}",mads_per_thread,1024,0.011814
1,1,microbench,int32_throughput,"{""num_blocks"":1,""threads_per_block"":32}",mads_per_thread,2048,0.020246
1,1,microbench,int32_throughput,"{""num_blocks"":1,""threads_per_block"":32}",mads_per_thread,4096,0.036670
1,1,microbench,int32_throughput,"{""num_blocks"":1,""threads_per_block"":32}",mads_per_thread,8192,0.070106
1,1,microbench,int32_throughput,"{""num_blocks"":1,""threads_per_block"":32}",mads_per_thread,16384,0.136096
1,1,microbench,int32_throughput,"{""num_blocks"":1,""threads_per_block"":32}",mads_per_thread,32768,0.268811
1,1,microbench,int32_throughput,"{""num_blocks"":1,""threads_per_block"":32}",mads_per_thread,65536,0.534053
1,1,microbench,int32_throughput,"{""num_blocks"":1,""threads_per_block"":32}",mads_per_thread,131072,1.064298
1,1,microbench,int32_throughput,"{""num_blocks"":1,""threads_per_block"":32}",mads_per_thread,262144,2.125167
1,1,microbench,int32_throughput,"{""num_blocks"":1,""threads_per_block"":32}",mads_per_thread,524288,4.246807
1,1,microbench,int32_throughput,"{""num_blocks"":1,""threads_per_block"":32}",mads_per_thread,1048576,8.489840
1,1,microbench,int32_throughput,"{""num_blocks"":1,""threads_per_block"":64}",mads_per_thread,256,0.005733
1,1,microbench,int32_throughput,"{""num_blocks"":1,""threads_per_block"":64}",mads_per_thread,512,0.007578
1,1,microbench,int32_throughput,"{""num_blocks"":1,""threads_per_block"":64}",mads_per_thread,1024,0.011787
1,1,microbench,int32_throughput,"{""num_blocks"":1,""threads_per_block"":64}",mads_per_thread,2048,0.020019
1,1,microbench,int32_throughput,"{""num_blocks"":1,""threads_per_block"":64}",mads_per_thread,4096,0.036710
1,1,microbench,int32_throughput,"{""num_blocks"":1,""threads_per_block"":64}",mads_per_thread,8192,0.069999
1,1,microbench,int32_throughput,"{""num_blocks"":1,""threads_per_block"":64}",mads_per_thread,16384,0.136110
1,1,microbench,int32_throughput,"{""num_blocks"":1,""threads_per_block"":64}",mads_per_thread,32768,0.268878
1,1,microbench,int32_throughput,"{""num_blocks"":1,""threads_per_block"":64}",mads_per_thread,65536,0.534054
1,1,microbench,int32_throughput,"{""num_blocks"":1,""threads_per_block"":64}",mads_per_thread,131072,1.064124
1,1,microbench,int32_throughput,"{""num_blocks"":1,""threads_per_block"":64}",mads_per_thread,262144,2.125693
1,1,microbench,int32_throughput,"{""num_blocks"":1,""threads_per_block"":64}",mads_per_thread,524288,4.247883
1,1,microbench,int32_throughput,"{""num_blocks"":1,""threads_per_block"":64}",mads_per_thread,1048576,8.491708
1,1,microbench,memory_bandwidth,"{""transfer_type"":""d2d"",""use_pinned_memory"":""true""}",buffer_size_mb,1,0.005893
1,1,microbench,memory_bandwidth,"{""transfer_type"":""d2d"",""use_pinned_memory"":""true""}",buffer_size_mb,2,0.005920
1,1,microbench,memory_bandwidth,"{""transfer_type"":""d2d"",""use_pinned_memory"":""true""}",buffer_size_mb,4,0.006094
1,1,microbench,memory_bandwidth,"{""transfer_type"":""d2d"",""use_pinned_memory"":""true""}",buffer_size_mb,8,0.006575
1,1,microbench,memory_bandwidth,"{""transfer_type"":""d2d"",""use_pinned_memory"":""true""}",buffer_size_mb,16,0.006976
1,1,microbench,memory_bandwidth,"{""transfer_type"":""d2d"",""use_pinned_memory"":""true""}",buffer_size_mb,32,0.016357
1,1,microbench,memory_bandwidth,"{""transfer_type"":""d2d"",""use_pinned_memory"":""true""}",buffer_size_mb,64,0.030870
1,1,microbench,memory_bandwidth,"{""transfer_type"":""d2d"",""use_pinned_memory"":""true""}",buffer_size_mb,128,0.059842
1,1,microbench,memory_bandwidth,"{""transfer_type"":""d2d"",""use_pinned_memory"":""true""}",buffer_size_mb,256,0.130482
1,1,microbench,memory_bandwidth,"{""transfer_type"":""d2d"",""use_pinned_memory"":""true""}",buffer_size_mb,512,0.262021
1,1,microbench,memory_bandwidth,"{""transfer_type"":""d2d"",""use_pinned_memory"":""true""}",buffer_size_mb,1024,0.532169
1,1,microbench,memory_bandwidth,"{""transfer_type"":""d2d"",""use_pinned_memory"":""true""}",buffer_size_mb,2048,1.084315
1,1,microbench,memory_bandwidth,"{""transfer_type"":""d2d"",""use_pinned_memory"":""true""}",buffer_size_mb,4096,2.218835
1,1,microbench,mixbench,"{""flops_per_byte"":0.5,""threads_per_block"":128}",buffer_size_mb,1,0.006201
1,1,microbench,mixbench,"{""flops_per_byte"":0.5,""threads_per_block"":128}",buffer_size_mb,2,0.007042
1,1,microbench,mixbench,"{""flops_per_byte"":0.5,""threads_per_block"":128}",buffer_size_mb,4,0.010224
1,1,microbench,mixbench,"{""flops_per_byte"":0.5,""threads_per_block"":128}",buffer_size_mb,8,0.014714
1,1,microbench,mixbench,"{""flops_per_byte"":0.5,""threads_per_block"":128}",buffer_size_mb,16,0.022638
1,1,microbench,mixbench,"{""flops_per_byte"":0.5,""threads_per_block"":128}",buffer_size_mb,32,0.038381
1,1,microbench,mixbench,"{""flops_per_byte"":0.5,""threads_per_block"":128}",buffer_size_mb,48,0.054270
1,1,microbench,mixbench,"{""flops_per_byte"":0.5,""threads_per_block"":128}",buffer_size_mb,64,0.070200
1,1,microbench,mixbench,"{""flops_per_byte"":0.5,""threads_per_block"":128}",buffer_size_mb,96,0.101537
1,1,microbench,mixbench,"{""flops_per_byte"":0.5,""threads_per_block"":128}",buffer_size_mb,128,0.132996
1,1,microbench,mixbench,"{""flops_per_byte"":0.5,""threads_per_block"":128}",buffer_size_mb,192,0.196566
1,1,microbench,mixbench,"{""flops_per_byte"":0.5,""threads_per_block"":128}",buffer_size_mb,256,0.260832
1,1,microbench,mixbench,"{""flops_per_byte"":0.5,""threads_per_block"":128}",buffer_size_mb,384,0.414426
1,1,microbench,mixbench,"{""flops_per_byte"":0.5,""threads_per_block"":128}",buffer_size_mb,512,0.571637
1,1,microbench,mixbench,"{""flops_per_byte"":0.5,""threads_per_block"":128}",buffer_size_mb,768,0.875190
1,1,microbench,mixbench,"{""flops_per_byte"":0.5,""threads_per_block"":128}",buffer_size_mb,1024,1.143859
1,1,microbench,mixbench,"{""flops_per_byte"":0.5,""threads_per_block"":128}",buffer_size_mb,1536,1.652416
1,1,microbench,mixbench,"{""flops_per_byte"":0.5,""threads_per_block"":128}",buffer_size_mb,2048,2.133641
1,1,microbench,mixbench,"{""flops_per_byte"":0.5,""threads_per_block"":128}",buffer_size_mb,3072,3.104031
1,1,microbench,mixbench,"{""flops_per_byte"":0.5,""threads_per_block"":128}",buffer_size_mb,4096,4.095279
1,1,microbench,mixbench,"{""flops_per_byte"":0.5,""threads_per_block"":256}",buffer_size_mb,1,0.006134
1,1,microbench,mixbench,"{""flops_per_byte"":0.5,""threads_per_block"":256}",buffer_size_mb,2,0.006575
1,1,microbench,mixbench,"{""flops_per_byte"":0.5,""threads_per_block"":256}",buffer_size_mb,4,0.008459
1,1,microbench,mixbench,"{""flops_per_byte"":0.5,""threads_per_block"":256}",buffer_size_mb,8,0.012950
1,1,microbench,mixbench,"{""flops_per_byte"":0.5,""threads_per_block"":256}",buffer_size_mb,16,0.019070
1,1,microbench,mixbench,"{""flops_per_byte"":0.5,""threads_per_block"":256}",buffer_size_mb,32,0.031244
1,1,microbench,mixbench,"{""flops_per_byte"":0.5,""threads_per_block"":256}",buffer_size_mb,48,0.049178
1,1,microbench,mixbench,"{""flops_per_byte"":0.5,""threads_per_block"":256}",buffer_size_mb,64,0.059441
1,1,microbench,mixbench,"{""flops_per_byte"":0.5,""threads_per_block"":256}",buffer_size_mb,96,0.089897
1,1,microbench,mixbench,"{""flops_per_byte"":0.5,""threads_per_block"":256}",buffer_size_mb,128,0.106949
1,1,microbench,mixbench,"{""flops_per_byte"":0.5,""threads_per_block"":256}",buffer_size_mb,192,0.152305
1,1,microbench,mixbench,"{""flops_per_byte"":0.5,""threads_per_block"":256}",buffer_size_mb,256,0.203635
1,1,microbench,mixbench,"{""flops_per_byte"":0.5,""threads_per_block"":256}",buffer_size_mb,384,0.230673
1,1,microbench,mixbench,"{""flops_per_byte"":0.5,""threads_per_block"":256}",buffer_size_mb,512,0.315787
1,1,microbench,mixbench,"{""flops_per_byte"":0.5,""threads_per_block"":256}",buffer_size_mb,768,0.485054
1,1,microbench,mixbench,"{""flops_per_byte"":0.5,""threads_per_block"":256}",buffer_size_mb,1024,0.749085
1,1,microbench,mixbench,"{""flops_per_byte"":0.5,""threads_per_block"":256}",buffer_size_mb,1536,1.160809
1,1,microbench,mixbench,"{""flops_per_byte"":0.5,""threads_per_block"":256}",buffer_size_mb,2048,1.497145
1,1,microbench,mixbench,"{""flops_per_byte"":0.5,""threads_per_block"":256}",buffer_size_mb,3072,2.188019
1,1,microbench,mixbench,"{""flops_per_byte"":0.5,""threads_per_block"":256}",buffer_size_mb,4096,2.837129
1,1,microbench,mixbench,"{""flops_per_byte"":0.5,""threads_per_block"":512}",buffer_size_mb,1,0.007858
1,1,microbench,mixbench,"{""flops_per_byte"":0.5,""threads_per_block"":512}",buffer_size_mb,2,0.006535
1,1,microbench,mixbench,"{""flops_per_byte"":0.5,""threads_per_block"":512}",buffer_size_mb,4,0.008299
1,1,microbench,mixbench,"{""flops_per_byte"":0.5,""threads_per_block"":512}",buffer_size_mb,8,0.011680
1,1,microbench,mixbench,"{""flops_per_byte"":0.5,""threads_per_block"":512}",buffer_size_mb,16,0.019578
1,1,microbench,mixbench,"{""flops_per_byte"":0.5,""threads_per_block"":512}",buffer_size_mb,32,0.039851
1,1,microbench,mixbench,"{""flops_per_byte"":0.5,""threads_per_block"":512}",buffer_size_mb,48,0.057063
1,1,microbench,mixbench,"{""flops_per_byte"":0.5,""threads_per_block"":512}",buffer_size_mb,64,0.074957
1,1,microbench,mixbench,"{""flops_per_byte"":0.5,""threads_per_block"":512}",buffer_size_mb,96,0.119885
1,1,microbench,mixbench,"{""flops_per_byte"":0.5,""threads_per_block"":512}",buffer_size_mb,128,0.144234
1,1,microbench,mixbench,"{""flops_per_byte"":0.5,""threads_per_block"":512}",buffer_size_mb,192,0.226059
1,1,microbench,mixbench,"{""flops_per_byte"":0.5,""threads_per_block"":512}",buffer_size_mb,256,0.289029
1,1,microbench,mixbench,"{""flops_per_byte"":0.5,""threads_per_block"":512}",buffer_size_mb,384,0.371822
1,1,microbench,mixbench,"{""flops_per_byte"":0.5,""threads_per_block"":512}",buffer_size_mb,512,0.487098
1,1,microbench,mixbench,"{""flops_per_byte"":0.5,""threads_per_block"":512}",buffer_size_mb,768,0.734113
1,1,microbench,mixbench,"{""flops_per_byte"":0.5,""threads_per_block"":512}",buffer_size_mb,1024,0.950019
1,1,microbench,mixbench,"{""flops_per_byte"":0.5,""threads_per_block"":512}",buffer_size_mb,1536,1.400243
1,1,microbench,mixbench,"{""flops_per_byte"":0.5,""threads_per_block"":512}",buffer_size_mb,2048,1.876082
1,1,microbench,mixbench,"{""flops_per_byte"":0.5,""threads_per_block"":512}",buffer_size_mb,3072,2.792121
1,1,microbench,mixbench,"{""flops_per_byte"":0.5,""threads_per_block"":512}",buffer_size_mb,4096,3.698004
1,1,microbench,mixbench,"{""flops_per_byte"":0.5,""threads_per_block"":64}",buffer_size_mb,1,0.006402
1,1,microbench,mixbench,"{""flops_per_byte"":0.5,""threads_per_block"":64}",buffer_size_mb,2,0.008259
1,1,microbench,mixbench,"{""flops_per_byte"":0.5,""threads_per_block"":64}",buffer_size_mb,4,0.012829
1,1,microbench,mixbench,"{""flops_per_byte"":0.5,""threads_per_block"":64}",buffer_size_mb,8,0.020580
1,1,microbench,mixbench,"{""flops_per_byte"":0.5,""threads_per_block"":64}",buffer_size_mb,16,0.036510
1,1,microbench,mixbench,"{""flops_per_byte"":0.5,""threads_per_block"":64}",buffer_size_mb,32,0.067888
1,1,microbench,mixbench,"{""flops_per_byte"":0.5,""threads_per_block"":64}",buffer_size_mb,48,0.099680
1,1,microbench,mixbench,"{""flops_per_byte"":0.5,""threads_per_block"":64}",buffer_size_mb,64,0.131231
1,1,microbench,mixbench,"{""flops_per_byte"":0.5,""threads_per_block"":64}",buffer_size_mb,96,0.194398
1,1,microbench,mixbench,"{""flops_per_byte"":0.5,""threads_per_block"":64}",buffer_size_mb,128,0.257825
1,1,microbench,mixbench,"{""flops_per_byte"":0.5,""threads_per_block"":64}",buffer_size_mb,192,0.383711
1,1,microbench,mixbench,"{""flops_per_byte"":0.5,""threads_per_block"":64}",buffer_size_mb,256,0.509905
1,1,microbench,mixbench,"{""flops_per_byte"":0.5,""threads_per_block"":64}",buffer_size_mb,384,0.763050
1,1,microbench,mixbench,"{""flops_per_byte"":0.5,""threads_per_block"":64}",buffer_size_mb,512,1.014180
1,1,microbench,mixbench,"{""flops_per_byte"":0.5,""threads_per_block"":64}",buffer_size_mb,768,1.517379
1,1,microbench,mixbench,"{""flops_per_byte"":0.5,""threads_per_block"":64}",buffer_size_mb,1024,2.021286
1,1,microbench,mixbench,"{""flops_per_byte"":0.5,""threads_per_block"":64}",buffer_size_mb,1536,3.029556
1,1,microbench,mixbench,"{""flops_per_byte"":0.5,""threads_per_block"":64}",buffer_size_mb,2048,4.038696
1,1,microbench,mixbench,"{""flops_per_byte"":0.5,""threads_per_block"":64}",buffer_size_mb,3072,6.052618
1,1,microbench,mixbench,"{""flops_per_byte"":0.5,""threads_per_block"":64}",buffer_size_mb,4096,8.067708
1,1,microbench,mixbench,"{""flops_per_byte"":2,""threads_per_block"":128}",buffer_size_mb,1,0.006575
1,1,microbench,mixbench,"{""flops_per_byte"":2,""threads_per_block"":128}",buffer_size_mb,2,0.007524
1,1,microbench,mixbench,"{""flops_per_byte"":2,""threads_per_block"":128}",buffer_size_mb,4,0.010049
1,1,microbench,mixbench,"{""flops_per_byte"":2,""threads_per_block"":128}",buffer_size_mb,8,0.015702
1,1,microbench,mixbench,"{""flops_per_byte"":2,""threads_per_block"":128}",buffer_size_mb,16,0.023039
1,1,microbench,mixbench,"{""flops_per_byte"":2,""threads_per_block"":128}",buffer_size_mb,32,0.038765
1,1,microbench,mixbench,"{""flops_per_byte"":2,""threads_per_block"":128}",buffer_size_mb,48,0.056529
1,1,microbench,mixbench,"{""flops_per_byte"":2,""threads_per_block"":128}",buffer_size_mb,64,0.070400
1,1,microbench,mixbench,"{""flops_per_byte"":2,""threads_per_block"":128}",buffer_size_mb,96,0.102045
1,1,microbench,mixbench,"{""flops_per_byte"":2,""threads_per_block"":128}",buffer_size_mb,128,0.133580
1,1,microbench,mixbench,"{""flops_per_byte"":2,""threads_per_block"":128}",buffer_size_mb,192,0.197996
1,1,microbench,mixbench,"{""flops_per_byte"":2,""threads_per_block"":128}",buffer_size_mb,256,0.264948
1,1,microbench,mixbench,"{""flops_per_byte"":2,""threads_per_block"":128}",buffer_size_mb,384,0.426640
1,1,microbench,mixbench,"{""flops_per_byte"":2,""threads_per_block"":128}",buffer_size_mb,512,0.589719
1,1,microbench,mixbench,"{""flops_per_byte"":2,""threads_per_block"":128}",buffer_size_mb,768,0.910396
1,1,microbench,mixbench,"{""flops_per_byte"":2,""threads_per_block"":128}",buffer_size_mb,1024,1.188507
1,1,microbench,mixbench,"{""flops_per_byte"":2,""threads_per_block"":128}",buffer_size_mb,1536,1.696462
1,1,microbench,mixbench,"{""flops_per_byte"":2,""threads_per_block"":128}",buffer_size_mb,2048,2.213210
1,1,microbench,mixbench,"{""flops_per_byte"":2,""threads_per_block"":128}",buffer_size_mb,3072,3.219960
1,1,microbench,mixbench,"{""flops_per_byte"":2,""threads_per_block"":128}",buffer_size_mb,4096,4.258970
1,1,microbench,mixbench,"{""flops_per_byte"":2,""threads_per_block"":256}",buffer_size_mb,1,0.006454
1,1,microbench,mixbench,"{""flops_per_byte"":2,""threads_per_block"":256}",buffer_size_mb,2,0.006615
1,1,microbench,mixbench,"{""flops_per_byte"":2,""threads_per_block"":256}",buffer_size_mb,4,0.008593
1,1,microbench,mixbench,"{""flops_per_byte"":2,""threads_per_block"":256}",buffer_size_mb,8,0.013297
1,1,microbench,mixbench,"{""flops_per_byte"":2,""threads_per_block"":256}",buffer_size_mb,16,0.018710
1,1,microbench,mixbench,"{""flops_per_byte"":2,""threads_per_block"":256}",buffer_size_mb,32,0.031164
1,1,microbench,mixbench,"{""flops_per_byte"":2,""threads_per_block"":256}",buffer_size_mb,48,0.043258
1,1,microbench,mixbench,"{""flops_per_byte"":2,""threads_per_block"":256}",buffer_size_mb,64,0.054230
1,1,microbench,mixbench,"{""flops_per_byte"":2,""threads_per_block"":256}",buffer_size_mb,96,0.076600
1,1,microbench,mixbench,"{""flops_per_byte"":2,""threads_per_block"":256}",buffer_size_mb,128,0.101043
1,1,microbench,mixbench,"{""flops_per_byte"":2,""threads_per_block"":256}",buffer_size_mb,192,0.147214
1,1,microbench,mixbench,"{""flops_per_byte"":2,""threads_per_block"":256}",buffer_size_mb,256,0.191007
1,1,microbench,mixbench,"{""flops_per_byte"":2,""threads_per_block"":256}",buffer_size_mb,384,0.246283
1,1,microbench,mixbench,"{""flops_per_byte"":2,""threads_per_block"":256}",buffer_size_mb,512,0.335271
1,1,microbench,mixbench,"{""flops_per_byte"":2,""threads_per_block"":256}",buffer_size_mb,768,0.545701
1,1,microbench,mixbench,"{""flops_per_byte"":2,""threads_per_block"":256}",buffer_size_mb,1024,0.786624
1,1,microbench,mixbench,"{""flops_per_byte"":2,""threads_per_block"":256}",buffer_size_mb,1536,1.217778
1,1,microbench,mixbench,"{""flops_per_byte"":2,""threads_per_block"":256}",buffer_size_mb,2048,1.561291
1,1,microbench,mixbench,"{""flops_per_byte"":2,""threads_per_block"":256}",buffer_size_mb,3072,2.268964
1,1,microbench,mixbench,"{""flops_per_byte"":2,""threads_per_block"":256}",buffer_size_mb,4096,2.957618
1,1,microbench,mixbench,"{""flops_per_byte"":2,""threads_per_block"":512}",buffer_size_mb,1,0.006401
1,1,microbench,mixbench,"{""flops_per_byte"":2,""threads_per_block"":512}",buffer_size_mb,2,0.006575
1,1,microbench,mixbench,"{""flops_per_byte"":2,""threads_per_block"":512}",buffer_size_mb,4,0.008099
1,1,microbench,mixbench,"{""flops_per_byte"":2,""threads_per_block"":512}",buffer_size_mb,8,0.011987
1,1,microbench,mixbench,"{""flops_per_byte"":2,""threads_per_block"":512}",buffer_size_mb,16,0.020313
1,1,microbench,mixbench,"{""flops_per_byte"":2,""threads_per_block"":512}",buffer_size_mb,32,0.044033
1,1,microbench,mixbench,"{""flops_per_byte"":2,""threads_per_block"":512}",buffer_size_mb,48,0.060257
1,1,microbench,mixbench,"{""flops_per_byte"":2,""threads_per_block"":512}",buffer_size_mb,64,0.078874
1,1,microbench,mixbench,"{""flops_per_byte"":2,""threads_per_block"":512}",buffer_size_mb,96,0.110518
1,1,microbench,mixbench,"{""flops_per_byte"":2,""threads_per_block"":512}",buffer_size_mb,128,0.148471
1,1,microbench,mixbench,"{""flops_per_byte"":2,""threads_per_block"":512}",buffer_size_mb,192,0.222719
1,1,microbench,mixbench,"{""flops_per_byte"":2,""threads_per_block"":512}",buffer_size_mb,256,0.285582
1,1,microbench,mixbench,"{""flops_per_byte"":2,""threads_per_block"":512}",buffer_size_mb,384,0.368454
1,1,microbench,mixbench,"{""flops_per_byte"":2,""threads_per_block"":512}",buffer_size_mb,512,0.468722
1,1,microbench,mixbench,"{""flops_per_byte"":2,""threads_per_block"":512}",buffer_size_mb,768,0.685552
1,1,microbench,mixbench,"{""flops_per_byte"":2,""threads_per_block"":512}",buffer_size_mb,1024,0.898196
1,1,microbench,mixbench,"{""flops_per_byte"":2,""threads_per_block"":512}",buffer_size_mb,1536,1.352482
1,1,microbench,mixbench,"{""flops_per_byte"":2,""threads_per_block"":512}",buffer_size_mb,2048,1.766115
1,1,microbench,mixbench,"{""flops_per_byte"":2,""threads_per_block"":512}",buffer_size_mb,3072,2.685854
1,1,microbench,mixbench,"{""flops_per_byte"":2,""threads_per_block"":512}",buffer_size_mb,4096,3.584170
1,1,microbench,mixbench,"{""flops_per_byte"":2,""threads_per_block"":64}",buffer_size_mb,1,0.006241
1,1,microbench,mixbench,"{""flops_per_byte"":2,""threads_per_block"":64}",buffer_size_mb,2,0.008393
1,1,microbench,mixbench,"{""flops_per_byte"":2,""threads_per_block"":64}",buffer_size_mb,4,0.012842
1,1,microbench,mixbench,"{""flops_per_byte"":2,""threads_per_block"":64}",buffer_size_mb,8,0.020794
1,1,microbench,mixbench,"{""flops_per_byte"":2,""threads_per_block"":64}",buffer_size_mb,16,0.036590
1,1,microbench,mixbench,"{""flops_per_byte"":2,""threads_per_block"":64}",buffer_size_mb,32,0.068195
1,1,microbench,mixbench,"{""flops_per_byte"":2,""threads_per_block"":64}",buffer_size_mb,48,0.099773
1,1,microbench,mixbench,"{""flops_per_byte"":2,""threads_per_block"":64}",buffer_size_mb,64,0.131432
1,1,microbench,mixbench,"{""flops_per_byte"":2,""threads_per_block"":64}",buffer_size_mb,96,0.194830
1,1,microbench,mixbench,"{""flops_per_byte"":2,""threads_per_block"":64}",buffer_size_mb,128,0.257745
1,1,microbench,mixbench,"{""flops_per_byte"":2,""threads_per_block"":64}",buffer_size_mb,192,0.384406
1,1,microbench,mixbench,"{""flops_per_byte"":2,""threads_per_block"":64}",buffer_size_mb,256,0.510759
1,1,microbench,mixbench,"{""flops_per_byte"":2,""threads_per_block"":64}",buffer_size_mb,384,0.763396
1,1,microbench,mixbench,"{""flops_per_byte"":2,""threads_per_block"":64}",buffer_size_mb,512,1.015450
1,1,microbench,mixbench,"{""flops_per_byte"":2,""threads_per_block"":64}",buffer_size_mb,768,1.520599
1,1,microbench,mixbench,"{""flops_per_byte"":2,""threads_per_block"":64}",buffer_size_mb,1024,2.025535
1,1,microbench,mixbench,"{""flops_per_byte"":2,""threads_per_block"":64}",buffer_size_mb,1536,3.033868
1,1,microbench,mixbench,"{""flops_per_byte"":2,""threads_per_block"":64}",buffer_size_mb,2048,4.042611
1,1,microbench,mixbench,"{""flops_per_byte"":2,""threads_per_block"":64}",buffer_size_mb,3072,6.063386
1,1,microbench,mixbench,"{""flops_per_byte"":2,""threads_per_block"":64}",buffer_size_mb,4096,8.080987
1,1,microbench,mixbench,"{""flops_per_byte"":32,""threads_per_block"":128}",buffer_size_mb,1,0.007376
1,1,microbench,mixbench,"{""flops_per_byte"":32,""threads_per_block"":128}",buffer_size_mb,2,0.010490
1,1,microbench,mixbench,"{""flops_per_byte"":32,""threads_per_block"":128}",buffer_size_mb,4,0.015181
1,1,microbench,mixbench,"{""flops_per_byte"":32,""threads_per_block"":128}",buffer_size_mb,8,0.023146
1,1,microbench,mixbench,"{""flops_per_byte"":32,""threads_per_block"":128}",buffer_size_mb,16,0.036683
1,1,microbench,mixbench,"{""flops_per_byte"":32,""threads_per_block"":128}",buffer_size_mb,32,0.066471
1,1,microbench,mixbench,"{""flops_per_byte"":32,""threads_per_block"":128}",buffer_size_mb,48,0.092838
1,1,microbench,mixbench,"{""flops_per_byte"":32,""threads_per_block"":128}",buffer_size_mb,64,0.121008
1,1,microbench,mixbench,"{""flops_per_byte"":32,""threads_per_block"":128}",buffer_size_mb,96,0.177068
1,1,microbench,mixbench,"{""flops_per_byte"":32,""threads_per_block"":128}",buffer_size_mb,128,0.238728
1,1,microbench,mixbench,"{""flops_per_byte"":32,""threads_per_block"":128}",buffer_size_mb,192,0.386745
1,1,microbench,mixbench,"{""flops_per_byte"":32,""threads_per_block"":128}",buffer_size_mb,256,0.561645
1,1,microbench,mixbench,"{""flops_per_byte"":32,""threads_per_block"":128}",buffer_size_mb,384,0.933110
1,1,microbench,mixbench,"{""flops_per_byte"":32,""threads_per_block"":128}",buffer_size_mb,512,1.125733
1,1,microbench,mixbench,"{""flops_per_byte"":32,""threads_per_block"":128}",buffer_size_mb,768,1.617981
1,1,microbench,mixbench,"{""flops_per_byte"":32,""threads_per_block"":128}",buffer_size_mb,1024,2.110980
1,1,microbench,mixbench,"{""flops_per_byte"":32,""threads_per_block"":128}",buffer_size_mb,1536,3.107057
1,1,microbench,mixbench,"{""flops_per_byte"":32,""threads_per_block"":128}",buffer_size_mb,2048,4.100939
1,1,microbench,mixbench,"{""flops_per_byte"":32,""threads_per_block"":128}",buffer_size_mb,3072,6.124679
1,1,microbench,mixbench,"{""flops_per_byte"":32,""threads_per_block"":128}",buffer_size_mb,4096,8.142534
1,1,microbench,mixbench,"{""flops_per_byte"":32,""threads_per_block"":256}",buffer_size_mb,1,0.007163
1,1,microbench,mixbench,"{""flops_per_byte"":32,""threads_per_block"":256}",buffer_size_mb,2,0.010584
1,1,microbench,mixbench,"{""flops_per_byte"":32,""threads_per_block"":256}",buffer_size_mb,4,0.014994
1,1,microbench,mixbench,"{""flops_per_byte"":32,""threads_per_block"":256}",buffer_size_mb,8,0.025351
1,1,microbench,mixbench,"{""flops_per_byte"":32,""threads_per_block"":256}",buffer_size_mb,16,0.039102
1,1,microbench,mixbench,"{""flops_per_byte"":32,""threads_per_block"":256}",buffer_size_mb,32,0.066805
1,1,microbench,mixbench,"{""flops_per_byte"":32,""threads_per_block"":256}",buffer_size_mb,48,0.095083
1,1,microbench,mixbench,"{""flops_per_byte"":32,""threads_per_block"":256}",buffer_size_mb,64,0.122653
1,1,microbench,mixbench,"{""flops_per_byte"":32,""threads_per_block"":256}",buffer_size_mb,96,0.179394
1,1,microbench,mixbench,"{""flops_per_byte"":32,""threads_per_block"":256}",buffer_size_mb,128,0.238928
1,1,microbench,mixbench,"{""flops_per_byte"":32,""threads_per_block"":256}",buffer_size_mb,192,0.385449
1,1,microbench,mixbench,"{""flops_per_byte"":32,""threads_per_block"":256}",buffer_size_mb,256,0.528516
1,1,microbench,mixbench,"{""flops_per_byte"":32,""threads_per_block"":256}",buffer_size_mb,384,0.912972
1,1,microbench,mixbench,"{""flops_per_byte"":32,""threads_per_block"":256}",buffer_size_mb,512,1.159196
1,1,microbench,mixbench,"{""flops_per_byte"":32,""threads_per_block"":256}",buffer_size_mb,768,1.615016
1,1,microbench,mixbench,"{""flops_per_byte"":32,""threads_per_block"":256}",buffer_size_mb,1024,2.084440
1,1,microbench,mixbench,"{""flops_per_byte"":32,""threads_per_block"":256}",buffer_size_mb,1536,3.100923
1,1,microbench,mixbench,"{""flops_per_byte"":32,""threads_per_block"":256}",buffer_size_mb,2048,4.125942
1,1,microbench,mixbench,"{""flops_per_byte"":32,""threads_per_block"":256}",buffer_size_mb,3072,6.119801
1,1,microbench,mixbench,"{""flops_per_byte"":32,""threads_per_block"":256}",buffer_size_mb,4096,8.138684
1,1,microbench,mixbench,"{""flops_per_byte"":32,""threads_per_block"":512}",buffer_size_mb,1,0.007818
1,1,microbench,mixbench,"{""flops_per_byte"":32,""threads_per_block"":512}",buffer_size_mb,2,0.010878
1,1,microbench,mixbench,"{""flops_per_byte"":32,""threads_per_block"":512}",buffer_size_mb,4,0.015582
1,1,microbench,mixbench,"{""flops_per_byte"":32,""threads_per_block"":512}",buffer_size_mb,8,0.025338
1,1,microbench,mixbench,"{""flops_per_byte"":32,""threads_per_block"":512}",buffer_size_mb,16,0.043646
1,1,microbench,mixbench,"{""flops_per_byte"":32,""threads_per_block"":512}",buffer_size_mb,32,0.073567
1,1,microbench,mixbench,"{""flops_per_byte"":32,""threads_per_block"":512}",buffer_size_mb,48,0.101270
1,1,microbench,mixbench,"{""flops_per_byte"":32,""threads_per_block"":512}",buffer_size_mb,64,0.128598
1,1,microbench,mixbench,"{""flops_per_byte"":32,""threads_per_block"":512}",buffer_size_mb,96,0.185381
1,1,microbench,mixbench,"{""flops_per_byte"":32,""threads_per_block"":512}",buffer_size_mb,128,0.249046
1,1,microbench,mixbench,"{""flops_per_byte"":32,""threads_per_block"":512}",buffer_size_mb,192,0.404225
1,1,microbench,mixbench,"{""flops_per_byte"":32,""threads_per_block"":512}",buffer_size_mb,256,0.610559
1,1,microbench,mixbench,"{""flops_per_byte"":32,""threads_per_block"":512}",buffer_size_mb,384,0.924968
1,1,microbench,mixbench,"{""flops_per_byte"":32,""threads_per_block"":512}",buffer_size_mb,512,1.146232
1,1,microbench,mixbench,"{""flops_per_byte"":32,""threads_per_block"":512}",buffer_size_mb,768,1.656016
1,1,microbench,mixbench,"{""flops_per_byte"":32,""threads_per_block"":512}",buffer_size_mb,1024,2.136452
1,1,microbench,mixbench,"{""flops_per_byte"":32,""threads_per_block"":512}",buffer_size_mb,1536,3.150355
1,1,microbench,mixbench,"{""flops_per_byte"":32,""threads_per_block"":512}",buffer_size_mb,2048,4.196276
1,1,microbench,mixbench,"{""flops_per_byte"":32,""threads_per_block"":512}",buffer_size_mb,3072,6.227632
1,1,microbench,mixbench,"{""flops_per_byte"":32,""threads_per_block"":512}",buffer_size_mb,4096,8.295038
1,1,microbench,mixbench,"{""flops_per_byte"":32,""threads_per_block"":64}",buffer_size_mb,1,0.008312
1,1,microbench,mixbench,"{""flops_per_byte"":32,""threads_per_block"":64}",buffer_size_mb,2,0.010758
1,1,microbench,mixbench,"{""flops_per_byte"":32,""threads_per_block"":64}",buffer_size_mb,4,0.015515
1,1,microbench,mixbench,"{""flops_per_byte"":32,""threads_per_block"":64}",buffer_size_mb,8,0.024282
1,1,microbench,mixbench,"{""flops_per_byte"":32,""threads_per_block"":64}",buffer_size_mb,16,0.039623
1,1,microbench,mixbench,"{""flops_per_byte"":32,""threads_per_block"":64}",buffer_size_mb,32,0.072698
1,1,microbench,mixbench,"{""flops_per_byte"":32,""threads_per_block"":64}",buffer_size_mb,48,0.104531
1,1,microbench,mixbench,"{""flops_per_byte"":32,""threads_per_block"":64}",buffer_size_mb,64,0.138421
1,1,microbench,mixbench,"{""flops_per_byte"":32,""threads_per_block"":64}",buffer_size_mb,96,0.201899
1,1,microbench,mixbench,"{""flops_per_byte"":32,""threads_per_block"":64}",buffer_size_mb,128,0.273006
1,1,microbench,mixbench,"{""flops_per_byte"":32,""threads_per_block"":64}",buffer_size_mb,192,0.449862
1,1,microbench,mixbench,"{""flops_per_byte"":32,""threads_per_block"":64}",buffer_size_mb,256,0.639450
1,1,microbench,mixbench,"{""flops_per_byte"":32,""threads_per_block"":64}",buffer_size_mb,384,0.979147
1,1,microbench,mixbench,"{""flops_per_byte"":32,""threads_per_block"":64}",buffer_size_mb,512,1.243129
1,1,microbench,mixbench,"{""flops_per_byte"":32,""threads_per_block"":64}",buffer_size_mb,768,1.782795
1,1,microbench,mixbench,"{""flops_per_byte"":32,""threads_per_block"":64}",buffer_size_mb,1024,2.303834
1,1,microbench,mixbench,"{""flops_per_byte"":32,""threads_per_block"":64}",buffer_size_mb,1536,3.461037
1,1,microbench,mixbench,"{""flops_per_byte"":32,""threads_per_block"":64}",buffer_size_mb,2048,4.530102
1,1,microbench,mixbench,"{""flops_per_byte"":32,""threads_per_block"":64}",buffer_size_mb,3072,6.905346
1,1,microbench,mixbench,"{""flops_per_byte"":32,""threads_per_block"":64}",buffer_size_mb,4096,9.161276
1,1,microbench,mixbench,"{""flops_per_byte"":4,""threads_per_block"":128}",buffer_size_mb,1,0.006214
1,1,microbench,mixbench,"{""flops_per_byte"":4,""threads_per_block"":128}",buffer_size_mb,2,0.008045
1,1,microbench,mixbench,"{""flops_per_byte"":4,""threads_per_block"":128}",buffer_size_mb,4,0.010049
1,1,microbench,mixbench,"{""flops_per_byte"":4,""threads_per_block"":128}",buffer_size_mb,8,0.015007
1,1,microbench,mixbench,"{""flops_per_byte"":4,""threads_per_block"":128}",buffer_size_mb,16,0.023841
1,1,microbench,mixbench,"{""flops_per_byte"":4,""threads_per_block"":128}",buffer_size_mb,32,0.038514
1,1,microbench,mixbench,"{""flops_per_byte"":4,""threads_per_block"":128}",buffer_size_mb,48,0.054951
1,1,microbench,mixbench,"{""flops_per_byte"":4,""threads_per_block"":128}",buffer_size_mb,64,0.070868
1,1,microbench,mixbench,"{""flops_per_byte"":4,""threads_per_block"":128}",buffer_size_mb,96,0.102540
1,1,microbench,mixbench,"{""flops_per_byte"":4,""threads_per_block"":128}",buffer_size_mb,128,0.135802
1,1,microbench,mixbench,"{""flops_per_byte"":4,""threads_per_block"":128}",buffer_size_mb,192,0.199012
1,1,microbench,mixbench,"{""flops_per_byte"":4,""threads_per_block"":128}",buffer_size_mb,256,0.264921
1,1,microbench,mixbench,"{""flops_per_byte"":4,""threads_per_block"":128}",buffer_size_mb,384,0.434687
1,1,microbench,mixbench,"{""flops_per_byte"":4,""threads_per_block"":128}",buffer_size_mb,512,0.599757
1,1,microbench,mixbench,"{""flops_per_byte"":4,""threads_per_block"":128}",buffer_size_mb,768,0.953805
1,1,microbench,mixbench,"{""flops_per_byte"":4,""threads_per_block"":128}",buffer_size_mb,1024,1.242124
1,1,microbench,mixbench,"{""flops_per_byte"":4,""threads_per_block"":128}",buffer_size_mb,1536,1.792533
1,1,microbench,mixbench,"{""flops_per_byte"":4,""threads_per_block"":128}",buffer_size_mb,2048,2.320639
1,1,microbench,mixbench,"{""flops_per_byte"":4,""threads_per_block"":128}",buffer_size_mb,3072,3.389131
1,1,microbench,mixbench,"{""flops_per_byte"":4,""threads_per_block"":128}",buffer_size_mb,4096,4.478066
1,1,microbench,mixbench,"{""flops_per_byte"":4,""threads_per_block"":256}",buffer_size_mb,1,0.006147
1,1,microbench,mixbench,"{""flops_per_byte"":4,""threads_per_block"":256}",buffer_size_mb,2,0.006642
1,1,microbench,mixbench,"{""flops_per_byte"":4,""threads_per_block"":256}",buffer_size_mb,4,0.008446
1,1,microbench,mixbench,"{""flops_per_byte"":4,""threads_per_block"":256}",buffer_size_mb,8,0.013390
1,1,microbench,mixbench,"{""flops_per_byte"":4,""threads_per_block"":256}",buffer_size_mb,16,0.019417
1,1,microbench,mixbench,"{""flops_per_byte"":4,""threads_per_block"":256}",buffer_size_mb,32,0.030268
1,1,microbench,mixbench,"{""flops_per_byte"":4,""threads_per_block"":256}",buffer_size_mb,48,0.042095
1,1,microbench,mixbench,"{""flops_per_byte"":4,""threads_per_block"":256}",buffer_size_mb,64,0.051223
1,1,microbench,mixbench,"{""flops_per_byte"":4,""threads_per_block"":256}",buffer_size_mb,96,0.072351
1,1,microbench,mixbench,"{""flops_per_byte"":4,""threads_per_block"":256}",buffer_size_mb,128,0.095149
1,1,microbench,mixbench,"{""flops_per_byte"":4,""threads_per_block"":256}",buffer_size_mb,192,0.136122
1,1,microbench,mixbench,"{""flops_per_byte"":4,""threads_per_block"":256}",buffer_size_mb,256,0.181881
1,1,microbench,mixbench,"{""flops_per_byte"":4,""threads_per_block"":256}",buffer_size_mb,384,0.271634
1,1,microbench,mixbench,"{""flops_per_byte"":4,""threads_per_block"":256}",buffer_size_mb,512,0.375606
1,1,microbench,mixbench,"{""flops_per_byte"":4,""threads_per_block"":256}",buffer_size_mb,768,0.594213
1,1,microbench,mixbench,"{""flops_per_byte"":4,""threads_per_block"":256}",buffer_size_mb,1024,0.835283
1,1,microbench,mixbench,"{""flops_per_byte"":4,""threads_per_block"":256}",buffer_size_mb,1536,1.267934
1,1,microbench,mixbench,"{""flops_per_byte"":4,""threads_per_block"":256}",buffer_size_mb,2048,1.647862
1,1,microbench,mixbench,"{""flops_per_byte"":4,""threads_per_block"":256}",buffer_size_mb,3072,2.415316
1,1,microbench,mixbench,"{""flops_per_byte"":4,""threads_per_block"":256}",buffer_size_mb,4096,3.190788
1,1,microbench,mixbench,"{""flops_per_byte"":4,""threads_per_block"":512}",buffer_size_mb,1,0.006415
1,1,microbench,mixbench,"{""flops_per_byte"":4,""threads_per_block"":512}",buffer_size_mb,2,0.006695
1,1,microbench,mixbench,"{""flops_per_byte"":4,""threads_per_block"":512}",buffer_size_mb,4,0.008526
1,1,microbench,mixbench,"{""flops_per_byte"":4,""threads_per_block"":512}",buffer_size_mb,8,0.013310
1,1,microbench,mixbench,"{""flops_per_byte"":4,""threads_per_block"":512}",buffer_size_mb,16,0.021102
1,1,microbench,mixbench,"{""flops_per_byte"":4,""threads_per_block"":512}",buffer_size_mb,32,0.042857
1,1,microbench,mixbench,"{""flops_per_byte"":4,""threads_per_block"":512}",buffer_size_mb,48,0.058814
1,1,microbench,mixbench,"{""flops_per_byte"":4,""threads_per_block"":512}",buffer_size_mb,64,0.077710
1,1,microbench,mixbench,"{""flops_per_byte"":4,""threads_per_block"":512}",buffer_size_mb,96,0.109276
1,1,microbench,mixbench,"{""flops_per_byte"":4,""threads_per_block"":512}",buffer_size_mb,128,0.144782
1,1,microbench,mixbench,"{""flops_per_byte"":4,""threads_per_block"":512}",buffer_size_mb,192,0.211066
1,1,microbench,mixbench,"{""flops_per_byte"":4,""threads_per_block"":512}",buffer_size_mb,256,0.280173
1,1,microbench,mixbench,"{""flops_per_byte"":4,""threads_per_block"":512}",buffer_size_mb,384,0.349598
1,1,microbench,mixbench,"{""flops_per_byte"":4,""threads_per_block"":512}",buffer_size_mb,512,0.433762
1,1,microbench,mixbench,"{""flops_per_byte"":4,""threads_per_block"":512}",buffer_size_mb,768,0.659172
1,1,microbench,mixbench,"{""flops_per_byte"":4,""threads_per_block"":512}",buffer_size_mb,1024,0.885114
1,1,microbench,mixbench,"{""flops_per_byte"":4,""threads_per_block"":512}",buffer_size_mb,1536,1.310591
1,1,microbench,mixbench,"{""flops_per_byte"":4,""threads_per_block"":512}",buffer_size_mb,2048,1.713127
1,1,microbench,mixbench,"{""flops_per_byte"":4,""threads_per_block"":512}",buffer_size_mb,3072,2.562763
1,1,microbench,mixbench,"{""flops_per_byte"":4,""threads_per_block"":512}",buffer_size_mb,4096,3.380203
1,1,microbench,mixbench,"{""flops_per_byte"":4,""threads_per_block"":64}",buffer_size_mb,1,0.006321
1,1,microbench,mixbench,"{""flops_per_byte"":4,""threads_per_block"":64}",buffer_size_mb,2,0.008406
1,1,microbench,mixbench,"{""flops_per_byte"":4,""threads_per_block"":64}",buffer_size_mb,4,0.013083
1,1,microbench,mixbench,"{""flops_per_byte"":4,""threads_per_block"":64}",buffer_size_mb,8,0.020914
1,1,microbench,mixbench,"{""flops_per_byte"":4,""threads_per_block"":64}",buffer_size_mb,16,0.036763
1,1,microbench,mixbench,"{""flops_per_byte"":4,""threads_per_block"":64}",buffer_size_mb,32,0.068449
1,1,microbench,mixbench,"{""flops_per_byte"":4,""threads_per_block"":64}",buffer_size_mb,48,0.100174
1,1,microbench,mixbench,"{""flops_per_byte"":4,""threads_per_block"":64}",buffer_size_mb,64,0.132033
1,1,microbench,mixbench,"{""flops_per_byte"":4,""threads_per_block"":64}",buffer_size_mb,96,0.195377
1,1,microbench,mixbench,"{""flops_per_byte"":4,""threads_per_block"":64}",buffer_size_mb,128,0.258787
1,1,microbench,mixbench,"{""flops_per_byte"":4,""threads_per_block"":64}",buffer_size_mb,192,0.385703
1,1,microbench,mixbench,"{""flops_per_byte"":4,""threads_per_block"":64}",buffer_size_mb,256,0.512483
1,1,microbench,mixbench,"{""flops_per_byte"":4,""threads_per_block"":64}",buffer_size_mb,384,0.776104
1,1,microbench,mixbench,"{""flops_per_byte"":4,""threads_per_block"":64}",buffer_size_mb,512,1.022559
1,1,microbench,mixbench,"{""flops_per_byte"":4,""threads_per_block"":64}",buffer_size_mb,768,1.524555
1,1,microbench,mixbench,"{""flops_per_byte"":4,""threads_per_block"":64}",buffer_size_mb,1024,2.030157
1,1,microbench,mixbench,"{""flops_per_byte"":4,""threads_per_block"":64}",buffer_size_mb,1536,3.041764
1,1,microbench,mixbench,"{""flops_per_byte"":4,""threads_per_block"":64}",buffer_size_mb,2048,4.054276
1,1,microbench,mixbench,"{""flops_per_byte"":4,""threads_per_block"":64}",buffer_size_mb,3072,6.074127
1,1,microbench,mixbench,"{""flops_per_byte"":4,""threads_per_block"":64}",buffer_size_mb,4096,8.098959
1,1,microbench,mixbench,"{""flops_per_byte"":8,""threads_per_block"":128}",buffer_size_mb,1,0.007885
1,1,microbench,mixbench,"{""flops_per_byte"":8,""threads_per_block"":128}",buffer_size_mb,2,0.007844
1,1,microbench,mixbench,"{""flops_per_byte"":8,""threads_per_block"":128}",buffer_size_mb,4,0.010450
1,1,microbench,mixbench,"{""flops_per_byte"":8,""threads_per_block"":128}",buffer_size_mb,8,0.015422
1,1,microbench,mixbench,"{""flops_per_byte"":8,""threads_per_block"":128}",buffer_size_mb,16,0.023467
1,1,microbench,mixbench,"{""flops_per_byte"":8,""threads_per_block"":128}",buffer_size_mb,32,0.039597
1,1,microbench,mixbench,"{""flops_per_byte"":8,""threads_per_block"":128}",buffer_size_mb,48,0.055407
1,1,microbench,mixbench,"{""flops_per_byte"":8,""threads_per_block"":128}",buffer_size_mb,64,0.071496
1,1,microbench,mixbench,"{""flops_per_byte"":8,""threads_per_block"":128}",buffer_size_mb,96,0.103488
1,1,microbench,mixbench,"{""flops_per_byte"":8,""threads_per_block"":128}",buffer_size_mb,128,0.135441
1,1,microbench,mixbench,"{""flops_per_byte"":8,""threads_per_block"":128}",buffer_size_mb,192,0.201163
1,1,microbench,mixbench,"{""flops_per_byte"":8,""threads_per_block"":128}",buffer_size_mb,256,0.274600
1,1,microbench,mixbench,"{""flops_per_byte"":8,""threads_per_block"":128}",buffer_size_mb,384,0.465543
1,1,microbench,mixbench,"{""flops_per_byte"":8,""threads_per_block"":128}",buffer_size_mb,512,0.678124
1,1,microbench,mixbench,"{""flops_per_byte"":8,""threads_per_block"":128}",buffer_size_mb,768,1.031061
1,1,microbench,mixbench,"{""flops_per_byte"":8,""threads_per_block"":128}",buffer_size_mb,1024,1.304736
1,1,microbench,mixbench,"{""flops_per_byte"":8,""threads_per_block"":128}",buffer_size_mb,1536,1.878199
1,1,microbench,mixbench,"{""flops_per_byte"":8,""threads_per_block"":128}",buffer_size_mb,2048,2.498350
1,1,microbench,mixbench,"{""flops_per_byte"":8,""threads_per_block"":128}",buffer_size_mb,3072,3.452808
1,1,microbench,mixbench,"{""flops_per_byte"":8,""threads_per_block"":128}",buffer_size_mb,4096,4.542960
1,1,microbench,mixbench,"{""flops_per_byte"":8,""threads_per_block"":256}",buffer_size_mb,1,0.006388
1,1,microbench,mixbench,"{""flops_per_byte"":8,""threads_per_block"":256}",buffer_size_mb,2,0.006855
1,1,microbench,mixbench,"{""flops_per_byte"":8,""threads_per_block"":256}",buffer_size_mb,4,0.009033
1,1,microbench,mixbench,"{""flops_per_byte"":8,""threads_per_block"":256}",buffer_size_mb,8,0.014206
1,1,microbench,mixbench,"{""flops_per_byte"":8,""threads_per_block"":256}",buffer_size_mb,16,0.019591
1,1,microbench,mixbench,"{""flops_per_byte"":8,""threads_per_block"":256}",buffer_size_mb,32,0.030189
1,1,microbench,mixbench,"{""flops_per_byte"":8,""threads_per_block"":256}",buffer_size_mb,48,0.040626
1,1,microbench,mixbench,"{""flops_per_byte"":8,""threads_per_block"":256}",buffer_size_mb,64,0.050876
1,1,microbench,mixbench,"{""flops_per_byte"":8,""threads_per_block"":256}",buffer_size_mb,96,0.072431
1,1,microbench,mixbench,"{""flops_per_byte"":8,""threads_per_block"":256}",buffer_size_mb,128,0.092209
1,1,microbench,mixbench,"{""flops_per_byte"":8,""threads_per_block"":256}",buffer_size_mb,192,0.134345
1,1,microbench,mixbench,"{""flops_per_byte"":8,""threads_per_block"":256}",buffer_size_mb,256,0.176871
1,1,microbench,mixbench,"{""flops_per_byte"":8,""threads_per_block"":256}",buffer_size_mb,384,0.329260
1,1,microbench,mixbench,"{""flops_per_byte"":8,""threads_per_block"":256}",buffer_size_mb,512,0.451418
1,1,microbench,mixbench,"{""flops_per_byte"":8,""threads_per_block"":256}",buffer_size_mb,768,0.738743
1,1,microbench,mixbench,"{""flops_per_byte"":8,""threads_per_block"":256}",buffer_size_mb,1024,1.003331
1,1,microbench,mixbench,"{""flops_per_byte"":8,""threads_per_block"":256}",buffer_size_mb,1536,1.471865
1,1,microbench,mixbench,"{""flops_per_byte"":8,""threads_per_block"":256}",buffer_size_mb,2048,1.964048
1,1,microbench,mixbench,"{""flops_per_byte"":8,""threads_per_block"":256}",buffer_size_mb,3072,2.850646
1,1,microbench,mixbench,"{""flops_per_byte"":8,""threads_per_block"":256}",buffer_size_mb,4096,3.776352
1,1,microbench,mixbench,"{""flops_per_byte"":8,""threads_per_block"":512}",buffer_size_mb,1,0.006602
1,1,microbench,mixbench,"{""flops_per_byte"":8,""threads_per_block"":512}",buffer_size_mb,2,0.007150
1,1,microbench,mixbench,"{""flops_per_byte"":8,""threads_per_block"":512}",buffer_size_mb,4,0.009247
1,1,microbench,mixbench,"{""flops_per_byte"":8,""threads_per_block"":512}",buffer_size_mb,8,0.014500
1,1,microbench,mixbench,"{""flops_per_byte"":8,""threads_per_block"":512}",buffer_size_mb,16,0.024001
1,1,microbench,mixbench,"{""flops_per_byte"":8,""threads_per_block"":512}",buffer_size_mb,32,0.040799
1,1,microbench,mixbench,"{""flops_per_byte"":8,""threads_per_block"":512}",buffer_size_mb,48,0.059709
1,1,microbench,mixbench,"{""flops_per_byte"":8,""threads_per_block"":512}",buffer_size_mb,64,0.072512
1,1,microbench,mixbench,"{""flops_per_byte"":8,""threads_per_block"":512}",buffer_size_mb,96,0.106763
1,1,microbench,mixbench,"{""flops_per_byte"":8,""threads_per_block"":512}",buffer_size_mb,128,0.136751
1,1,microbench,mixbench,"{""flops_per_byte"":8,""threads_per_block"":512}",buffer_size_mb,192,0.190793
1,1,microbench,mixbench,"{""flops_per_byte"":8,""threads_per_block"":512}",buffer_size_mb,256,0.247324
1,1,microbench,mixbench,"{""flops_per_byte"":8,""threads_per_block"":512}",buffer_size_mb,384,0.360837
1,1,microbench,mixbench,"{""flops_per_byte"":8,""threads_per_block"":512}",buffer_size_mb,512,0.492968
1,1,microbench,mixbench,"{""flops_per_byte"":8,""threads_per_block"":512}",buffer_size_mb,768,0.778207
1,1,microbench,mixbench,"{""flops_per_byte"":8,""threads_per_block"":512}",buffer_size_mb,1024,1.057723
1,1,microbench,mixbench,"{""flops_per_byte"":8,""threads_per_block"":512}",buffer_size_mb,1536,1.533174
1,1,microbench,mixbench,"{""flops_per_byte"":8,""threads_per_block"":512}",buffer_size_mb,2048,2.002011
1,1,microbench,mixbench,"{""flops_per_byte"":8,""threads_per_block"":512}",buffer_size_mb,3072,2.972509
1,1,microbench,mixbench,"{""flops_per_byte"":8,""threads_per_block"":512}",buffer_size_mb,4096,3.900958
1,1,microbench,mixbench,"{""flops_per_byte"":8,""threads_per_block"":64}",buffer_size_mb,1,0.006562
1,1,microbench,mixbench,"{""flops_per_byte"":8,""threads_per_block"":64}",buffer_size_mb,2,0.008833
1,1,microbench,mixbench,"{""flops_per_byte"":8,""threads_per_block"":64}",buffer_size_mb,4,0.013324
1,1,microbench,mixbench,"{""flops_per_byte"":8,""threads_per_block"":64}",buffer_size_mb,8,0.021236
1,1,microbench,mixbench,"{""flops_per_byte"":8,""threads_per_block"":64}",buffer_size_mb,16,0.037846
1,1,microbench,mixbench,"{""flops_per_byte"":8,""threads_per_block"":64}",buffer_size_mb,32,0.069010
1,1,microbench,mixbench,"{""flops_per_byte"":8,""threads_per_block"":64}",buffer_size_mb,48,0.100802
1,1,microbench,mixbench,"{""flops_per_byte"":8,""threads_per_block"":64}",buffer_size_mb,64,0.132874
1,1,microbench,mixbench,"{""flops_per_byte"":8,""threads_per_block"":64}",buffer_size_mb,96,0.196566
1,1,microbench,mixbench,"{""flops_per_byte"":8,""threads_per_block"":64}",buffer_size_mb,128,0.260125
1,1,microbench,mixbench,"{""flops_per_byte"":8,""threads_per_block"":64}",buffer_size_mb,192,0.394375
1,1,microbench,mixbench,"{""flops_per_byte"":8,""threads_per_block"":64}",buffer_size_mb,256,0.522692
1,1,microbench,mixbench,"{""flops_per_byte"":8,""threads_per_block"":64}",buffer_size_mb,384,0.817279
1,1,microbench,mixbench,"{""flops_per_byte"":8,""threads_per_block"":64}",buffer_size_mb,512,1.075439
1,1,microbench,mixbench,"{""flops_per_byte"":8,""threads_per_block"":64}",buffer_size_mb,768,1.544681
1,1,microbench,mixbench,"{""flops_per_byte"":8,""threads_per_block"":64}",buffer_size_mb,1024,2.039534
1,1,microbench,mixbench,"{""flops_per_byte"":8,""threads_per_block"":64}",buffer_size_mb,1536,3.055783
1,1,microbench,mixbench,"{""flops_per_byte"":8,""threads_per_block"":64}",buffer_size_mb,2048,4.070458
1,1,microbench,mixbench,"{""flops_per_byte"":8,""threads_per_block"":64}",buffer_size_mb,3072,6.100026
1,1,microbench,mixbench,"{""flops_per_byte"":8,""threads_per_block"":64}",buffer_size_mb,4096,8.131525
1,1,microbench,pcie_bandwidth,"{""transfer_type"":""all"",""use_pinned_memory"":""true""}",buffer_size_mb,1,0.108940
1,1,microbench,pcie_bandwidth,"{""transfer_type"":""all"",""use_pinned_memory"":""true""}",buffer_size_mb,2,0.174422
1,1,microbench,pcie_bandwidth,"{""transfer_type"":""all"",""use_pinned_memory"":""true""}",buffer_size_mb,4,0.293495
1,1,microbench,pcie_bandwidth,"{""transfer_type"":""all"",""use_pinned_memory"":""true""}",buffer_size_mb,8,0.534489
1,1,microbench,pcie_bandwidth,"{""transfer_type"":""all"",""use_pinned_memory"":""true""}",buffer_size_mb,12,0.769469
1,1,microbench,pcie_bandwidth,"{""transfer_type"":""all"",""use_pinned_memory"":""true""}",buffer_size_mb,16,1.006952
1,1,microbench,pcie_bandwidth,"{""transfer_type"":""all"",""use_pinned_memory"":""true""}",buffer_size_mb,24,1.476821
1,1,microbench,pcie_bandwidth,"{""transfer_type"":""all"",""use_pinned_memory"":""true""}",buffer_size_mb,32,1.945529
1,1,microbench,pcie_bandwidth,"{""transfer_type"":""all"",""use_pinned_memory"":""true""}",buffer_size_mb,48,2.884731
1,1,microbench,pcie_bandwidth,"{""transfer_type"":""all"",""use_pinned_memory"":""true""}",buffer_size_mb,64,3.822853
1,1,microbench,pcie_bandwidth,"{""transfer_type"":""all"",""use_pinned_memory"":""true""}",buffer_size_mb,96,5.701910
1,1,microbench,pcie_bandwidth,"{""transfer_type"":""all"",""use_pinned_memory"":""true""}",buffer_size_mb,128,7.585575
1,1,microbench,pcie_bandwidth,"{""transfer_type"":""all"",""use_pinned_memory"":""true""}",buffer_size_mb,192,11.560407
1,1,microbench,pcie_bandwidth,"{""transfer_type"":""all"",""use_pinned_memory"":""true""}",buffer_size_mb,256,15.476879
1,1,microbench,pcie_bandwidth,"{""transfer_type"":""all"",""use_pinned_memory"":""true""}",buffer_size_mb,384,23.569099
1,1,microbench,pcie_bandwidth,"{""transfer_type"":""all"",""use_pinned_memory"":""true""}",buffer_size_mb,512,31.469411
1,1,microbench,pcie_bandwidth,"{""transfer_type"":""all"",""use_pinned_memory"":""true""}",buffer_size_mb,768,47.655322
1,1,microbench,pcie_bandwidth,"{""transfer_type"":""all"",""use_pinned_memory"":""true""}",buffer_size_mb,1024,62.502635
1,1,microbench,pcie_bandwidth,"{""transfer_type"":""all"",""use_pinned_memory"":""true""}",buffer_size_mb,1536,94.075890
1,1,microbench,pcie_bandwidth,"{""transfer_type"":""all"",""use_pinned_memory"":""true""}",buffer_size_mb,2048,125.334747
1,1,microbench,pcie_bandwidth,"{""transfer_type"":""all"",""use_pinned_memory"":""true""}",buffer_size_mb,3072,187.672316
1,1,microbench,pcie_bandwidth,"{""transfer_type"":""all"",""use_pinned_memory"":""true""}",buffer_size_mb,4096,249.124039
1,1,microbench,shared_mem_bandwidth,"{""access_pattern"":""conflict"",""block_size"":1024,""num_blocks"":304}",inner_iters,64,0.147736
1,1,microbench,shared_mem_bandwidth,"{""access_pattern"":""conflict"",""block_size"":1024,""num_blocks"":304}",inner_iters,128,0.289405
1,1,microbench,shared_mem_bandwidth,"{""access_pattern"":""conflict"",""block_size"":1024,""num_blocks"":304}",inner_iters,256,0.573612
1,1,microbench,shared_mem_bandwidth,"{""access_pattern"":""conflict"",""block_size"":1024,""num_blocks"":304}",inner_iters,512,1.142304
1,1,microbench,shared_mem_bandwidth,"{""access_pattern"":""conflict"",""block_size"":1024,""num_blocks"":304}",inner_iters,1024,2.276201
1,1,microbench,shared_mem_bandwidth,"{""access_pattern"":""conflict"",""block_size"":1024,""num_blocks"":304}",inner_iters,2048,4.546926
1,1,microbench,shared_mem_bandwidth,"{""access_pattern"":""conflict"",""block_size"":1024,""num_blocks"":304}",inner_iters,4096,9.081744
1,1,microbench,shared_mem_bandwidth,"{""access_pattern"":""conflict"",""block_size"":1024,""num_blocks"":304}",inner_iters,8192,18.141057
1,1,microbench,shared_mem_bandwidth,"{""access_pattern"":""conflict"",""block_size"":1024,""num_blocks"":304}",inner_iters,16384,36.280426
1,1,microbench,shared_mem_bandwidth,"{""access_pattern"":""conflict"",""block_size"":1024,""num_blocks"":304}",inner_iters,32768,72.561620
1,1,microbench,shared_mem_bandwidth,"{""access_pattern"":""conflict"",""block_size"":1024,""num_blocks"":304}",inner_iters,65536,145.105047
1,1,microbench,shared_mem_bandwidth,"{""access_pattern"":""conflict"",""block_size"":256,""num_blocks"":304}",inner_iters,64,0.043367
1,1,microbench,shared_mem_bandwidth,"{""access_pattern"":""conflict"",""block_size"":256,""num_blocks"":304}",inner_iters,128,0.078686
1,1,microbench,shared_mem_bandwidth,"{""access_pattern"":""conflict"",""block_size"":256,""num_blocks"":304}",inner_iters,256,0.149928
1,1,microbench,shared_mem_bandwidth,"{""access_pattern"":""conflict"",""block_size"":256,""num_blocks"":304}",inner_iters,512,0.292225
1,1,microbench,shared_mem_bandwidth,"{""access_pattern"":""conflict"",""block_size"":256,""num_blocks"":304}",inner_iters,1024,0.576792
1,1,microbench,shared_mem_bandwidth,"{""access_pattern"":""conflict"",""block_size"":256,""num_blocks"":304}",inner_iters,2048,1.145445
1,1,microbench,shared_mem_bandwidth,"{""access_pattern"":""conflict"",""block_size"":256,""num_blocks"":304}",inner_iters,4096,2.278127
1,1,microbench,shared_mem_bandwidth,"{""access_pattern"":""conflict"",""block_size"":256,""num_blocks"":304}",inner_iters,8192,4.541886
1,1,microbench,shared_mem_bandwidth,"{""access_pattern"":""conflict"",""block_size"":256,""num_blocks"":304}",inner_iters,16384,9.074713
1,1,microbench,shared_mem_bandwidth,"{""access_pattern"":""conflict"",""block_size"":256,""num_blocks"":304}",inner_iters,32768,18.142813
1,1,microbench,shared_mem_bandwidth,"{""access_pattern"":""conflict"",""block_size"":256,""num_blocks"":304}",inner_iters,65536,36.274412
1,1,microbench,shared_mem_bandwidth,"{""access_pattern"":""conflict"",""block_size"":32,""num_blocks"":304}",inner_iters,64,0.042991
1,1,microbench,shared_mem_bandwidth,"{""access_pattern"":""conflict"",""block_size"":32,""num_blocks"":304}",inner_iters,128,0.050822
1,1,microbench,shared_mem_bandwidth,"{""access_pattern"":""conflict"",""block_size"":32,""num_blocks"":304}",inner_iters,256,0.066819
1,1,microbench,shared_mem_bandwidth,"{""access_pattern"":""conflict"",""block_size"":32,""num_blocks"":304}",inner_iters,512,0.098639
1,1,microbench,shared_mem_bandwidth,"{""access_pattern"":""conflict"",""block_size"":32,""num_blocks"":304}",inner_iters,1024,0.162436
1,1,microbench,shared_mem_bandwidth,"{""access_pattern"":""conflict"",""block_size"":32,""num_blocks"":304}",inner_iters,2048,0.289485
1,1,microbench,shared_mem_bandwidth,"{""access_pattern"":""conflict"",""block_size"":32,""num_blocks"":304}",inner_iters,4096,0.543890
1,1,microbench,shared_mem_bandwidth,"{""access_pattern"":""conflict"",""block_size"":32,""num_blocks"":304}",inner_iters,8192,1.051684
1,1,microbench,shared_mem_bandwidth,"{""access_pattern"":""conflict"",""block_size"":32,""num_blocks"":304}",inner_iters,16384,2.065255
1,1,microbench,shared_mem_bandwidth,"{""access_pattern"":""conflict"",""block_size"":32,""num_blocks"":304}",inner_iters,32768,4.094019
1,1,microbench,shared_mem_bandwidth,"{""access_pattern"":""conflict"",""block_size"":32,""num_blocks"":304}",inner_iters,65536,8.152031
1,1,microbench,shared_mem_bandwidth,"{""access_pattern"":""conflict"",""block_size"":64,""num_blocks"":304}",inner_iters,64,0.031672
1,1,microbench,shared_mem_bandwidth,"{""access_pattern"":""conflict"",""block_size"":64,""num_blocks"":304}",inner_iters,128,0.043953
1,1,microbench,shared_mem_bandwidth,"{""access_pattern"":""conflict"",""block_size"":64,""num_blocks"":304}",inner_iters,256,0.068449
1,1,microbench,shared_mem_bandwidth,"{""access_pattern"":""conflict"",""block_size"":64,""num_blocks"":304}",inner_iters,512,0.118523
1,1,microbench,shared_mem_bandwidth,"{""access_pattern"":""conflict"",""block_size"":64,""num_blocks"":304}",inner_iters,1024,0.215463
1,1,microbench,shared_mem_bandwidth,"{""access_pattern"":""conflict"",""block_size"":64,""num_blocks"":304}",inner_iters,2048,0.411871
1,1,microbench,shared_mem_bandwidth,"{""access_pattern"":""conflict"",""block_size"":64,""num_blocks"":304}",inner_iters,4096,0.803584
1,1,microbench,shared_mem_bandwidth,"{""access_pattern"":""conflict"",""block_size"":64,""num_blocks"":304}",inner_iters,8192,1.586606
1,1,microbench,shared_mem_bandwidth,"{""access_pattern"":""conflict"",""block_size"":64,""num_blocks"":304}",inner_iters,16384,3.149845
1,1,microbench,shared_mem_bandwidth,"{""access_pattern"":""conflict"",""block_size"":64,""num_blocks"":304}",inner_iters,32768,6.274470
1,1,microbench,shared_mem_bandwidth,"{""access_pattern"":""conflict"",""block_size"":64,""num_blocks"":304}",inner_iters,65536,12.532122
1,1,microbench,shared_mem_bandwidth,"{""access_pattern"":""no_conflict"",""block_size"":1024,""num_blocks"":304}",inner_iters,64,0.015997
1,1,microbench,shared_mem_bandwidth,"{""access_pattern"":""no_conflict"",""block_size"":1024,""num_blocks"":304}",inner_iters,128,0.026754
1,1,microbench,shared_mem_bandwidth,"{""access_pattern"":""no_conflict"",""block_size"":1024,""num_blocks"":304}",inner_iters,256,0.048564
1,1,microbench,shared_mem_bandwidth,"{""access_pattern"":""no_conflict"",""block_size"":1024,""num_blocks"":304}",inner_iters,512,0.092252
1,1,microbench,shared_mem_bandwidth,"{""access_pattern"":""no_conflict"",""block_size"":1024,""num_blocks"":304}",inner_iters,1024,0.179381
1,1,microbench,shared_mem_bandwidth,"{""access_pattern"":""no_conflict"",""block_size"":1024,""num_blocks"":304}",inner_iters,2048,0.374866
1,1,microbench,shared_mem_bandwidth,"{""access_pattern"":""no_conflict"",""block_size"":1024,""num_blocks"":304}",inner_iters,4096,0.860802
1,1,microbench,shared_mem_bandwidth,"{""access_pattern"":""no_conflict"",""block_size"":1024,""num_blocks"":304}",inner_iters,8192,1.570889
1,1,microbench,shared_mem_bandwidth,"{""access_pattern"":""no_conflict"",""block_size"":1024,""num_blocks"":304}",inner_iters,16384,3.017686
1,1,microbench,shared_mem_bandwidth,"{""access_pattern"":""no_conflict"",""block_size"":1024,""num_blocks"":304}",inner_iters,32768,6.279802
1,1,microbench,shared_mem_bandwidth,"{""access_pattern"":""no_conflict"",""block_size"":1024,""num_blocks"":304}",inner_iters,65536,12.261912
1,1,microbench,shared_mem_bandwidth,"{""access_pattern"":""no_conflict"",""block_size"":256,""num_blocks"":304}",inner_iters,64,0.014446
1,1,microbench,shared_mem_bandwidth,"{""access_pattern"":""no_conflict"",""block_size"":256,""num_blocks"":304}",inner_iters,128,0.017440
1,1,microbench,shared_mem_bandwidth,"{""access_pattern"":""no_conflict"",""block_size"":256,""num_blocks"":304}",inner_iters,256,0.026901
1,1,microbench,shared_mem_bandwidth,"{""access_pattern"":""no_conflict"",""block_size"":256,""num_blocks"":304}",inner_iters,512,0.047575
1,1,microbench,shared_mem_bandwidth,"{""access_pattern"":""no_conflict"",""block_size"":256,""num_blocks"":304}",inner_iters,1024,0.084259
1,1,microbench,shared_mem_bandwidth,"{""access_pattern"":""no_conflict"",""block_size"":256,""num_blocks"":304}",inner_iters,2048,0.161394
1,1,microbench,shared_mem_bandwidth,"{""access_pattern"":""no_conflict"",""block_size"":256,""num_blocks"":304}",inner_iters,4096,0.317722
1,1,microbench,shared_mem_bandwidth,"{""access_pattern"":""no_conflict"",""block_size"":256,""num_blocks"":304}",inner_iters,8192,0.635834
1,1,microbench,shared_mem_bandwidth,"{""access_pattern"":""no_conflict"",""block_size"":256,""num_blocks"":304}",inner_iters,16384,1.231158
1,1,microbench,shared_mem_bandwidth,"{""access_pattern"":""no_conflict"",""block_size"":256,""num_blocks"":304}",inner_iters,32768,2.453054
1,1,microbench,shared_mem_bandwidth,"{""access_pattern"":""no_conflict"",""block_size"":256,""num_blocks"":304}",inner_iters,65536,4.895816
1,1,microbench,shared_mem_bandwidth,"{""access_pattern"":""no_conflict"",""block_size"":32,""num_blocks"":304}",inner_iters,64,0.039490
1,1,microbench,shared_mem_bandwidth,"{""access_pattern"":""no_conflict"",""block_size"":32,""num_blocks"":304}",inner_iters,128,0.043686
1,1,microbench,shared_mem_bandwidth,"{""access_pattern"":""no_conflict"",""block_size"":32,""num_blocks"":304}",inner_iters,256,0.052172
1,1,microbench,shared_mem_bandwidth,"{""access_pattern"":""no_conflict"",""block_size"":32,""num_blocks"":304}",inner_iters,512,0.069705
1,1,microbench,shared_mem_bandwidth,"{""access_pattern"":""no_conflict"",""block_size"":32,""num_blocks"":304}",inner_iters,1024,0.103796
1,1,microbench,shared_mem_bandwidth,"{""access_pattern"":""no_conflict"",""block_size"":32,""num_blocks"":304}",inner_iters,2048,0.173234
1,1,microbench,shared_mem_bandwidth,"{""access_pattern"":""no_conflict"",""block_size"":32,""num_blocks"":304}",inner_iters,4096,0.311294
1,1,microbench,shared_mem_bandwidth,"{""access_pattern"":""no_conflict"",""block_size"":32,""num_blocks"":304}",inner_iters,8192,0.587884
1,1,microbench,shared_mem_bandwidth,"{""access_pattern"":""no_conflict"",""block_size"":32,""num_blocks"":304}",inner_iters,16384,1.138990
1,1,microbench,shared_mem_bandwidth,"{""access_pattern"":""no_conflict"",""block_size"":32,""num_blocks"":304}",inner_iters,32768,2.241876
1,1,microbench,shared_mem_bandwidth,"{""access_pattern"":""no_conflict"",""block_size"":32,""num_blocks"":304}",inner_iters,65536,4.445292
1,1,microbench,shared_mem_bandwidth,"{""access_pattern"":""no_conflict"",""block_size"":64,""num_blocks"":304}",inner_iters,64,0.023747
1,1,microbench,shared_mem_bandwidth,"{""access_pattern"":""no_conflict"",""block_size"":64,""num_blocks"":304}",inner_iters,128,0.027915
1,1,microbench,shared_mem_bandwidth,"{""access_pattern"":""no_conflict"",""block_size"":64,""num_blocks"":304}",inner_iters,256,0.038167
1,1,microbench,shared_mem_bandwidth,"{""access_pattern"":""no_conflict"",""block_size"":64,""num_blocks"":304}",inner_iters,512,0.053936
1,1,microbench,shared_mem_bandwidth,"{""access_pattern"":""no_conflict"",""block_size"":64,""num_blocks"":304}",inner_iters,1024,0.088577
1,1,microbench,shared_mem_bandwidth,"{""access_pattern"":""no_conflict"",""block_size"":64,""num_blocks"":304}",inner_iters,2048,0.157839
1,1,microbench,shared_mem_bandwidth,"{""access_pattern"":""no_conflict"",""block_size"":64,""num_blocks"":304}",inner_iters,4096,0.296341
1,1,microbench,shared_mem_bandwidth,"{""access_pattern"":""no_conflict"",""block_size"":64,""num_blocks"":304}",inner_iters,8192,0.573179
1,1,microbench,shared_mem_bandwidth,"{""access_pattern"":""no_conflict"",""block_size"":64,""num_blocks"":304}",inner_iters,16384,1.125957
1,1,microbench,shared_mem_bandwidth,"{""access_pattern"":""no_conflict"",""block_size"":64,""num_blocks"":304}",inner_iters,32768,2.230661
1,1,microbench,shared_mem_bandwidth,"{""access_pattern"":""no_conflict"",""block_size"":64,""num_blocks"":304}",inner_iters,65536,4.436341
1,1,microbench,shared_mem_latency,"{""access_pattern"":""conflict"",""block_size"":1024,""num_blocks"":1}",inner_iters,64,0.753728
1,1,microbench,shared_mem_latency,"{""access_pattern"":""conflict"",""block_size"":1024,""num_blocks"":1}",inner_iters,128,1.504010
1,1,microbench,shared_mem_latency,"{""access_pattern"":""conflict"",""block_size"":1024,""num_blocks"":1}",inner_iters,256,3.001079
1,1,microbench,shared_mem_latency,"{""access_pattern"":""conflict"",""block_size"":1024,""num_blocks"":1}",inner_iters,512,5.997164
1,1,microbench,shared_mem_latency,"{""access_pattern"":""conflict"",""block_size"":1024,""num_blocks"":1}",inner_iters,1024,11.989134
1,1,microbench,shared_mem_latency,"{""access_pattern"":""conflict"",""block_size"":1024,""num_blocks"":1}",inner_iters,2048,23.976494
1,1,microbench,shared_mem_latency,"{""access_pattern"":""conflict"",""block_size"":1024,""num_blocks"":1}",inner_iters,4096,47.943738
1,1,microbench,shared_mem_latency,"{""access_pattern"":""conflict"",""block_size"":1024,""num_blocks"":1}",inner_iters,8192,95.898534
1,1,microbench,shared_mem_latency,"{""access_pattern"":""conflict"",""block_size"":1024,""num_blocks"":1}",inner_iters,16384,191.786199
1,1,microbench,shared_mem_latency,"{""access_pattern"":""conflict"",""block_size"":1024,""num_blocks"":1}",inner_iters,32768,383.600444
1,1,microbench,shared_mem_latency,"{""access_pattern"":""conflict"",""block_size"":1024,""num_blocks"":1}",inner_iters,65536,767.000936
1,1,microbench,shared_mem_latency,"{""access_pattern"":""conflict"",""block_size"":256,""num_blocks"":1}",inner_iters,64,0.754566
1,1,microbench,shared_mem_latency,"{""access_pattern"":""conflict"",""block_size"":256,""num_blocks"":1}",inner_iters,128,1.503641
1,1,microbench,shared_mem_latency,"{""access_pattern"":""conflict"",""block_size"":256,""num_blocks"":1}",inner_iters,256,3.000751
1,1,microbench,shared_mem_latency,"{""access_pattern"":""conflict"",""block_size"":256,""num_blocks"":1}",inner_iters,512,5.998844
1,1,microbench,shared_mem_latency,"{""access_pattern"":""conflict"",""block_size"":256,""num_blocks"":1}",inner_iters,1024,11.989236
1,1,microbench,shared_mem_latency,"{""access_pattern"":""conflict"",""block_size"":256,""num_blocks"":1}",inner_iters,2048,23.972569
1,1,microbench,shared_mem_latency,"{""access_pattern"":""conflict"",""block_size"":256,""num_blocks"":1}",inner_iters,4096,47.946850
1,1,microbench,shared_mem_latency,"{""access_pattern"":""conflict"",""block_size"":256,""num_blocks"":1}",inner_iters,8192,95.894831
1,1,microbench,shared_mem_latency,"{""access_pattern"":""conflict"",""block_size"":256,""num_blocks"":1}",inner_iters,16384,191.778300
1,1,microbench,shared_mem_latency,"{""access_pattern"":""conflict"",""block_size"":256,""num_blocks"":1}",inner_iters,32768,383.565969
1,1,microbench,shared_mem_latency,"{""access_pattern"":""conflict"",""block_size"":256,""num_blocks"":1}",inner_iters,65536,767.096802
1,1,microbench,shared_mem_latency,"{""access_pattern"":""conflict"",""block_size"":32,""num_blocks"":1}",inner_iters,64,1.587280
1,1,microbench,shared_mem_latency,"{""access_pattern"":""conflict"",""block_size"":32,""num_blocks"":1}",inner_iters,128,3.160674
1,1,microbench,shared_mem_latency,"{""access_pattern"":""conflict"",""block_size"":32,""num_blocks"":1}",inner_iters,256,6.303098
1,1,microbench,shared_mem_latency,"{""access_pattern"":""conflict"",""block_size"":32,""num_blocks"":1}",inner_iters,512,12.589853
1,1,microbench,shared_mem_latency,"{""access_pattern"":""conflict"",""block_size"":32,""num_blocks"":1}",inner_iters,1024,25.159067
1,1,microbench,shared_mem_latency,"{""access_pattern"":""conflict"",""block_size"":32,""num_blocks"":1}",inner_iters,2048,50.307404
1,1,microbench,shared_mem_latency,"{""access_pattern"":""conflict"",""block_size"":32,""num_blocks"":1}",inner_iters,4096,100.613981
1,1,microbench,shared_mem_latency,"{""access_pattern"":""conflict"",""block_size"":32,""num_blocks"":1}",inner_iters,8192,201.202601
1,1,microbench,shared_mem_latency,"{""access_pattern"":""conflict"",""block_size"":32,""num_blocks"":1}",inner_iters,16384,402.407705
1,1,microbench,shared_mem_latency,"{""access_pattern"":""conflict"",""block_size"":32,""num_blocks"":1}",inner_iters,32768,804.737935
1,1,microbench,shared_mem_latency,"{""access_pattern"":""conflict"",""block_size"":32,""num_blocks"":1}",inner_iters,65536,1609.516479
1,1,microbench,shared_mem_latency,"{""access_pattern"":""conflict"",""block_size"":64,""num_blocks"":1}",inner_iters,64,1.136383
1,1,microbench,shared_mem_latency,"{""access_pattern"":""conflict"",""block_size"":64,""num_blocks"":1}",inner_iters,128,2.263455
1,1,microbench,shared_mem_latency,"{""access_pattern"":""conflict"",""block_size"":64,""num_blocks"":1}",inner_iters,256,4.516672
1,1,microbench,shared_mem_latency,"{""access_pattern"":""conflict"",""block_size"":64,""num_blocks"":1}",inner_iters,512,9.021261
1,1,microbench,shared_mem_latency,"{""access_pattern"":""conflict"",""block_size"":64,""num_blocks"":1}",inner_iters,1024,18.036161
1,1,microbench,shared_mem_latency,"{""access_pattern"":""conflict"",""block_size"":64,""num_blocks"":1}",inner_iters,2048,36.063164
1,1,microbench,shared_mem_latency,"{""access_pattern"":""conflict"",""block_size"":64,""num_blocks"":1}",inner_iters,4096,72.122299
1,1,microbench,shared_mem_latency,"{""access_pattern"":""conflict"",""block_size"":64,""num_blocks"":1}",inner_iters,8192,144.236760
1,1,microbench,shared_mem_latency,"{""access_pattern"":""conflict"",""block_size"":64,""num_blocks"":1}",inner_iters,16384,288.450348
1,1,microbench,shared_mem_latency,"{""access_pattern"":""conflict"",""block_size"":64,""num_blocks"":1}",inner_iters,32768,576.818420
1,1,microbench,shared_mem_latency,"{""access_pattern"":""conflict"",""block_size"":64,""num_blocks"":1}",inner_iters,65536,1153.716634
1,1,microbench,shared_mem_latency,"{""access_pattern"":""no_conflict"",""block_size"":1024,""num_blocks"":1}",inner_iters,64,0.049045
1,1,microbench,shared_mem_latency,"{""access_pattern"":""no_conflict"",""block_size"":1024,""num_blocks"":1}",inner_iters,128,0.096591
1,1,microbench,shared_mem_latency,"{""access_pattern"":""no_conflict"",""block_size"":1024,""num_blocks"":1}",inner_iters,256,0.188562
1,1,microbench,shared_mem_latency,"{""access_pattern"":""no_conflict"",""block_size"":1024,""num_blocks"":1}",inner_iters,512,0.371485
1,1,microbench,shared_mem_latency,"{""access_pattern"":""no_conflict"",""block_size"":1024,""num_blocks"":1}",inner_iters,1024,0.719398
1,1,microbench,shared_mem_latency,"{""access_pattern"":""no_conflict"",""block_size"":1024,""num_blocks"":1}",inner_iters,2048,1.450888
1,1,microbench,shared_mem_latency,"{""access_pattern"":""no_conflict"",""block_size"":1024,""num_blocks"":1}",inner_iters,4096,2.811411
1,1,microbench,shared_mem_latency,"{""access_pattern"":""no_conflict"",""block_size"":1024,""num_blocks"":1}",inner_iters,8192,5.621926
1,1,microbench,shared_mem_latency,"{""access_pattern"":""no_conflict"",""block_size"":1024,""num_blocks"":1}",inner_iters,16384,10.906681
1,1,microbench,shared_mem_latency,"{""access_pattern"":""no_conflict"",""block_size"":1024,""num_blocks"":1}",inner_iters,32768,22.409403
1,1,microbench,shared_mem_latency,"{""access_pattern"":""no_conflict"",""block_size"":1024,""num_blocks"":1}",inner_iters,65536,46.060051
1,1,microbench,shared_mem_latency,"{""access_pattern"":""no_conflict"",""block_size"":256,""num_blocks"":1}",inner_iters,64,0.159910
1,1,microbench,shared_mem_latency,"{""access_pattern"":""no_conflict"",""block_size"":256,""num_blocks"":1}",inner_iters,128,0.313594
1,1,microbench,shared_mem_latency,"{""access_pattern"":""no_conflict"",""block_size"":256,""num_blocks"":1}",inner_iters,256,0.620105
1,1,microbench,shared_mem_latency,"{""access_pattern"":""no_conflict"",""block_size"":256,""num_blocks"":1}",inner_iters,512,1.235039
1,1,microbench,shared_mem_latency,"{""access_pattern"":""no_conflict"",""block_size"":256,""num_blocks"":1}",inner_iters,1024,2.464486
1,1,microbench,shared_mem_latency,"{""access_pattern"":""no_conflict"",""block_size"":256,""num_blocks"":1}",inner_iters,2048,4.925982
1,1,microbench,shared_mem_latency,"{""access_pattern"":""no_conflict"",""block_size"":256,""num_blocks"":1}",inner_iters,4096,9.845412
1,1,microbench,shared_mem_latency,"{""access_pattern"":""no_conflict"",""block_size"":256,""num_blocks"":1}",inner_iters,8192,19.688474
1,1,microbench,shared_mem_latency,"{""access_pattern"":""no_conflict"",""block_size"":256,""num_blocks"":1}",inner_iters,16384,39.376301
1,1,microbench,shared_mem_latency,"{""access_pattern"":""no_conflict"",""block_size"":256,""num_blocks"":1}",inner_iters,32768,78.741358
1,1,microbench,shared_mem_latency,"{""access_pattern"":""no_conflict"",""block_size"":256,""num_blocks"":1}",inner_iters,65536,157.463506
1,1,microbench,shared_mem_latency,"{""access_pattern"":""no_conflict"",""block_size"":32,""num_blocks"":1}",inner_iters,64,1.202333
1,1,microbench,shared_mem_latency,"{""access_pattern"":""no_conflict"",""block_size"":32,""num_blocks"":1}",inner_iters,128,2.389674
1,1,microbench,shared_mem_latency,"{""access_pattern"":""no_conflict"",""block_size"":32,""num_blocks"":1}",inner_iters,256,4.766008
1,1,microbench,shared_mem_latency,"{""access_pattern"":""no_conflict"",""block_size"":32,""num_blocks"":1}",inner_iters,512,9.517480
1,1,microbench,shared_mem_latency,"{""access_pattern"":""no_conflict"",""block_size"":32,""num_blocks"":1}",inner_iters,1024,19.016359
1,1,microbench,shared_mem_latency,"{""access_pattern"":""no_conflict"",""block_size"":32,""num_blocks"":1}",inner_iters,2048,38.011199
1,1,microbench,shared_mem_latency,"{""access_pattern"":""no_conflict"",""block_size"":32,""num_blocks"":1}",inner_iters,4096,76.025205
1,1,microbench,shared_mem_latency,"{""access_pattern"":""no_conflict"",""block_size"":32,""num_blocks"":1}",inner_iters,8192,152.013718
1,1,microbench,shared_mem_latency,"{""access_pattern"":""no_conflict"",""block_size"":32,""num_blocks"":1}",inner_iters,16384,304.033620
1,1,microbench,shared_mem_latency,"{""access_pattern"":""no_conflict"",""block_size"":32,""num_blocks"":1}",inner_iters,32768,608.083171
1,1,microbench,shared_mem_latency,"{""access_pattern"":""no_conflict"",""block_size"":32,""num_blocks"":1}",inner_iters,65536,1216.125936
1,1,microbench,shared_mem_latency,"{""access_pattern"":""no_conflict"",""block_size"":64,""num_blocks"":1}",inner_iters,64,0.604494
1,1,microbench,shared_mem_latency,"{""access_pattern"":""no_conflict"",""block_size"":64,""num_blocks"":1}",inner_iters,128,1.198915
1,1,microbench,shared_mem_latency,"{""access_pattern"":""no_conflict"",""block_size"":64,""num_blocks"":1}",inner_iters,256,2.389262
1,1,microbench,shared_mem_latency,"{""access_pattern"":""no_conflict"",""block_size"":64,""num_blocks"":1}",inner_iters,512,4.765670
1,1,microbench,shared_mem_latency,"{""access_pattern"":""no_conflict"",""block_size"":64,""num_blocks"":1}",inner_iters,1024,9.524028
1,1,microbench,shared_mem_latency,"{""access_pattern"":""no_conflict"",""block_size"":64,""num_blocks"":1}",inner_iters,2048,19.035287
1,1,microbench,shared_mem_latency,"{""access_pattern"":""no_conflict"",""block_size"":64,""num_blocks"":1}",inner_iters,4096,38.064570
1,1,microbench,shared_mem_latency,"{""access_pattern"":""no_conflict"",""block_size"":64,""num_blocks"":1}",inner_iters,8192,76.122060
1,1,microbench,shared_mem_latency,"{""access_pattern"":""no_conflict"",""block_size"":64,""num_blocks"":1}",inner_iters,16384,152.236221
1,1,microbench,shared_mem_latency,"{""access_pattern"":""no_conflict"",""block_size"":64,""num_blocks"":1}",inner_iters,32768,304.451782
1,1,microbench,shared_mem_latency,"{""access_pattern"":""no_conflict"",""block_size"":64,""num_blocks"":1}",inner_iters,65536,608.806152
1,1,microbench,tensor_core_throughput,"{""precision"":""fp16""}",matrix_dim,256,0.006883
1,1,microbench,tensor_core_throughput,"{""precision"":""fp16""}",matrix_dim,512,0.010945
1,1,microbench,tensor_core_throughput,"{""precision"":""fp16""}",matrix_dim,768,0.015716
1,1,microbench,tensor_core_throughput,"{""precision"":""fp16""}",matrix_dim,1024,0.069654
1,1,microbench,tensor_core_throughput,"{""precision"":""fp16""}",matrix_dim,1280,0.062382
1,1,microbench,tensor_core_throughput,"{""precision"":""fp16""}",matrix_dim,1536,0.114234
1,1,microbench,tensor_core_throughput,"{""precision"":""fp16""}",matrix_dim,2048,0.369119
1,1,microbench,tensor_core_throughput,"{""precision"":""fp16""}",matrix_dim,2560,0.476618
1,1,microbench,tensor_core_throughput,"{""precision"":""fp16""}",matrix_dim,3072,0.870622
1,1,microbench,tensor_core_throughput,"{""precision"":""fp16""}",matrix_dim,3584,1.279559
1,1,microbench,tensor_core_throughput,"{""precision"":""fp16""}",matrix_dim,4096,1.994252
1,1,microbench,tensor_core_throughput,"{""precision"":""fp16""}",matrix_dim,4608,2.830508
1,1,microbench,tensor_core_throughput,"{""precision"":""fp16""}",matrix_dim,5120,3.926498
1,1,microbench,tensor_core_throughput,"{""precision"":""fp16""}",matrix_dim,5632,5.197300
1,1,microbench,tensor_core_throughput,"{""precision"":""fp16""}",matrix_dim,6144,8.455763
1,1,microbench,tensor_core_throughput,"{""precision"":""fp16""}",matrix_dim,6656,9.346601
1,1,microbench,tensor_core_throughput,"{""precision"":""fp16""}",matrix_dim,7168,13.101710
1,1,microbench,tensor_core_throughput,"{""precision"":""fp16""}",matrix_dim,7680,15.351937
1,1,microbench,tensor_core_throughput,"{""precision"":""fp16""}",matrix_dim,8192,19.260517
1,1,microbench,tensor_core_throughput,"{""precision"":""fp16""}",matrix_dim,9216,29.975284
1,1,microbench,tensor_core_throughput,"{""precision"":""fp16""}",matrix_dim,10240,47.468953
1,1,microbench,tensor_core_throughput,"{""precision"":""fp16""}",matrix_dim,11264,66.767761
1,1,microbench,tensor_core_throughput,"{""precision"":""fp16""}",matrix_dim,12288,128.837613
1,1,microbench,tensor_core_throughput,"{""precision"":""fp16""}",matrix_dim,14336,191.278117
1,1,microbench,tensor_core_throughput,"{""precision"":""fp16""}",matrix_dim,16384,238.330429
1,1,microbench,warp_shuffle,"{""num_blocks"":1,""shuffle_variant"":""all"",""threads_per_block"":256}",ops_per_thread,4,0.023574
1,1,microbench,warp_shuffle,"{""num_blocks"":1,""shuffle_variant"":""all"",""threads_per_block"":256}",ops_per_thread,6,0.024162
1,1,microbench,warp_shuffle,"{""num_blocks"":1,""shuffle_variant"":""all"",""threads_per_block"":256}",ops_per_thread,8,0.026700
1,1,microbench,warp_shuffle,"{""num_blocks"":1,""shuffle_variant"":""all"",""threads_per_block"":256}",ops_per_thread,12,0.024642
1,1,microbench,warp_shuffle,"{""num_blocks"":1,""shuffle_variant"":""all"",""threads_per_block"":256}",ops_per_thread,16,0.022491
1,1,microbench,warp_shuffle,"{""num_blocks"":1,""shuffle_variant"":""all"",""threads_per_block"":256}",ops_per_thread,24,0.024122
1,1,microbench,warp_shuffle,"{""num_blocks"":1,""shuffle_variant"":""all"",""threads_per_block"":256}",ops_per_thread,32,0.023854
1,1,microbench,warp_shuffle,"{""num_blocks"":1,""shuffle_variant"":""all"",""threads_per_block"":256}",ops_per_thread,48,0.022611
1,1,microbench,warp_shuffle,"{""num_blocks"":1,""shuffle_variant"":""all"",""threads_per_block"":256}",ops_per_thread,64,0.024388
1,1,microbench,warp_shuffle,"{""num_blocks"":1,""shuffle_variant"":""all"",""threads_per_block"":256}",ops_per_thread,96,0.030496
1,1,microbench,warp_shuffle,"{""num_blocks"":1,""shuffle_variant"":""all"",""threads_per_block"":256}",ops_per_thread,128,0.028452
1,1,microbench,warp_shuffle,"{""num_blocks"":1,""shuffle_variant"":""all"",""threads_per_block"":256}",ops_per_thread,192,0.036202
1,1,microbench,warp_shuffle,"{""num_blocks"":1,""shuffle_variant"":""all"",""threads_per_block"":256}",ops_per_thread,256,0.043499
1,1,microbench,warp_shuffle,"{""num_blocks"":1,""shuffle_variant"":""all"",""threads_per_block"":256}",ops_per_thread,384,0.057597
1,1,microbench,warp_shuffle,"{""num_blocks"":1,""shuffle_variant"":""all"",""threads_per_block"":256}",ops_per_thread,512,0.073126
1,1,microbench,warp_shuffle,"{""num_blocks"":1,""shuffle_variant"":""all"",""threads_per_block"":256}",ops_per_thread,768,0.103101
1,1,microbench,warp_shuffle,"{""num_blocks"":1,""shuffle_variant"":""all"",""threads_per_block"":256}",ops_per_thread,1024,0.132316
1,1,microbench,warp_shuffle,"{""num_blocks"":1,""shuffle_variant"":""all"",""threads_per_block"":256}",ops_per_thread,1536,0.191205
1,1,microbench,warp_shuffle,"{""num_blocks"":1,""shuffle_variant"":""all"",""threads_per_block"":256}",ops_per_thread,2048,0.249020
1,1,microbench,warp_shuffle,"{""num_blocks"":1,""shuffle_variant"":""all"",""threads_per_block"":256}",ops_per_thread,3072,0.366434
1,1,microbench,warp_shuffle,"{""num_blocks"":1,""shuffle_variant"":""all"",""threads_per_block"":256}",ops_per_thread,4096,0.484016
1,1,microbench,warp_shuffle,"{""num_blocks"":1,""shuffle_variant"":""all"",""threads_per_block"":256}",ops_per_thread,6144,0.718351
1,1,microbench,warp_shuffle,"{""num_blocks"":1,""shuffle_variant"":""all"",""threads_per_block"":256}",ops_per_thread,8192,0.951658
1,1,microbench,warp_shuffle,"{""num_blocks"":1,""shuffle_variant"":""all"",""threads_per_block"":256}",ops_per_thread,12288,1.422434
1,1,microbench,warp_shuffle,"{""num_blocks"":1,""shuffle_variant"":""all"",""threads_per_block"":256}",ops_per_thread,16384,1.888210
1,1,microbench,warp_shuffle,"{""num_blocks"":1,""shuffle_variant"":""all"",""threads_per_block"":256}",ops_per_thread,24576,2.824067
1,1,microbench,warp_shuffle,"{""num_blocks"":1,""shuffle_variant"":""all"",""threads_per_block"":256}",ops_per_thread,32768,3.760574
1,1,microbench,warp_shuffle,"{""num_blocks"":1,""shuffle_variant"":""all"",""threads_per_block"":256}",ops_per_thread,49152,5.632991
1,1,microbench,warp_shuffle,"{""num_blocks"":1,""shuffle_variant"":""all"",""threads_per_block"":256}",ops_per_thread,65536,7.506761
2,2,npb,npb_cg,"{""block_size"":256,""iterations"":1,""max_cg_iterations"":10,""nonzeros_per_row"":11}",matrix_size,1000,0.332599
2,2,npb,npb_cg,"{""block_size"":256,""iterations"":1,""max_cg_iterations"":10,""nonzeros_per_row"":11}",matrix_size,2000,0.362037
2,2,npb,npb_cg,"{""block_size"":256,""iterations"":1,""max_cg_iterations"":10,""nonzeros_per_row"":11}",matrix_size,3000,0.334945
2,2,npb,npb_cg,"{""block_size"":256,""iterations"":1,""max_cg_iterations"":10,""nonzeros_per_row"":11}",matrix_size,5000,0.341179
2,2,npb,npb_cg,"{""block_size"":256,""iterations"":1,""max_cg_iterations"":10,""nonzeros_per_row"":11}",matrix_size,7500,0.339893
2,2,npb,npb_cg,"{""block_size"":256,""iterations"":1,""max_cg_iterations"":10,""nonzeros_per_row"":11}",matrix_size,10000,0.337115
2,2,npb,npb_cg,"{""block_size"":256,""iterations"":1,""max_cg_iterations"":10,""nonzeros_per_row"":11}",matrix_size,15000,0.338044
2,2,npb,npb_cg,"{""block_size"":256,""iterations"":1,""max_cg_iterations"":10,""nonzeros_per_row"":11}",matrix_size,20000,0.337939
2,2,npb,npb_cg,"{""block_size"":256,""iterations"":1,""max_cg_iterations"":10,""nonzeros_per_row"":11}",matrix_size,30000,0.343891
2,2,npb,npb_cg,"{""block_size"":256,""iterations"":1,""max_cg_iterations"":10,""nonzeros_per_row"":11}",matrix_size,40000,0.347419
2,2,npb,npb_cg,"{""block_size"":256,""iterations"":1,""max_cg_iterations"":10,""nonzeros_per_row"":11}",matrix_size,50000,0.352624
2,2,npb,npb_cg,"{""block_size"":256,""iterations"":1,""max_cg_iterations"":10,""nonzeros_per_row"":11}",matrix_size,75000,0.364924
2,2,npb,npb_cg,"{""block_size"":256,""iterations"":1,""max_cg_iterations"":10,""nonzeros_per_row"":11}",matrix_size,100000,0.398788
2,2,npb,npb_cg,"{""block_size"":256,""iterations"":1,""max_cg_iterations"":10,""nonzeros_per_row"":11}",matrix_size,125000,0.421066
2,2,npb,npb_cg,"{""block_size"":256,""iterations"":1,""max_cg_iterations"":10,""nonzeros_per_row"":11}",matrix_size,150000,0.428343
2,2,npb,npb_cg,"{""block_size"":256,""iterations"":1,""max_cg_iterations"":10,""nonzeros_per_row"":11}",matrix_size,200000,0.509689
2,2,npb,npb_cg,"{""block_size"":256,""iterations"":1,""max_cg_iterations"":10,""nonzeros_per_row"":11}",matrix_size,250000,0.537275
2,2,npb,npb_cg,"{""block_size"":256,""iterations"":1,""max_cg_iterations"":10,""nonzeros_per_row"":11}",matrix_size,300000,0.639533
2,2,npb,npb_cg,"{""block_size"":256,""iterations"":1,""max_cg_iterations"":10,""nonzeros_per_row"":11}",matrix_size,350000,0.871592
2,2,npb,npb_cg,"{""block_size"":256,""iterations"":1,""max_cg_iterations"":10,""nonzeros_per_row"":11}",matrix_size,400000,1.104213
2,2,npb,npb_cg,"{""block_size"":256,""iterations"":1,""max_cg_iterations"":10,""nonzeros_per_row"":11}",matrix_size,450000,1.188803
2,2,npb,npb_cg,"{""block_size"":256,""iterations"":1,""max_cg_iterations"":10,""nonzeros_per_row"":11}",matrix_size,500000,1.304176
2,2,npb,npb_cg,"{""block_size"":256,""iterations"":1,""max_cg_iterations"":10,""nonzeros_per_row"":15}",matrix_size,1000,0.340172
2,2,npb,npb_cg,"{""block_size"":256,""iterations"":1,""max_cg_iterations"":10,""nonzeros_per_row"":15}",matrix_size,2000,0.343100
2,2,npb,npb_cg,"{""block_size"":256,""iterations"":1,""max_cg_iterations"":10,""nonzeros_per_row"":15}",matrix_size,3000,0.344395
2,2,npb,npb_cg,"{""block_size"":256,""iterations"":1,""max_cg_iterations"":10,""nonzeros_per_row"":15}",matrix_size,5000,0.349636
2,2,npb,npb_cg,"{""block_size"":256,""iterations"":1,""max_cg_iterations"":10,""nonzeros_per_row"":15}",matrix_size,7500,0.349404
2,2,npb,npb_cg,"{""block_size"":256,""iterations"":1,""max_cg_iterations"":10,""nonzeros_per_row"":15}",matrix_size,10000,0.349968
2,2,npb,npb_cg,"{""block_size"":256,""iterations"":1,""max_cg_iterations"":10,""nonzeros_per_row"":15}",matrix_size,15000,0.365109
2,2,npb,npb_cg,"{""block_size"":256,""iterations"":1,""max_cg_iterations"":10,""nonzeros_per_row"":15}",matrix_size,20000,0.355944
2,2,npb,npb_cg,"{""block_size"":256,""iterations"":1,""max_cg_iterations"":10,""nonzeros_per_row"":15}",matrix_size,30000,0.357684
2,2,npb,npb_cg,"{""block_size"":256,""iterations"":1,""max_cg_iterations"":10,""nonzeros_per_row"":15}",matrix_size,40000,0.366463
2,2,npb,npb_cg,"{""block_size"":256,""iterations"":1,""max_cg_iterations"":10,""nonzeros_per_row"":15}",matrix_size,50000,0.395465
2,2,npb,npb_cg,"{""block_size"":256,""iterations"":1,""max_cg_iterations"":10,""nonzeros_per_row"":15}",matrix_size,75000,0.403476
2,2,npb,npb_cg,"{""block_size"":256,""iterations"":1,""max_cg_iterations"":10,""nonzeros_per_row"":15}",matrix_size,100000,0.446255
2,2,npb,npb_cg,"{""block_size"":256,""iterations"":1,""max_cg_iterations"":10,""nonzeros_per_row"":15}",matrix_size,125000,0.474667
2,2,npb,npb_cg,"{""block_size"":256,""iterations"":1,""max_cg_iterations"":10,""nonzeros_per_row"":15}",matrix_size,150000,0.498822
2,2,npb,npb_cg,"{""block_size"":256,""iterations"":1,""max_cg_iterations"":10,""nonzeros_per_row"":15}",matrix_size,200000,0.593724
2,2,npb,npb_cg,"{""block_size"":256,""iterations"":1,""max_cg_iterations"":10,""nonzeros_per_row"":15}",matrix_size,250000,0.798908
2,2,npb,npb_cg,"{""block_size"":256,""iterations"":1,""max_cg_iterations"":10,""nonzeros_per_row"":15}",matrix_size,300000,1.363190
2,2,npb,npb_cg,"{""block_size"":256,""iterations"":1,""max_cg_iterations"":10,""nonzeros_per_row"":15}",matrix_size,350000,1.635035
2,2,npb,npb_cg,"{""block_size"":256,""iterations"":1,""max_cg_iterations"":10,""nonzeros_per_row"":15}",matrix_size,400000,1.861492
2,2,npb,npb_cg,"{""block_size"":256,""iterations"":1,""max_cg_iterations"":10,""nonzeros_per_row"":15}",matrix_size,450000,2.008767
2,2,npb,npb_cg,"{""block_size"":256,""iterations"":1,""max_cg_iterations"":10,""nonzeros_per_row"":15}",matrix_size,500000,2.179605
2,2,npb,npb_cg,"{""block_size"":256,""iterations"":1,""max_cg_iterations"":10,""nonzeros_per_row"":5}",matrix_size,1000,0.339106
2,2,npb,npb_cg,"{""block_size"":256,""iterations"":1,""max_cg_iterations"":10,""nonzeros_per_row"":5}",matrix_size,2000,0.330626
2,2,npb,npb_cg,"{""block_size"":256,""iterations"":1,""max_cg_iterations"":10,""nonzeros_per_row"":5}",matrix_size,3000,0.336792
2,2,npb,npb_cg,"{""block_size"":256,""iterations"":1,""max_cg_iterations"":10,""nonzeros_per_row"":5}",matrix_size,5000,0.321022
2,2,npb,npb_cg,"{""block_size"":256,""iterations"":1,""max_cg_iterations"":10,""nonzeros_per_row"":5}",matrix_size,7500,0.323376
2,2,npb,npb_cg,"{""block_size"":256,""iterations"":1,""max_cg_iterations"":10,""nonzeros_per_row"":5}",matrix_size,10000,0.328765
2,2,npb,npb_cg,"{""block_size"":256,""iterations"":1,""max_cg_iterations"":10,""nonzeros_per_row"":5}",matrix_size,15000,0.324279
2,2,npb,npb_cg,"{""block_size"":256,""iterations"":1,""max_cg_iterations"":10,""nonzeros_per_row"":5}",matrix_size,20000,0.328373
2,2,npb,npb_cg,"{""block_size"":256,""iterations"":1,""max_cg_iterations"":10,""nonzeros_per_row"":5}",matrix_size,30000,0.340574
2,2,npb,npb_cg,"{""block_size"":256,""iterations"":1,""max_cg_iterations"":10,""nonzeros_per_row"":5}",matrix_size,40000,0.339959
2,2,npb,npb_cg,"{""block_size"":256,""iterations"":1,""max_cg_iterations"":10,""nonzeros_per_row"":5}",matrix_size,50000,0.322802
2,2,npb,npb_cg,"{""block_size"":256,""iterations"":1,""max_cg_iterations"":10,""nonzeros_per_row"":5}",matrix_size,75000,0.327347
2,2,npb,npb_cg,"{""block_size"":256,""iterations"":1,""max_cg_iterations"":10,""nonzeros_per_row"":5}",matrix_size,100000,0.335549
2,2,npb,npb_cg,"{""block_size"":256,""iterations"":1,""max_cg_iterations"":10,""nonzeros_per_row"":5}",matrix_size,125000,0.402754
2,2,npb,npb_cg,"{""block_size"":256,""iterations"":1,""max_cg_iterations"":10,""nonzeros_per_row"":5}",matrix_size,150000,0.353815
2,2,npb,npb_cg,"{""block_size"":256,""iterations"":1,""max_cg_iterations"":10,""nonzeros_per_row"":5}",matrix_size,200000,0.410546
2,2,npb,npb_cg,"{""block_size"":256,""iterations"":1,""max_cg_iterations"":10,""nonzeros_per_row"":5}",matrix_size,250000,0.392827
2,2,npb,npb_cg,"{""block_size"":256,""iterations"":1,""max_cg_iterations"":10,""nonzeros_per_row"":5}",matrix_size,300000,0.399855
2,2,npb,npb_cg,"{""block_size"":256,""iterations"":1,""max_cg_iterations"":10,""nonzeros_per_row"":5}",matrix_size,350000,0.443288
2,2,npb,npb_cg,"{""block_size"":256,""iterations"":1,""max_cg_iterations"":10,""nonzeros_per_row"":5}",matrix_size,400000,0.462262
2,2,npb,npb_cg,"{""block_size"":256,""iterations"":1,""max_cg_iterations"":10,""nonzeros_per_row"":5}",matrix_size,450000,0.473196
2,2,npb,npb_cg,"{""block_size"":256,""iterations"":1,""max_cg_iterations"":10,""nonzeros_per_row"":5}",matrix_size,500000,0.502648
2,2,npb,npb_cg,"{""block_size"":256,""iterations"":1,""max_cg_iterations"":10,""nonzeros_per_row"":7}",matrix_size,1000,0.324178
2,2,npb,npb_cg,"{""block_size"":256,""iterations"":1,""max_cg_iterations"":10,""nonzeros_per_row"":7}",matrix_size,2000,0.319738
2,2,npb,npb_cg,"{""block_size"":256,""iterations"":1,""max_cg_iterations"":10,""nonzeros_per_row"":7}",matrix_size,3000,0.324005
2,2,npb,npb_cg,"{""block_size"":256,""iterations"":1,""max_cg_iterations"":10,""nonzeros_per_row"":7}",matrix_size,5000,0.320809
2,2,npb,npb_cg,"{""block_size"":256,""iterations"":1,""max_cg_iterations"":10,""nonzeros_per_row"":7}",matrix_size,7500,0.329816
2,2,npb,npb_cg,"{""block_size"":256,""iterations"":1,""max_cg_iterations"":10,""nonzeros_per_row"":7}",matrix_size,10000,0.325029
2,2,npb,npb_cg,"{""block_size"":256,""iterations"":1,""max_cg_iterations"":10,""nonzeros_per_row"":7}",matrix_size,15000,0.337327
2,2,npb,npb_cg,"{""block_size"":256,""iterations"":1,""max_cg_iterations"":10,""nonzeros_per_row"":7}",matrix_size,20000,0.359523
2,2,npb,npb_cg,"{""block_size"":256,""iterations"":1,""max_cg_iterations"":10,""nonzeros_per_row"":7}",matrix_size,30000,0.326811
2,2,npb,npb_cg,"{""block_size"":256,""iterations"":1,""max_cg_iterations"":10,""nonzeros_per_row"":7}",matrix_size,40000,0.331566
2,2,npb,npb_cg,"{""block_size"":256,""iterations"":1,""max_cg_iterations"":10,""nonzeros_per_row"":7}",matrix_size,50000,0.334345
2,2,npb,npb_cg,"{""block_size"":256,""iterations"":1,""max_cg_iterations"":10,""nonzeros_per_row"":7}",matrix_size,75000,0.345146
2,2,npb,npb_cg,"{""block_size"":256,""iterations"":1,""max_cg_iterations"":10,""nonzeros_per_row"":7}",matrix_size,100000,0.350183
2,2,npb,npb_cg,"{""block_size"":256,""iterations"":1,""max_cg_iterations"":10,""nonzeros_per_row"":7}",matrix_size,125000,0.394808
2,2,npb,npb_cg,"{""block_size"":256,""iterations"":1,""max_cg_iterations"":10,""nonzeros_per_row"":7}",matrix_size,150000,0.374011
2,2,npb,npb_cg,"{""block_size"":256,""iterations"":1,""max_cg_iterations"":10,""nonzeros_per_row"":7}",matrix_size,200000,0.418411
2,2,npb,npb_cg,"{""block_size"":256,""iterations"":1,""max_cg_iterations"":10,""nonzeros_per_row"":7}",matrix_size,250000,0.440801
2,2,npb,npb_cg,"{""block_size"":256,""iterations"":1,""max_cg_iterations"":10,""nonzeros_per_row"":7}",matrix_size,300000,0.450065
2,2,npb,npb_cg,"{""block_size"":256,""iterations"":1,""max_cg_iterations"":10,""nonzeros_per_row"":7}",matrix_size,350000,0.486585
2,2,npb,npb_cg,"{""block_size"":256,""iterations"":1,""max_cg_iterations"":10,""nonzeros_per_row"":7}",matrix_size,400000,0.545853
2,2,npb,npb_cg,"{""block_size"":256,""iterations"":1,""max_cg_iterations"":10,""nonzeros_per_row"":7}",matrix_size,450000,0.602156
2,2,npb,npb_cg,"{""block_size"":256,""iterations"":1,""max_cg_iterations"":10,""nonzeros_per_row"":7}",matrix_size,500000,0.700258
2,2,npb,npb_cg,"{""block_size"":256,""iterations"":1,""max_cg_iterations"":100,""nonzeros_per_row"":11}",matrix_size,1000,3.281794
2,2,npb,npb_cg,"{""block_size"":256,""iterations"":1,""max_cg_iterations"":100,""nonzeros_per_row"":11}",matrix_size,2000,3.338046
2,2,npb,npb_cg,"{""block_size"":256,""iterations"":1,""max_cg_iterations"":100,""nonzeros_per_row"":11}",matrix_size,3000,3.343423
2,2,npb,npb_cg,"{""block_size"":256,""iterations"":1,""max_cg_iterations"":100,""nonzeros_per_row"":11}",matrix_size,5000,3.556198
2,2,npb,npb_cg,"{""block_size"":256,""iterations"":1,""max_cg_iterations"":100,""nonzeros_per_row"":11}",matrix_size,7500,3.364067
2,2,npb,npb_cg,"{""block_size"":256,""iterations"":1,""max_cg_iterations"":100,""nonzeros_per_row"":11}",matrix_size,10000,3.345618
2,2,npb,npb_cg,"{""block_size"":256,""iterations"":1,""max_cg_iterations"":100,""nonzeros_per_row"":11}",matrix_size,15000,3.442257
2,2,npb,npb_cg,"{""block_size"":256,""iterations"":1,""max_cg_iterations"":100,""nonzeros_per_row"":11}",matrix_size,20000,3.454704
2,2,npb,npb_cg,"{""block_size"":256,""iterations"":1,""max_cg_iterations"":100,""nonzeros_per_row"":11}",matrix_size,30000,3.414262
2,2,npb,npb_cg,"{""block_size"":256,""iterations"":1,""max_cg_iterations"":100,""nonzeros_per_row"":11}",matrix_size,40000,3.435023
2,2,npb,npb_cg,"{""block_size"":256,""iterations"":1,""max_cg_iterations"":100,""nonzeros_per_row"":11}",matrix_size,50000,3.511088
2,2,npb,npb_cg,"{""block_size"":256,""iterations"":1,""max_cg_iterations"":100,""nonzeros_per_row"":11}",matrix_size,75000,3.857788
2,2,npb,npb_cg,"{""block_size"":256,""iterations"":1,""max_cg_iterations"":100,""nonzeros_per_row"":11}",matrix_size,100000,4.008159
2,2,npb,npb_cg,"{""block_size"":256,""iterations"":1,""max_cg_iterations"":100,""nonzeros_per_row"":11}",matrix_size,125000,4.175881
2,2,npb,npb_cg,"{""block_size"":256,""iterations"":1,""max_cg_iterations"":100,""nonzeros_per_row"":11}",matrix_size,150000,4.274859
2,2,npb,npb_cg,"{""block_size"":256,""iterations"":1,""max_cg_iterations"":100,""nonzeros_per_row"":11}",matrix_size,200000,4.824741
2,2,npb,npb_cg,"{""block_size"":256,""iterations"":1,""max_cg_iterations"":100,""nonzeros_per_row"":11}",matrix_size,250000,5.401552
2,2,npb,npb_cg,"{""block_size"":256,""iterations"":1,""max_cg_iterations"":100,""nonzeros_per_row"":11}",matrix_size,300000,6.398140
2,2,npb,npb_cg,"{""block_size"":256,""iterations"":1,""max_cg_iterations"":100,""nonzeros_per_row"":11}",matrix_size,350000,8.707346
2,2,npb,npb_cg,"{""block_size"":256,""iterations"":1,""max_cg_iterations"":100,""nonzeros_per_row"":11}",matrix_size,400000,11.007038
2,2,npb,npb_cg,"{""block_size"":256,""iterations"":1,""max_cg_iterations"":100,""nonzeros_per_row"":11}",matrix_size,450000,11.628714
2,2,npb,npb_cg,"{""block_size"":256,""iterations"":1,""max_cg_iterations"":100,""nonzeros_per_row"":11}",matrix_size,500000,13.009810
2,2,npb,npb_cg,"{""block_size"":256,""iterations"":1,""max_cg_iterations"":100,""nonzeros_per_row"":15}",matrix_size,1000,3.390264
2,2,npb,npb_cg,"{""block_size"":256,""iterations"":1,""max_cg_iterations"":100,""nonzeros_per_row"":15}",matrix_size,2000,3.403178
2,2,npb,npb_cg,"{""block_size"":256,""iterations"":1,""max_cg_iterations"":100,""nonzeros_per_row"":15}",matrix_size,3000,3.427095
2,2,npb,npb_cg,"{""block_size"":256,""iterations"":1,""max_cg_iterations"":100,""nonzeros_per_row"":15}",matrix_size,5000,3.459652
2,2,npb,npb_cg,"{""block_size"":256,""iterations"":1,""max_cg_iterations"":100,""nonzeros_per_row"":15}",matrix_size,7500,3.500062
2,2,npb,npb_cg,"{""block_size"":256,""iterations"":1,""max_cg_iterations"":100,""nonzeros_per_row"":15}",matrix_size,10000,3.435380
2,2,npb,npb_cg,"{""block_size"":256,""iterations"":1,""max_cg_iterations"":100,""nonzeros_per_row"":15}",matrix_size,15000,3.512065
2,2,npb,npb_cg,"{""block_size"":256,""iterations"":1,""max_cg_iterations"":100,""nonzeros_per_row"":15}",matrix_size,20000,3.606644
2,2,npb,npb_cg,"{""block_size"":256,""iterations"":1,""max_cg_iterations"":100,""nonzeros_per_row"":15}",matrix_size,30000,3.618905
2,2,npb,npb_cg,"{""block_size"":256,""iterations"":1,""max_cg_iterations"":100,""nonzeros_per_row"":15}",matrix_size,40000,3.729667
2,2,npb,npb_cg,"{""block_size"":256,""iterations"":1,""max_cg_iterations"":100,""nonzeros_per_row"":15}",matrix_size,50000,3.739815
2,2,npb,npb_cg,"{""block_size"":256,""iterations"":1,""max_cg_iterations"":100,""nonzeros_per_row"":15}",matrix_size,75000,3.997942
2,2,npb,npb_cg,"{""block_size"":256,""iterations"":1,""max_cg_iterations"":100,""nonzeros_per_row"":15}",matrix_size,100000,4.552952
2,2,npb,npb_cg,"{""block_size"":256,""iterations"":1,""max_cg_iterations"":100,""nonzeros_per_row"":15}",matrix_size,125000,4.853501
2,2,npb,npb_cg,"{""block_size"":256,""iterations"":1,""max_cg_iterations"":100,""nonzeros_per_row"":15}",matrix_size,150000,5.017641
2,2,npb,npb_cg,"{""block_size"":256,""iterations"":1,""max_cg_iterations"":100,""nonzeros_per_row"":15}",matrix_size,200000,6.050669
2,2,npb,npb_cg,"{""block_size"":256,""iterations"":1,""max_cg_iterations"":100,""nonzeros_per_row"":15}",matrix_size,250000,8.060206
2,2,npb,npb_cg,"{""block_size"":256,""iterations"":1,""max_cg_iterations"":100,""nonzeros_per_row"":15}",matrix_size,300000,13.479948
2,2,npb,npb_cg,"{""block_size"":256,""iterations"":1,""max_cg_iterations"":100,""nonzeros_per_row"":15}",matrix_size,350000,16.369176
2,2,npb,npb_cg,"{""block_size"":256,""iterations"":1,""max_cg_iterations"":100,""nonzeros_per_row"":15}",matrix_size,400000,18.658578
2,2,npb,npb_cg,"{""block_size"":256,""iterations"":1,""max_cg_iterations"":100,""nonzeros_per_row"":15}",matrix_size,450000,19.892377
2,2,npb,npb_cg,"{""block_size"":256,""iterations"":1,""max_cg_iterations"":100,""nonzeros_per_row"":15}",matrix_size,500000,21.796362
2,2,npb,npb_cg,"{""block_size"":256,""iterations"":1,""max_cg_iterations"":100,""nonzeros_per_row"":5}",matrix_size,1000,3.161558
2,2,npb,npb_cg,"{""block_size"":256,""iterations"":1,""max_cg_iterations"":100,""nonzeros_per_row"":5}",matrix_size,2000,3.180258
2,2,npb,npb_cg,"{""block_size"":256,""iterations"":1,""max_cg_iterations"":100,""nonzeros_per_row"":5}",matrix_size,3000,3.161978
2,2,npb,npb_cg,"{""block_size"":256,""iterations"":1,""max_cg_iterations"":100,""nonzeros_per_row"":5}",matrix_size,5000,3.183108
2,2,npb,npb_cg,"{""block_size"":256,""iterations"":1,""max_cg_iterations"":100,""nonzeros_per_row"":5}",matrix_size,7500,3.211203
2,2,npb,npb_cg,"{""block_size"":256,""iterations"":1,""max_cg_iterations"":100,""nonzeros_per_row"":5}",matrix_size,10000,3.221709
2,2,npb,npb_cg,"{""block_size"":256,""iterations"":1,""max_cg_iterations"":100,""nonzeros_per_row"":5}",matrix_size,15000,3.311670
2,2,npb,npb_cg,"{""block_size"":256,""iterations"":1,""max_cg_iterations"":100,""nonzeros_per_row"":5}",matrix_size,20000,3.398239
2,2,npb,npb_cg,"{""block_size"":256,""iterations"":1,""max_cg_iterations"":100,""nonzeros_per_row"":5}",matrix_size,30000,3.218202
2,2,npb,npb_cg,"{""block_size"":256,""iterations"":1,""max_cg_iterations"":100,""nonzeros_per_row"":5}",matrix_size,40000,3.215154
2,2,npb,npb_cg,"{""block_size"":256,""iterations"":1,""max_cg_iterations"":100,""nonzeros_per_row"":5}",matrix_size,50000,3.226600
2,2,npb,npb_cg,"{""block_size"":256,""iterations"":1,""max_cg_iterations"":100,""nonzeros_per_row"":5}",matrix_size,75000,3.272270
2,2,npb,npb_cg,"{""block_size"":256,""iterations"":1,""max_cg_iterations"":100,""nonzeros_per_row"":5}",matrix_size,100000,3.324534
2,2,npb,npb_cg,"{""block_size"":256,""iterations"":1,""max_cg_iterations"":100,""nonzeros_per_row"":5}",matrix_size,125000,3.424760
2,2,npb,npb_cg,"{""block_size"":256,""iterations"":1,""max_cg_iterations"":100,""nonzeros_per_row"":5}",matrix_size,150000,3.479510
2,2,npb,npb_cg,"{""block_size"":256,""iterations"":1,""max_cg_iterations"":100,""nonzeros_per_row"":5}",matrix_size,200000,3.653762
2,2,npb,npb_cg,"{""block_size"":256,""iterations"":1,""max_cg_iterations"":100,""nonzeros_per_row"":5}",matrix_size,250000,3.857196
2,2,npb,npb_cg,"{""block_size"":256,""iterations"":1,""max_cg_iterations"":100,""nonzeros_per_row"":5}",matrix_size,300000,4.087717
2,2,npb,npb_cg,"{""block_size"":256,""iterations"":1,""max_cg_iterations"":100,""nonzeros_per_row"":5}",matrix_size,350000,4.339308
2,2,npb,npb_cg,"{""block_size"":256,""iterations"":1,""max_cg_iterations"":100,""nonzeros_per_row"":5}",matrix_size,400000,4.488456
2,2,npb,npb_cg,"{""block_size"":256,""iterations"":1,""max_cg_iterations"":100,""nonzeros_per_row"":5}",matrix_size,450000,4.774127
2,2,npb,npb_cg,"{""block_size"":256,""iterations"":1,""max_cg_iterations"":100,""nonzeros_per_row"":5}",matrix_size,500000,4.934489
2,2,npb,npb_cg,"{""block_size"":256,""iterations"":1,""max_cg_iterations"":100,""nonzeros_per_row"":7}",matrix_size,1000,3.174528
2,2,npb,npb_cg,"{""block_size"":256,""iterations"":1,""max_cg_iterations"":100,""nonzeros_per_row"":7}",matrix_size,2000,3.218321
2,2,npb,npb_cg,"{""block_size"":256,""iterations"":1,""max_cg_iterations"":100,""nonzeros_per_row"":7}",matrix_size,3000,3.220528
2,2,npb,npb_cg,"{""block_size"":256,""iterations"":1,""max_cg_iterations"":100,""nonzeros_per_row"":7}",matrix_size,5000,3.348396
2,2,npb,npb_cg,"{""block_size"":256,""iterations"":1,""max_cg_iterations"":100,""nonzeros_per_row"":7}",matrix_size,7500,3.240360
2,2,npb,npb_cg,"{""block_size"":256,""iterations"":1,""max_cg_iterations"":100,""nonzeros_per_row"":7}",matrix_size,10000,3.245983
2,2,npb,npb_cg,"{""block_size"":256,""iterations"":1,""max_cg_iterations"":100,""nonzeros_per_row"":7}",matrix_size,15000,3.211140
2,2,npb,npb_cg,"{""block_size"":256,""iterations"":1,""max_cg_iterations"":100,""nonzeros_per_row"":7}",matrix_size,20000,3.339544
2,2,npb,npb_cg,"{""block_size"":256,""iterations"":1,""max_cg_iterations"":100,""nonzeros_per_row"":7}",matrix_size,30000,3.422140
2,2,npb,npb_cg,"{""block_size"":256,""iterations"":1,""max_cg_iterations"":100,""nonzeros_per_row"":7}",matrix_size,40000,3.342039
2,2,npb,npb_cg,"{""block_size"":256,""iterations"":1,""max_cg_iterations"":100,""nonzeros_per_row"":7}",matrix_size,50000,3.473575
2,2,npb,npb_cg,"{""block_size"":256,""iterations"":1,""max_cg_iterations"":100,""nonzeros_per_row"":7}",matrix_size,75000,3.471999
2,2,npb,npb_cg,"{""block_size"":256,""iterations"":1,""max_cg_iterations"":100,""nonzeros_per_row"":7}",matrix_size,100000,3.660178
2,2,npb,npb_cg,"{""block_size"":256,""iterations"":1,""max_cg_iterations"":100,""nonzeros_per_row"":7}",matrix_size,125000,3.599137
2,2,npb,npb_cg,"{""block_size"":256,""iterations"":1,""max_cg_iterations"":100,""nonzeros_per_row"":7}",matrix_size,150000,3.696299
2,2,npb,npb_cg,"{""block_size"":256,""iterations"":1,""max_cg_iterations"":100,""nonzeros_per_row"":7}",matrix_size,200000,3.968936
2,2,npb,npb_cg,"{""block_size"":256,""iterations"":1,""max_cg_iterations"":100,""nonzeros_per_row"":7}",matrix_size,250000,4.320244
2,2,npb,npb_cg,"{""block_size"":256,""iterations"":1,""max_cg_iterations"":100,""nonzeros_per_row"":7}",matrix_size,300000,4.481866
2,2,npb,npb_cg,"{""block_size"":256,""iterations"":1,""max_cg_iterations"":100,""nonzeros_per_row"":7}",matrix_size,350000,4.882160
2,2,npb,npb_cg,"{""block_size"":256,""iterations"":1,""max_cg_iterations"":100,""nonzeros_per_row"":7}",matrix_size,400000,5.408903
2,2,npb,npb_cg,"{""block_size"":256,""iterations"":1,""max_cg_iterations"":100,""nonzeros_per_row"":7}",matrix_size,450000,6.156180
2,2,npb,npb_cg,"{""block_size"":256,""iterations"":1,""max_cg_iterations"":100,""nonzeros_per_row"":7}",matrix_size,500000,6.705424
2,2,npb,npb_cg,"{""block_size"":256,""iterations"":1,""max_cg_iterations"":25,""nonzeros_per_row"":11}",matrix_size,1000,0.823472
2,2,npb,npb_cg,"{""block_size"":256,""iterations"":1,""max_cg_iterations"":25,""nonzeros_per_row"":11}",matrix_size,2000,0.813633
2,2,npb,npb_cg,"{""block_size"":256,""iterations"":1,""max_cg_iterations"":25,""nonzeros_per_row"":11}",matrix_size,3000,0.837785
2,2,npb,npb_cg,"{""block_size"":256,""iterations"":1,""max_cg_iterations"":25,""nonzeros_per_row"":11}",matrix_size,5000,0.847822
2,2,npb,npb_cg,"{""block_size"":256,""iterations"":1,""max_cg_iterations"":25,""nonzeros_per_row"":11}",matrix_size,7500,0.842613
2,2,npb,npb_cg,"{""block_size"":256,""iterations"":1,""max_cg_iterations"":25,""nonzeros_per_row"":11}",matrix_size,10000,0.842994
2,2,npb,npb_cg,"{""block_size"":256,""iterations"":1,""max_cg_iterations"":25,""nonzeros_per_row"":11}",matrix_size,15000,0.891991
2,2,npb,npb_cg,"{""block_size"":256,""iterations"":1,""max_cg_iterations"":25,""nonzeros_per_row"":11}",matrix_size,20000,0.844881
2,2,npb,npb_cg,"{""block_size"":256,""iterations"":1,""max_cg_iterations"":25,""nonzeros_per_row"":11}",matrix_size,30000,0.864874
2,2,npb,npb_cg,"{""block_size"":256,""iterations"":1,""max_cg_iterations"":25,""nonzeros_per_row"":11}",matrix_size,40000,0.859992
2,2,npb,npb_cg,"{""block_size"":256,""iterations"":1,""max_cg_iterations"":25,""nonzeros_per_row"":11}",matrix_size,50000,0.883846
2,2,npb,npb_cg,"{""block_size"":256,""iterations"":1,""max_cg_iterations"":25,""nonzeros_per_row"":11}",matrix_size,75000,0.944729
2,2,npb,npb_cg,"{""block_size"":256,""iterations"":1,""max_cg_iterations"":25,""nonzeros_per_row"":11}",matrix_size,100000,0.988763
2,2,npb,npb_cg,"{""block_size"":256,""iterations"":1,""max_cg_iterations"":25,""nonzeros_per_row"":11}",matrix_size,125000,1.026686
2,2,npb,npb_cg,"{""block_size"":256,""iterations"":1,""max_cg_iterations"":25,""nonzeros_per_row"":11}",matrix_size,150000,1.100074
2,2,npb,npb_cg,"{""block_size"":256,""iterations"":1,""max_cg_iterations"":25,""nonzeros_per_row"":11}",matrix_size,200000,1.229312
2,2,npb,npb_cg,"{""block_size"":256,""iterations"":1,""max_cg_iterations"":25,""nonzeros_per_row"":11}",matrix_size,250000,1.343908
2,2,npb,npb_cg,"{""block_size"":256,""iterations"":1,""max_cg_iterations"":25,""nonzeros_per_row"":11}",matrix_size,300000,1.590718
2,2,npb,npb_cg,"{""block_size"":256,""iterations"":1,""max_cg_iterations"":25,""nonzeros_per_row"":11}",matrix_size,350000,2.157430
2,2,npb,npb_cg,"{""block_size"":256,""iterations"":1,""max_cg_iterations"":25,""nonzeros_per_row"":11}",matrix_size,400000,2.723513
2,2,npb,npb_cg,"{""block_size"":256,""iterations"":1,""max_cg_iterations"":25,""nonzeros_per_row"":11}",matrix_size,450000,2.962844
2,2,npb,npb_cg,"{""block_size"":256,""iterations"":1,""max_cg_iterations"":25,""nonzeros_per_row"":11}",matrix_size,500000,3.266919
2,2,npb,npb_cg,"{""block_size"":256,""iterations"":1,""max_cg_iterations"":25,""nonzeros_per_row"":15}",matrix_size,1000,0.839465
2,2,npb,npb_cg,"{""block_size"":256,""iterations"":1,""max_cg_iterations"":25,""nonzeros_per_row"":15}",matrix_size,2000,0.854621
2,2,npb,npb_cg,"{""block_size"":256,""iterations"":1,""max_cg_iterations"":25,""nonzeros_per_row"":15}",matrix_size,3000,0.861634
2,2,npb,npb_cg,"{""block_size"":256,""iterations"":1,""max_cg_iterations"":25,""nonzeros_per_row"":15}",matrix_size,5000,0.892338
2,2,npb,npb_cg,"{""block_size"":256,""iterations"":1,""max_cg_iterations"":25,""nonzeros_per_row"":15}",matrix_size,7500,0.894861
2,2,npb,npb_cg,"{""block_size"":256,""iterations"":1,""max_cg_iterations"":25,""nonzeros_per_row"":15}",matrix_size,10000,0.867304
2,2,npb,npb_cg,"{""block_size"":256,""iterations"":1,""max_cg_iterations"":25,""nonzeros_per_row"":15}",matrix_size,15000,0.877782
2,2,npb,npb_cg,"{""block_size"":256,""iterations"":1,""max_cg_iterations"":25,""nonzeros_per_row"":15}",matrix_size,20000,0.888966
2,2,npb,npb_cg,"{""block_size"":256,""iterations"":1,""max_cg_iterations"":25,""nonzeros_per_row"":15}",matrix_size,30000,0.896399
2,2,npb,npb_cg,"{""block_size"":256,""iterations"":1,""max_cg_iterations"":25,""nonzeros_per_row"":15}",matrix_size,40000,0.923069
2,2,npb,npb_cg,"{""block_size"":256,""iterations"":1,""max_cg_iterations"":25,""nonzeros_per_row"":15}",matrix_size,50000,0.942219
2,2,npb,npb_cg,"{""block_size"":256,""iterations"":1,""max_cg_iterations"":25,""nonzeros_per_row"":15}",matrix_size,75000,1.012742
2,2,npb,npb_cg,"{""block_size"":256,""iterations"":1,""max_cg_iterations"":25,""nonzeros_per_row"":15}",matrix_size,100000,1.159734
2,2,npb,npb_cg,"{""block_size"":256,""iterations"":1,""max_cg_iterations"":25,""nonzeros_per_row"":15}",matrix_size,125000,1.178486
2,2,npb,npb_cg,"{""block_size"":256,""iterations"":1,""max_cg_iterations"":25,""nonzeros_per_row"":15}",matrix_size,150000,1.254223
2,2,npb,npb_cg,"{""block_size"":256,""iterations"":1,""max_cg_iterations"":25,""nonzeros_per_row"":15}",matrix_size,200000,1.448696
2,2,npb,npb_cg,"{""block_size"":256,""iterations"":1,""max_cg_iterations"":25,""nonzeros_per_row"":15}",matrix_size,250000,2.073700
2,2,npb,npb_cg,"{""block_size"":256,""iterations"":1,""max_cg_iterations"":25,""nonzeros_per_row"":15}",matrix_size,300000,3.409669
2,2,npb,npb_cg,"{""block_size"":256,""iterations"":1,""max_cg_iterations"":25,""nonzeros_per_row"":15}",matrix_size,350000,4.023502
2,2,npb,npb_cg,"{""block_size"":256,""iterations"":1,""max_cg_iterations"":25,""nonzeros_per_row"":15}",matrix_size,400000,4.639839
2,2,npb,npb_cg,"{""block_size"":256,""iterations"":1,""max_cg_iterations"":25,""nonzeros_per_row"":15}",matrix_size,450000,4.943944
2,2,npb,npb_cg,"{""block_size"":256,""iterations"":1,""max_cg_iterations"":25,""nonzeros_per_row"":15}",matrix_size,500000,5.455131
2,2,npb,npb_cg,"{""block_size"":256,""iterations"":1,""max_cg_iterations"":25,""nonzeros_per_row"":5}",matrix_size,1000,0.797864
2,2,npb,npb_cg,"{""block_size"":256,""iterations"":1,""max_cg_iterations"":25,""nonzeros_per_row"":5}",matrix_size,2000,0.824287
2,2,npb,npb_cg,"{""block_size"":256,""iterations"":1,""max_cg_iterations"":25,""nonzeros_per_row"":5}",matrix_size,3000,0.792386
2,2,npb,npb_cg,"{""block_size"":256,""iterations"":1,""max_cg_iterations"":25,""nonzeros_per_row"":5}",matrix_size,5000,0.834933
2,2,npb,npb_cg,"{""block_size"":256,""iterations"":1,""max_cg_iterations"":25,""nonzeros_per_row"":5}",matrix_size,7500,0.810017
2,2,npb,npb_cg,"{""block_size"":256,""iterations"":1,""max_cg_iterations"":25,""nonzeros_per_row"":5}",matrix_size,10000,0.810544
2,2,npb,npb_cg,"{""block_size"":256,""iterations"":1,""max_cg_iterations"":25,""nonzeros_per_row"":5}",matrix_size,15000,0.812125
2,2,npb,npb_cg,"{""block_size"":256,""iterations"":1,""max_cg_iterations"":25,""nonzeros_per_row"":5}",matrix_size,20000,0.803773
2,2,npb,npb_cg,"{""block_size"":256,""iterations"":1,""max_cg_iterations"":25,""nonzeros_per_row"":5}",matrix_size,30000,0.801272
2,2,npb,npb_cg,"{""block_size"":256,""iterations"":1,""max_cg_iterations"":25,""nonzeros_per_row"":5}",matrix_size,40000,0.884728
2,2,npb,npb_cg,"{""block_size"":256,""iterations"":1,""max_cg_iterations"":25,""nonzeros_per_row"":5}",matrix_size,50000,0.825313
2,2,npb,npb_cg,"{""block_size"":256,""iterations"":1,""max_cg_iterations"":25,""nonzeros_per_row"":5}",matrix_size,75000,0.866802
2,2,npb,npb_cg,"{""block_size"":256,""iterations"":1,""max_cg_iterations"":25,""nonzeros_per_row"":5}",matrix_size,100000,0.840466
2,2,npb,npb_cg,"{""block_size"":256,""iterations"":1,""max_cg_iterations"":25,""nonzeros_per_row"":5}",matrix_size,125000,0.925923
2,2,npb,npb_cg,"{""block_size"":256,""iterations"":1,""max_cg_iterations"":25,""nonzeros_per_row"":5}",matrix_size,150000,0.873986
2,2,npb,npb_cg,"{""block_size"":256,""iterations"":1,""max_cg_iterations"":25,""nonzeros_per_row"":5}",matrix_size,200000,0.946602
2,2,npb,npb_cg,"{""block_size"":256,""iterations"":1,""max_cg_iterations"":25,""nonzeros_per_row"":5}",matrix_size,250000,0.978837
2,2,npb,npb_cg,"{""block_size"":256,""iterations"":1,""max_cg_iterations"":25,""nonzeros_per_row"":5}",matrix_size,300000,0.998910
2,2,npb,npb_cg,"{""block_size"":256,""iterations"":1,""max_cg_iterations"":25,""nonzeros_per_row"":5}",matrix_size,350000,1.045051
2,2,npb,npb_cg,"{""block_size"":256,""iterations"":1,""max_cg_iterations"":25,""nonzeros_per_row"":5}",matrix_size,400000,1.130746
2,2,npb,npb_cg,"{""block_size"":256,""iterations"":1,""max_cg_iterations"":25,""nonzeros_per_row"":5}",matrix_size,450000,1.161718
2,2,npb,npb_cg,"{""block_size"":256,""iterations"":1,""max_cg_iterations"":25,""nonzeros_per_row"":5}",matrix_size,500000,1.237392
2,2,npb,npb_cg,"{""block_size"":256,""iterations"":1,""max_cg_iterations"":25,""nonzeros_per_row"":7}",matrix_size,1000,0.795755
2,2,npb,npb_cg,"{""block_size"":256,""iterations"":1,""max_cg_iterations"":25,""nonzeros_per_row"":7}",matrix_size,2000,0.802116
2,2,npb,npb_cg,"{""block_size"":256,""iterations"":1,""max_cg_iterations"":25,""nonzeros_per_row"":7}",matrix_size,3000,0.801270
2,2,npb,npb_cg,"{""block_size"":256,""iterations"":1,""max_cg_iterations"":25,""nonzeros_per_row"":7}",matrix_size,5000,0.801547
2,2,npb,npb_cg,"{""block_size"":256,""iterations"":1,""max_cg_iterations"":25,""nonzeros_per_row"":7}",matrix_size,7500,0.859655
2,2,npb,npb_cg,"{""block_size"":256,""iterations"":1,""max_cg_iterations"":25,""nonzeros_per_row"":7}",matrix_size,10000,0.817751
2,2,npb,npb_cg,"{""block_size"":256,""iterations"":1,""max_cg_iterations"":25,""nonzeros_per_row"":7}",matrix_size,15000,0.810063
2,2,npb,npb_cg,"{""block_size"":256,""iterations"":1,""max_cg_iterations"":25,""nonzeros_per_row"":7}",matrix_size,20000,0.806147
2,2,npb,npb_cg,"{""block_size"":256,""iterations"":1,""max_cg_iterations"":25,""nonzeros_per_row"":7}",matrix_size,30000,0.818124
2,2,npb,npb_cg,"{""block_size"":256,""iterations"":1,""max_cg_iterations"":25,""nonzeros_per_row"":7}",matrix_size,40000,0.821310
2,2,npb,npb_cg,"{""block_size"":256,""iterations"":1,""max_cg_iterations"":25,""nonzeros_per_row"":7}",matrix_size,50000,0.842525
2,2,npb,npb_cg,"{""block_size"":256,""iterations"":1,""max_cg_iterations"":25,""nonzeros_per_row"":7}",matrix_size,75000,0.880536
2,2,npb,npb_cg,"{""block_size"":256,""iterations"":1,""max_cg_iterations"":25,""nonzeros_per_row"":7}",matrix_size,100000,0.890177
2,2,npb,npb_cg,"{""block_size"":256,""iterations"":1,""max_cg_iterations"":25,""nonzeros_per_row"":7}",matrix_size,125000,0.906459
2,2,npb,npb_cg,"{""block_size"":256,""iterations"":1,""max_cg_iterations"":25,""nonzeros_per_row"":7}",matrix_size,150000,0.931755
2,2,npb,npb_cg,"{""block_size"":256,""iterations"":1,""max_cg_iterations"":25,""nonzeros_per_row"":7}",matrix_size,200000,0.996880
2,2,npb,npb_cg,"{""block_size"":256,""iterations"":1,""max_cg_iterations"":25,""nonzeros_per_row"":7}",matrix_size,250000,1.103413
2,2,npb,npb_cg,"{""block_size"":256,""iterations"":1,""max_cg_iterations"":25,""nonzeros_per_row"":7}",matrix_size,300000,1.123839
2,2,npb,npb_cg,"{""block_size"":256,""iterations"":1,""max_cg_iterations"":25,""nonzeros_per_row"":7}",matrix_size,350000,1.194058
2,2,npb,npb_cg,"{""block_size"":256,""iterations"":1,""max_cg_iterations"":25,""nonzeros_per_row"":7}",matrix_size,400000,1.329332
2,2,npb,npb_cg,"{""block_size"":256,""iterations"":1,""max_cg_iterations"":25,""nonzeros_per_row"":7}",matrix_size,450000,1.504457
2,2,npb,npb_cg,"{""block_size"":256,""iterations"":1,""max_cg_iterations"":25,""nonzeros_per_row"":7}",matrix_size,500000,1.720992
2,2,npb,npb_cg,"{""block_size"":256,""iterations"":1,""max_cg_iterations"":50,""nonzeros_per_row"":11}",matrix_size,1000,1.610436
2,2,npb,npb_cg,"{""block_size"":256,""iterations"":1,""max_cg_iterations"":50,""nonzeros_per_row"":11}",matrix_size,2000,1.609952
2,2,npb,npb_cg,"{""block_size"":256,""iterations"":1,""max_cg_iterations"":50,""nonzeros_per_row"":11}",matrix_size,3000,1.667886
2,2,npb,npb_cg,"{""block_size"":256,""iterations"":1,""max_cg_iterations"":50,""nonzeros_per_row"":11}",matrix_size,5000,1.696956
2,2,npb,npb_cg,"{""block_size"":256,""iterations"":1,""max_cg_iterations"":50,""nonzeros_per_row"":11}",matrix_size,7500,1.670521
2,2,npb,npb_cg,"{""block_size"":256,""iterations"":1,""max_cg_iterations"":50,""nonzeros_per_row"":11}",matrix_size,10000,1.682739
2,2,npb,npb_cg,"{""block_size"":256,""iterations"":1,""max_cg_iterations"":50,""nonzeros_per_row"":11}",matrix_size,15000,1.734516
2,2,npb,npb_cg,"{""block_size"":256,""iterations"":1,""max_cg_iterations"":50,""nonzeros_per_row"":11}",matrix_size,20000,1.683084
2,2,npb,npb_cg,"{""block_size"":256,""iterations"":1,""max_cg_iterations"":50,""nonzeros_per_row"":11}",matrix_size,30000,1.754085
2,2,npb,npb_cg,"{""block_size"":256,""iterations"":1,""max_cg_iterations"":50,""nonzeros_per_row"":11}",matrix_size,40000,1.785757
2,2,npb,npb_cg,"{""block_size"":256,""iterations"":1,""max_cg_iterations"":50,""nonzeros_per_row"":11}",matrix_size,50000,1.823308
2,2,npb,npb_cg,"{""block_size"":256,""iterations"":1,""max_cg_iterations"":50,""nonzeros_per_row"":11}",matrix_size,75000,1.834776
2,2,npb,npb_cg,"{""block_size"":256,""iterations"":1,""max_cg_iterations"":50,""nonzeros_per_row"":11}",matrix_size,100000,2.018606
2,2,npb,npb_cg,"{""block_size"":256,""iterations"":1,""max_cg_iterations"":50,""nonzeros_per_row"":11}",matrix_size,125000,2.085836
2,2,npb,npb_cg,"{""block_size"":256,""iterations"":1,""max_cg_iterations"":50,""nonzeros_per_row"":11}",matrix_size,150000,2.223578
2,2,npb,npb_cg,"{""block_size"":256,""iterations"":1,""max_cg_iterations"":50,""nonzeros_per_row"":11}",matrix_size,200000,2.394452
2,2,npb,npb_cg,"{""block_size"":256,""iterations"":1,""max_cg_iterations"":50,""nonzeros_per_row"":11}",matrix_size,250000,2.705741
2,2,npb,npb_cg,"{""block_size"":256,""iterations"":1,""max_cg_iterations"":50,""nonzeros_per_row"":11}",matrix_size,300000,3.281050
2,2,npb,npb_cg,"{""block_size"":256,""iterations"":1,""max_cg_iterations"":50,""nonzeros_per_row"":11}",matrix_size,350000,4.288867
2,2,npb,npb_cg,"{""block_size"":256,""iterations"":1,""max_cg_iterations"":50,""nonzeros_per_row"":11}",matrix_size,400000,5.440179
2,2,npb,npb_cg,"{""block_size"":256,""iterations"":1,""max_cg_iterations"":50,""nonzeros_per_row"":11}",matrix_size,450000,6.044802
2,2,npb,npb_cg,"{""block_size"":256,""iterations"":1,""max_cg_iterations"":50,""nonzeros_per_row"":11}",matrix_size,500000,6.438646
2,2,npb,npb_cg,"{""block_size"":256,""iterations"":1,""max_cg_iterations"":50,""nonzeros_per_row"":15}",matrix_size,1000,1.680628
2,2,npb,npb_cg,"{""block_size"":256,""iterations"":1,""max_cg_iterations"":50,""nonzeros_per_row"":15}",matrix_size,2000,1.703301
2,2,npb,npb_cg,"{""block_size"":256,""iterations"":1,""max_cg_iterations"":50,""nonzeros_per_row"":15}",matrix_size,3000,1.718276
2,2,npb,npb_cg,"{""block_size"":256,""iterations"":1,""max_cg_iterations"":50,""nonzeros_per_row"":15}",matrix_size,5000,1.769152
2,2,npb,npb_cg,"{""block_size"":256,""iterations"":1,""max_cg_iterations"":50,""nonzeros_per_row"":15}",matrix_size,7500,1.722033
2,2,npb,npb_cg,"{""block_size"":256,""iterations"":1,""max_cg_iterations"":50,""nonzeros_per_row"":15}",matrix_size,10000,1.724359
2,2,npb,npb_cg,"{""block_size"":256,""iterations"":1,""max_cg_iterations"":50,""nonzeros_per_row"":15}",matrix_size,15000,1.754604
2,2,npb,npb_cg,"{""block_size"":256,""iterations"":1,""max_cg_iterations"":50,""nonzeros_per_row"":15}",matrix_size,20000,1.781204
2,2,npb,npb_cg,"{""block_size"":256,""iterations"":1,""max_cg_iterations"":50,""nonzeros_per_row"":15}",matrix_size,30000,1.797339
2,2,npb,npb_cg,"{""block_size"":256,""iterations"":1,""max_cg_iterations"":50,""nonzeros_per_row"":15}",matrix_size,40000,1.885602
2,2,npb,npb_cg,"{""block_size"":256,""iterations"":1,""max_cg_iterations"":50,""nonzeros_per_row"":15}",matrix_size,50000,1.876315
2,2,npb,npb_cg,"{""block_size"":256,""iterations"":1,""max_cg_iterations"":50,""nonzeros_per_row"":15}",matrix_size,75000,2.048219
2,2,npb,npb_cg,"{""block_size"":256,""iterations"":1,""max_cg_iterations"":50,""nonzeros_per_row"":15}",matrix_size,100000,2.225738
2,2,npb,npb_cg,"{""block_size"":256,""iterations"":1,""max_cg_iterations"":50,""nonzeros_per_row"":15}",matrix_size,125000,2.343390
2,2,npb,npb_cg,"{""block_size"":256,""iterations"":1,""max_cg_iterations"":50,""nonzeros_per_row"":15}",matrix_size,150000,2.549845
2,2,npb,npb_cg,"{""block_size"":256,""iterations"":1,""max_cg_iterations"":50,""nonzeros_per_row"":15}",matrix_size,200000,2.943416
2,2,npb,npb_cg,"{""block_size"":256,""iterations"":1,""max_cg_iterations"":50,""nonzeros_per_row"":15}",matrix_size,250000,4.114568
2,2,npb,npb_cg,"{""block_size"":256,""iterations"":1,""max_cg_iterations"":50,""nonzeros_per_row"":15}",matrix_size,300000,6.810579
2,2,npb,npb_cg,"{""block_size"":256,""iterations"":1,""max_cg_iterations"":50,""nonzeros_per_row"":15}",matrix_size,350000,8.025470
2,2,npb,npb_cg,"{""block_size"":256,""iterations"":1,""max_cg_iterations"":50,""nonzeros_per_row"":15}",matrix_size,400000,9.431354
2,2,npb,npb_cg,"{""block_size"":256,""iterations"":1,""max_cg_iterations"":50,""nonzeros_per_row"":15}",matrix_size,450000,9.841148
2,2,npb,npb_cg,"{""block_size"":256,""iterations"":1,""max_cg_iterations"":50,""nonzeros_per_row"":15}",matrix_size,500000,10.905157
2,2,npb,npb_cg,"{""block_size"":256,""iterations"":1,""max_cg_iterations"":50,""nonzeros_per_row"":5}",matrix_size,1000,1.584922
2,2,npb,npb_cg,"{""block_size"":256,""iterations"":1,""max_cg_iterations"":50,""nonzeros_per_row"":5}",matrix_size,2000,1.596284
2,2,npb,npb_cg,"{""block_size"":256,""iterations"":1,""max_cg_iterations"":50,""nonzeros_per_row"":5}",matrix_size,3000,1.586247
2,2,npb,npb_cg,"{""block_size"":256,""iterations"":1,""max_cg_iterations"":50,""nonzeros_per_row"":5}",matrix_size,5000,1.600909
2,2,npb,npb_cg,"{""block_size"":256,""iterations"":1,""max_cg_iterations"":50,""nonzeros_per_row"":5}",matrix_size,7500,1.610276
2,2,npb,npb_cg,"{""block_size"":256,""iterations"":1,""max_cg_iterations"":50,""nonzeros_per_row"":5}",matrix_size,10000,1.595808
2,2,npb,npb_cg,"{""block_size"":256,""iterations"":1,""max_cg_iterations"":50,""nonzeros_per_row"":5}",matrix_size,15000,1.596663
2,2,npb,npb_cg,"{""block_size"":256,""iterations"":1,""max_cg_iterations"":50,""nonzeros_per_row"":5}",matrix_size,20000,1.607177
2,2,npb,npb_cg,"{""block_size"":256,""iterations"":1,""max_cg_iterations"":50,""nonzeros_per_row"":5}",matrix_size,30000,1.605343
2,2,npb,npb_cg,"{""block_size"":256,""iterations"":1,""max_cg_iterations"":50,""nonzeros_per_row"":5}",matrix_size,40000,1.603579
2,2,npb,npb_cg,"{""block_size"":256,""iterations"":1,""max_cg_iterations"":50,""nonzeros_per_row"":5}",matrix_size,50000,1.614859
2,2,npb,npb_cg,"{""block_size"":256,""iterations"":1,""max_cg_iterations"":50,""nonzeros_per_row"":5}",matrix_size,75000,1.722013
2,2,npb,npb_cg,"{""block_size"":256,""iterations"":1,""max_cg_iterations"":50,""nonzeros_per_row"":5}",matrix_size,100000,1.673479
2,2,npb,npb_cg,"{""block_size"":256,""iterations"":1,""max_cg_iterations"":50,""nonzeros_per_row"":5}",matrix_size,125000,1.700575
2,2,npb,npb_cg,"{""block_size"":256,""iterations"":1,""max_cg_iterations"":50,""nonzeros_per_row"":5}",matrix_size,150000,1.796416
2,2,npb,npb_cg,"{""block_size"":256,""iterations"":1,""max_cg_iterations"":50,""nonzeros_per_row"":5}",matrix_size,200000,1.823790
2,2,npb,npb_cg,"{""block_size"":256,""iterations"":1,""max_cg_iterations"":50,""nonzeros_per_row"":5}",matrix_size,250000,1.936764
2,2,npb,npb_cg,"{""block_size"":256,""iterations"":1,""max_cg_iterations"":50,""nonzeros_per_row"":5}",matrix_size,300000,2.005161
2,2,npb,npb_cg,"{""block_size"":256,""iterations"":1,""max_cg_iterations"":50,""nonzeros_per_row"":5}",matrix_size,350000,2.096144
2,2,npb,npb_cg,"{""block_size"":256,""iterations"":1,""max_cg_iterations"":50,""nonzeros_per_row"":5}",matrix_size,400000,2.231904
2,2,npb,npb_cg,"{""block_size"":256,""iterations"":1,""max_cg_iterations"":50,""nonzeros_per_row"":5}",matrix_size,450000,2.343358
2,2,npb,npb_cg,"{""block_size"":256,""iterations"":1,""max_cg_iterations"":50,""nonzeros_per_row"":5}",matrix_size,500000,2.508268
2,2,npb,npb_cg,"{""block_size"":256,""iterations"":1,""max_cg_iterations"":50,""nonzeros_per_row"":7}",matrix_size,1000,1.772999
2,2,npb,npb_cg,"{""block_size"":256,""iterations"":1,""max_cg_iterations"":50,""nonzeros_per_row"":7}",matrix_size,2000,1.589894
2,2,npb,npb_cg,"{""block_size"":256,""iterations"":1,""max_cg_iterations"":50,""nonzeros_per_row"":7}",matrix_size,3000,1.588085
2,2,npb,npb_cg,"{""block_size"":256,""iterations"":1,""max_cg_iterations"":50,""nonzeros_per_row"":7}",matrix_size,5000,1.601899
2,2,npb,npb_cg,"{""block_size"":256,""iterations"":1,""max_cg_iterations"":50,""nonzeros_per_row"":7}",matrix_size,7500,1.643764
2,2,npb,npb_cg,"{""block_size"":256,""iterations"":1,""max_cg_iterations"":50,""nonzeros_per_row"":7}",matrix_size,10000,1.615887
2,2,npb,npb_cg,"{""block_size"":256,""iterations"":1,""max_cg_iterations"":50,""nonzeros_per_row"":7}",matrix_size,15000,1.717744
2,2,npb,npb_cg,"{""block_size"":256,""iterations"":1,""max_cg_iterations"":50,""nonzeros_per_row"":7}",matrix_size,20000,1.618923
2,2,npb,npb_cg,"{""block_size"":256,""iterations"":1,""max_cg_iterations"":50,""nonzeros_per_row"":7}",matrix_size,30000,1.638230
2,2,npb,npb_cg,"{""block_size"":256,""iterations"":1,""max_cg_iterations"":50,""nonzeros_per_row"":7}",matrix_size,40000,1.629943
2,2,npb,npb_cg,"{""block_size"":256,""iterations"":1,""max_cg_iterations"":50,""nonzeros_per_row"":7}",matrix_size,50000,1.656569
2,2,npb,npb_cg,"{""block_size"":256,""iterations"":1,""max_cg_iterations"":50,""nonzeros_per_row"":7}",matrix_size,75000,1.699104
2,2,npb,npb_cg,"{""block_size"":256,""iterations"":1,""max_cg_iterations"":50,""nonzeros_per_row"":7}",matrix_size,100000,1.778070
2,2,npb,npb_cg,"{""block_size"":256,""iterations"":1,""max_cg_iterations"":50,""nonzeros_per_row"":7}",matrix_size,125000,1.846248
2,2,npb,npb_cg,"{""block_size"":256,""iterations"":1,""max_cg_iterations"":50,""nonzeros_per_row"":7}",matrix_size,150000,1.852607
2,2,npb,npb_cg,"{""block_size"":256,""iterations"":1,""max_cg_iterations"":50,""nonzeros_per_row"":7}",matrix_size,200000,2.017620
2,2,npb,npb_cg,"{""block_size"":256,""iterations"":1,""max_cg_iterations"":50,""nonzeros_per_row"":7}",matrix_size,250000,2.137254
2,2,npb,npb_cg,"{""block_size"":256,""iterations"":1,""max_cg_iterations"":50,""nonzeros_per_row"":7}",matrix_size,300000,2.228711
2,2,npb,npb_cg,"{""block_size"":256,""iterations"":1,""max_cg_iterations"":50,""nonzeros_per_row"":7}",matrix_size,350000,2.467286
2,2,npb,npb_cg,"{""block_size"":256,""iterations"":1,""max_cg_iterations"":50,""nonzeros_per_row"":7}",matrix_size,400000,2.665378
2,2,npb,npb_cg,"{""block_size"":256,""iterations"":1,""max_cg_iterations"":50,""nonzeros_per_row"":7}",matrix_size,450000,2.973993
2,2,npb,npb_cg,"{""block_size"":256,""iterations"":1,""max_cg_iterations"":50,""nonzeros_per_row"":7}",matrix_size,500000,3.314493
2,2,npb,npb_ep,"{""block_size"":256,""seed"":123456789}",size,1024,0.012589
2,2,npb,npb_ep,"{""block_size"":256,""seed"":123456789}",size,1536,0.014954
2,2,npb,npb_ep,"{""block_size"":256,""seed"":123456789}",size,2048,0.017627
2,2,npb,npb_ep,"{""block_size"":256,""seed"":123456789}",size,3072,0.023761
2,2,npb,npb_ep,"{""block_size"":256,""seed"":123456789}",size,4096,0.027917
2,2,npb,npb_ep,"{""block_size"":256,""seed"":123456789}",size,6144,0.038114
2,2,npb,npb_ep,"{""block_size"":256,""seed"":123456789}",size,8192,0.053737
2,2,npb,npb_ep,"{""block_size"":256,""seed"":123456789}",size,12288,0.069010
2,2,npb,npb_ep,"{""block_size"":256,""seed"":123456789}",size,16384,0.089457
2,2,npb,npb_ep,"{""block_size"":256,""seed"":123456789}",size,24576,0.130296
2,2,npb,npb_ep,"{""block_size"":256,""seed"":123456789}",size,32768,0.171269
2,2,npb,npb_ep,"{""block_size"":256,""seed"":123456789}",size,49152,0.255447
2,2,npb,npb_ep,"{""block_size"":256,""seed"":123456789}",size,65536,0.335241
2,2,npb,npb_ep,"{""block_size"":256,""seed"":123456789}",size,98304,0.499173
2,2,npb,npb_ep,"{""block_size"":256,""seed"":123456789}",size,131072,0.664388
2,2,npb,npb_ep,"{""block_size"":256,""seed"":123456789}",size,196608,0.990784
2,2,npb,npb_ep,"{""block_size"":256,""seed"":123456789}",size,262144,1.318355
2,2,npb,npb_ep,"{""block_size"":256,""seed"":123456789}",size,393216,1.973911
2,2,npb,npb_ep,"{""block_size"":256,""seed"":123456789}",size,524288,2.629160
2,2,npb,npb_ep,"{""block_size"":256,""seed"":123456789}",size,786432,3.940150
2,2,npb,npb_ep,"{""block_size"":256,""seed"":123456789}",size,1048576,5.250853
2,2,npb,npb_ep,"{""block_size"":256,""seed"":123456789}",size,1572864,7.873191
2,2,npb,npb_ep,"{""block_size"":256,""seed"":123456789}",size,2097152,10.496000
2,2,npb,npb_ep,"{""block_size"":256,""seed"":123456789}",size,3145728,15.737917
2,2,npb,npb_ep,"{""block_size"":256,""seed"":123456789}",size,4194304,20.981887
2,2,npb,npb_ep,"{""block_size"":256,""seed"":123456789}",size,6291456,31.468696
2,2,npb,npb_ep,"{""block_size"":256,""seed"":123456789}",size,8388608,41.955672
2,2,npb,npb_ep,"{""block_size"":256,""seed"":271828183}",size,1024,0.012562
2,2,npb,npb_ep,"{""block_size"":256,""seed"":271828183}",size,1536,0.016144
2,2,npb,npb_ep,"{""block_size"":256,""seed"":271828183}",size,2048,0.017653
2,2,npb,npb_ep,"{""block_size"":256,""seed"":271828183}",size,3072,0.022798
2,2,npb,npb_ep,"{""block_size"":256,""seed"":271828183}",size,4096,0.027809
2,2,npb,npb_ep,"{""block_size"":256,""seed"":271828183}",size,6144,0.038220
2,2,npb,npb_ep,"{""block_size"":256,""seed"":271828183}",size,8192,0.048577
2,2,npb,npb_ep,"{""block_size"":256,""seed"":271828183}",size,12288,0.084937
2,2,npb,npb_ep,"{""block_size"":256,""seed"":271828183}",size,16384,0.089430
2,2,npb,npb_ep,"{""block_size"":256,""seed"":271828183}",size,24576,0.130336
2,2,npb,npb_ep,"{""block_size"":256,""seed"":271828183}",size,32768,0.192397
2,2,npb,npb_ep,"{""block_size"":256,""seed"":271828183}",size,49152,0.327839
2,2,npb,npb_ep,"{""block_size"":256,""seed"":271828183}",size,65536,0.335162
2,2,npb,npb_ep,"{""block_size"":256,""seed"":271828183}",size,98304,0.526438
2,2,npb,npb_ep,"{""block_size"":256,""seed"":271828183}",size,131072,0.664028
2,2,npb,npb_ep,"{""block_size"":256,""seed"":271828183}",size,196608,0.990999
2,2,npb,npb_ep,"{""block_size"":256,""seed"":271828183}",size,262144,1.320361
2,2,npb,npb_ep,"{""block_size"":256,""seed"":271828183}",size,393216,1.973856
2,2,npb,npb_ep,"{""block_size"":256,""seed"":271828183}",size,524288,2.629230
2,2,npb,npb_ep,"{""block_size"":256,""seed"":271828183}",size,786432,3.940795
2,2,npb,npb_ep,"{""block_size"":256,""seed"":271828183}",size,1048576,5.250666
2,2,npb,npb_ep,"{""block_size"":256,""seed"":271828183}",size,1572864,7.872774
2,2,npb,npb_ep,"{""block_size"":256,""seed"":271828183}",size,2097152,10.494404
2,2,npb,npb_ep,"{""block_size"":256,""seed"":271828183}",size,3145728,15.738111
2,2,npb,npb_ep,"{""block_size"":256,""seed"":271828183}",size,4194304,20.981594
2,2,npb,npb_ep,"{""block_size"":256,""seed"":271828183}",size,6291456,31.468565
2,2,npb,npb_ep,"{""block_size"":256,""seed"":271828183}",size,8388608,41.955589
2,2,npb,npb_ep,"{""block_size"":256,""seed"":314159265}",size,1024,0.017747
2,2,npb,npb_ep,"{""block_size"":256,""seed"":314159265}",size,1536,0.015127
2,2,npb,npb_ep,"{""block_size"":256,""seed"":314159265}",size,2048,0.021703
2,2,npb,npb_ep,"{""block_size"":256,""seed"":314159265}",size,3072,0.025017
2,2,npb,npb_ep,"{""block_size"":256,""seed"":314159265}",size,4096,0.028505
2,2,npb,npb_ep,"{""block_size"":256,""seed"":314159265}",size,6144,0.038300
2,2,npb,npb_ep,"{""block_size"":256,""seed"":314159265}",size,8192,0.048390
2,2,npb,npb_ep,"{""block_size"":256,""seed"":314159265}",size,12288,0.076776
2,2,npb,npb_ep,"{""block_size"":256,""seed"":314159265}",size,16384,0.089256
2,2,npb,npb_ep,"{""block_size"":256,""seed"":314159265}",size,24576,0.130403
2,2,npb,npb_ep,"{""block_size"":256,""seed"":314159265}",size,32768,0.171136
2,2,npb,npb_ep,"{""block_size"":256,""seed"":314159265}",size,49152,0.253305
2,2,npb,npb_ep,"{""block_size"":256,""seed"":314159265}",size,65536,0.335189
2,2,npb,npb_ep,"{""block_size"":256,""seed"":314159265}",size,98304,0.498956
2,2,npb,npb_ep,"{""block_size"":256,""seed"":314159265}",size,131072,0.662867
2,2,npb,npb_ep,"{""block_size"":256,""seed"":314159265}",size,196608,0.992322
2,2,npb,npb_ep,"{""block_size"":256,""seed"":314159265}",size,262144,1.318288
2,2,npb,npb_ep,"{""block_size"":256,""seed"":314159265}",size,393216,1.975103
2,2,npb,npb_ep,"{""block_size"":256,""seed"":314159265}",size,524288,2.629456
2,2,npb,npb_ep,"{""block_size"":256,""seed"":314159265}",size,786432,3.941053
2,2,npb,npb_ep,"{""block_size"":256,""seed"":314159265}",size,1048576,5.252418
2,2,npb,npb_ep,"{""block_size"":256,""seed"":314159265}",size,1572864,7.873336
2,2,npb,npb_ep,"{""block_size"":256,""seed"":314159265}",size,2097152,10.494351
2,2,npb,npb_ep,"{""block_size"":256,""seed"":314159265}",size,3145728,15.738102
2,2,npb,npb_ep,"{""block_size"":256,""seed"":314159265}",size,4194304,20.981568
2,2,npb,npb_ep,"{""block_size"":256,""seed"":314159265}",size,6291456,31.468538
2,2,npb,npb_ep,"{""block_size"":256,""seed"":314159265}",size,8388608,41.955620
2,2,npb,npb_is,"{""block_size"":256,""verify"":""false""}",size,1024,0.018175
2,2,npb,npb_is,"{""block_size"":256,""verify"":""false""}",size,1536,0.018201
2,2,npb,npb_is,"{""block_size"":256,""verify"":""false""}",size,2048,0.018442
2,2,npb,npb_is,"{""block_size"":256,""verify"":""false""}",size,3072,0.019044
2,2,npb,npb_is,"{""block_size"":256,""verify"":""false""}",size,4096,0.017854
2,2,npb,npb_is,"{""block_size"":256,""verify"":""false""}",size,6144,0.017734
2,2,npb,npb_is,"{""block_size"":256,""verify"":""false""}",size,8192,0.018322
2,2,npb,npb_is,"{""block_size"":256,""verify"":""false""}",size,12288,0.018856
2,2,npb,npb_is,"{""block_size"":256,""verify"":""false""}",size,16384,0.021354
2,2,npb,npb_is,"{""block_size"":256,""verify"":""false""}",size,24576,0.023921
2,2,npb,npb_is,"{""block_size"":256,""verify"":""false""}",size,32768,0.028131
2,2,npb,npb_is,"{""block_size"":256,""verify"":""false""}",size,49152,0.035708
2,2,npb,npb_is,"{""block_size"":256,""verify"":""false""}",size,65536,0.043445
2,2,npb,npb_is,"{""block_size"":256,""verify"":""false""}",size,98304,0.057865
2,2,npb,npb_is,"{""block_size"":256,""verify"":""false""}",size,131072,0.069973
2,2,npb,npb_is,"{""block_size"":256,""verify"":""false""}",size,196608,0.097020
2,2,npb,npb_is,"{""block_size"":256,""verify"":""false""}",size,262144,0.113739
2,2,npb,npb_is,"{""block_size"":256,""verify"":""false""}",size,393216,0.156663
2,2,npb,npb_is,"{""block_size"":256,""verify"":""false""}",size,524288,0.199025
2,2,npb,npb_is,"{""block_size"":256,""verify"":""false""}",size,786432,0.282508
2,2,npb,npb_is,"{""block_size"":256,""verify"":""false""}",size,1048576,0.371578
2,2,npb,npb_is,"{""block_size"":256,""verify"":""false""}",size,1572864,0.545425
2,2,npb,npb_is,"{""block_size"":256,""verify"":""false""}",size,2097152,0.717552
2,2,npb,npb_is,"{""block_size"":256,""verify"":""false""}",size,3145728,1.061333
2,2,npb,npb_is,"{""block_size"":256,""verify"":""false""}",size,4194304,1.413010
2,2,npb,npb_is,"{""block_size"":256,""verify"":""false""}",size,6291456,2.102339
2,2,npb,npb_is,"{""block_size"":256,""verify"":""false""}",size,8388608,2.793200
2,2,npb,npb_is,"{""block_size"":256,""verify"":""skip""}",size,1024,0.018015
2,2,npb,npb_is,"{""block_size"":256,""verify"":""skip""}",size,1536,0.018215
2,2,npb,npb_is,"{""block_size"":256,""verify"":""skip""}",size,2048,0.018268
2,2,npb,npb_is,"{""block_size"":256,""verify"":""skip""}",size,3072,0.017840
2,2,npb,npb_is,"{""block_size"":256,""verify"":""skip""}",size,4096,0.017787
2,2,npb,npb_is,"{""block_size"":256,""verify"":""skip""}",size,6144,0.017921
2,2,npb,npb_is,"{""block_size"":256,""verify"":""skip""}",size,8192,0.019110
2,2,npb,npb_is,"{""block_size"":256,""verify"":""skip""}",size,12288,0.020152
2,2,npb,npb_is,"{""block_size"":256,""verify"":""skip""}",size,16384,0.020901
2,2,npb,npb_is,"{""block_size"":256,""verify"":""skip""}",size,24576,0.023707
2,2,npb,npb_is,"{""block_size"":256,""verify"":""skip""}",size,32768,0.027783
2,2,npb,npb_is,"{""block_size"":256,""verify"":""skip""}",size,49152,0.035481
2,2,npb,npb_is,"{""block_size"":256,""verify"":""skip""}",size,65536,0.043445
2,2,npb,npb_is,"{""block_size"":256,""verify"":""skip""}",size,98304,0.062569
2,2,npb,npb_is,"{""block_size"":256,""verify"":""skip""}",size,131072,0.069678
2,2,npb,npb_is,"{""block_size"":256,""verify"":""skip""}",size,196608,0.093573
2,2,npb,npb_is,"{""block_size"":256,""verify"":""skip""}",size,262144,0.113725
2,2,npb,npb_is,"{""block_size"":256,""verify"":""skip""}",size,393216,0.156730
2,2,npb,npb_is,"{""block_size"":256,""verify"":""skip""}",size,524288,0.198264
2,2,npb,npb_is,"{""block_size"":256,""verify"":""skip""}",size,786432,0.283618
2,2,npb,npb_is,"{""block_size"":256,""verify"":""skip""}",size,1048576,0.373703
2,2,npb,npb_is,"{""block_size"":256,""verify"":""skip""}",size,1572864,0.546242
2,2,npb,npb_is,"{""block_size"":256,""verify"":""skip""}",size,2097152,0.718902
2,2,npb,npb_is,"{""block_size"":256,""verify"":""skip""}",size,3145728,1.063083
2,2,npb,npb_is,"{""block_size"":256,""verify"":""skip""}",size,4194304,1.410073
2,2,npb,npb_is,"{""block_size"":256,""verify"":""skip""}",size,6291456,2.101975
2,2,npb,npb_is,"{""block_size"":256,""verify"":""skip""}",size,8388608,2.792628
2,2,npb,npb_is,"{""block_size"":256,""verify"":""true""}",size,1024,0.018469
2,2,npb,npb_is,"{""block_size"":256,""verify"":""true""}",size,1536,0.018134
2,2,npb,npb_is,"{""block_size"":256,""verify"":""true""}",size,2048,0.018214
2,2,npb,npb_is,"{""block_size"":256,""verify"":""true""}",size,3072,0.018348
2,2,npb,npb_is,"{""block_size"":256,""verify"":""true""}",size,4096,0.017855
2,2,npb,npb_is,"{""block_size"":256,""verify"":""true""}",size,6144,0.019097
2,2,npb,npb_is,"{""block_size"":256,""verify"":""true""}",size,8192,0.018388
2,2,npb,npb_is,"{""block_size"":256,""verify"":""true""}",size,12288,0.018937
2,2,npb,npb_is,"{""block_size"":256,""verify"":""true""}",size,16384,0.020500
2,2,npb,npb_is,"{""block_size"":256,""verify"":""true""}",size,24576,0.023907
2,2,npb,npb_is,"{""block_size"":256,""verify"":""true""}",size,32768,0.028051
2,2,npb,npb_is,"{""block_size"":256,""verify"":""true""}",size,49152,0.037125
2,2,npb,npb_is,"{""block_size"":256,""verify"":""true""}",size,65536,0.043926
2,2,npb,npb_is,"{""block_size"":256,""verify"":""true""}",size,98304,0.062140
2,2,npb,npb_is,"{""block_size"":256,""verify"":""true""}",size,131072,0.069264
2,2,npb,npb_is,"{""block_size"":256,""verify"":""true""}",size,196608,0.093466
2,2,npb,npb_is,"{""block_size"":256,""verify"":""true""}",size,262144,0.113726
2,2,npb,npb_is,"{""block_size"":256,""verify"":""true""}",size,393216,0.158200
2,2,npb,npb_is,"{""block_size"":256,""verify"":""true""}",size,524288,0.198892
2,2,npb,npb_is,"{""block_size"":256,""verify"":""true""}",size,786432,0.283418
2,2,npb,npb_is,"{""block_size"":256,""verify"":""true""}",size,1048576,0.370469
2,2,npb,npb_is,"{""block_size"":256,""verify"":""true""}",size,1572864,0.545226
2,2,npb,npb_is,"{""block_size"":256,""verify"":""true""}",size,2097152,0.718994
2,2,npb,npb_is,"{""block_size"":256,""verify"":""true""}",size,3145728,1.063240
2,2,npb,npb_is,"{""block_size"":256,""verify"":""true""}",size,4194304,1.412395
2,2,npb,npb_is,"{""block_size"":256,""verify"":""true""}",size,6291456,2.105318
2,2,npb,npb_is,"{""block_size"":256,""verify"":""true""}",size,8388608,2.795548
2,2,npb,npb_mg,"{""block_size"":256,""num_smooth_steps"":1,""num_vcycles"":10}",grid_size,16,0.588735
2,2,npb,npb_mg,"{""block_size"":256,""num_smooth_steps"":1,""num_vcycles"":10}",grid_size,20,0.834190
2,2,npb,npb_mg,"{""block_size"":256,""num_smooth_steps"":1,""num_vcycles"":10}",grid_size,24,0.834431
2,2,npb,npb_mg,"{""block_size"":256,""num_smooth_steps"":1,""num_vcycles"":10}",grid_size,28,0.831730
2,2,npb,npb_mg,"{""block_size"":256,""num_smooth_steps"":1,""num_vcycles"":10}",grid_size,32,0.842192
2,2,npb,npb_mg,"{""block_size"":256,""num_smooth_steps"":1,""num_vcycles"":10}",grid_size,40,1.080284
2,2,npb,npb_mg,"{""block_size"":256,""num_smooth_steps"":1,""num_vcycles"":10}",grid_size,48,1.087071
2,2,npb,npb_mg,"{""block_size"":256,""num_smooth_steps"":1,""num_vcycles"":10}",grid_size,56,1.083757
2,2,npb,npb_mg,"{""block_size"":256,""num_smooth_steps"":1,""num_vcycles"":10}",grid_size,64,1.078266
2,2,npb,npb_mg,"{""block_size"":256,""num_smooth_steps"":1,""num_vcycles"":10}",grid_size,80,1.634533
2,2,npb,npb_mg,"{""block_size"":256,""num_smooth_steps"":1,""num_vcycles"":10}",grid_size,96,1.642088
2,2,npb,npb_mg,"{""block_size"":256,""num_smooth_steps"":1,""num_vcycles"":10}",grid_size,112,1.629051
2,2,npb,npb_mg,"{""block_size"":256,""num_smooth_steps"":1,""num_vcycles"":10}",grid_size,128,1.637035
2,2,npb,npb_mg,"{""block_size"":256,""num_smooth_steps"":1,""num_vcycles"":10}",grid_size,160,4.007249
2,2,npb,npb_mg,"{""block_size"":256,""num_smooth_steps"":1,""num_vcycles"":10}",grid_size,192,4.014052
2,2,npb,npb_mg,"{""block_size"":256,""num_smooth_steps"":1,""num_vcycles"":10}",grid_size,224,4.025642
2,2,npb,npb_mg,"{""block_size"":256,""num_smooth_steps"":1,""num_vcycles"":10}",grid_size,256,4.028606
2,2,npb,npb_mg,"{""block_size"":256,""num_smooth_steps"":1,""num_vcycles"":10}",grid_size,288,23.812349
2,2,npb,npb_mg,"{""block_size"":256,""num_smooth_steps"":1,""num_vcycles"":10}",grid_size,320,23.798480
2,2,npb,npb_mg,"{""block_size"":256,""num_smooth_steps"":1,""num_vcycles"":10}",grid_size,384,23.822420
2,2,npb,npb_mg,"{""block_size"":256,""num_smooth_steps"":1,""num_vcycles"":10}",grid_size,448,23.974517
2,2,npb,npb_mg,"{""block_size"":256,""num_smooth_steps"":1,""num_vcycles"":10}",grid_size,512,23.822552
2,2,npb,npb_mg,"{""block_size"":256,""num_smooth_steps"":1,""num_vcycles"":20}",grid_size,16,1.171319
2,2,npb,npb_mg,"{""block_size"":256,""num_smooth_steps"":1,""num_vcycles"":20}",grid_size,20,1.661419
2,2,npb,npb_mg,"{""block_size"":256,""num_smooth_steps"":1,""num_vcycles"":20}",grid_size,24,1.696777
2,2,npb,npb_mg,"{""block_size"":256,""num_smooth_steps"":1,""num_vcycles"":20}",grid_size,28,1.663996
2,2,npb,npb_mg,"{""block_size"":256,""num_smooth_steps"":1,""num_vcycles"":20}",grid_size,32,1.676417
2,2,npb,npb_mg,"{""block_size"":256,""num_smooth_steps"":1,""num_vcycles"":20}",grid_size,40,2.189507
2,2,npb,npb_mg,"{""block_size"":256,""num_smooth_steps"":1,""num_vcycles"":20}",grid_size,48,2.189407
2,2,npb,npb_mg,"{""block_size"":256,""num_smooth_steps"":1,""num_vcycles"":20}",grid_size,56,2.185470
2,2,npb,npb_mg,"{""block_size"":256,""num_smooth_steps"":1,""num_vcycles"":20}",grid_size,64,2.197789
2,2,npb,npb_mg,"{""block_size"":256,""num_smooth_steps"":1,""num_vcycles"":20}",grid_size,80,3.307873
2,2,npb,npb_mg,"{""block_size"":256,""num_smooth_steps"":1,""num_vcycles"":20}",grid_size,96,3.311188
2,2,npb,npb_mg,"{""block_size"":256,""num_smooth_steps"":1,""num_vcycles"":20}",grid_size,112,3.319692
2,2,npb,npb_mg,"{""block_size"":256,""num_smooth_steps"":1,""num_vcycles"":20}",grid_size,128,3.307362
2,2,npb,npb_mg,"{""block_size"":256,""num_smooth_steps"":1,""num_vcycles"":20}",grid_size,160,8.066699
2,2,npb,npb_mg,"{""block_size"":256,""num_smooth_steps"":1,""num_vcycles"":20}",grid_size,192,8.082477
2,2,npb,npb_mg,"{""block_size"":256,""num_smooth_steps"":1,""num_vcycles"":20}",grid_size,224,8.097128
2,2,npb,npb_mg,"{""block_size"":256,""num_smooth_steps"":1,""num_vcycles"":20}",grid_size,256,8.100832
2,2,npb,npb_mg,"{""block_size"":256,""num_smooth_steps"":1,""num_vcycles"":20}",grid_size,288,47.761589
2,2,npb,npb_mg,"{""block_size"":256,""num_smooth_steps"":1,""num_vcycles"":20}",grid_size,320,47.408167
2,2,npb,npb_mg,"{""block_size"":256,""num_smooth_steps"":1,""num_vcycles"":20}",grid_size,384,47.548004
2,2,npb,npb_mg,"{""block_size"":256,""num_smooth_steps"":1,""num_vcycles"":20}",grid_size,448,47.696818
2,2,npb,npb_mg,"{""block_size"":256,""num_smooth_steps"":1,""num_vcycles"":20}",grid_size,512,47.949496
2,2,npb,npb_mg,"{""block_size"":256,""num_smooth_steps"":1,""num_vcycles"":2}",grid_size,16,0.121637
2,2,npb,npb_mg,"{""block_size"":256,""num_smooth_steps"":1,""num_vcycles"":2}",grid_size,20,0.169732
2,2,npb,npb_mg,"{""block_size"":256,""num_smooth_steps"":1,""num_vcycles"":2}",grid_size,24,0.163654
2,2,npb,npb_mg,"{""block_size"":256,""num_smooth_steps"":1,""num_vcycles"":2}",grid_size,28,0.165710
2,2,npb,npb_mg,"{""block_size"":256,""num_smooth_steps"":1,""num_vcycles"":2}",grid_size,32,0.167729
2,2,npb,npb_mg,"{""block_size"":256,""num_smooth_steps"":1,""num_vcycles"":2}",grid_size,40,0.218659
2,2,npb,npb_mg,"{""block_size"":256,""num_smooth_steps"":1,""num_vcycles"":2}",grid_size,48,0.216997
2,2,npb,npb_mg,"{""block_size"":256,""num_smooth_steps"":1,""num_vcycles"":2}",grid_size,56,0.215101
2,2,npb,npb_mg,"{""block_size"":256,""num_smooth_steps"":1,""num_vcycles"":2}",grid_size,64,0.217815
2,2,npb,npb_mg,"{""block_size"":256,""num_smooth_steps"":1,""num_vcycles"":2}",grid_size,80,0.325499
2,2,npb,npb_mg,"{""block_size"":256,""num_smooth_steps"":1,""num_vcycles"":2}",grid_size,96,0.325888
2,2,npb,npb_mg,"{""block_size"":256,""num_smooth_steps"":1,""num_vcycles"":2}",grid_size,112,0.323441
2,2,npb,npb_mg,"{""block_size"":256,""num_smooth_steps"":1,""num_vcycles"":2}",grid_size,128,0.323189
2,2,npb,npb_mg,"{""block_size"":256,""num_smooth_steps"":1,""num_vcycles"":2}",grid_size,160,0.796233
2,2,npb,npb_mg,"{""block_size"":256,""num_smooth_steps"":1,""num_vcycles"":2}",grid_size,192,0.790619
2,2,npb,npb_mg,"{""block_size"":256,""num_smooth_steps"":1,""num_vcycles"":2}",grid_size,224,0.792786
2,2,npb,npb_mg,"{""block_size"":256,""num_smooth_steps"":1,""num_vcycles"":2}",grid_size,256,0.793775
2,2,npb,npb_mg,"{""block_size"":256,""num_smooth_steps"":1,""num_vcycles"":2}",grid_size,288,4.673266
2,2,npb,npb_mg,"{""block_size"":256,""num_smooth_steps"":1,""num_vcycles"":2}",grid_size,320,4.686905
2,2,npb,npb_mg,"{""block_size"":256,""num_smooth_steps"":1,""num_vcycles"":2}",grid_size,384,4.700163
2,2,npb,npb_mg,"{""block_size"":256,""num_smooth_steps"":1,""num_vcycles"":2}",grid_size,448,4.745601
2,2,npb,npb_mg,"{""block_size"":256,""num_smooth_steps"":1,""num_vcycles"":2}",grid_size,512,4.730863
2,2,npb,npb_mg,"{""block_size"":256,""num_smooth_steps"":1,""num_vcycles"":5}",grid_size,16,0.297146
2,2,npb,npb_mg,"{""block_size"":256,""num_smooth_steps"":1,""num_vcycles"":5}",grid_size,20,0.412909
2,2,npb,npb_mg,"{""block_size"":256,""num_smooth_steps"":1,""num_vcycles"":5}",grid_size,24,0.416667
2,2,npb,npb_mg,"{""block_size"":256,""num_smooth_steps"":1,""num_vcycles"":5}",grid_size,28,0.415611
2,2,npb,npb_mg,"{""block_size"":256,""num_smooth_steps"":1,""num_vcycles"":5}",grid_size,32,0.411895
2,2,npb,npb_mg,"{""block_size"":256,""num_smooth_steps"":1,""num_vcycles"":5}",grid_size,40,0.549158
2,2,npb,npb_mg,"{""block_size"":256,""num_smooth_steps"":1,""num_vcycles"":5}",grid_size,48,0.544074
2,2,npb,npb_mg,"{""block_size"":256,""num_smooth_steps"":1,""num_vcycles"":5}",grid_size,56,0.543650
2,2,npb,npb_mg,"{""block_size"":256,""num_smooth_steps"":1,""num_vcycles"":5}",grid_size,64,0.540110
2,2,npb,npb_mg,"{""block_size"":256,""num_smooth_steps"":1,""num_vcycles"":5}",grid_size,80,0.820409
2,2,npb,npb_mg,"{""block_size"":256,""num_smooth_steps"":1,""num_vcycles"":5}",grid_size,96,0.813061
2,2,npb,npb_mg,"{""block_size"":256,""num_smooth_steps"":1,""num_vcycles"":5}",grid_size,112,0.817302
2,2,npb,npb_mg,"{""block_size"":256,""num_smooth_steps"":1,""num_vcycles"":5}",grid_size,128,0.819384
2,2,npb,npb_mg,"{""block_size"":256,""num_smooth_steps"":1,""num_vcycles"":5}",grid_size,160,1.978221
2,2,npb,npb_mg,"{""block_size"":256,""num_smooth_steps"":1,""num_vcycles"":5}",grid_size,192,1.987711
2,2,npb,npb_mg,"{""block_size"":256,""num_smooth_steps"":1,""num_vcycles"":5}",grid_size,224,1.987153
2,2,npb,npb_mg,"{""block_size"":256,""num_smooth_steps"":1,""num_vcycles"":5}",grid_size,256,1.986255
2,2,npb,npb_mg,"{""block_size"":256,""num_smooth_steps"":1,""num_vcycles"":5}",grid_size,288,12.015553
2,2,npb,npb_mg,"{""block_size"":256,""num_smooth_steps"":1,""num_vcycles"":5}",grid_size,320,11.823728
2,2,npb,npb_mg,"{""block_size"":256,""num_smooth_steps"":1,""num_vcycles"":5}",grid_size,384,11.886753
2,2,npb,npb_mg,"{""block_size"":256,""num_smooth_steps"":1,""num_vcycles"":5}",grid_size,448,11.883176
2,2,npb,npb_mg,"{""block_size"":256,""num_smooth_steps"":1,""num_vcycles"":5}",grid_size,512,11.782299
2,2,npb,npb_mg,"{""block_size"":256,""num_smooth_steps"":2,""num_vcycles"":10}",grid_size,16,0.947278
2,2,npb,npb_mg,"{""block_size"":256,""num_smooth_steps"":2,""num_vcycles"":10}",grid_size,20,1.309243
2,2,npb,npb_mg,"{""block_size"":256,""num_smooth_steps"":2,""num_vcycles"":10}",grid_size,24,1.310375
2,2,npb,npb_mg,"{""block_size"":256,""num_smooth_steps"":2,""num_vcycles"":10}",grid_size,28,1.305871
2,2,npb,npb_mg,"{""block_size"":256,""num_smooth_steps"":2,""num_vcycles"":10}",grid_size,32,1.307473
2,2,npb,npb_mg,"{""block_size"":256,""num_smooth_steps"":2,""num_vcycles"":10}",grid_size,40,1.692111
2,2,npb,npb_mg,"{""block_size"":256,""num_smooth_steps"":2,""num_vcycles"":10}",grid_size,48,1.698141
2,2,npb,npb_mg,"{""block_size"":256,""num_smooth_steps"":2,""num_vcycles"":10}",grid_size,56,1.695693
2,2,npb,npb_mg,"{""block_size"":256,""num_smooth_steps"":2,""num_vcycles"":10}",grid_size,64,1.699705
2,2,npb,npb_mg,"{""block_size"":256,""num_smooth_steps"":2,""num_vcycles"":10}",grid_size,80,2.591647
2,2,npb,npb_mg,"{""block_size"":256,""num_smooth_steps"":2,""num_vcycles"":10}",grid_size,96,2.605797
2,2,npb,npb_mg,"{""block_size"":256,""num_smooth_steps"":2,""num_vcycles"":10}",grid_size,112,2.608764
2,2,npb,npb_mg,"{""block_size"":256,""num_smooth_steps"":2,""num_vcycles"":10}",grid_size,128,2.623816
2,2,npb,npb_mg,"{""block_size"":256,""num_smooth_steps"":2,""num_vcycles"":10}",grid_size,160,6.623840
2,2,npb,npb_mg,"{""block_size"":256,""num_smooth_steps"":2,""num_vcycles"":10}",grid_size,192,6.670862
2,2,npb,npb_mg,"{""block_size"":256,""num_smooth_steps"":2,""num_vcycles"":10}",grid_size,224,6.592720
2,2,npb,npb_mg,"{""block_size"":256,""num_smooth_steps"":2,""num_vcycles"":10}",grid_size,256,6.673717
2,2,npb,npb_mg,"{""block_size"":256,""num_smooth_steps"":2,""num_vcycles"":10}",grid_size,288,40.312078
2,2,npb,npb_mg,"{""block_size"":256,""num_smooth_steps"":2,""num_vcycles"":10}",grid_size,320,40.528894
2,2,npb,npb_mg,"{""block_size"":256,""num_smooth_steps"":2,""num_vcycles"":10}",grid_size,384,40.118060
2,2,npb,npb_mg,"{""block_size"":256,""num_smooth_steps"":2,""num_vcycles"":10}",grid_size,448,40.069448
2,2,npb,npb_mg,"{""block_size"":256,""num_smooth_steps"":2,""num_vcycles"":10}",grid_size,512,39.946230
2,2,npb,npb_mg,"{""block_size"":256,""num_smooth_steps"":2,""num_vcycles"":20}",grid_size,16,1.895278
2,2,npb,npb_mg,"{""block_size"":256,""num_smooth_steps"":2,""num_vcycles"":20}",grid_size,20,2.618345
2,2,npb,npb_mg,"{""block_size"":256,""num_smooth_steps"":2,""num_vcycles"":20}",grid_size,24,2.649279
2,2,npb,npb_mg,"{""block_size"":256,""num_smooth_steps"":2,""num_vcycles"":20}",grid_size,28,2.630867
2,2,npb,npb_mg,"{""block_size"":256,""num_smooth_steps"":2,""num_vcycles"":20}",grid_size,32,2.633973
2,2,npb,npb_mg,"{""block_size"":256,""num_smooth_steps"":2,""num_vcycles"":20}",grid_size,40,3.396893
2,2,npb,npb_mg,"{""block_size"":256,""num_smooth_steps"":2,""num_vcycles"":20}",grid_size,48,3.379854
2,2,npb,npb_mg,"{""block_size"":256,""num_smooth_steps"":2,""num_vcycles"":20}",grid_size,56,3.409559
2,2,npb,npb_mg,"{""block_size"":256,""num_smooth_steps"":2,""num_vcycles"":20}",grid_size,64,3.390887
2,2,npb,npb_mg,"{""block_size"":256,""num_smooth_steps"":2,""num_vcycles"":20}",grid_size,80,5.211211
2,2,npb,npb_mg,"{""block_size"":256,""num_smooth_steps"":2,""num_vcycles"":20}",grid_size,96,5.233592
2,2,npb,npb_mg,"{""block_size"":256,""num_smooth_steps"":2,""num_vcycles"":20}",grid_size,112,5.232656
2,2,npb,npb_mg,"{""block_size"":256,""num_smooth_steps"":2,""num_vcycles"":20}",grid_size,128,5.204478
2,2,npb,npb_mg,"{""block_size"":256,""num_smooth_steps"":2,""num_vcycles"":20}",grid_size,160,13.365554
2,2,npb,npb_mg,"{""block_size"":256,""num_smooth_steps"":2,""num_vcycles"":20}",grid_size,192,13.307204
2,2,npb,npb_mg,"{""block_size"":256,""num_smooth_steps"":2,""num_vcycles"":20}",grid_size,224,13.347177
2,2,npb,npb_mg,"{""block_size"":256,""num_smooth_steps"":2,""num_vcycles"":20}",grid_size,256,13.426101
2,2,npb,npb_mg,"{""block_size"":256,""num_smooth_steps"":2,""num_vcycles"":20}",grid_size,288,80.139836
2,2,npb,npb_mg,"{""block_size"":256,""num_smooth_steps"":2,""num_vcycles"":20}",grid_size,320,80.119084
2,2,npb,npb_mg,"{""block_size"":256,""num_smooth_steps"":2,""num_vcycles"":20}",grid_size,384,80.210198
2,2,npb,npb_mg,"{""block_size"":256,""num_smooth_steps"":2,""num_vcycles"":20}",grid_size,448,80.271785
2,2,npb,npb_mg,"{""block_size"":256,""num_smooth_steps"":2,""num_vcycles"":20}",grid_size,512,80.730170
2,2,npb,npb_mg,"{""block_size"":256,""num_smooth_steps"":2,""num_vcycles"":2}",grid_size,16,0.190153
2,2,npb,npb_mg,"{""block_size"":256,""num_smooth_steps"":2,""num_vcycles"":2}",grid_size,20,0.268744
2,2,npb,npb_mg,"{""block_size"":256,""num_smooth_steps"":2,""num_vcycles"":2}",grid_size,24,0.269582
2,2,npb,npb_mg,"{""block_size"":256,""num_smooth_steps"":2,""num_vcycles"":2}",grid_size,28,0.262985
2,2,npb,npb_mg,"{""block_size"":256,""num_smooth_steps"":2,""num_vcycles"":2}",grid_size,32,0.259921
2,2,npb,npb_mg,"{""block_size"":256,""num_smooth_steps"":2,""num_vcycles"":2}",grid_size,40,0.336607
2,2,npb,npb_mg,"{""block_size"":256,""num_smooth_steps"":2,""num_vcycles"":2}",grid_size,48,0.339264
2,2,npb,npb_mg,"{""block_size"":256,""num_smooth_steps"":2,""num_vcycles"":2}",grid_size,56,0.336446
2,2,npb,npb_mg,"{""block_size"":256,""num_smooth_steps"":2,""num_vcycles"":2}",grid_size,64,0.336727
2,2,npb,npb_mg,"{""block_size"":256,""num_smooth_steps"":2,""num_vcycles"":2}",grid_size,80,0.514889
2,2,npb,npb_mg,"{""block_size"":256,""num_smooth_steps"":2,""num_vcycles"":2}",grid_size,96,0.507073
2,2,npb,npb_mg,"{""block_size"":256,""num_smooth_steps"":2,""num_vcycles"":2}",grid_size,112,0.510000
2,2,npb,npb_mg,"{""block_size"":256,""num_smooth_steps"":2,""num_vcycles"":2}",grid_size,128,0.506723
2,2,npb,npb_mg,"{""block_size"":256,""num_smooth_steps"":2,""num_vcycles"":2}",grid_size,160,1.279729
2,2,npb,npb_mg,"{""block_size"":256,""num_smooth_steps"":2,""num_vcycles"":2}",grid_size,192,1.280689
2,2,npb,npb_mg,"{""block_size"":256,""num_smooth_steps"":2,""num_vcycles"":2}",grid_size,224,1.288078
2,2,npb,npb_mg,"{""block_size"":256,""num_smooth_steps"":2,""num_vcycles"":2}",grid_size,256,1.292782
2,2,npb,npb_mg,"{""block_size"":256,""num_smooth_steps"":2,""num_vcycles"":2}",grid_size,288,7.982873
2,2,npb,npb_mg,"{""block_size"":256,""num_smooth_steps"":2,""num_vcycles"":2}",grid_size,320,7.954401
2,2,npb,npb_mg,"{""block_size"":256,""num_smooth_steps"":2,""num_vcycles"":2}",grid_size,384,7.958425
2,2,npb,npb_mg,"{""block_size"":256,""num_smooth_steps"":2,""num_vcycles"":2}",grid_size,448,8.011853
2,2,npb,npb_mg,"{""block_size"":256,""num_smooth_steps"":2,""num_vcycles"":2}",grid_size,512,7.934924
2,2,npb,npb_mg,"{""block_size"":256,""num_smooth_steps"":2,""num_vcycles"":5}",grid_size,16,0.467490
2,2,npb,npb_mg,"{""block_size"":256,""num_smooth_steps"":2,""num_vcycles"":5}",grid_size,20,0.652924
2,2,npb,npb_mg,"{""block_size"":256,""num_smooth_steps"":2,""num_vcycles"":5}",grid_size,24,0.657803
2,2,npb,npb_mg,"{""block_size"":256,""num_smooth_steps"":2,""num_vcycles"":5}",grid_size,28,0.650668
2,2,npb,npb_mg,"{""block_size"":256,""num_smooth_steps"":2,""num_vcycles"":5}",grid_size,32,0.650757
2,2,npb,npb_mg,"{""block_size"":256,""num_smooth_steps"":2,""num_vcycles"":5}",grid_size,40,0.837831
2,2,npb,npb_mg,"{""block_size"":256,""num_smooth_steps"":2,""num_vcycles"":5}",grid_size,48,0.844652
2,2,npb,npb_mg,"{""block_size"":256,""num_smooth_steps"":2,""num_vcycles"":5}",grid_size,56,0.839589
2,2,npb,npb_mg,"{""block_size"":256,""num_smooth_steps"":2,""num_vcycles"":5}",grid_size,64,0.840141
2,2,npb,npb_mg,"{""block_size"":256,""num_smooth_steps"":2,""num_vcycles"":5}",grid_size,80,1.287896
2,2,npb,npb_mg,"{""block_size"":256,""num_smooth_steps"":2,""num_vcycles"":5}",grid_size,96,1.288675
2,2,npb,npb_mg,"{""block_size"":256,""num_smooth_steps"":2,""num_vcycles"":5}",grid_size,112,1.284291
2,2,npb,npb_mg,"{""block_size"":256,""num_smooth_steps"":2,""num_vcycles"":5}",grid_size,128,1.290227
2,2,npb,npb_mg,"{""block_size"":256,""num_smooth_steps"":2,""num_vcycles"":5}",grid_size,160,3.261364
2,2,npb,npb_mg,"{""block_size"":256,""num_smooth_steps"":2,""num_vcycles"":5}",grid_size,192,3.271090
2,2,npb,npb_mg,"{""block_size"":256,""num_smooth_steps"":2,""num_vcycles"":5}",grid_size,224,3.250998
2,2,npb,npb_mg,"{""block_size"":256,""num_smooth_steps"":2,""num_vcycles"":5}",grid_size,256,3.299582
2,2,npb,npb_mg,"{""block_size"":256,""num_smooth_steps"":2,""num_vcycles"":5}",grid_size,288,19.928996
2,2,npb,npb_mg,"{""block_size"":256,""num_smooth_steps"":2,""num_vcycles"":5}",grid_size,320,20.004146
2,2,npb,npb_mg,"{""block_size"":256,""num_smooth_steps"":2,""num_vcycles"":5}",grid_size,384,19.918305
2,2,npb,npb_mg,"{""block_size"":256,""num_smooth_steps"":2,""num_vcycles"":5}",grid_size,448,19.913229
2,2,npb,npb_mg,"{""block_size"":256,""num_smooth_steps"":2,""num_vcycles"":5}",grid_size,512,19.936755
2,2,npb,npb_mg,"{""block_size"":256,""num_smooth_steps"":3,""num_vcycles"":10}",grid_size,16,1.290922
2,2,npb,npb_mg,"{""block_size"":256,""num_smooth_steps"":3,""num_vcycles"":10}",grid_size,20,1.788933
2,2,npb,npb_mg,"{""block_size"":256,""num_smooth_steps"":3,""num_vcycles"":10}",grid_size,24,1.786259
2,2,npb,npb_mg,"{""block_size"":256,""num_smooth_steps"":3,""num_vcycles"":10}",grid_size,28,1.783011
2,2,npb,npb_mg,"{""block_size"":256,""num_smooth_steps"":3,""num_vcycles"":10}",grid_size,32,1.790989
2,2,npb,npb_mg,"{""block_size"":256,""num_smooth_steps"":3,""num_vcycles"":10}",grid_size,40,2.323911
2,2,npb,npb_mg,"{""block_size"":256,""num_smooth_steps"":3,""num_vcycles"":10}",grid_size,48,2.317431
2,2,npb,npb_mg,"{""block_size"":256,""num_smooth_steps"":3,""num_vcycles"":10}",grid_size,56,2.298573
2,2,npb,npb_mg,"{""block_size"":256,""num_smooth_steps"":3,""num_vcycles"":10}",grid_size,64,2.297977
2,2,npb,npb_mg,"{""block_size"":256,""num_smooth_steps"":3,""num_vcycles"":10}",grid_size,80,3.544770
2,2,npb,npb_mg,"{""block_size"":256,""num_smooth_steps"":3,""num_vcycles"":10}",grid_size,96,3.547809
2,2,npb,npb_mg,"{""block_size"":256,""num_smooth_steps"":3,""num_vcycles"":10}",grid_size,112,3.524185
2,2,npb,npb_mg,"{""block_size"":256,""num_smooth_steps"":3,""num_vcycles"":10}",grid_size,128,3.504429
2,2,npb,npb_mg,"{""block_size"":256,""num_smooth_steps"":3,""num_vcycles"":10}",grid_size,160,9.230134
2,2,npb,npb_mg,"{""block_size"":256,""num_smooth_steps"":3,""num_vcycles"":10}",grid_size,192,9.216568
2,2,npb,npb_mg,"{""block_size"":256,""num_smooth_steps"":3,""num_vcycles"":10}",grid_size,224,9.225364
2,2,npb,npb_mg,"{""block_size"":256,""num_smooth_steps"":3,""num_vcycles"":10}",grid_size,256,9.250170
2,2,npb,npb_mg,"{""block_size"":256,""num_smooth_steps"":3,""num_vcycles"":10}",grid_size,288,57.029913
2,2,npb,npb_mg,"{""block_size"":256,""num_smooth_steps"":3,""num_vcycles"":10}",grid_size,320,57.203665
2,2,npb,npb_mg,"{""block_size"":256,""num_smooth_steps"":3,""num_vcycles"":10}",grid_size,384,57.596800
2,2,npb,npb_mg,"{""block_size"":256,""num_smooth_steps"":3,""num_vcycles"":10}",grid_size,448,57.264912
2,2,npb,npb_mg,"{""block_size"":256,""num_smooth_steps"":3,""num_vcycles"":10}",grid_size,512,56.969993
2,2,npb,npb_mg,"{""block_size"":256,""num_smooth_steps"":3,""num_vcycles"":20}",grid_size,16,2.604797
2,2,npb,npb_mg,"{""block_size"":256,""num_smooth_steps"":3,""num_vcycles"":20}",grid_size,20,3.576281
2,2,npb,npb_mg,"{""block_size"":256,""num_smooth_steps"":3,""num_vcycles"":20}",grid_size,24,3.587098
2,2,npb,npb_mg,"{""block_size"":256,""num_smooth_steps"":3,""num_vcycles"":20}",grid_size,28,3.563819
2,2,npb,npb_mg,"{""block_size"":256,""num_smooth_steps"":3,""num_vcycles"":20}",grid_size,32,3.594720
2,2,npb,npb_mg,"{""block_size"":256,""num_smooth_steps"":3,""num_vcycles"":20}",grid_size,40,4.636422
2,2,npb,npb_mg,"{""block_size"":256,""num_smooth_steps"":3,""num_vcycles"":20}",grid_size,48,4.652468
2,2,npb,npb_mg,"{""block_size"":256,""num_smooth_steps"":3,""num_vcycles"":20}",grid_size,56,4.617898
2,2,npb,npb_mg,"{""block_size"":256,""num_smooth_steps"":3,""num_vcycles"":20}",grid_size,64,4.614025
2,2,npb,npb_mg,"{""block_size"":256,""num_smooth_steps"":3,""num_vcycles"":20}",grid_size,80,7.077567
2,2,npb,npb_mg,"{""block_size"":256,""num_smooth_steps"":3,""num_vcycles"":20}",grid_size,96,7.094655
2,2,npb,npb_mg,"{""block_size"":256,""num_smooth_steps"":3,""num_vcycles"":20}",grid_size,112,7.075298
2,2,npb,npb_mg,"{""block_size"":256,""num_smooth_steps"":3,""num_vcycles"":20}",grid_size,128,7.131814
2,2,npb,npb_mg,"{""block_size"":256,""num_smooth_steps"":3,""num_vcycles"":20}",grid_size,160,18.633896
2,2,npb,npb_mg,"{""block_size"":256,""num_smooth_steps"":3,""num_vcycles"":20}",grid_size,192,18.588664
2,2,npb,npb_mg,"{""block_size"":256,""num_smooth_steps"":3,""num_vcycles"":20}",grid_size,224,18.660462
2,2,npb,npb_mg,"{""block_size"":256,""num_smooth_steps"":3,""num_vcycles"":20}",grid_size,256,18.642889
2,2,npb,npb_mg,"{""block_size"":256,""num_smooth_steps"":3,""num_vcycles"":20}",grid_size,288,113.834522
2,2,npb,npb_mg,"{""block_size"":256,""num_smooth_steps"":3,""num_vcycles"":20}",grid_size,320,113.670100
2,2,npb,npb_mg,"{""block_size"":256,""num_smooth_steps"":3,""num_vcycles"":20}",grid_size,384,113.830471
2,2,npb,npb_mg,"{""block_size"":256,""num_smooth_steps"":3,""num_vcycles"":20}",grid_size,448,114.042061
2,2,npb,npb_mg,"{""block_size"":256,""num_smooth_steps"":3,""num_vcycles"":20}",grid_size,512,114.677543
2,2,npb,npb_mg,"{""block_size"":256,""num_smooth_steps"":3,""num_vcycles"":2}",grid_size,16,0.262279
2,2,npb,npb_mg,"{""block_size"":256,""num_smooth_steps"":3,""num_vcycles"":2}",grid_size,20,0.356448
2,2,npb,npb_mg,"{""block_size"":256,""num_smooth_steps"":3,""num_vcycles"":2}",grid_size,24,0.356782
2,2,npb,npb_mg,"{""block_size"":256,""num_smooth_steps"":3,""num_vcycles"":2}",grid_size,28,0.361247
2,2,npb,npb_mg,"{""block_size"":256,""num_smooth_steps"":3,""num_vcycles"":2}",grid_size,32,0.349823
2,2,npb,npb_mg,"{""block_size"":256,""num_smooth_steps"":3,""num_vcycles"":2}",grid_size,40,0.465328
2,2,npb,npb_mg,"{""block_size"":256,""num_smooth_steps"":3,""num_vcycles"":2}",grid_size,48,0.469600
2,2,npb,npb_mg,"{""block_size"":256,""num_smooth_steps"":3,""num_vcycles"":2}",grid_size,56,0.471768
2,2,npb,npb_mg,"{""block_size"":256,""num_smooth_steps"":3,""num_vcycles"":2}",grid_size,64,0.459577
2,2,npb,npb_mg,"{""block_size"":256,""num_smooth_steps"":3,""num_vcycles"":2}",grid_size,80,0.702237
2,2,npb,npb_mg,"{""block_size"":256,""num_smooth_steps"":3,""num_vcycles"":2}",grid_size,96,0.701848
2,2,npb,npb_mg,"{""block_size"":256,""num_smooth_steps"":3,""num_vcycles"":2}",grid_size,112,0.698037
2,2,npb,npb_mg,"{""block_size"":256,""num_smooth_steps"":3,""num_vcycles"":2}",grid_size,128,0.700203
2,2,npb,npb_mg,"{""block_size"":256,""num_smooth_steps"":3,""num_vcycles"":2}",grid_size,160,1.779258
2,2,npb,npb_mg,"{""block_size"":256,""num_smooth_steps"":3,""num_vcycles"":2}",grid_size,192,1.807841
2,2,npb,npb_mg,"{""block_size"":256,""num_smooth_steps"":3,""num_vcycles"":2}",grid_size,224,1.783362
2,2,npb,npb_mg,"{""block_size"":256,""num_smooth_steps"":3,""num_vcycles"":2}",grid_size,256,1.787508
2,2,npb,npb_mg,"{""block_size"":256,""num_smooth_steps"":3,""num_vcycles"":2}",grid_size,288,11.348430
2,2,npb,npb_mg,"{""block_size"":256,""num_smooth_steps"":3,""num_vcycles"":2}",grid_size,320,11.252422
2,2,npb,npb_mg,"{""block_size"":256,""num_smooth_steps"":3,""num_vcycles"":2}",grid_size,384,11.334679
2,2,npb,npb_mg,"{""block_size"":256,""num_smooth_steps"":3,""num_vcycles"":2}",grid_size,448,11.399698
2,2,npb,npb_mg,"{""block_size"":256,""num_smooth_steps"":3,""num_vcycles"":2}",grid_size,512,11.570227
2,2,npb,npb_mg,"{""block_size"":256,""num_smooth_steps"":3,""num_vcycles"":5}",grid_size,16,0.655224
2,2,npb,npb_mg,"{""block_size"":256,""num_smooth_steps"":3,""num_vcycles"":5}",grid_size,20,0.890315
2,2,npb,npb_mg,"{""block_size"":256,""num_smooth_steps"":3,""num_vcycles"":5}",grid_size,24,0.887001
2,2,npb,npb_mg,"{""block_size"":256,""num_smooth_steps"":3,""num_vcycles"":5}",grid_size,28,0.893417
2,2,npb,npb_mg,"{""block_size"":256,""num_smooth_steps"":3,""num_vcycles"":5}",grid_size,32,0.885691
2,2,npb,npb_mg,"{""block_size"":256,""num_smooth_steps"":3,""num_vcycles"":5}",grid_size,40,1.146260
2,2,npb,npb_mg,"{""block_size"":256,""num_smooth_steps"":3,""num_vcycles"":5}",grid_size,48,1.143487
2,2,npb,npb_mg,"{""block_size"":256,""num_smooth_steps"":3,""num_vcycles"":5}",grid_size,56,1.138523
2,2,npb,npb_mg,"{""block_size"":256,""num_smooth_steps"":3,""num_vcycles"":5}",grid_size,64,1.149469
2,2,npb,npb_mg,"{""block_size"":256,""num_smooth_steps"":3,""num_vcycles"":5}",grid_size,80,1.744721
2,2,npb,npb_mg,"{""block_size"":256,""num_smooth_steps"":3,""num_vcycles"":5}",grid_size,96,1.751131
2,2,npb,npb_mg,"{""block_size"":256,""num_smooth_steps"":3,""num_vcycles"":5}",grid_size,112,1.743224
2,2,npb,npb_mg,"{""block_size"":256,""num_smooth_steps"":3,""num_vcycles"":5}",grid_size,128,1.744435
2,2,npb,npb_mg,"{""block_size"":256,""num_smooth_steps"":3,""num_vcycles"":5}",grid_size,160,4.567836
2,2,npb,npb_mg,"{""block_size"":256,""num_smooth_steps"":3,""num_vcycles"":5}",grid_size,192,4.592716
2,2,npb,npb_mg,"{""block_size"":256,""num_smooth_steps"":3,""num_vcycles"":5}",grid_size,224,4.567360
2,2,npb,npb_mg,"{""block_size"":256,""num_smooth_steps"":3,""num_vcycles"":5}",grid_size,256,4.556647
2,2,npb,npb_mg,"{""block_size"":256,""num_smooth_steps"":3,""num_vcycles"":5}",grid_size,288,28.349481
2,2,npb,npb_mg,"{""block_size"":256,""num_smooth_steps"":3,""num_vcycles"":5}",grid_size,320,28.220696
2,2,npb,npb_mg,"{""block_size"":256,""num_smooth_steps"":3,""num_vcycles"":5}",grid_size,384,28.341797
2,2,npb,npb_mg,"{""block_size"":256,""num_smooth_steps"":3,""num_vcycles"":5}",grid_size,448,28.540807
2,2,npb,npb_mg,"{""block_size"":256,""num_smooth_steps"":3,""num_vcycles"":5}",grid_size,512,28.489744
2,2,npb,npb_mg,"{""block_size"":256,""num_smooth_steps"":5,""num_vcycles"":10}",grid_size,16,2.015678
2,2,npb,npb_mg,"{""block_size"":256,""num_smooth_steps"":5,""num_vcycles"":10}",grid_size,20,2.755478
2,2,npb,npb_mg,"{""block_size"":256,""num_smooth_steps"":5,""num_vcycles"":10}",grid_size,24,2.758577
2,2,npb,npb_mg,"{""block_size"":256,""num_smooth_steps"":5,""num_vcycles"":10}",grid_size,28,2.736703
2,2,npb,npb_mg,"{""block_size"":256,""num_smooth_steps"":5,""num_vcycles"":10}",grid_size,32,2.761012
2,2,npb,npb_mg,"{""block_size"":256,""num_smooth_steps"":5,""num_vcycles"":10}",grid_size,40,3.498905
2,2,npb,npb_mg,"{""block_size"":256,""num_smooth_steps"":5,""num_vcycles"":10}",grid_size,48,3.504722
2,2,npb,npb_mg,"{""block_size"":256,""num_smooth_steps"":5,""num_vcycles"":10}",grid_size,56,3.525705
2,2,npb,npb_mg,"{""block_size"":256,""num_smooth_steps"":5,""num_vcycles"":10}",grid_size,64,3.484907
2,2,npb,npb_mg,"{""block_size"":256,""num_smooth_steps"":5,""num_vcycles"":10}",grid_size,80,5.424448
2,2,npb,npb_mg,"{""block_size"":256,""num_smooth_steps"":5,""num_vcycles"":10}",grid_size,96,5.440435
2,2,npb,npb_mg,"{""block_size"":256,""num_smooth_steps"":5,""num_vcycles"":10}",grid_size,112,5.431980
2,2,npb,npb_mg,"{""block_size"":256,""num_smooth_steps"":5,""num_vcycles"":10}",grid_size,128,5.441952
2,2,npb,npb_mg,"{""block_size"":256,""num_smooth_steps"":5,""num_vcycles"":10}",grid_size,160,14.562747
2,2,npb,npb_mg,"{""block_size"":256,""num_smooth_steps"":5,""num_vcycles"":10}",grid_size,192,14.545055
2,2,npb,npb_mg,"{""block_size"":256,""num_smooth_steps"":5,""num_vcycles"":10}",grid_size,224,14.549005
2,2,npb,npb_mg,"{""block_size"":256,""num_smooth_steps"":5,""num_vcycles"":10}",grid_size,256,14.590513
2,2,npb,npb_mg,"{""block_size"":256,""num_smooth_steps"":5,""num_vcycles"":10}",grid_size,288,92.573818
2,2,npb,npb_mg,"{""block_size"":256,""num_smooth_steps"":5,""num_vcycles"":10}",grid_size,320,92.638030
2,2,npb,npb_mg,"{""block_size"":256,""num_smooth_steps"":5,""num_vcycles"":10}",grid_size,384,92.916349
2,2,npb,npb_mg,"{""block_size"":256,""num_smooth_steps"":5,""num_vcycles"":10}",grid_size,448,92.656412
2,2,npb,npb_mg,"{""block_size"":256,""num_smooth_steps"":5,""num_vcycles"":10}",grid_size,512,92.553025
2,2,npb,npb_mg,"{""block_size"":256,""num_smooth_steps"":5,""num_vcycles"":20}",grid_size,16,4.045022
2,2,npb,npb_mg,"{""block_size"":256,""num_smooth_steps"":5,""num_vcycles"":20}",grid_size,20,5.471436
2,2,npb,npb_mg,"{""block_size"":256,""num_smooth_steps"":5,""num_vcycles"":20}",grid_size,24,5.518381
2,2,npb,npb_mg,"{""block_size"":256,""num_smooth_steps"":5,""num_vcycles"":20}",grid_size,28,5.461443
2,2,npb,npb_mg,"{""block_size"":256,""num_smooth_steps"":5,""num_vcycles"":20}",grid_size,32,5.503836
2,2,npb,npb_mg,"{""block_size"":256,""num_smooth_steps"":5,""num_vcycles"":20}",grid_size,40,7.034162
2,2,npb,npb_mg,"{""block_size"":256,""num_smooth_steps"":5,""num_vcycles"":20}",grid_size,48,7.027818
2,2,npb,npb_mg,"{""block_size"":256,""num_smooth_steps"":5,""num_vcycles"":20}",grid_size,56,7.011506
2,2,npb,npb_mg,"{""block_size"":256,""num_smooth_steps"":5,""num_vcycles"":20}",grid_size,64,7.055545
2,2,npb,npb_mg,"{""block_size"":256,""num_smooth_steps"":5,""num_vcycles"":20}",grid_size,80,10.960030
2,2,npb,npb_mg,"{""block_size"":256,""num_smooth_steps"":5,""num_vcycles"":20}",grid_size,96,10.882775
2,2,npb,npb_mg,"{""block_size"":256,""num_smooth_steps"":5,""num_vcycles"":20}",grid_size,112,10.895024
2,2,npb,npb_mg,"{""block_size"":256,""num_smooth_steps"":5,""num_vcycles"":20}",grid_size,128,10.916861
2,2,npb,npb_mg,"{""block_size"":256,""num_smooth_steps"":5,""num_vcycles"":20}",grid_size,160,29.155931
2,2,npb,npb_mg,"{""block_size"":256,""num_smooth_steps"":5,""num_vcycles"":20}",grid_size,192,29.252814
2,2,npb,npb_mg,"{""block_size"":256,""num_smooth_steps"":5,""num_vcycles"":20}",grid_size,224,29.521077
2,2,npb,npb_mg,"{""block_size"":256,""num_smooth_steps"":5,""num_vcycles"":20}",grid_size,256,29.287809
2,2,npb,npb_mg,"{""block_size"":256,""num_smooth_steps"":5,""num_vcycles"":20}",grid_size,288,186.206791
2,2,npb,npb_mg,"{""block_size"":256,""num_smooth_steps"":5,""num_vcycles"":20}",grid_size,320,185.374262
2,2,npb,npb_mg,"{""block_size"":256,""num_smooth_steps"":5,""num_vcycles"":20}",grid_size,384,185.880654
2,2,npb,npb_mg,"{""block_size"":256,""num_smooth_steps"":5,""num_vcycles"":20}",grid_size,448,185.542365
2,2,npb,npb_mg,"{""block_size"":256,""num_smooth_steps"":5,""num_vcycles"":20}",grid_size,512,186.310876
2,2,npb,npb_mg,"{""block_size"":256,""num_smooth_steps"":5,""num_vcycles"":2}",grid_size,16,0.397828
2,2,npb,npb_mg,"{""block_size"":256,""num_smooth_steps"":5,""num_vcycles"":2}",grid_size,20,0.546390
2,2,npb,npb_mg,"{""block_size"":256,""num_smooth_steps"":5,""num_vcycles"":2}",grid_size,24,0.547325
2,2,npb,npb_mg,"{""block_size"":256,""num_smooth_steps"":5,""num_vcycles"":2}",grid_size,28,0.546676
2,2,npb,npb_mg,"{""block_size"":256,""num_smooth_steps"":5,""num_vcycles"":2}",grid_size,32,0.544322
2,2,npb,npb_mg,"{""block_size"":256,""num_smooth_steps"":5,""num_vcycles"":2}",grid_size,40,0.701340
2,2,npb,npb_mg,"{""block_size"":256,""num_smooth_steps"":5,""num_vcycles"":2}",grid_size,48,0.695397
2,2,npb,npb_mg,"{""block_size"":256,""num_smooth_steps"":5,""num_vcycles"":2}",grid_size,56,0.694139
2,2,npb,npb_mg,"{""block_size"":256,""num_smooth_steps"":5,""num_vcycles"":2}",grid_size,64,0.698361
2,2,npb,npb_mg,"{""block_size"":256,""num_smooth_steps"":5,""num_vcycles"":2}",grid_size,80,1.062634
2,2,npb,npb_mg,"{""block_size"":256,""num_smooth_steps"":5,""num_vcycles"":2}",grid_size,96,1.069331
2,2,npb,npb_mg,"{""block_size"":256,""num_smooth_steps"":5,""num_vcycles"":2}",grid_size,112,1.063841
2,2,npb,npb_mg,"{""block_size"":256,""num_smooth_steps"":5,""num_vcycles"":2}",grid_size,128,1.062470
2,2,npb,npb_mg,"{""block_size"":256,""num_smooth_steps"":5,""num_vcycles"":2}",grid_size,160,2.810626
2,2,npb,npb_mg,"{""block_size"":256,""num_smooth_steps"":5,""num_vcycles"":2}",grid_size,192,2.856810
2,2,npb,npb_mg,"{""block_size"":256,""num_smooth_steps"":5,""num_vcycles"":2}",grid_size,224,2.851476
2,2,npb,npb_mg,"{""block_size"":256,""num_smooth_steps"":5,""num_vcycles"":2}",grid_size,256,2.798257
2,2,npb,npb_mg,"{""block_size"":256,""num_smooth_steps"":5,""num_vcycles"":2}",grid_size,288,18.235588
2,2,npb,npb_mg,"{""block_size"":256,""num_smooth_steps"":5,""num_vcycles"":2}",grid_size,320,18.172563
2,2,npb,npb_mg,"{""block_size"":256,""num_smooth_steps"":5,""num_vcycles"":2}",grid_size,384,18.374843
2,2,npb,npb_mg,"{""block_size"":256,""num_smooth_steps"":5,""num_vcycles"":2}",grid_size,448,18.414846
2,2,npb,npb_mg,"{""block_size"":256,""num_smooth_steps"":5,""num_vcycles"":2}",grid_size,512,18.221287
2,2,npb,npb_mg,"{""block_size"":256,""num_smooth_steps"":5,""num_vcycles"":5}",grid_size,16,0.998000
2,2,npb,npb_mg,"{""block_size"":256,""num_smooth_steps"":5,""num_vcycles"":5}",grid_size,20,1.364753
2,2,npb,npb_mg,"{""block_size"":256,""num_smooth_steps"":5,""num_vcycles"":5}",grid_size,24,1.374808
2,2,npb,npb_mg,"{""block_size"":256,""num_smooth_steps"":5,""num_vcycles"":5}",grid_size,28,1.367560
2,2,npb,npb_mg,"{""block_size"":256,""num_smooth_steps"":5,""num_vcycles"":5}",grid_size,32,1.369941
2,2,npb,npb_mg,"{""block_size"":256,""num_smooth_steps"":5,""num_vcycles"":5}",grid_size,40,1.747133
2,2,npb,npb_mg,"{""block_size"":256,""num_smooth_steps"":5,""num_vcycles"":5}",grid_size,48,1.741251
2,2,npb,npb_mg,"{""block_size"":256,""num_smooth_steps"":5,""num_vcycles"":5}",grid_size,56,1.745901
2,2,npb,npb_mg,"{""block_size"":256,""num_smooth_steps"":5,""num_vcycles"":5}",grid_size,64,1.763935
2,2,npb,npb_mg,"{""block_size"":256,""num_smooth_steps"":5,""num_vcycles"":5}",grid_size,80,2.719474
2,2,npb,npb_mg,"{""block_size"":256,""num_smooth_steps"":5,""num_vcycles"":5}",grid_size,96,2.722564
2,2,npb,npb_mg,"{""block_size"":256,""num_smooth_steps"":5,""num_vcycles"":5}",grid_size,112,2.735780
2,2,npb,npb_mg,"{""block_size"":256,""num_smooth_steps"":5,""num_vcycles"":5}",grid_size,128,2.728266
2,2,npb,npb_mg,"{""block_size"":256,""num_smooth_steps"":5,""num_vcycles"":5}",grid_size,160,7.242179
2,2,npb,npb_mg,"{""block_size"":256,""num_smooth_steps"":5,""num_vcycles"":5}",grid_size,192,7.276174
2,2,npb,npb_mg,"{""block_size"":256,""num_smooth_steps"":5,""num_vcycles"":5}",grid_size,224,7.202027
2,2,npb,npb_mg,"{""block_size"":256,""num_smooth_steps"":5,""num_vcycles"":5}",grid_size,256,7.210012
2,2,npb,npb_mg,"{""block_size"":256,""num_smooth_steps"":5,""num_vcycles"":5}",grid_size,288,45.802168
2,2,npb,npb_mg,"{""block_size"":256,""num_smooth_steps"":5,""num_vcycles"":5}",grid_size,320,45.861112
2,2,npb,npb_mg,"{""block_size"":256,""num_smooth_steps"":5,""num_vcycles"":5}",grid_size,384,45.877659
2,2,npb,npb_mg,"{""block_size"":256,""num_smooth_steps"":5,""num_vcycles"":5}",grid_size,448,45.908526
2,2,npb,npb_mg,"{""block_size"":256,""num_smooth_steps"":5,""num_vcycles"":5}",grid_size,512,46.191054
2,2,parboil,parboil_cutcp,"{""block_size"":128,""cutoff_radius"":12,""grid_spacing"":0.25}",num_atoms,1000,0.297450
2,2,parboil,parboil_cutcp,"{""block_size"":128,""cutoff_radius"":12,""grid_spacing"":0.25}",num_atoms,1500,0.499576
2,2,parboil,parboil_cutcp,"{""block_size"":128,""cutoff_radius"":12,""grid_spacing"":0.25}",num_atoms,2000,0.680975
2,2,parboil,parboil_cutcp,"{""block_size"":128,""cutoff_radius"":12,""grid_spacing"":0.25}",num_atoms,3000,0.982003
2,2,parboil,parboil_cutcp,"{""block_size"":128,""cutoff_radius"":12,""grid_spacing"":0.25}",num_atoms,4000,1.279897
2,2,parboil,parboil_cutcp,"{""block_size"":128,""cutoff_radius"":12,""grid_spacing"":0.25}",num_atoms,5000,1.566240
2,2,parboil,parboil_cutcp,"{""block_size"":128,""cutoff_radius"":12,""grid_spacing"":0.25}",num_atoms,7500,2.363415
2,2,parboil,parboil_cutcp,"{""block_size"":128,""cutoff_radius"":12,""grid_spacing"":0.25}",num_atoms,10000,3.129915
2,2,parboil,parboil_cutcp,"{""block_size"":128,""cutoff_radius"":12,""grid_spacing"":0.25}",num_atoms,15000,4.914722
2,2,parboil,parboil_cutcp,"{""block_size"":128,""cutoff_radius"":12,""grid_spacing"":0.25}",num_atoms,20000,6.531004
2,2,parboil,parboil_cutcp,"{""block_size"":128,""cutoff_radius"":12,""grid_spacing"":0.25}",num_atoms,30000,9.717660
2,2,parboil,parboil_cutcp,"{""block_size"":128,""cutoff_radius"":12,""grid_spacing"":0.25}",num_atoms,40000,13.035574
2,2,parboil,parboil_cutcp,"{""block_size"":128,""cutoff_radius"":12,""grid_spacing"":0.25}",num_atoms,50000,16.280616
2,2,parboil,parboil_cutcp,"{""block_size"":128,""cutoff_radius"":12,""grid_spacing"":0.25}",num_atoms,75000,24.339587
2,2,parboil,parboil_cutcp,"{""block_size"":128,""cutoff_radius"":12,""grid_spacing"":0.25}",num_atoms,100000,32.353280
2,2,parboil,parboil_cutcp,"{""block_size"":128,""cutoff_radius"":12,""grid_spacing"":0.25}",num_atoms,125000,40.475669
2,2,parboil,parboil_cutcp,"{""block_size"":128,""cutoff_radius"":12,""grid_spacing"":0.25}",num_atoms,150000,48.309218
2,2,parboil,parboil_cutcp,"{""block_size"":128,""cutoff_radius"":12,""grid_spacing"":0.25}",num_atoms,200000,64.416000
2,2,parboil,parboil_cutcp,"{""block_size"":128,""cutoff_radius"":12,""grid_spacing"":0.25}",num_atoms,250000,80.259926
2,2,parboil,parboil_cutcp,"{""block_size"":128,""cutoff_radius"":12,""grid_spacing"":0.25}",num_atoms,300000,96.719434
2,2,parboil,parboil_cutcp,"{""block_size"":128,""cutoff_radius"":12,""grid_spacing"":0.25}",num_atoms,350000,111.717435
2,2,parboil,parboil_cutcp,"{""block_size"":128,""cutoff_radius"":12,""grid_spacing"":0.25}",num_atoms,400000,128.378688
2,2,parboil,parboil_cutcp,"{""block_size"":128,""cutoff_radius"":12,""grid_spacing"":0.25}",num_atoms,450000,143.465586
2,2,parboil,parboil_cutcp,"{""block_size"":128,""cutoff_radius"":12,""grid_spacing"":0.25}",num_atoms,500000,160.195577
2,2,parboil,parboil_cutcp,"{""block_size"":128,""cutoff_radius"":12,""grid_spacing"":0.5}",num_atoms,1000,0.184526
2,2,parboil,parboil_cutcp,"{""block_size"":128,""cutoff_radius"":12,""grid_spacing"":0.5}",num_atoms,1500,0.279435
2,2,parboil,parboil_cutcp,"{""block_size"":128,""cutoff_radius"":12,""grid_spacing"":0.5}",num_atoms,2000,0.381654
2,2,parboil,parboil_cutcp,"{""block_size"":128,""cutoff_radius"":12,""grid_spacing"":0.5}",num_atoms,3000,0.589821
2,2,parboil,parboil_cutcp,"{""block_size"":128,""cutoff_radius"":12,""grid_spacing"":0.5}",num_atoms,4000,0.781283
2,2,parboil,parboil_cutcp,"{""block_size"":128,""cutoff_radius"":12,""grid_spacing"":0.5}",num_atoms,5000,0.956668
2,2,parboil,parboil_cutcp,"{""block_size"":128,""cutoff_radius"":12,""grid_spacing"":0.5}",num_atoms,7500,1.403457
2,2,parboil,parboil_cutcp,"{""block_size"":128,""cutoff_radius"":12,""grid_spacing"":0.5}",num_atoms,10000,1.890446
2,2,parboil,parboil_cutcp,"{""block_size"":128,""cutoff_radius"":12,""grid_spacing"":0.5}",num_atoms,15000,2.876697
2,2,parboil,parboil_cutcp,"{""block_size"":128,""cutoff_radius"":12,""grid_spacing"":0.5}",num_atoms,20000,3.836280
2,2,parboil,parboil_cutcp,"{""block_size"":128,""cutoff_radius"":12,""grid_spacing"":0.5}",num_atoms,30000,5.799381
2,2,parboil,parboil_cutcp,"{""block_size"":128,""cutoff_radius"":12,""grid_spacing"":0.5}",num_atoms,40000,7.743873
2,2,parboil,parboil_cutcp,"{""block_size"":128,""cutoff_radius"":12,""grid_spacing"":0.5}",num_atoms,50000,9.683241
2,2,parboil,parboil_cutcp,"{""block_size"":128,""cutoff_radius"":12,""grid_spacing"":0.5}",num_atoms,75000,14.568436
2,2,parboil,parboil_cutcp,"{""block_size"":128,""cutoff_radius"":12,""grid_spacing"":0.5}",num_atoms,100000,19.402517
2,2,parboil,parboil_cutcp,"{""block_size"":128,""cutoff_radius"":12,""grid_spacing"":0.5}",num_atoms,125000,24.198098
2,2,parboil,parboil_cutcp,"{""block_size"":128,""cutoff_radius"":12,""grid_spacing"":0.5}",num_atoms,150000,29.003047
2,2,parboil,parboil_cutcp,"{""block_size"":128,""cutoff_radius"":12,""grid_spacing"":0.5}",num_atoms,200000,38.606330
2,2,parboil,parboil_cutcp,"{""block_size"":128,""cutoff_radius"":12,""grid_spacing"":0.5}",num_atoms,250000,48.279218
2,2,parboil,parboil_cutcp,"{""block_size"":128,""cutoff_radius"":12,""grid_spacing"":0.5}",num_atoms,300000,57.911893
2,2,parboil,parboil_cutcp,"{""block_size"":128,""cutoff_radius"":12,""grid_spacing"":0.5}",num_atoms,350000,67.530988
2,2,parboil,parboil_cutcp,"{""block_size"":128,""cutoff_radius"":12,""grid_spacing"":0.5}",num_atoms,400000,76.939130
2,2,parboil,parboil_cutcp,"{""block_size"":128,""cutoff_radius"":12,""grid_spacing"":0.5}",num_atoms,450000,86.487763
2,2,parboil,parboil_cutcp,"{""block_size"":128,""cutoff_radius"":12,""grid_spacing"":0.5}",num_atoms,500000,96.230522
2,2,parboil,parboil_cutcp,"{""block_size"":128,""cutoff_radius"":12,""grid_spacing"":1}",num_atoms,1000,0.138582
2,2,parboil,parboil_cutcp,"{""block_size"":128,""cutoff_radius"":12,""grid_spacing"":1}",num_atoms,1500,0.204692
2,2,parboil,parboil_cutcp,"{""block_size"":128,""cutoff_radius"":12,""grid_spacing"":1}",num_atoms,2000,0.271323
2,2,parboil,parboil_cutcp,"{""block_size"":128,""cutoff_radius"":12,""grid_spacing"":1}",num_atoms,3000,0.410707
2,2,parboil,parboil_cutcp,"{""block_size"":128,""cutoff_radius"":12,""grid_spacing"":1}",num_atoms,4000,0.557119
2,2,parboil,parboil_cutcp,"{""block_size"":128,""cutoff_radius"":12,""grid_spacing"":1}",num_atoms,5000,0.704547
2,2,parboil,parboil_cutcp,"{""block_size"":128,""cutoff_radius"":12,""grid_spacing"":1}",num_atoms,7500,1.042303
2,2,parboil,parboil_cutcp,"{""block_size"":128,""cutoff_radius"":12,""grid_spacing"":1}",num_atoms,10000,1.414773
2,2,parboil,parboil_cutcp,"{""block_size"":128,""cutoff_radius"":12,""grid_spacing"":1}",num_atoms,15000,2.115592
2,2,parboil,parboil_cutcp,"{""block_size"":128,""cutoff_radius"":12,""grid_spacing"":1}",num_atoms,20000,2.829683
2,2,parboil,parboil_cutcp,"{""block_size"":128,""cutoff_radius"":12,""grid_spacing"":1}",num_atoms,30000,4.270537
2,2,parboil,parboil_cutcp,"{""block_size"":128,""cutoff_radius"":12,""grid_spacing"":1}",num_atoms,40000,5.691787
2,2,parboil,parboil_cutcp,"{""block_size"":128,""cutoff_radius"":12,""grid_spacing"":1}",num_atoms,50000,7.136041
2,2,parboil,parboil_cutcp,"{""block_size"":128,""cutoff_radius"":12,""grid_spacing"":1}",num_atoms,75000,10.734561
2,2,parboil,parboil_cutcp,"{""block_size"":128,""cutoff_radius"":12,""grid_spacing"":1}",num_atoms,100000,14.376230
2,2,parboil,parboil_cutcp,"{""block_size"":128,""cutoff_radius"":12,""grid_spacing"":1}",num_atoms,125000,17.857645
2,2,parboil,parboil_cutcp,"{""block_size"":128,""cutoff_radius"":12,""grid_spacing"":1}",num_atoms,150000,21.534135
2,2,parboil,parboil_cutcp,"{""block_size"":128,""cutoff_radius"":12,""grid_spacing"":1}",num_atoms,200000,28.707233
2,2,parboil,parboil_cutcp,"{""block_size"":128,""cutoff_radius"":12,""grid_spacing"":1}",num_atoms,250000,35.766805
2,2,parboil,parboil_cutcp,"{""block_size"":128,""cutoff_radius"":12,""grid_spacing"":1}",num_atoms,300000,42.787164
2,2,parboil,parboil_cutcp,"{""block_size"":128,""cutoff_radius"":12,""grid_spacing"":1}",num_atoms,350000,50.092056
2,2,parboil,parboil_cutcp,"{""block_size"":128,""cutoff_radius"":12,""grid_spacing"":1}",num_atoms,400000,57.366085
2,2,parboil,parboil_cutcp,"{""block_size"":128,""cutoff_radius"":12,""grid_spacing"":1}",num_atoms,450000,64.669317
2,2,parboil,parboil_cutcp,"{""block_size"":128,""cutoff_radius"":12,""grid_spacing"":1}",num_atoms,500000,71.935911
2,2,parboil,parboil_cutcp,"{""block_size"":128,""cutoff_radius"":12,""grid_spacing"":2}",num_atoms,1000,0.126247
2,2,parboil,parboil_cutcp,"{""block_size"":128,""cutoff_radius"":12,""grid_spacing"":2}",num_atoms,1500,0.186638
2,2,parboil,parboil_cutcp,"{""block_size"":128,""cutoff_radius"":12,""grid_spacing"":2}",num_atoms,2000,0.251559
2,2,parboil,parboil_cutcp,"{""block_size"":128,""cutoff_radius"":12,""grid_spacing"":2}",num_atoms,3000,0.376817
2,2,parboil,parboil_cutcp,"{""block_size"":128,""cutoff_radius"":12,""grid_spacing"":2}",num_atoms,4000,0.507567
2,2,parboil,parboil_cutcp,"{""block_size"":128,""cutoff_radius"":12,""grid_spacing"":2}",num_atoms,5000,0.641112
2,2,parboil,parboil_cutcp,"{""block_size"":128,""cutoff_radius"":12,""grid_spacing"":2}",num_atoms,7500,0.963230
2,2,parboil,parboil_cutcp,"{""block_size"":128,""cutoff_radius"":12,""grid_spacing"":2}",num_atoms,10000,1.295961
2,2,parboil,parboil_cutcp,"{""block_size"":128,""cutoff_radius"":12,""grid_spacing"":2}",num_atoms,15000,1.949003
2,2,parboil,parboil_cutcp,"{""block_size"":128,""cutoff_radius"":12,""grid_spacing"":2}",num_atoms,20000,2.610414
2,2,parboil,parboil_cutcp,"{""block_size"":128,""cutoff_radius"":12,""grid_spacing"":2}",num_atoms,30000,3.927801
2,2,parboil,parboil_cutcp,"{""block_size"":128,""cutoff_radius"":12,""grid_spacing"":2}",num_atoms,40000,5.240724
2,2,parboil,parboil_cutcp,"{""block_size"":128,""cutoff_radius"":12,""grid_spacing"":2}",num_atoms,50000,6.549118
2,2,parboil,parboil_cutcp,"{""block_size"":128,""cutoff_radius"":12,""grid_spacing"":2}",num_atoms,75000,9.848948
2,2,parboil,parboil_cutcp,"{""block_size"":128,""cutoff_radius"":12,""grid_spacing"":2}",num_atoms,100000,13.138162
2,2,parboil,parboil_cutcp,"{""block_size"":128,""cutoff_radius"":12,""grid_spacing"":2}",num_atoms,125000,16.440093
2,2,parboil,parboil_cutcp,"{""block_size"":128,""cutoff_radius"":12,""grid_spacing"":2}",num_atoms,150000,19.733853
2,2,parboil,parboil_cutcp,"{""block_size"":128,""cutoff_radius"":12,""grid_spacing"":2}",num_atoms,200000,26.344536
2,2,parboil,parboil_cutcp,"{""block_size"":128,""cutoff_radius"":12,""grid_spacing"":2}",num_atoms,250000,32.924459
2,2,parboil,parboil_cutcp,"{""block_size"":128,""cutoff_radius"":12,""grid_spacing"":2}",num_atoms,300000,39.254640
2,2,parboil,parboil_cutcp,"{""block_size"":128,""cutoff_radius"":12,""grid_spacing"":2}",num_atoms,350000,45.751694
2,2,parboil,parboil_cutcp,"{""block_size"":128,""cutoff_radius"":12,""grid_spacing"":2}",num_atoms,400000,52.435561
2,2,parboil,parboil_cutcp,"{""block_size"":128,""cutoff_radius"":12,""grid_spacing"":2}",num_atoms,450000,59.010607
2,2,parboil,parboil_cutcp,"{""block_size"":128,""cutoff_radius"":12,""grid_spacing"":2}",num_atoms,500000,65.541138
2,2,parboil,parboil_cutcp,"{""block_size"":128,""cutoff_radius"":20,""grid_spacing"":0.25}",num_atoms,1000,0.367004
2,2,parboil,parboil_cutcp,"{""block_size"":128,""cutoff_radius"":20,""grid_spacing"":0.25}",num_atoms,1500,0.620487
2,2,parboil,parboil_cutcp,"{""block_size"":128,""cutoff_radius"":20,""grid_spacing"":0.25}",num_atoms,2000,0.813960
2,2,parboil,parboil_cutcp,"{""block_size"":128,""cutoff_radius"":20,""grid_spacing"":0.25}",num_atoms,3000,1.141008
2,2,parboil,parboil_cutcp,"{""block_size"":128,""cutoff_radius"":20,""grid_spacing"":0.25}",num_atoms,4000,1.493139
2,2,parboil,parboil_cutcp,"{""block_size"":128,""cutoff_radius"":20,""grid_spacing"":0.25}",num_atoms,5000,1.865746
2,2,parboil,parboil_cutcp,"{""block_size"":128,""cutoff_radius"":20,""grid_spacing"":0.25}",num_atoms,7500,2.803039
2,2,parboil,parboil_cutcp,"{""block_size"":128,""cutoff_radius"":20,""grid_spacing"":0.25}",num_atoms,10000,3.776107
2,2,parboil,parboil_cutcp,"{""block_size"":128,""cutoff_radius"":20,""grid_spacing"":0.25}",num_atoms,15000,5.769993
2,2,parboil,parboil_cutcp,"{""block_size"":128,""cutoff_radius"":20,""grid_spacing"":0.25}",num_atoms,20000,7.701719
2,2,parboil,parboil_cutcp,"{""block_size"":128,""cutoff_radius"":20,""grid_spacing"":0.25}",num_atoms,30000,11.468290
2,2,parboil,parboil_cutcp,"{""block_size"":128,""cutoff_radius"":20,""grid_spacing"":0.25}",num_atoms,40000,15.241849
2,2,parboil,parboil_cutcp,"{""block_size"":128,""cutoff_radius"":20,""grid_spacing"":0.25}",num_atoms,50000,19.078695
2,2,parboil,parboil_cutcp,"{""block_size"":128,""cutoff_radius"":20,""grid_spacing"":0.25}",num_atoms,75000,28.223980
2,2,parboil,parboil_cutcp,"{""block_size"":128,""cutoff_radius"":20,""grid_spacing"":0.25}",num_atoms,100000,37.571472
2,2,parboil,parboil_cutcp,"{""block_size"":128,""cutoff_radius"":20,""grid_spacing"":0.25}",num_atoms,125000,46.726382
2,2,parboil,parboil_cutcp,"{""block_size"":128,""cutoff_radius"":20,""grid_spacing"":0.25}",num_atoms,150000,56.205022
2,2,parboil,parboil_cutcp,"{""block_size"":128,""cutoff_radius"":20,""grid_spacing"":0.25}",num_atoms,200000,74.936615
2,2,parboil,parboil_cutcp,"{""block_size"":128,""cutoff_radius"":20,""grid_spacing"":0.25}",num_atoms,250000,93.353976
2,2,parboil,parboil_cutcp,"{""block_size"":128,""cutoff_radius"":20,""grid_spacing"":0.25}",num_atoms,300000,111.766688
2,2,parboil,parboil_cutcp,"{""block_size"":128,""cutoff_radius"":20,""grid_spacing"":0.25}",num_atoms,350000,130.380931
2,2,parboil,parboil_cutcp,"{""block_size"":128,""cutoff_radius"":20,""grid_spacing"":0.25}",num_atoms,400000,148.841497
2,2,parboil,parboil_cutcp,"{""block_size"":128,""cutoff_radius"":20,""grid_spacing"":0.25}",num_atoms,450000,167.444712
2,2,parboil,parboil_cutcp,"{""block_size"":128,""cutoff_radius"":20,""grid_spacing"":0.25}",num_atoms,500000,186.080638
2,2,parboil,parboil_cutcp,"{""block_size"":128,""cutoff_radius"":20,""grid_spacing"":0.5}",num_atoms,1000,0.265029
2,2,parboil,parboil_cutcp,"{""block_size"":128,""cutoff_radius"":20,""grid_spacing"":0.5}",num_atoms,1500,0.428753
2,2,parboil,parboil_cutcp,"{""block_size"":128,""cutoff_radius"":20,""grid_spacing"":0.5}",num_atoms,2000,0.594365
2,2,parboil,parboil_cutcp,"{""block_size"":128,""cutoff_radius"":20,""grid_spacing"":0.5}",num_atoms,3000,0.882659
2,2,parboil,parboil_cutcp,"{""block_size"":128,""cutoff_radius"":20,""grid_spacing"":0.5}",num_atoms,4000,1.116607
2,2,parboil,parboil_cutcp,"{""block_size"":128,""cutoff_radius"":20,""grid_spacing"":0.5}",num_atoms,5000,1.385483
2,2,parboil,parboil_cutcp,"{""block_size"":128,""cutoff_radius"":20,""grid_spacing"":0.5}",num_atoms,7500,2.061448
2,2,parboil,parboil_cutcp,"{""block_size"":128,""cutoff_radius"":20,""grid_spacing"":0.5}",num_atoms,10000,2.759406
2,2,parboil,parboil_cutcp,"{""block_size"":128,""cutoff_radius"":20,""grid_spacing"":0.5}",num_atoms,15000,4.239694
2,2,parboil,parboil_cutcp,"{""block_size"":128,""cutoff_radius"":20,""grid_spacing"":0.5}",num_atoms,20000,5.687092
2,2,parboil,parboil_cutcp,"{""block_size"":128,""cutoff_radius"":20,""grid_spacing"":0.5}",num_atoms,30000,8.530253
2,2,parboil,parboil_cutcp,"{""block_size"":128,""cutoff_radius"":20,""grid_spacing"":0.5}",num_atoms,40000,11.329060
2,2,parboil,parboil_cutcp,"{""block_size"":128,""cutoff_radius"":20,""grid_spacing"":0.5}",num_atoms,50000,14.154190
2,2,parboil,parboil_cutcp,"{""block_size"":128,""cutoff_radius"":20,""grid_spacing"":0.5}",num_atoms,75000,21.273062
2,2,parboil,parboil_cutcp,"{""block_size"":128,""cutoff_radius"":20,""grid_spacing"":0.5}",num_atoms,100000,28.373185
2,2,parboil,parboil_cutcp,"{""block_size"":128,""cutoff_radius"":20,""grid_spacing"":0.5}",num_atoms,125000,35.497531
2,2,parboil,parboil_cutcp,"{""block_size"":128,""cutoff_radius"":20,""grid_spacing"":0.5}",num_atoms,150000,42.519037
2,2,parboil,parboil_cutcp,"{""block_size"":128,""cutoff_radius"":20,""grid_spacing"":0.5}",num_atoms,200000,56.150533
2,2,parboil,parboil_cutcp,"{""block_size"":128,""cutoff_radius"":20,""grid_spacing"":0.5}",num_atoms,250000,70.820859
2,2,parboil,parboil_cutcp,"{""block_size"":128,""cutoff_radius"":20,""grid_spacing"":0.5}",num_atoms,300000,84.295921
2,2,parboil,parboil_cutcp,"{""block_size"":128,""cutoff_radius"":20,""grid_spacing"":0.5}",num_atoms,350000,98.668833
2,2,parboil,parboil_cutcp,"{""block_size"":128,""cutoff_radius"":20,""grid_spacing"":0.5}",num_atoms,400000,112.980024
2,2,parboil,parboil_cutcp,"{""block_size"":128,""cutoff_radius"":20,""grid_spacing"":0.5}",num_atoms,450000,127.115211
2,2,parboil,parboil_cutcp,"{""block_size"":128,""cutoff_radius"":20,""grid_spacing"":0.5}",num_atoms,500000,140.179118
2,2,parboil,parboil_cutcp,"{""block_size"":128,""cutoff_radius"":20,""grid_spacing"":1}",num_atoms,1000,0.166686
2,2,parboil,parboil_cutcp,"{""block_size"":128,""cutoff_radius"":20,""grid_spacing"":1}",num_atoms,1500,0.247322
2,2,parboil,parboil_cutcp,"{""block_size"":128,""cutoff_radius"":20,""grid_spacing"":1}",num_atoms,2000,0.337835
2,2,parboil,parboil_cutcp,"{""block_size"":128,""cutoff_radius"":20,""grid_spacing"":1}",num_atoms,3000,0.521007
2,2,parboil,parboil_cutcp,"{""block_size"":128,""cutoff_radius"":20,""grid_spacing"":1}",num_atoms,4000,0.697718
2,2,parboil,parboil_cutcp,"{""block_size"":128,""cutoff_radius"":20,""grid_spacing"":1}",num_atoms,5000,0.868398
2,2,parboil,parboil_cutcp,"{""block_size"":128,""cutoff_radius"":20,""grid_spacing"":1}",num_atoms,7500,1.274791
2,2,parboil,parboil_cutcp,"{""block_size"":128,""cutoff_radius"":20,""grid_spacing"":1}",num_atoms,10000,1.712171
2,2,parboil,parboil_cutcp,"{""block_size"":128,""cutoff_radius"":20,""grid_spacing"":1}",num_atoms,15000,2.576883
2,2,parboil,parboil_cutcp,"{""block_size"":128,""cutoff_radius"":20,""grid_spacing"":1}",num_atoms,20000,3.452073
2,2,parboil,parboil_cutcp,"{""block_size"":128,""cutoff_radius"":20,""grid_spacing"":1}",num_atoms,30000,5.222370
2,2,parboil,parboil_cutcp,"{""block_size"":128,""cutoff_radius"":20,""grid_spacing"":1}",num_atoms,40000,6.988217
2,2,parboil,parboil_cutcp,"{""block_size"":128,""cutoff_radius"":20,""grid_spacing"":1}",num_atoms,50000,8.732828
2,2,parboil,parboil_cutcp,"{""block_size"":128,""cutoff_radius"":20,""grid_spacing"":1}",num_atoms,75000,13.121004
2,2,parboil,parboil_cutcp,"{""block_size"":128,""cutoff_radius"":20,""grid_spacing"":1}",num_atoms,100000,17.446727
2,2,parboil,parboil_cutcp,"{""block_size"":128,""cutoff_radius"":20,""grid_spacing"":1}",num_atoms,125000,21.787524
2,2,parboil,parboil_cutcp,"{""block_size"":128,""cutoff_radius"":20,""grid_spacing"":1}",num_atoms,150000,26.158726
2,2,parboil,parboil_cutcp,"{""block_size"":128,""cutoff_radius"":20,""grid_spacing"":1}",num_atoms,200000,34.995222
2,2,parboil,parboil_cutcp,"{""block_size"":128,""cutoff_radius"":20,""grid_spacing"":1}",num_atoms,250000,43.810591
2,2,parboil,parboil_cutcp,"{""block_size"":128,""cutoff_radius"":20,""grid_spacing"":1}",num_atoms,300000,52.332630
2,2,parboil,parboil_cutcp,"{""block_size"":128,""cutoff_radius"":20,""grid_spacing"":1}",num_atoms,350000,60.935145
2,2,parboil,parboil_cutcp,"{""block_size"":128,""cutoff_radius"":20,""grid_spacing"":1}",num_atoms,400000,69.693011
2,2,parboil,parboil_cutcp,"{""block_size"":128,""cutoff_radius"":20,""grid_spacing"":1}",num_atoms,450000,78.652903
2,2,parboil,parboil_cutcp,"{""block_size"":128,""cutoff_radius"":20,""grid_spacing"":1}",num_atoms,500000,87.169634
2,2,parboil,parboil_cutcp,"{""block_size"":128,""cutoff_radius"":20,""grid_spacing"":2}",num_atoms,1000,0.131873
2,2,parboil,parboil_cutcp,"{""block_size"":128,""cutoff_radius"":20,""grid_spacing"":2}",num_atoms,1500,0.196166
2,2,parboil,parboil_cutcp,"{""block_size"":128,""cutoff_radius"":20,""grid_spacing"":2}",num_atoms,2000,0.259950
2,2,parboil,parboil_cutcp,"{""block_size"":128,""cutoff_radius"":20,""grid_spacing"":2}",num_atoms,3000,0.393201
2,2,parboil,parboil_cutcp,"{""block_size"":128,""cutoff_radius"":20,""grid_spacing"":2}",num_atoms,4000,0.536245
2,2,parboil,parboil_cutcp,"{""block_size"":128,""cutoff_radius"":20,""grid_spacing"":2}",num_atoms,5000,0.677408
2,2,parboil,parboil_cutcp,"{""block_size"":128,""cutoff_radius"":20,""grid_spacing"":2}",num_atoms,7500,1.010735
2,2,parboil,parboil_cutcp,"{""block_size"":128,""cutoff_radius"":20,""grid_spacing"":2}",num_atoms,10000,1.355217
2,2,parboil,parboil_cutcp,"{""block_size"":128,""cutoff_radius"":20,""grid_spacing"":2}",num_atoms,15000,2.046295
2,2,parboil,parboil_cutcp,"{""block_size"":128,""cutoff_radius"":20,""grid_spacing"":2}",num_atoms,20000,2.733798
2,2,parboil,parboil_cutcp,"{""block_size"":128,""cutoff_radius"":20,""grid_spacing"":2}",num_atoms,30000,4.121634
2,2,parboil,parboil_cutcp,"{""block_size"":128,""cutoff_radius"":20,""grid_spacing"":2}",num_atoms,40000,5.507780
2,2,parboil,parboil_cutcp,"{""block_size"":128,""cutoff_radius"":20,""grid_spacing"":2}",num_atoms,50000,6.881951
2,2,parboil,parboil_cutcp,"{""block_size"":128,""cutoff_radius"":20,""grid_spacing"":2}",num_atoms,75000,10.343256
2,2,parboil,parboil_cutcp,"{""block_size"":128,""cutoff_radius"":20,""grid_spacing"":2}",num_atoms,100000,13.809422
2,2,parboil,parboil_cutcp,"{""block_size"":128,""cutoff_radius"":20,""grid_spacing"":2}",num_atoms,125000,17.303672
2,2,parboil,parboil_cutcp,"{""block_size"":128,""cutoff_radius"":20,""grid_spacing"":2}",num_atoms,150000,20.766748
2,2,parboil,parboil_cutcp,"{""block_size"":128,""cutoff_radius"":20,""grid_spacing"":2}",num_atoms,200000,27.639528
2,2,parboil,parboil_cutcp,"{""block_size"":128,""cutoff_radius"":20,""grid_spacing"":2}",num_atoms,250000,34.550063
2,2,parboil,parboil_cutcp,"{""block_size"":128,""cutoff_radius"":20,""grid_spacing"":2}",num_atoms,300000,39.349363
2,2,parboil,parboil_cutcp,"{""block_size"":128,""cutoff_radius"":20,""grid_spacing"":2}",num_atoms,350000,45.924277
2,2,parboil,parboil_cutcp,"{""block_size"":128,""cutoff_radius"":20,""grid_spacing"":2}",num_atoms,400000,52.426543
2,2,parboil,parboil_cutcp,"{""block_size"":128,""cutoff_radius"":20,""grid_spacing"":2}",num_atoms,450000,59.063268
2,2,parboil,parboil_cutcp,"{""block_size"":128,""cutoff_radius"":20,""grid_spacing"":2}",num_atoms,500000,65.594404
2,2,parboil,parboil_cutcp,"{""block_size"":128,""cutoff_radius"":6,""grid_spacing"":0.25}",num_atoms,1000,0.184472
2,2,parboil,parboil_cutcp,"{""block_size"":128,""cutoff_radius"":6,""grid_spacing"":0.25}",num_atoms,1500,0.276219
2,2,parboil,parboil_cutcp,"{""block_size"":128,""cutoff_radius"":6,""grid_spacing"":0.25}",num_atoms,2000,0.378674
2,2,parboil,parboil_cutcp,"{""block_size"":128,""cutoff_radius"":6,""grid_spacing"":0.25}",num_atoms,3000,0.589405
2,2,parboil,parboil_cutcp,"{""block_size"":128,""cutoff_radius"":6,""grid_spacing"":0.25}",num_atoms,4000,0.778930
2,2,parboil,parboil_cutcp,"{""block_size"":128,""cutoff_radius"":6,""grid_spacing"":0.25}",num_atoms,5000,0.959687
2,2,parboil,parboil_cutcp,"{""block_size"":128,""cutoff_radius"":6,""grid_spacing"":0.25}",num_atoms,7500,1.422940
2,2,parboil,parboil_cutcp,"{""block_size"":128,""cutoff_radius"":6,""grid_spacing"":0.25}",num_atoms,10000,1.891994
2,2,parboil,parboil_cutcp,"{""block_size"":128,""cutoff_radius"":6,""grid_spacing"":0.25}",num_atoms,15000,2.862828
2,2,parboil,parboil_cutcp,"{""block_size"":128,""cutoff_radius"":6,""grid_spacing"":0.25}",num_atoms,20000,3.828501
2,2,parboil,parboil_cutcp,"{""block_size"":128,""cutoff_radius"":6,""grid_spacing"":0.25}",num_atoms,30000,5.853437
2,2,parboil,parboil_cutcp,"{""block_size"":128,""cutoff_radius"":6,""grid_spacing"":0.25}",num_atoms,40000,7.772697
2,2,parboil,parboil_cutcp,"{""block_size"":128,""cutoff_radius"":6,""grid_spacing"":0.25}",num_atoms,50000,9.684036
2,2,parboil,parboil_cutcp,"{""block_size"":128,""cutoff_radius"":6,""grid_spacing"":0.25}",num_atoms,75000,14.509951
2,2,parboil,parboil_cutcp,"{""block_size"":128,""cutoff_radius"":6,""grid_spacing"":0.25}",num_atoms,100000,19.359905
2,2,parboil,parboil_cutcp,"{""block_size"":128,""cutoff_radius"":6,""grid_spacing"":0.25}",num_atoms,125000,24.234420
2,2,parboil,parboil_cutcp,"{""block_size"":128,""cutoff_radius"":6,""grid_spacing"":0.25}",num_atoms,150000,29.088787
2,2,parboil,parboil_cutcp,"{""block_size"":128,""cutoff_radius"":6,""grid_spacing"":0.25}",num_atoms,200000,38.689926
2,2,parboil,parboil_cutcp,"{""block_size"":128,""cutoff_radius"":6,""grid_spacing"":0.25}",num_atoms,250000,48.204600
2,2,parboil,parboil_cutcp,"{""block_size"":128,""cutoff_radius"":6,""grid_spacing"":0.25}",num_atoms,300000,57.787834
2,2,parboil,parboil_cutcp,"{""block_size"":128,""cutoff_radius"":6,""grid_spacing"":0.25}",num_atoms,350000,67.537033
2,2,parboil,parboil_cutcp,"{""block_size"":128,""cutoff_radius"":6,""grid_spacing"":0.25}",num_atoms,400000,77.040629
2,2,parboil,parboil_cutcp,"{""block_size"":128,""cutoff_radius"":6,""grid_spacing"":0.25}",num_atoms,450000,86.758794
2,2,parboil,parboil_cutcp,"{""block_size"":128,""cutoff_radius"":6,""grid_spacing"":0.25}",num_atoms,500000,96.122515
2,2,parboil,parboil_cutcp,"{""block_size"":128,""cutoff_radius"":6,""grid_spacing"":0.5}",num_atoms,1000,0.138449
2,2,parboil,parboil_cutcp,"{""block_size"":128,""cutoff_radius"":6,""grid_spacing"":0.5}",num_atoms,1500,0.205253
2,2,parboil,parboil_cutcp,"{""block_size"":128,""cutoff_radius"":6,""grid_spacing"":0.5}",num_atoms,2000,0.273537
2,2,parboil,parboil_cutcp,"{""block_size"":128,""cutoff_radius"":6,""grid_spacing"":0.5}",num_atoms,3000,0.416040
2,2,parboil,parboil_cutcp,"{""block_size"":128,""cutoff_radius"":6,""grid_spacing"":0.5}",num_atoms,4000,0.562961
2,2,parboil,parboil_cutcp,"{""block_size"":128,""cutoff_radius"":6,""grid_spacing"":0.5}",num_atoms,5000,0.717363
2,2,parboil,parboil_cutcp,"{""block_size"":128,""cutoff_radius"":6,""grid_spacing"":0.5}",num_atoms,7500,1.042156
2,2,parboil,parboil_cutcp,"{""block_size"":128,""cutoff_radius"":6,""grid_spacing"":0.5}",num_atoms,10000,1.403924
2,2,parboil,parboil_cutcp,"{""block_size"":128,""cutoff_radius"":6,""grid_spacing"":0.5}",num_atoms,15000,2.111710
2,2,parboil,parboil_cutcp,"{""block_size"":128,""cutoff_radius"":6,""grid_spacing"":0.5}",num_atoms,20000,2.837173
2,2,parboil,parboil_cutcp,"{""block_size"":128,""cutoff_radius"":6,""grid_spacing"":0.5}",num_atoms,30000,4.272396
2,2,parboil,parboil_cutcp,"{""block_size"":128,""cutoff_radius"":6,""grid_spacing"":0.5}",num_atoms,40000,5.684901
2,2,parboil,parboil_cutcp,"{""block_size"":128,""cutoff_radius"":6,""grid_spacing"":0.5}",num_atoms,50000,7.130806
2,2,parboil,parboil_cutcp,"{""block_size"":128,""cutoff_radius"":6,""grid_spacing"":0.5}",num_atoms,75000,10.714169
2,2,parboil,parboil_cutcp,"{""block_size"":128,""cutoff_radius"":6,""grid_spacing"":0.5}",num_atoms,100000,14.287287
2,2,parboil,parboil_cutcp,"{""block_size"":128,""cutoff_radius"":6,""grid_spacing"":0.5}",num_atoms,125000,17.929360
2,2,parboil,parboil_cutcp,"{""block_size"":128,""cutoff_radius"":6,""grid_spacing"":0.5}",num_atoms,150000,21.464523
2,2,parboil,parboil_cutcp,"{""block_size"":128,""cutoff_radius"":6,""grid_spacing"":0.5}",num_atoms,200000,28.661817
2,2,parboil,parboil_cutcp,"{""block_size"":128,""cutoff_radius"":6,""grid_spacing"":0.5}",num_atoms,250000,35.806127
2,2,parboil,parboil_cutcp,"{""block_size"":128,""cutoff_radius"":6,""grid_spacing"":0.5}",num_atoms,300000,42.826769
2,2,parboil,parboil_cutcp,"{""block_size"":128,""cutoff_radius"":6,""grid_spacing"":0.5}",num_atoms,350000,50.082573
2,2,parboil,parboil_cutcp,"{""block_size"":128,""cutoff_radius"":6,""grid_spacing"":0.5}",num_atoms,400000,57.359008
2,2,parboil,parboil_cutcp,"{""block_size"":128,""cutoff_radius"":6,""grid_spacing"":0.5}",num_atoms,450000,64.683734
2,2,parboil,parboil_cutcp,"{""block_size"":128,""cutoff_radius"":6,""grid_spacing"":0.5}",num_atoms,500000,71.943056
2,2,parboil,parboil_cutcp,"{""block_size"":128,""cutoff_radius"":6,""grid_spacing"":1}",num_atoms,1000,0.126140
2,2,parboil,parboil_cutcp,"{""block_size"":128,""cutoff_radius"":6,""grid_spacing"":1}",num_atoms,1500,0.187159
2,2,parboil,parboil_cutcp,"{""block_size"":128,""cutoff_radius"":6,""grid_spacing"":1}",num_atoms,2000,0.248685
2,2,parboil,parboil_cutcp,"{""block_size"":128,""cutoff_radius"":6,""grid_spacing"":1}",num_atoms,3000,0.371712
2,2,parboil,parboil_cutcp,"{""block_size"":128,""cutoff_radius"":6,""grid_spacing"":1}",num_atoms,4000,0.506518
2,2,parboil,parboil_cutcp,"{""block_size"":128,""cutoff_radius"":6,""grid_spacing"":1}",num_atoms,5000,0.640843
2,2,parboil,parboil_cutcp,"{""block_size"":128,""cutoff_radius"":6,""grid_spacing"":1}",num_atoms,7500,0.963561
2,2,parboil,parboil_cutcp,"{""block_size"":128,""cutoff_radius"":6,""grid_spacing"":1}",num_atoms,10000,1.292952
2,2,parboil,parboil_cutcp,"{""block_size"":128,""cutoff_radius"":6,""grid_spacing"":1}",num_atoms,15000,1.949592
2,2,parboil,parboil_cutcp,"{""block_size"":128,""cutoff_radius"":6,""grid_spacing"":1}",num_atoms,20000,2.611953
2,2,parboil,parboil_cutcp,"{""block_size"":128,""cutoff_radius"":6,""grid_spacing"":1}",num_atoms,30000,3.921512
2,2,parboil,parboil_cutcp,"{""block_size"":128,""cutoff_radius"":6,""grid_spacing"":1}",num_atoms,40000,5.237736
2,2,parboil,parboil_cutcp,"{""block_size"":128,""cutoff_radius"":6,""grid_spacing"":1}",num_atoms,50000,6.551721
2,2,parboil,parboil_cutcp,"{""block_size"":128,""cutoff_radius"":6,""grid_spacing"":1}",num_atoms,75000,9.840673
2,2,parboil,parboil_cutcp,"{""block_size"":128,""cutoff_radius"":6,""grid_spacing"":1}",num_atoms,100000,13.137917
2,2,parboil,parboil_cutcp,"{""block_size"":128,""cutoff_radius"":6,""grid_spacing"":1}",num_atoms,125000,16.436663
2,2,parboil,parboil_cutcp,"{""block_size"":128,""cutoff_radius"":6,""grid_spacing"":1}",num_atoms,150000,19.732717
2,2,parboil,parboil_cutcp,"{""block_size"":128,""cutoff_radius"":6,""grid_spacing"":1}",num_atoms,200000,26.351489
2,2,parboil,parboil_cutcp,"{""block_size"":128,""cutoff_radius"":6,""grid_spacing"":1}",num_atoms,250000,32.919187
2,2,parboil,parboil_cutcp,"{""block_size"":128,""cutoff_radius"":6,""grid_spacing"":1}",num_atoms,300000,39.192584
2,2,parboil,parboil_cutcp,"{""block_size"":128,""cutoff_radius"":6,""grid_spacing"":1}",num_atoms,350000,45.886718
2,2,parboil,parboil_cutcp,"{""block_size"":128,""cutoff_radius"":6,""grid_spacing"":1}",num_atoms,400000,52.453823
2,2,parboil,parboil_cutcp,"{""block_size"":128,""cutoff_radius"":6,""grid_spacing"":1}",num_atoms,450000,58.935512
2,2,parboil,parboil_cutcp,"{""block_size"":128,""cutoff_radius"":6,""grid_spacing"":1}",num_atoms,500000,65.584061
2,2,parboil,parboil_cutcp,"{""block_size"":128,""cutoff_radius"":6,""grid_spacing"":2}",num_atoms,1000,0.124203
2,2,parboil,parboil_cutcp,"{""block_size"":128,""cutoff_radius"":6,""grid_spacing"":2}",num_atoms,1500,0.184794
2,2,parboil,parboil_cutcp,"{""block_size"":128,""cutoff_radius"":6,""grid_spacing"":2}",num_atoms,2000,0.244262
2,2,parboil,parboil_cutcp,"{""block_size"":128,""cutoff_radius"":6,""grid_spacing"":2}",num_atoms,3000,0.372927
2,2,parboil,parboil_cutcp,"{""block_size"":128,""cutoff_radius"":6,""grid_spacing"":2}",num_atoms,4000,0.494778
2,2,parboil,parboil_cutcp,"{""block_size"":128,""cutoff_radius"":6,""grid_spacing"":2}",num_atoms,5000,0.623498
2,2,parboil,parboil_cutcp,"{""block_size"":128,""cutoff_radius"":6,""grid_spacing"":2}",num_atoms,7500,0.949400
2,2,parboil,parboil_cutcp,"{""block_size"":128,""cutoff_radius"":6,""grid_spacing"":2}",num_atoms,10000,1.268803
2,2,parboil,parboil_cutcp,"{""block_size"":128,""cutoff_radius"":6,""grid_spacing"":2}",num_atoms,15000,1.915675
2,2,parboil,parboil_cutcp,"{""block_size"":128,""cutoff_radius"":6,""grid_spacing"":2}",num_atoms,20000,2.559709
2,2,parboil,parboil_cutcp,"{""block_size"":128,""cutoff_radius"":6,""grid_spacing"":2}",num_atoms,30000,3.853095
2,2,parboil,parboil_cutcp,"{""block_size"":128,""cutoff_radius"":6,""grid_spacing"":2}",num_atoms,40000,5.130864
2,2,parboil,parboil_cutcp,"{""block_size"":128,""cutoff_radius"":6,""grid_spacing"":2}",num_atoms,50000,6.418675
2,2,parboil,parboil_cutcp,"{""block_size"":128,""cutoff_radius"":6,""grid_spacing"":2}",num_atoms,75000,9.637862
2,2,parboil,parboil_cutcp,"{""block_size"":128,""cutoff_radius"":6,""grid_spacing"":2}",num_atoms,100000,12.865592
2,2,parboil,parboil_cutcp,"{""block_size"":128,""cutoff_radius"":6,""grid_spacing"":2}",num_atoms,125000,16.109831
2,2,parboil,parboil_cutcp,"{""block_size"":128,""cutoff_radius"":6,""grid_spacing"":2}",num_atoms,150000,19.341088
2,2,parboil,parboil_cutcp,"{""block_size"":128,""cutoff_radius"":6,""grid_spacing"":2}",num_atoms,200000,25.782388
2,2,parboil,parboil_cutcp,"{""block_size"":128,""cutoff_radius"":6,""grid_spacing"":2}",num_atoms,250000,32.199163
2,2,parboil,parboil_cutcp,"{""block_size"":128,""cutoff_radius"":6,""grid_spacing"":2}",num_atoms,300000,39.178642
2,2,parboil,parboil_cutcp,"{""block_size"":128,""cutoff_radius"":6,""grid_spacing"":2}",num_atoms,350000,45.715250
2,2,parboil,parboil_cutcp,"{""block_size"":128,""cutoff_radius"":6,""grid_spacing"":2}",num_atoms,400000,52.501089
2,2,parboil,parboil_cutcp,"{""block_size"":128,""cutoff_radius"":6,""grid_spacing"":2}",num_atoms,450000,59.044696
2,2,parboil,parboil_cutcp,"{""block_size"":128,""cutoff_radius"":6,""grid_spacing"":2}",num_atoms,500000,65.599871
2,2,parboil,parboil_histogram,"{""block_size"":256,""num_bins"":1024}",n,1024,0.005720
2,2,parboil,parboil_histogram,"{""block_size"":256,""num_bins"":1024}",n,1536,0.007176
2,2,parboil,parboil_histogram,"{""block_size"":256,""num_bins"":1024}",n,2048,0.005693
2,2,parboil,parboil_histogram,"{""block_size"":256,""num_bins"":1024}",n,3072,0.005934
2,2,parboil,parboil_histogram,"{""block_size"":256,""num_bins"":1024}",n,4096,0.005573
2,2,parboil,parboil_histogram,"{""block_size"":256,""num_bins"":1024}",n,6144,0.005640
2,2,parboil,parboil_histogram,"{""block_size"":256,""num_bins"":1024}",n,8192,0.006308
2,2,parboil,parboil_histogram,"{""block_size"":256,""num_bins"":1024}",n,12288,0.007858
2,2,parboil,parboil_histogram,"{""block_size"":256,""num_bins"":1024}",n,16384,0.009502
2,2,parboil,parboil_histogram,"{""block_size"":256,""num_bins"":1024}",n,24576,0.012535
2,2,parboil,parboil_histogram,"{""block_size"":256,""num_bins"":1024}",n,32768,0.015863
2,2,parboil,parboil_histogram,"{""block_size"":256,""num_bins"":1024}",n,49152,0.021903
2,2,parboil,parboil_histogram,"{""block_size"":256,""num_bins"":1024}",n,65536,0.028906
2,2,parboil,parboil_histogram,"{""block_size"":256,""num_bins"":1024}",n,98304,0.040465
2,2,parboil,parboil_histogram,"{""block_size"":256,""num_bins"":1024}",n,131072,0.052479
2,2,parboil,parboil_histogram,"{""block_size"":256,""num_bins"":1024}",n,196608,0.077229
2,2,parboil,parboil_histogram,"{""block_size"":256,""num_bins"":1024}",n,262144,0.102432
2,2,parboil,parboil_histogram,"{""block_size"":256,""num_bins"":1024}",n,393216,0.152212
2,2,parboil,parboil_histogram,"{""block_size"":256,""num_bins"":1024}",n,524288,0.202072
2,2,parboil,parboil_histogram,"{""block_size"":256,""num_bins"":1024}",n,786432,0.300763
2,2,parboil,parboil_histogram,"{""block_size"":256,""num_bins"":1024}",n,1048576,0.399526
2,2,parboil,parboil_histogram,"{""block_size"":256,""num_bins"":1024}",n,1572864,0.596916
2,2,parboil,parboil_histogram,"{""block_size"":256,""num_bins"":1024}",n,2097152,0.794591
2,2,parboil,parboil_histogram,"{""block_size"":256,""num_bins"":1024}",n,3145728,1.190225
2,2,parboil,parboil_histogram,"{""block_size"":256,""num_bins"":1024}",n,4194304,1.585334
2,2,parboil,parboil_histogram,"{""block_size"":256,""num_bins"":1024}",n,6291456,2.377117
2,2,parboil,parboil_histogram,"{""block_size"":256,""num_bins"":1024}",n,8388608,3.166509
2,2,parboil,parboil_histogram,"{""block_size"":256,""num_bins"":256}",n,1024,0.005693
2,2,parboil,parboil_histogram,"{""block_size"":256,""num_bins"":256}",n,1536,0.007444
2,2,parboil,parboil_histogram,"{""block_size"":256,""num_bins"":256}",n,2048,0.005653
2,2,parboil,parboil_histogram,"{""block_size"":256,""num_bins"":256}",n,3072,0.005665
2,2,parboil,parboil_histogram,"{""block_size"":256,""num_bins"":256}",n,4096,0.005600
2,2,parboil,parboil_histogram,"{""block_size"":256,""num_bins"":256}",n,6144,0.005680
2,2,parboil,parboil_histogram,"{""block_size"":256,""num_bins"":256}",n,8192,0.006401
2,2,parboil,parboil_histogram,"{""block_size"":256,""num_bins"":256}",n,12288,0.007818
2,2,parboil,parboil_histogram,"{""block_size"":256,""num_bins"":256}",n,16384,0.009394
2,2,parboil,parboil_histogram,"{""block_size"":256,""num_bins"":256}",n,24576,0.012668
2,2,parboil,parboil_histogram,"{""block_size"":256,""num_bins"":256}",n,32768,0.015729
2,2,parboil,parboil_histogram,"{""block_size"":256,""num_bins"":256}",n,49152,0.021916
2,2,parboil,parboil_histogram,"{""block_size"":256,""num_bins"":256}",n,65536,0.027903
2,2,parboil,parboil_histogram,"{""block_size"":256,""num_bins"":256}",n,98304,0.040184
2,2,parboil,parboil_histogram,"{""block_size"":256,""num_bins"":256}",n,131072,0.052359
2,2,parboil,parboil_histogram,"{""block_size"":256,""num_bins"":256}",n,196608,0.077270
2,2,parboil,parboil_histogram,"{""block_size"":256,""num_bins"":256}",n,262144,0.103516
2,2,parboil,parboil_histogram,"{""block_size"":256,""num_bins"":256}",n,393216,0.153015
2,2,parboil,parboil_histogram,"{""block_size"":256,""num_bins"":256}",n,524288,0.202393
2,2,parboil,parboil_histogram,"{""block_size"":256,""num_bins"":256}",n,786432,0.300644
2,2,parboil,parboil_histogram,"{""block_size"":256,""num_bins"":256}",n,1048576,0.399068
2,2,parboil,parboil_histogram,"{""block_size"":256,""num_bins"":256}",n,1572864,0.597049
2,2,parboil,parboil_histogram,"{""block_size"":256,""num_bins"":256}",n,2097152,0.794579
2,2,parboil,parboil_histogram,"{""block_size"":256,""num_bins"":256}",n,3145728,1.190153
2,2,parboil,parboil_histogram,"{""block_size"":256,""num_bins"":256}",n,4194304,1.584757
2,2,parboil,parboil_histogram,"{""block_size"":256,""num_bins"":256}",n,6291456,2.378319
2,2,parboil,parboil_histogram,"{""block_size"":256,""num_bins"":256}",n,8388608,3.166777
2,2,parboil,parboil_histogram,"{""block_size"":256,""num_bins"":64}",n,1024,0.005666
2,2,parboil,parboil_histogram,"{""block_size"":256,""num_bins"":64}",n,1536,0.005613
2,2,parboil,parboil_histogram,"{""block_size"":256,""num_bins"":64}",n,2048,0.005640
2,2,parboil,parboil_histogram,"{""block_size"":256,""num_bins"":64}",n,3072,0.005934
2,2,parboil,parboil_histogram,"{""block_size"":256,""num_bins"":64}",n,4096,0.005639
2,2,parboil,parboil_histogram,"{""block_size"":256,""num_bins"":64}",n,6144,0.005773
2,2,parboil,parboil_histogram,"{""block_size"":256,""num_bins"":64}",n,8192,0.006454
2,2,parboil,parboil_histogram,"{""block_size"":256,""num_bins"":64}",n,12288,0.007884
2,2,parboil,parboil_histogram,"{""block_size"":256,""num_bins"":64}",n,16384,0.009328
2,2,parboil,parboil_histogram,"{""block_size"":256,""num_bins"":64}",n,24576,0.012615
2,2,parboil,parboil_histogram,"{""block_size"":256,""num_bins"":64}",n,32768,0.017640
2,2,parboil,parboil_histogram,"{""block_size"":256,""num_bins"":64}",n,49152,0.021810
2,2,parboil,parboil_histogram,"{""block_size"":256,""num_bins"":64}",n,65536,0.029748
2,2,parboil,parboil_histogram,"{""block_size"":256,""num_bins"":64}",n,98304,0.040399
2,2,parboil,parboil_histogram,"{""block_size"":256,""num_bins"":64}",n,131072,0.052359
2,2,parboil,parboil_histogram,"{""block_size"":256,""num_bins"":64}",n,196608,0.077215
2,2,parboil,parboil_histogram,"{""block_size"":256,""num_bins"":64}",n,262144,0.102727
2,2,parboil,parboil_histogram,"{""block_size"":256,""num_bins"":64}",n,393216,0.152587
2,2,parboil,parboil_histogram,"{""block_size"":256,""num_bins"":64}",n,524288,0.202059
2,2,parboil,parboil_histogram,"{""block_size"":256,""num_bins"":64}",n,786432,0.300753
2,2,parboil,parboil_histogram,"{""block_size"":256,""num_bins"":64}",n,1048576,0.400136
2,2,parboil,parboil_histogram,"{""block_size"":256,""num_bins"":64}",n,1572864,0.597209
2,2,parboil,parboil_histogram,"{""block_size"":256,""num_bins"":64}",n,2097152,0.794992
2,2,parboil,parboil_histogram,"{""block_size"":256,""num_bins"":64}",n,3145728,1.190985
2,2,parboil,parboil_histogram,"{""block_size"":256,""num_bins"":64}",n,4194304,1.585454
2,2,parboil,parboil_histogram,"{""block_size"":256,""num_bins"":64}",n,6291456,2.378012
2,2,parboil,parboil_histogram,"{""block_size"":256,""num_bins"":64}",n,8388608,3.166511
2,2,parboil,parboil_lbm,"{""block_size"":128,""iterations"":1,""num_timesteps"":10,""tau"":0.7}",grid_dim,16,0.078926
2,2,parboil,parboil_lbm,"{""block_size"":128,""iterations"":1,""num_timesteps"":10,""tau"":0.7}",grid_dim,20,0.080463
2,2,parboil,parboil_lbm,"{""block_size"":128,""iterations"":1,""num_timesteps"":10,""tau"":0.7}",grid_dim,24,0.082241
2,2,parboil,parboil_lbm,"{""block_size"":128,""iterations"":1,""num_timesteps"":10,""tau"":0.7}",grid_dim,28,0.085581
2,2,parboil,parboil_lbm,"{""block_size"":128,""iterations"":1,""num_timesteps"":10,""tau"":0.7}",grid_dim,32,0.091381
2,2,parboil,parboil_lbm,"{""block_size"":128,""iterations"":1,""num_timesteps"":10,""tau"":0.7}",grid_dim,36,0.114487
2,2,parboil,parboil_lbm,"{""block_size"":128,""iterations"":1,""num_timesteps"":10,""tau"":0.7}",grid_dim,40,0.108005
2,2,parboil,parboil_lbm,"{""block_size"":128,""iterations"":1,""num_timesteps"":10,""tau"":0.7}",grid_dim,48,0.112482
2,2,parboil,parboil_lbm,"{""block_size"":128,""iterations"":1,""num_timesteps"":10,""tau"":0.7}",grid_dim,56,0.130029
2,2,parboil,parboil_lbm,"{""block_size"":128,""iterations"":1,""num_timesteps"":10,""tau"":0.7}",grid_dim,64,0.168088
2,2,parboil,parboil_lbm,"{""block_size"":128,""iterations"":1,""num_timesteps"":10,""tau"":0.7}",grid_dim,72,0.213217
2,2,parboil,parboil_lbm,"{""block_size"":128,""iterations"":1,""num_timesteps"":10,""tau"":0.7}",grid_dim,80,0.286104
2,2,parboil,parboil_lbm,"{""block_size"":128,""iterations"":1,""num_timesteps"":10,""tau"":0.7}",grid_dim,88,0.354139
2,2,parboil,parboil_lbm,"{""block_size"":128,""iterations"":1,""num_timesteps"":10,""tau"":0.7}",grid_dim,96,0.437500
2,2,parboil,parboil_lbm,"{""block_size"":128,""iterations"":1,""num_timesteps"":10,""tau"":0.7}",grid_dim,104,0.547773
2,2,parboil,parboil_lbm,"{""block_size"":128,""iterations"":1,""num_timesteps"":10,""tau"":0.7}",grid_dim,112,0.660166
2,2,parboil,parboil_lbm,"{""block_size"":128,""iterations"":1,""num_timesteps"":10,""tau"":0.7}",grid_dim,120,0.797489
2,2,parboil,parboil_lbm,"{""block_size"":128,""iterations"":1,""num_timesteps"":10,""tau"":0.7}",grid_dim,128,1.026422
2,2,parboil,parboil_lbm,"{""block_size"":128,""iterations"":1,""num_timesteps"":10,""tau"":0.7}",grid_dim,144,1.732789
2,2,parboil,parboil_lbm,"{""block_size"":128,""iterations"":1,""num_timesteps"":10,""tau"":0.7}",grid_dim,160,2.523664
2,2,parboil,parboil_lbm,"{""block_size"":128,""iterations"":1,""num_timesteps"":10,""tau"":0.7}",grid_dim,176,3.219861
2,2,parboil,parboil_lbm,"{""block_size"":128,""iterations"":1,""num_timesteps"":10,""tau"":0.7}",grid_dim,192,4.282161
2,2,parboil,parboil_lbm,"{""block_size"":128,""iterations"":1,""num_timesteps"":10,""tau"":0.7}",grid_dim,208,5.035885
2,2,parboil,parboil_lbm,"{""block_size"":128,""iterations"":1,""num_timesteps"":10,""tau"":0.7}",grid_dim,224,6.642138
2,2,parboil,parboil_lbm,"{""block_size"":128,""iterations"":1,""num_timesteps"":10,""tau"":0.7}",grid_dim,240,7.697249
2,2,parboil,parboil_lbm,"{""block_size"":128,""iterations"":1,""num_timesteps"":10,""tau"":0.7}",grid_dim,256,9.620329
2,2,parboil,parboil_lbm,"{""block_size"":128,""iterations"":1,""num_timesteps"":100,""tau"":0.7}",grid_dim,16,0.774988
2,2,parboil,parboil_lbm,"{""block_size"":128,""iterations"":1,""num_timesteps"":100,""tau"":0.7}",grid_dim,20,0.791320
2,2,parboil,parboil_lbm,"{""block_size"":128,""iterations"":1,""num_timesteps"":100,""tau"":0.7}",grid_dim,24,0.805365
2,2,parboil,parboil_lbm,"{""block_size"":128,""iterations"":1,""num_timesteps"":100,""tau"":0.7}",grid_dim,28,0.842603
2,2,parboil,parboil_lbm,"{""block_size"":128,""iterations"":1,""num_timesteps"":100,""tau"":0.7}",grid_dim,32,0.909413
2,2,parboil,parboil_lbm,"{""block_size"":128,""iterations"":1,""num_timesteps"":100,""tau"":0.7}",grid_dim,36,1.114290
2,2,parboil,parboil_lbm,"{""block_size"":128,""iterations"":1,""num_timesteps"":100,""tau"":0.7}",grid_dim,40,1.055519
2,2,parboil,parboil_lbm,"{""block_size"":128,""iterations"":1,""num_timesteps"":100,""tau"":0.7}",grid_dim,48,1.114775
2,2,parboil,parboil_lbm,"{""block_size"":128,""iterations"":1,""num_timesteps"":100,""tau"":0.7}",grid_dim,56,1.308310
2,2,parboil,parboil_lbm,"{""block_size"":128,""iterations"":1,""num_timesteps"":100,""tau"":0.7}",grid_dim,64,1.667871
2,2,parboil,parboil_lbm,"{""block_size"":128,""iterations"":1,""num_timesteps"":100,""tau"":0.7}",grid_dim,72,2.110622
2,2,parboil,parboil_lbm,"{""block_size"":128,""iterations"":1,""num_timesteps"":100,""tau"":0.7}",grid_dim,80,2.864845
2,2,parboil,parboil_lbm,"{""block_size"":128,""iterations"":1,""num_timesteps"":100,""tau"":0.7}",grid_dim,88,3.517522
2,2,parboil,parboil_lbm,"{""block_size"":128,""iterations"":1,""num_timesteps"":100,""tau"":0.7}",grid_dim,96,4.351820
2,2,parboil,parboil_lbm,"{""block_size"":128,""iterations"":1,""num_timesteps"":100,""tau"":0.7}",grid_dim,104,5.322433
2,2,parboil,parboil_lbm,"{""block_size"":128,""iterations"":1,""num_timesteps"":100,""tau"":0.7}",grid_dim,112,6.426522
2,2,parboil,parboil_lbm,"{""block_size"":128,""iterations"":1,""num_timesteps"":100,""tau"":0.7}",grid_dim,120,7.797152
2,2,parboil,parboil_lbm,"{""block_size"":128,""iterations"":1,""num_timesteps"":100,""tau"":0.7}",grid_dim,128,10.307905
2,2,parboil,parboil_lbm,"{""block_size"":128,""iterations"":1,""num_timesteps"":100,""tau"":0.7}",grid_dim,144,18.541629
2,2,parboil,parboil_lbm,"{""block_size"":128,""iterations"":1,""num_timesteps"":100,""tau"":0.7}",grid_dim,160,26.972242
2,2,parboil,parboil_lbm,"{""block_size"":128,""iterations"":1,""num_timesteps"":100,""tau"":0.7}",grid_dim,176,34.126208
2,2,parboil,parboil_lbm,"{""block_size"":128,""iterations"":1,""num_timesteps"":100,""tau"":0.7}",grid_dim,192,43.675927
2,2,parboil,parboil_lbm,"{""block_size"":128,""iterations"":1,""num_timesteps"":100,""tau"":0.7}",grid_dim,208,53.739774
2,2,parboil,parboil_lbm,"{""block_size"":128,""iterations"":1,""num_timesteps"":100,""tau"":0.7}",grid_dim,224,67.086621
2,2,parboil,parboil_lbm,"{""block_size"":128,""iterations"":1,""num_timesteps"":100,""tau"":0.7}",grid_dim,240,80.621152
2,2,parboil,parboil_lbm,"{""block_size"":128,""iterations"":1,""num_timesteps"":100,""tau"":0.7}",grid_dim,256,94.228864
2,2,parboil,parboil_lbm,"{""block_size"":128,""iterations"":1,""num_timesteps"":500,""tau"":0.7}",grid_dim,16,3.864862
2,2,parboil,parboil_lbm,"{""block_size"":128,""iterations"":1,""num_timesteps"":500,""tau"":0.7}",grid_dim,20,3.939733
2,2,parboil,parboil_lbm,"{""block_size"":128,""iterations"":1,""num_timesteps"":500,""tau"":0.7}",grid_dim,24,4.020814
2,2,parboil,parboil_lbm,"{""block_size"":128,""iterations"":1,""num_timesteps"":500,""tau"":0.7}",grid_dim,28,4.201227
2,2,parboil,parboil_lbm,"{""block_size"":128,""iterations"":1,""num_timesteps"":500,""tau"":0.7}",grid_dim,32,4.491498
2,2,parboil,parboil_lbm,"{""block_size"":128,""iterations"":1,""num_timesteps"":500,""tau"":0.7}",grid_dim,36,5.551534
2,2,parboil,parboil_lbm,"{""block_size"":128,""iterations"":1,""num_timesteps"":500,""tau"":0.7}",grid_dim,40,5.345313
2,2,parboil,parboil_lbm,"{""block_size"":128,""iterations"":1,""num_timesteps"":500,""tau"":0.7}",grid_dim,48,5.526742
2,2,parboil,parboil_lbm,"{""block_size"":128,""iterations"":1,""num_timesteps"":500,""tau"":0.7}",grid_dim,56,6.559399
2,2,parboil,parboil_lbm,"{""block_size"":128,""iterations"":1,""num_timesteps"":500,""tau"":0.7}",grid_dim,64,8.346565
2,2,parboil,parboil_lbm,"{""block_size"":128,""iterations"":1,""num_timesteps"":500,""tau"":0.7}",grid_dim,72,10.356635
2,2,parboil,parboil_lbm,"{""block_size"":128,""iterations"":1,""num_timesteps"":500,""tau"":0.7}",grid_dim,80,14.133171
2,2,parboil,parboil_lbm,"{""block_size"":128,""iterations"":1,""num_timesteps"":500,""tau"":0.7}",grid_dim,88,17.027300
2,2,parboil,parboil_lbm,"{""block_size"":128,""iterations"":1,""num_timesteps"":500,""tau"":0.7}",grid_dim,96,21.311117
2,2,parboil,parboil_lbm,"{""block_size"":128,""iterations"":1,""num_timesteps"":500,""tau"":0.7}",grid_dim,104,26.666764
2,2,parboil,parboil_lbm,"{""block_size"":128,""iterations"":1,""num_timesteps"":500,""tau"":0.7}",grid_dim,112,32.057658
2,2,parboil,parboil_lbm,"{""block_size"":128,""iterations"":1,""num_timesteps"":500,""tau"":0.7}",grid_dim,120,39.231219
2,2,parboil,parboil_lbm,"{""block_size"":128,""iterations"":1,""num_timesteps"":500,""tau"":0.7}",grid_dim,128,49.425841
2,2,parboil,parboil_lbm,"{""block_size"":128,""iterations"":1,""num_timesteps"":500,""tau"":0.7}",grid_dim,144,92.359955
2,2,parboil,parboil_lbm,"{""block_size"":128,""iterations"":1,""num_timesteps"":500,""tau"":0.7}",grid_dim,160,129.635524
2,2,parboil,parboil_lbm,"{""block_size"":128,""iterations"":1,""num_timesteps"":500,""tau"":0.7}",grid_dim,176,166.303050
2,2,parboil,parboil_lbm,"{""block_size"":128,""iterations"":1,""num_timesteps"":500,""tau"":0.7}",grid_dim,192,219.491389
2,2,parboil,parboil_lbm,"{""block_size"":128,""iterations"":1,""num_timesteps"":500,""tau"":0.7}",grid_dim,208,271.433390
2,2,parboil,parboil_lbm,"{""block_size"":128,""iterations"":1,""num_timesteps"":500,""tau"":0.7}",grid_dim,224,325.811218
2,2,parboil,parboil_lbm,"{""block_size"":128,""iterations"":1,""num_timesteps"":500,""tau"":0.7}",grid_dim,240,401.408590
2,2,parboil,parboil_lbm,"{""block_size"":128,""iterations"":1,""num_timesteps"":500,""tau"":0.7}",grid_dim,256,468.163127
2,2,parboil,parboil_sgemm,"{""block_size"":256,""precision"":""double""}",size,64,0.006147
2,2,parboil,parboil_sgemm,"{""block_size"":256,""precision"":""double""}",size,128,0.008860
2,2,parboil,parboil_sgemm,"{""block_size"":256,""precision"":""double""}",size,192,0.011172
2,2,parboil,parboil_sgemm,"{""block_size"":256,""precision"":""double""}",size,256,0.013110
2,2,parboil,parboil_sgemm,"{""block_size"":256,""precision"":""double""}",size,384,0.018857
2,2,parboil,parboil_sgemm,"{""block_size"":256,""precision"":""double""}",size,512,0.033490
2,2,parboil,parboil_sgemm,"{""block_size"":256,""precision"":""double""}",size,640,0.051518
2,2,parboil,parboil_sgemm,"{""block_size"":256,""precision"":""double""}",size,768,0.077710
2,2,parboil,parboil_sgemm,"{""block_size"":256,""precision"":""double""}",size,896,0.116505
2,2,parboil,parboil_sgemm,"{""block_size"":256,""precision"":""double""}",size,1024,0.167303
2,2,parboil,parboil_sgemm,"{""block_size"":256,""precision"":""double""}",size,1280,0.310212
2,2,parboil,parboil_sgemm,"{""block_size"":256,""precision"":""double""}",size,1536,0.585551
2,2,parboil,parboil_sgemm,"{""block_size"":256,""precision"":""double""}",size,1792,0.879855
2,2,parboil,parboil_sgemm,"{""block_size"":256,""precision"":""double""}",size,2048,1.301266
2,2,parboil,parboil_sgemm,"{""block_size"":256,""precision"":""double""}",size,2560,2.498915
2,2,parboil,parboil_sgemm,"{""block_size"":256,""precision"":""double""}",size,3072,4.706018
2,2,parboil,parboil_sgemm,"{""block_size"":256,""precision"":""double""}",size,3584,7.834040
2,2,parboil,parboil_sgemm,"{""block_size"":256,""precision"":""double""}",size,4096,11.563654
2,2,parboil,parboil_sgemm,"{""block_size"":256,""precision"":""double""}",size,5120,23.028994
2,2,parboil,parboil_sgemm,"{""block_size"":256,""precision"":""double""}",size,6144,39.866497
2,2,parboil,parboil_sgemm,"{""block_size"":256,""precision"":""double""}",size,7168,63.186037
2,2,parboil,parboil_sgemm,"{""block_size"":256,""precision"":""double""}",size,8192,95.320190
2,2,parboil,parboil_sgemm,"{""block_size"":256,""precision"":""float""}",size,64,0.006040
2,2,parboil,parboil_sgemm,"{""block_size"":256,""precision"":""float""}",size,128,0.008700
2,2,parboil,parboil_sgemm,"{""block_size"":256,""precision"":""float""}",size,192,0.011185
2,2,parboil,parboil_sgemm,"{""block_size"":256,""precision"":""float""}",size,256,0.012989
2,2,parboil,parboil_sgemm,"{""block_size"":256,""precision"":""float""}",size,384,0.018416
2,2,parboil,parboil_sgemm,"{""block_size"":256,""precision"":""float""}",size,512,0.030803
2,2,parboil,parboil_sgemm,"{""block_size"":256,""precision"":""float""}",size,640,0.051464
2,2,parboil,parboil_sgemm,"{""block_size"":256,""precision"":""float""}",size,768,0.077723
2,2,parboil,parboil_sgemm,"{""block_size"":256,""precision"":""float""}",size,896,0.116584
2,2,parboil,parboil_sgemm,"{""block_size"":256,""precision"":""float""}",size,1024,0.164588
2,2,parboil,parboil_sgemm,"{""block_size"":256,""precision"":""float""}",size,1280,0.311789
2,2,parboil,parboil_sgemm,"{""block_size"":256,""precision"":""float""}",size,1536,0.570245
2,2,parboil,parboil_sgemm,"{""block_size"":256,""precision"":""float""}",size,1792,0.855638
2,2,parboil,parboil_sgemm,"{""block_size"":256,""precision"":""float""}",size,2048,1.242651
2,2,parboil,parboil_sgemm,"{""block_size"":256,""precision"":""float""}",size,2560,2.553685
2,2,parboil,parboil_sgemm,"{""block_size"":256,""precision"":""float""}",size,3072,4.686562
2,2,parboil,parboil_sgemm,"{""block_size"":256,""precision"":""float""}",size,3584,7.858786
2,2,parboil,parboil_sgemm,"{""block_size"":256,""precision"":""float""}",size,4096,11.592423
2,2,parboil,parboil_sgemm,"{""block_size"":256,""precision"":""float""}",size,5120,22.959836
2,2,parboil,parboil_sgemm,"{""block_size"":256,""precision"":""float""}",size,6144,39.872653
2,2,parboil,parboil_sgemm,"{""block_size"":256,""precision"":""float""}",size,7168,63.171758
2,2,parboil,parboil_sgemm,"{""block_size"":256,""precision"":""float""}",size,8192,95.332634
2,2,parboil,parboil_sgemm,"{""block_size"":256,""precision"":""half""}",size,64,0.006121
2,2,parboil,parboil_sgemm,"{""block_size"":256,""precision"":""half""}",size,128,0.008887
2,2,parboil,parboil_sgemm,"{""block_size"":256,""precision"":""half""}",size,192,0.010958
2,2,parboil,parboil_sgemm,"{""block_size"":256,""precision"":""half""}",size,256,0.012870
2,2,parboil,parboil_sgemm,"{""block_size"":256,""precision"":""half""}",size,384,0.019444
2,2,parboil,parboil_sgemm,"{""block_size"":256,""precision"":""half""}",size,512,0.030830
2,2,parboil,parboil_sgemm,"{""block_size"":256,""precision"":""half""}",size,640,0.051116
2,2,parboil,parboil_sgemm,"{""block_size"":256,""precision"":""half""}",size,768,0.076640
2,2,parboil,parboil_sgemm,"{""block_size"":256,""precision"":""half""}",size,896,0.116224
2,2,parboil,parboil_sgemm,"{""block_size"":256,""precision"":""half""}",size,1024,0.164882
2,2,parboil,parboil_sgemm,"{""block_size"":256,""precision"":""half""}",size,1280,0.312580
2,2,parboil,parboil_sgemm,"{""block_size"":256,""precision"":""half""}",size,1536,0.563911
2,2,parboil,parboil_sgemm,"{""block_size"":256,""precision"":""half""}",size,1792,0.867402
2,2,parboil,parboil_sgemm,"{""block_size"":256,""precision"":""half""}",size,2048,1.270901
2,2,parboil,parboil_sgemm,"{""block_size"":256,""precision"":""half""}",size,2560,2.591929
2,2,parboil,parboil_sgemm,"{""block_size"":256,""precision"":""half""}",size,3072,4.691835
2,2,parboil,parboil_sgemm,"{""block_size"":256,""precision"":""half""}",size,3584,7.837119
2,2,parboil,parboil_sgemm,"{""block_size"":256,""precision"":""half""}",size,4096,11.657405
2,2,parboil,parboil_sgemm,"{""block_size"":256,""precision"":""half""}",size,5120,23.119637
2,2,parboil,parboil_sgemm,"{""block_size"":256,""precision"":""half""}",size,6144,39.846354
2,2,parboil,parboil_sgemm,"{""block_size"":256,""precision"":""half""}",size,7168,63.154629
2,2,parboil,parboil_sgemm,"{""block_size"":256,""precision"":""half""}",size,8192,95.321714
2,2,parboil,parboil_spmv,"{""avg_nnz_per_row"":10,""block_size"":256}",num_rows,1024,0.006749
2,2,parboil,parboil_spmv,"{""avg_nnz_per_row"":10,""block_size"":256}",num_rows,1536,0.006749
2,2,parboil,parboil_spmv,"{""avg_nnz_per_row"":10,""block_size"":256}",num_rows,2048,0.006883
2,2,parboil,parboil_spmv,"{""avg_nnz_per_row"":10,""block_size"":256}",num_rows,3072,0.007083
2,2,parboil,parboil_spmv,"{""avg_nnz_per_row"":10,""block_size"":256}",num_rows,4096,0.007056
2,2,parboil,parboil_spmv,"{""avg_nnz_per_row"":10,""block_size"":256}",num_rows,6144,0.007764
2,2,parboil,parboil_spmv,"{""avg_nnz_per_row"":10,""block_size"":256}",num_rows,8192,0.008018
2,2,parboil,parboil_spmv,"{""avg_nnz_per_row"":10,""block_size"":256}",num_rows,12288,0.008352
2,2,parboil,parboil_spmv,"{""avg_nnz_per_row"":10,""block_size"":256}",num_rows,16384,0.008660
2,2,parboil,parboil_spmv,"{""avg_nnz_per_row"":10,""block_size"":256}",num_rows,24576,0.008726
2,2,parboil,parboil_spmv,"{""avg_nnz_per_row"":10,""block_size"":256}",num_rows,32768,0.008900
2,2,parboil,parboil_spmv,"{""avg_nnz_per_row"":10,""block_size"":256}",num_rows,49152,0.009475
2,2,parboil,parboil_spmv,"{""avg_nnz_per_row"":10,""block_size"":256}",num_rows,65536,0.010423
2,2,parboil,parboil_spmv,"{""avg_nnz_per_row"":10,""block_size"":256}",num_rows,98304,0.013564
2,2,parboil,parboil_spmv,"{""avg_nnz_per_row"":10,""block_size"":256}",num_rows,131072,0.016077
2,2,parboil,parboil_spmv,"{""avg_nnz_per_row"":10,""block_size"":256}",num_rows,196608,0.022090
2,2,parboil,parboil_spmv,"{""avg_nnz_per_row"":10,""block_size"":256}",num_rows,262144,0.028545
2,2,parboil,parboil_spmv,"{""avg_nnz_per_row"":10,""block_size"":256}",num_rows,393216,0.072699
2,2,parboil,parboil_spmv,"{""avg_nnz_per_row"":10,""block_size"":256}",num_rows,524288,0.132782
2,2,parboil,parboil_spmv,"{""avg_nnz_per_row"":10,""block_size"":256}",num_rows,786432,0.232462
2,2,parboil,parboil_spmv,"{""avg_nnz_per_row"":10,""block_size"":256}",num_rows,1048576,0.367770
2,2,parboil,parboil_spmv,"{""avg_nnz_per_row"":10,""block_size"":256}",num_rows,1572864,0.626908
2,2,parboil,parboil_spmv,"{""avg_nnz_per_row"":10,""block_size"":256}",num_rows,2097152,0.896186
2,2,parboil,parboil_spmv,"{""avg_nnz_per_row"":10,""block_size"":256}",num_rows,3145728,1.426189
2,2,parboil,parboil_spmv,"{""avg_nnz_per_row"":10,""block_size"":256}",num_rows,4194304,1.955844
2,2,parboil,parboil_spmv,"{""avg_nnz_per_row"":10,""block_size"":256}",num_rows,6291456,3.021138
2,2,parboil,parboil_spmv,"{""avg_nnz_per_row"":10,""block_size"":256}",num_rows,8388608,4.086978
2,2,parboil,parboil_spmv,"{""avg_nnz_per_row"":4,""block_size"":256}",num_rows,1024,0.006001
2,2,parboil,parboil_spmv,"{""avg_nnz_per_row"":4,""block_size"":256}",num_rows,1536,0.005774
2,2,parboil,parboil_spmv,"{""avg_nnz_per_row"":4,""block_size"":256}",num_rows,2048,0.009448
2,2,parboil,parboil_spmv,"{""avg_nnz_per_row"":4,""block_size"":256}",num_rows,3072,0.005773
2,2,parboil,parboil_spmv,"{""avg_nnz_per_row"":4,""block_size"":256}",num_rows,4096,0.005746
2,2,parboil,parboil_spmv,"{""avg_nnz_per_row"":4,""block_size"":256}",num_rows,6144,0.005733
2,2,parboil,parboil_spmv,"{""avg_nnz_per_row"":4,""block_size"":256}",num_rows,8192,0.005787
2,2,parboil,parboil_spmv,"{""avg_nnz_per_row"":4,""block_size"":256}",num_rows,12288,0.005773
2,2,parboil,parboil_spmv,"{""avg_nnz_per_row"":4,""block_size"":256}",num_rows,16384,0.005854
2,2,parboil,parboil_spmv,"{""avg_nnz_per_row"":4,""block_size"":256}",num_rows,24576,0.005800
2,2,parboil,parboil_spmv,"{""avg_nnz_per_row"":4,""block_size"":256}",num_rows,32768,0.005827
2,2,parboil,parboil_spmv,"{""avg_nnz_per_row"":4,""block_size"":256}",num_rows,49152,0.005893
2,2,parboil,parboil_spmv,"{""avg_nnz_per_row"":4,""block_size"":256}",num_rows,65536,0.005973
2,2,parboil,parboil_spmv,"{""avg_nnz_per_row"":4,""block_size"":256}",num_rows,98304,0.006682
2,2,parboil,parboil_spmv,"{""avg_nnz_per_row"":4,""block_size"":256}",num_rows,131072,0.007537
2,2,parboil,parboil_spmv,"{""avg_nnz_per_row"":4,""block_size"":256}",num_rows,196608,0.009208
2,2,parboil,parboil_spmv,"{""avg_nnz_per_row"":4,""block_size"":256}",num_rows,262144,0.011118
2,2,parboil,parboil_spmv,"{""avg_nnz_per_row"":4,""block_size"":256}",num_rows,393216,0.017025
2,2,parboil,parboil_spmv,"{""avg_nnz_per_row"":4,""block_size"":256}",num_rows,524288,0.019524
2,2,parboil,parboil_spmv,"{""avg_nnz_per_row"":4,""block_size"":256}",num_rows,786432,0.038969
2,2,parboil,parboil_spmv,"{""avg_nnz_per_row"":4,""block_size"":256}",num_rows,1048576,0.070374
2,2,parboil,parboil_spmv,"{""avg_nnz_per_row"":4,""block_size"":256}",num_rows,1572864,0.143139
2,2,parboil,parboil_spmv,"{""avg_nnz_per_row"":4,""block_size"":256}",num_rows,2097152,0.218177
2,2,parboil,parboil_spmv,"{""avg_nnz_per_row"":4,""block_size"":256}",num_rows,3145728,0.375307
2,2,parboil,parboil_spmv,"{""avg_nnz_per_row"":4,""block_size"":256}",num_rows,4194304,0.528256
2,2,parboil,parboil_spmv,"{""avg_nnz_per_row"":4,""block_size"":256}",num_rows,6291456,0.828457
2,2,parboil,parboil_spmv,"{""avg_nnz_per_row"":4,""block_size"":256}",num_rows,8388608,1.125304
2,2,parboil,parboil_spmv,"{""avg_nnz_per_row"":80,""block_size"":256}",num_rows,1024,0.042991
2,2,parboil,parboil_spmv,"{""avg_nnz_per_row"":80,""block_size"":256}",num_rows,1536,0.044581
2,2,parboil,parboil_spmv,"{""avg_nnz_per_row"":80,""block_size"":256}",num_rows,2048,0.044434
2,2,parboil,parboil_spmv,"{""avg_nnz_per_row"":80,""block_size"":256}",num_rows,3072,0.044715
2,2,parboil,parboil_spmv,"{""avg_nnz_per_row"":80,""block_size"":256}",num_rows,4096,0.045664
2,2,parboil,parboil_spmv,"{""avg_nnz_per_row"":80,""block_size"":256}",num_rows,6144,0.046787
2,2,parboil,parboil_spmv,"{""avg_nnz_per_row"":80,""block_size"":256}",num_rows,8192,0.046640
2,2,parboil,parboil_spmv,"{""avg_nnz_per_row"":80,""block_size"":256}",num_rows,12288,0.048364
2,2,parboil,parboil_spmv,"{""avg_nnz_per_row"":80,""block_size"":256}",num_rows,16384,0.049166
2,2,parboil,parboil_spmv,"{""avg_nnz_per_row"":80,""block_size"":256}",num_rows,24576,0.052052
2,2,parboil,parboil_spmv,"{""avg_nnz_per_row"":80,""block_size"":256}",num_rows,32768,0.060671
2,2,parboil,parboil_spmv,"{""avg_nnz_per_row"":80,""block_size"":256}",num_rows,49152,0.075452
2,2,parboil,parboil_spmv,"{""avg_nnz_per_row"":80,""block_size"":256}",num_rows,65536,0.089858
2,2,parboil,parboil_spmv,"{""avg_nnz_per_row"":80,""block_size"":256}",num_rows,98304,0.142605
2,2,parboil,parboil_spmv,"{""avg_nnz_per_row"":80,""block_size"":256}",num_rows,131072,0.165604
2,2,parboil,parboil_spmv,"{""avg_nnz_per_row"":80,""block_size"":256}",num_rows,196608,0.458845
2,2,parboil,parboil_spmv,"{""avg_nnz_per_row"":80,""block_size"":256}",num_rows,262144,0.859328
2,2,parboil,parboil_spmv,"{""avg_nnz_per_row"":80,""block_size"":256}",num_rows,393216,1.647451
2,2,parboil,parboil_spmv,"{""avg_nnz_per_row"":80,""block_size"":256}",num_rows,524288,2.191781
2,2,parboil,parboil_spmv,"{""avg_nnz_per_row"":80,""block_size"":256}",num_rows,786432,3.756387
2,2,parboil,parboil_spmv,"{""avg_nnz_per_row"":80,""block_size"":256}",num_rows,1048576,5.304115
2,2,parboil,parboil_spmv,"{""avg_nnz_per_row"":80,""block_size"":256}",num_rows,1572864,8.479921
2,2,parboil,parboil_spmv,"{""avg_nnz_per_row"":80,""block_size"":256}",num_rows,2097152,11.662663
2,2,parboil,parboil_spmv,"{""avg_nnz_per_row"":80,""block_size"":256}",num_rows,3145728,18.016134
2,2,parboil,parboil_spmv,"{""avg_nnz_per_row"":80,""block_size"":256}",num_rows,4194304,24.362820
2,2,parboil,parboil_spmv,"{""avg_nnz_per_row"":80,""block_size"":256}",num_rows,6291456,37.058723
2,2,parboil,parboil_spmv,"{""avg_nnz_per_row"":80,""block_size"":256}",num_rows,8388608,49.695853
2,2,parboil,parboil_stencil,"{""block_size"":256,""iterations"":1,""num_timesteps"":100}",grid_dim,16,0.288029
2,2,parboil,parboil_stencil,"{""block_size"":256,""iterations"":1,""num_timesteps"":100}",grid_dim,24,0.280914
2,2,parboil,parboil_stencil,"{""block_size"":256,""iterations"":1,""num_timesteps"":100}",grid_dim,32,0.288510
2,2,parboil,parboil_stencil,"{""block_size"":256,""iterations"":1,""num_timesteps"":100}",grid_dim,40,0.291169
2,2,parboil,parboil_stencil,"{""block_size"":256,""iterations"":1,""num_timesteps"":100}",grid_dim,48,0.329751
2,2,parboil,parboil_stencil,"{""block_size"":256,""iterations"":1,""num_timesteps"":100}",grid_dim,56,0.434698
2,2,parboil,parboil_stencil,"{""block_size"":256,""iterations"":1,""num_timesteps"":100}",grid_dim,64,0.690365
2,2,parboil,parboil_stencil,"{""block_size"":256,""iterations"":1,""num_timesteps"":100}",grid_dim,72,1.170499
2,2,parboil,parboil_stencil,"{""block_size"":256,""iterations"":1,""num_timesteps"":100}",grid_dim,80,1.308510
2,2,parboil,parboil_stencil,"{""block_size"":256,""iterations"":1,""num_timesteps"":100}",grid_dim,96,1.572194
2,2,parboil,parboil_stencil,"{""block_size"":256,""iterations"":1,""num_timesteps"":100}",grid_dim,112,1.302058
2,2,parboil,parboil_stencil,"{""block_size"":256,""iterations"":1,""num_timesteps"":100}",grid_dim,128,1.042660
2,2,parboil,parboil_stencil,"{""block_size"":256,""iterations"":1,""num_timesteps"":100}",grid_dim,160,2.320145
2,2,parboil,parboil_stencil,"{""block_size"":256,""iterations"":1,""num_timesteps"":100}",grid_dim,192,2.680350
2,2,parboil,parboil_stencil,"{""block_size"":256,""iterations"":1,""num_timesteps"":100}",grid_dim,224,5.881213
2,2,parboil,parboil_stencil,"{""block_size"":256,""iterations"":1,""num_timesteps"":100}",grid_dim,256,6.471768
2,2,parboil,parboil_stencil,"{""block_size"":256,""iterations"":1,""num_timesteps"":100}",grid_dim,320,11.758768
2,2,parboil,parboil_stencil,"{""block_size"":256,""iterations"":1,""num_timesteps"":100}",grid_dim,384,30.486021
2,2,parboil,parboil_stencil,"{""block_size"":256,""iterations"":1,""num_timesteps"":100}",grid_dim,448,35.749864
2,2,parboil,parboil_stencil,"{""block_size"":256,""iterations"":1,""num_timesteps"":100}",grid_dim,512,72.041028
2,2,parboil,parboil_stencil,"{""block_size"":256,""iterations"":1,""num_timesteps"":10}",grid_dim,16,0.043566
2,2,parboil,parboil_stencil,"{""block_size"":256,""iterations"":1,""num_timesteps"":10}",grid_dim,24,0.040599
2,2,parboil,parboil_stencil,"{""block_size"":256,""iterations"":1,""num_timesteps"":10}",grid_dim,32,0.044341
2,2,parboil,parboil_stencil,"{""block_size"":256,""iterations"":1,""num_timesteps"":10}",grid_dim,40,0.039984
2,2,parboil,parboil_stencil,"{""block_size"":256,""iterations"":1,""num_timesteps"":10}",grid_dim,48,0.045744
2,2,parboil,parboil_stencil,"{""block_size"":256,""iterations"":1,""num_timesteps"":10}",grid_dim,56,0.053228
2,2,parboil,parboil_stencil,"{""block_size"":256,""iterations"":1,""num_timesteps"":10}",grid_dim,64,0.087934
2,2,parboil,parboil_stencil,"{""block_size"":256,""iterations"":1,""num_timesteps"":10}",grid_dim,72,0.125954
2,2,parboil,parboil_stencil,"{""block_size"":256,""iterations"":1,""num_timesteps"":10}",grid_dim,80,0.140386
2,2,parboil,parboil_stencil,"{""block_size"":256,""iterations"":1,""num_timesteps"":10}",grid_dim,96,0.165991
2,2,parboil,parboil_stencil,"{""block_size"":256,""iterations"":1,""num_timesteps"":10}",grid_dim,112,0.140239
2,2,parboil,parboil_stencil,"{""block_size"":256,""iterations"":1,""num_timesteps"":10}",grid_dim,128,0.107525
2,2,parboil,parboil_stencil,"{""block_size"":256,""iterations"":1,""num_timesteps"":10}",grid_dim,160,0.239544
2,2,parboil,parboil_stencil,"{""block_size"":256,""iterations"":1,""num_timesteps"":10}",grid_dim,192,0.271297
2,2,parboil,parboil_stencil,"{""block_size"":256,""iterations"":1,""num_timesteps"":10}",grid_dim,224,0.602321
2,2,parboil,parboil_stencil,"{""block_size"":256,""iterations"":1,""num_timesteps"":10}",grid_dim,256,0.671719
2,2,parboil,parboil_stencil,"{""block_size"":256,""iterations"":1,""num_timesteps"":10}",grid_dim,320,1.326411
2,2,parboil,parboil_stencil,"{""block_size"":256,""iterations"":1,""num_timesteps"":10}",grid_dim,384,3.056693
2,2,parboil,parboil_stencil,"{""block_size"":256,""iterations"":1,""num_timesteps"":10}",grid_dim,448,3.666883
2,2,parboil,parboil_stencil,"{""block_size"":256,""iterations"":1,""num_timesteps"":10}",grid_dim,512,7.162413
2,2,parboil,parboil_stencil,"{""block_size"":256,""iterations"":1,""num_timesteps"":5}",grid_dim,16,0.040544
2,2,parboil,parboil_stencil,"{""block_size"":256,""iterations"":1,""num_timesteps"":5}",grid_dim,24,0.042095
2,2,parboil,parboil_stencil,"{""block_size"":256,""iterations"":1,""num_timesteps"":5}",grid_dim,32,0.039662
2,2,parboil,parboil_stencil,"{""block_size"":256,""iterations"":1,""num_timesteps"":5}",grid_dim,40,0.040959
2,2,parboil,parboil_stencil,"{""block_size"":256,""iterations"":1,""num_timesteps"":5}",grid_dim,48,0.050260
2,2,parboil,parboil_stencil,"{""block_size"":256,""iterations"":1,""num_timesteps"":5}",grid_dim,56,0.048349
2,2,parboil,parboil_stencil,"{""block_size"":256,""iterations"":1,""num_timesteps"":5}",grid_dim,64,0.059975
2,2,parboil,parboil_stencil,"{""block_size"":256,""iterations"":1,""num_timesteps"":5}",grid_dim,72,0.078070
2,2,parboil,parboil_stencil,"{""block_size"":256,""iterations"":1,""num_timesteps"":5}",grid_dim,80,0.083576
2,2,parboil,parboil_stencil,"{""block_size"":256,""iterations"":1,""num_timesteps"":5}",grid_dim,96,0.094040
2,2,parboil,parboil_stencil,"{""block_size"":256,""iterations"":1,""num_timesteps"":5}",grid_dim,112,0.084003
2,2,parboil,parboil_stencil,"{""block_size"":256,""iterations"":1,""num_timesteps"":5}",grid_dim,128,0.074782
2,2,parboil,parboil_stencil,"{""block_size"":256,""iterations"":1,""num_timesteps"":5}",grid_dim,160,0.142376
2,2,parboil,parboil_stencil,"{""block_size"":256,""iterations"":1,""num_timesteps"":5}",grid_dim,192,0.158974
2,2,parboil,parboil_stencil,"{""block_size"":256,""iterations"":1,""num_timesteps"":5}",grid_dim,224,0.324028
2,2,parboil,parboil_stencil,"{""block_size"":256,""iterations"":1,""num_timesteps"":5}",grid_dim,256,0.335507
2,2,parboil,parboil_stencil,"{""block_size"":256,""iterations"":1,""num_timesteps"":5}",grid_dim,320,0.595702
2,2,parboil,parboil_stencil,"{""block_size"":256,""iterations"":1,""num_timesteps"":5}",grid_dim,384,1.580926
2,2,parboil,parboil_stencil,"{""block_size"":256,""iterations"":1,""num_timesteps"":5}",grid_dim,448,1.861337
2,2,parboil,parboil_stencil,"{""block_size"":256,""iterations"":1,""num_timesteps"":5}",grid_dim,512,3.627089
2,2,polybench,polybench_2dconv,"{""block_size"":256,""precision"":""double""}",size,64,0.005800
2,2,polybench,polybench_2dconv,"{""block_size"":256,""precision"":""double""}",size,128,0.005680
2,2,polybench,polybench_2dconv,"{""block_size"":256,""precision"":""double""}",size,256,0.005827
2,2,polybench,polybench_2dconv,"{""block_size"":256,""precision"":""double""}",size,384,0.005813
2,2,polybench,polybench_2dconv,"{""block_size"":256,""precision"":""double""}",size,512,0.005840
2,2,polybench,polybench_2dconv,"{""block_size"":256,""precision"":""double""}",size,640,0.005973
2,2,polybench,polybench_2dconv,"{""block_size"":256,""precision"":""double""}",size,768,0.006121
2,2,polybench,polybench_2dconv,"{""block_size"":256,""precision"":""double""}",size,1024,0.008967
2,2,polybench,polybench_2dconv,"{""block_size"":256,""precision"":""double""}",size,1280,0.008780
2,2,polybench,polybench_2dconv,"{""block_size"":256,""precision"":""double""}",size,1536,0.012856
2,2,polybench,polybench_2dconv,"{""block_size"":256,""precision"":""double""}",size,2048,0.019885
2,2,polybench,polybench_2dconv,"{""block_size"":256,""precision"":""double""}",size,2560,0.028424
2,2,polybench,polybench_2dconv,"{""block_size"":256,""precision"":""double""}",size,3072,0.040238
2,2,polybench,polybench_2dconv,"{""block_size"":256,""precision"":""double""}",size,3584,0.051330
2,2,polybench,polybench_2dconv,"{""block_size"":256,""precision"":""double""}",size,4096,0.065950
2,2,polybench,polybench_2dconv,"{""block_size"":256,""precision"":""double""}",size,5120,0.100469
2,2,polybench,polybench_2dconv,"{""block_size"":256,""precision"":""double""}",size,6144,0.152078
2,2,polybench,polybench_2dconv,"{""block_size"":256,""precision"":""double""}",size,7168,0.230844
2,2,polybench,polybench_2dconv,"{""block_size"":256,""precision"":""double""}",size,8192,0.296005
2,2,polybench,polybench_2dconv,"{""block_size"":256,""precision"":""double""}",size,10240,0.472059
2,2,polybench,polybench_2dconv,"{""block_size"":256,""precision"":""double""}",size,12288,0.707969
2,2,polybench,polybench_2dconv,"{""block_size"":256,""precision"":""double""}",size,16384,1.364071
2,2,polybench,polybench_2dconv,"{""block_size"":256,""precision"":""float""}",size,64,0.005773
2,2,polybench,polybench_2dconv,"{""block_size"":256,""precision"":""float""}",size,128,0.005867
2,2,polybench,polybench_2dconv,"{""block_size"":256,""precision"":""float""}",size,256,0.005813
2,2,polybench,polybench_2dconv,"{""block_size"":256,""precision"":""float""}",size,384,0.007804
2,2,polybench,polybench_2dconv,"{""block_size"":256,""precision"":""float""}",size,512,0.006080
2,2,polybench,polybench_2dconv,"{""block_size"":256,""precision"":""float""}",size,640,0.006481
2,2,polybench,polybench_2dconv,"{""block_size"":256,""precision"":""float""}",size,768,0.006013
2,2,polybench,polybench_2dconv,"{""block_size"":256,""precision"":""float""}",size,1024,0.007109
2,2,polybench,polybench_2dconv,"{""block_size"":256,""precision"":""float""}",size,1280,0.008834
2,2,polybench,polybench_2dconv,"{""block_size"":256,""precision"":""float""}",size,1536,0.012923
2,2,polybench,polybench_2dconv,"{""block_size"":256,""precision"":""float""}",size,2048,0.020193
2,2,polybench,polybench_2dconv,"{""block_size"":256,""precision"":""float""}",size,2560,0.028291
2,2,polybench,polybench_2dconv,"{""block_size"":256,""precision"":""float""}",size,3072,0.038982
2,2,polybench,polybench_2dconv,"{""block_size"":256,""precision"":""float""}",size,3584,0.051544
2,2,polybench,polybench_2dconv,"{""block_size"":256,""precision"":""float""}",size,4096,0.068408
2,2,polybench,polybench_2dconv,"{""block_size"":256,""precision"":""float""}",size,5120,0.100883
2,2,polybench,polybench_2dconv,"{""block_size"":256,""precision"":""float""}",size,6144,0.151558
2,2,polybench,polybench_2dconv,"{""block_size"":256,""precision"":""float""}",size,7168,0.232020
2,2,polybench,polybench_2dconv,"{""block_size"":256,""precision"":""float""}",size,8192,0.294656
2,2,polybench,polybench_2dconv,"{""block_size"":256,""precision"":""float""}",size,10240,0.461635
2,2,polybench,polybench_2dconv,"{""block_size"":256,""precision"":""float""}",size,12288,0.696115
2,2,polybench,polybench_2dconv,"{""block_size"":256,""precision"":""float""}",size,16384,1.365475
2,2,polybench,polybench_2dconv,"{""block_size"":256,""precision"":""half""}",size,64,0.006268
2,2,polybench,polybench_2dconv,"{""block_size"":256,""precision"":""half""}",size,128,0.005827
2,2,polybench,polybench_2dconv,"{""block_size"":256,""precision"":""half""}",size,256,0.005840
2,2,polybench,polybench_2dconv,"{""block_size"":256,""precision"":""half""}",size,384,0.005880
2,2,polybench,polybench_2dconv,"{""block_size"":256,""precision"":""half""}",size,512,0.005840
2,2,polybench,polybench_2dconv,"{""block_size"":256,""precision"":""half""}",size,640,0.006201
2,2,polybench,polybench_2dconv,"{""block_size"":256,""precision"":""half""}",size,768,0.006094
2,2,polybench,polybench_2dconv,"{""block_size"":256,""precision"":""half""}",size,1024,0.007176
2,2,polybench,polybench_2dconv,"{""block_size"":256,""precision"":""half""}",size,1280,0.008820
2,2,polybench,polybench_2dconv,"{""block_size"":256,""precision"":""half""}",size,1536,0.012789
2,2,polybench,polybench_2dconv,"{""block_size"":256,""precision"":""half""}",size,2048,0.019778
2,2,polybench,polybench_2dconv,"{""block_size"":256,""precision"":""half""}",size,2560,0.028184
2,2,polybench,polybench_2dconv,"{""block_size"":256,""precision"":""half""}",size,3072,0.038741
2,2,polybench,polybench_2dconv,"{""block_size"":256,""precision"":""half""}",size,3584,0.051223
2,2,polybench,polybench_2dconv,"{""block_size"":256,""precision"":""half""}",size,4096,0.065977
2,2,polybench,polybench_2dconv,"{""block_size"":256,""precision"":""half""}",size,5120,0.100054
2,2,polybench,polybench_2dconv,"{""block_size"":256,""precision"":""half""}",size,6144,0.150288
2,2,polybench,polybench_2dconv,"{""block_size"":256,""precision"":""half""}",size,7168,0.228145
2,2,polybench,polybench_2dconv,"{""block_size"":256,""precision"":""half""}",size,8192,0.293600
2,2,polybench,polybench_2dconv,"{""block_size"":256,""precision"":""half""}",size,10240,0.466620
2,2,polybench,polybench_2dconv,"{""block_size"":256,""precision"":""half""}",size,12288,0.712232
2,2,polybench,polybench_2dconv,"{""block_size"":256,""precision"":""half""}",size,16384,1.324595
2,2,polybench,polybench_2mm,"{""alpha"":1.5,""beta"":1.2,""block_size"":256,""precision"":""double""}",size,64,0.012735
2,2,polybench,polybench_2mm,"{""alpha"":1.5,""beta"":1.2,""block_size"":256,""precision"":""double""}",size,96,0.016183
2,2,polybench,polybench_2mm,"{""alpha"":1.5,""beta"":1.2,""block_size"":256,""precision"":""double""}",size,128,0.018616
2,2,polybench,polybench_2mm,"{""alpha"":1.5,""beta"":1.2,""block_size"":256,""precision"":""double""}",size,192,0.022705
2,2,polybench,polybench_2mm,"{""alpha"":1.5,""beta"":1.2,""block_size"":256,""precision"":""double""}",size,256,0.028759
2,2,polybench,polybench_2mm,"{""alpha"":1.5,""beta"":1.2,""block_size"":256,""precision"":""double""}",size,384,0.040358
2,2,polybench,polybench_2mm,"{""alpha"":1.5,""beta"":1.2,""block_size"":256,""precision"":""double""}",size,512,0.061968
2,2,polybench,polybench_2mm,"{""alpha"":1.5,""beta"":1.2,""block_size"":256,""precision"":""double""}",size,640,0.104999
2,2,polybench,polybench_2mm,"{""alpha"":1.5,""beta"":1.2,""block_size"":256,""precision"":""double""}",size,768,0.160444
2,2,polybench,polybench_2mm,"{""alpha"":1.5,""beta"":1.2,""block_size"":256,""precision"":""double""}",size,896,0.238395
2,2,polybench,polybench_2mm,"{""alpha"":1.5,""beta"":1.2,""block_size"":256,""precision"":""double""}",size,1024,0.327812
2,2,polybench,polybench_2mm,"{""alpha"":1.5,""beta"":1.2,""block_size"":256,""precision"":""double""}",size,1152,0.466099
2,2,polybench,polybench_2mm,"{""alpha"":1.5,""beta"":1.2,""block_size"":256,""precision"":""double""}",size,1280,0.634735
2,2,polybench,polybench_2mm,"{""alpha"":1.5,""beta"":1.2,""block_size"":256,""precision"":""double""}",size,1536,1.078698
2,2,polybench,polybench_2mm,"{""alpha"":1.5,""beta"":1.2,""block_size"":256,""precision"":""double""}",size,1792,1.708801
2,2,polybench,polybench_2mm,"{""alpha"":1.5,""beta"":1.2,""block_size"":256,""precision"":""double""}",size,2048,2.481247
2,2,polybench,polybench_2mm,"{""alpha"":1.5,""beta"":1.2,""block_size"":256,""precision"":""double""}",size,2304,3.693468
2,2,polybench,polybench_2mm,"{""alpha"":1.5,""beta"":1.2,""block_size"":256,""precision"":""double""}",size,2560,5.216917
2,2,polybench,polybench_2mm,"{""alpha"":1.5,""beta"":1.2,""block_size"":256,""precision"":""double""}",size,2816,7.140683
2,2,polybench,polybench_2mm,"{""alpha"":1.5,""beta"":1.2,""block_size"":256,""precision"":""double""}",size,3072,9.350699
2,2,polybench,polybench_2mm,"{""alpha"":1.5,""beta"":1.2,""block_size"":256,""precision"":""double""}",size,3328,12.107510
2,2,polybench,polybench_2mm,"{""alpha"":1.5,""beta"":1.2,""block_size"":256,""precision"":""double""}",size,3584,15.264556
2,2,polybench,polybench_2mm,"{""alpha"":1.5,""beta"":1.2,""block_size"":256,""precision"":""double""}",size,3840,18.870017
2,2,polybench,polybench_2mm,"{""alpha"":1.5,""beta"":1.2,""block_size"":256,""precision"":""double""}",size,4096,22.773018
2,2,polybench,polybench_2mm,"{""alpha"":1.5,""beta"":1.2,""block_size"":256,""precision"":""float""}",size,64,0.013484
2,2,polybench,polybench_2mm,"{""alpha"":1.5,""beta"":1.2,""block_size"":256,""precision"":""float""}",size,96,0.016009
2,2,polybench,polybench_2mm,"{""alpha"":1.5,""beta"":1.2,""block_size"":256,""precision"":""float""}",size,128,0.018201
2,2,polybench,polybench_2mm,"{""alpha"":1.5,""beta"":1.2,""block_size"":256,""precision"":""float""}",size,192,0.022678
2,2,polybench,polybench_2mm,"{""alpha"":1.5,""beta"":1.2,""block_size"":256,""precision"":""float""}",size,256,0.027956
2,2,polybench,polybench_2mm,"{""alpha"":1.5,""beta"":1.2,""block_size"":256,""precision"":""float""}",size,384,0.039409
2,2,polybench,polybench_2mm,"{""alpha"":1.5,""beta"":1.2,""block_size"":256,""precision"":""float""}",size,512,0.064320
2,2,polybench,polybench_2mm,"{""alpha"":1.5,""beta"":1.2,""block_size"":256,""precision"":""float""}",size,640,0.106228
2,2,polybench,polybench_2mm,"{""alpha"":1.5,""beta"":1.2,""block_size"":256,""precision"":""float""}",size,768,0.160779
2,2,polybench,polybench_2mm,"{""alpha"":1.5,""beta"":1.2,""block_size"":256,""precision"":""float""}",size,896,0.235081
2,2,polybench,polybench_2mm,"{""alpha"":1.5,""beta"":1.2,""block_size"":256,""precision"":""float""}",size,1024,0.326796
2,2,polybench,polybench_2mm,"{""alpha"":1.5,""beta"":1.2,""block_size"":256,""precision"":""float""}",size,1152,0.473048
2,2,polybench,polybench_2mm,"{""alpha"":1.5,""beta"":1.2,""block_size"":256,""precision"":""float""}",size,1280,0.631917
2,2,polybench,polybench_2mm,"{""alpha"":1.5,""beta"":1.2,""block_size"":256,""precision"":""float""}",size,1536,1.065927
2,2,polybench,polybench_2mm,"{""alpha"":1.5,""beta"":1.2,""block_size"":256,""precision"":""float""}",size,1792,1.700290
2,2,polybench,polybench_2mm,"{""alpha"":1.5,""beta"":1.2,""block_size"":256,""precision"":""float""}",size,2048,2.466988
2,2,polybench,polybench_2mm,"{""alpha"":1.5,""beta"":1.2,""block_size"":256,""precision"":""float""}",size,2304,3.673437
2,2,polybench,polybench_2mm,"{""alpha"":1.5,""beta"":1.2,""block_size"":256,""precision"":""float""}",size,2560,5.194990
2,2,polybench,polybench_2mm,"{""alpha"":1.5,""beta"":1.2,""block_size"":256,""precision"":""float""}",size,2816,7.066660
2,2,polybench,polybench_2mm,"{""alpha"":1.5,""beta"":1.2,""block_size"":256,""precision"":""float""}",size,3072,9.370330
2,2,polybench,polybench_2mm,"{""alpha"":1.5,""beta"":1.2,""block_size"":256,""precision"":""float""}",size,3328,12.105908
2,2,polybench,polybench_2mm,"{""alpha"":1.5,""beta"":1.2,""block_size"":256,""precision"":""float""}",size,3584,15.257580
2,2,polybench,polybench_2mm,"{""alpha"":1.5,""beta"":1.2,""block_size"":256,""precision"":""float""}",size,3840,18.866823
2,2,polybench,polybench_2mm,"{""alpha"":1.5,""beta"":1.2,""block_size"":256,""precision"":""float""}",size,4096,22.710733
2,2,polybench,polybench_2mm,"{""alpha"":1.5,""beta"":1.2,""block_size"":256,""precision"":""half""}",size,64,0.012669
2,2,polybench,polybench_2mm,"{""alpha"":1.5,""beta"":1.2,""block_size"":256,""precision"":""half""}",size,96,0.015943
2,2,polybench,polybench_2mm,"{""alpha"":1.5,""beta"":1.2,""block_size"":256,""precision"":""half""}",size,128,0.019658
2,2,polybench,polybench_2mm,"{""alpha"":1.5,""beta"":1.2,""block_size"":256,""precision"":""half""}",size,192,0.023399
2,2,polybench,polybench_2mm,"{""alpha"":1.5,""beta"":1.2,""block_size"":256,""precision"":""half""}",size,256,0.027596
2,2,polybench,polybench_2mm,"{""alpha"":1.5,""beta"":1.2,""block_size"":256,""precision"":""half""}",size,384,0.040185
2,2,polybench,polybench_2mm,"{""alpha"":1.5,""beta"":1.2,""block_size"":256,""precision"":""half""}",size,512,0.063812
2,2,polybench,polybench_2mm,"{""alpha"":1.5,""beta"":1.2,""block_size"":256,""precision"":""half""}",size,640,0.107100
2,2,polybench,polybench_2mm,"{""alpha"":1.5,""beta"":1.2,""block_size"":256,""precision"":""half""}",size,768,0.160759
2,2,polybench,polybench_2mm,"{""alpha"":1.5,""beta"":1.2,""block_size"":256,""precision"":""half""}",size,896,0.236377
2,2,polybench,polybench_2mm,"{""alpha"":1.5,""beta"":1.2,""block_size"":256,""precision"":""half""}",size,1024,0.329375
2,2,polybench,polybench_2mm,"{""alpha"":1.5,""beta"":1.2,""block_size"":256,""precision"":""half""}",size,1152,0.463654
2,2,polybench,polybench_2mm,"{""alpha"":1.5,""beta"":1.2,""block_size"":256,""precision"":""half""}",size,1280,0.651229
2,2,polybench,polybench_2mm,"{""alpha"":1.5,""beta"":1.2,""block_size"":256,""precision"":""half""}",size,1536,1.125573
2,2,polybench,polybench_2mm,"{""alpha"":1.5,""beta"":1.2,""block_size"":256,""precision"":""half""}",size,1792,1.748166
2,2,polybench,polybench_2mm,"{""alpha"":1.5,""beta"":1.2,""block_size"":256,""precision"":""half""}",size,2048,2.506985
2,2,polybench,polybench_2mm,"{""alpha"":1.5,""beta"":1.2,""block_size"":256,""precision"":""half""}",size,2304,3.639611
2,2,polybench,polybench_2mm,"{""alpha"":1.5,""beta"":1.2,""block_size"":256,""precision"":""half""}",size,2560,5.224370
2,2,polybench,polybench_2mm,"{""alpha"":1.5,""beta"":1.2,""block_size"":256,""precision"":""half""}",size,2816,7.095369
2,2,polybench,polybench_2mm,"{""alpha"":1.5,""beta"":1.2,""block_size"":256,""precision"":""half""}",size,3072,9.325513
2,2,polybench,polybench_2mm,"{""alpha"":1.5,""beta"":1.2,""block_size"":256,""precision"":""half""}",size,3328,12.176027
2,2,polybench,polybench_2mm,"{""alpha"":1.5,""beta"":1.2,""block_size"":256,""precision"":""half""}",size,3584,15.289613
2,2,polybench,polybench_2mm,"{""alpha"":1.5,""beta"":1.2,""block_size"":256,""precision"":""half""}",size,3840,18.852513
2,2,polybench,polybench_2mm,"{""alpha"":1.5,""beta"":1.2,""block_size"":256,""precision"":""half""}",size,4096,22.735507
2,2,polybench,polybench_3dconv,"{""block_size"":8,""filter_size"":3}",size,16,0.008125
2,2,polybench,polybench_3dconv,"{""block_size"":8,""filter_size"":3}",size,24,0.008152
2,2,polybench,polybench_3dconv,"{""block_size"":8,""filter_size"":3}",size,32,0.008285
2,2,polybench,polybench_3dconv,"{""block_size"":8,""filter_size"":3}",size,40,0.008673
2,2,polybench,polybench_3dconv,"{""block_size"":8,""filter_size"":3}",size,48,0.008579
2,2,polybench,polybench_3dconv,"{""block_size"":8,""filter_size"":3}",size,56,0.009248
2,2,polybench,polybench_3dconv,"{""block_size"":8,""filter_size"":3}",size,64,0.009822
2,2,polybench,polybench_3dconv,"{""block_size"":8,""filter_size"":3}",size,80,0.012522
2,2,polybench,polybench_3dconv,"{""block_size"":8,""filter_size"":3}",size,96,0.020834
2,2,polybench,polybench_3dconv,"{""block_size"":8,""filter_size"":3}",size,112,0.033837
2,2,polybench,polybench_3dconv,"{""block_size"":8,""filter_size"":3}",size,128,0.055298
2,2,polybench,polybench_3dconv,"{""block_size"":8,""filter_size"":3}",size,144,0.054697
2,2,polybench,polybench_3dconv,"{""block_size"":8,""filter_size"":3}",size,160,0.074690
2,2,polybench,polybench_3dconv,"{""block_size"":8,""filter_size"":3}",size,176,0.093252
2,2,polybench,polybench_3dconv,"{""block_size"":8,""filter_size"":3}",size,192,0.164026
2,2,polybench,polybench_3dconv,"{""block_size"":8,""filter_size"":3}",size,224,0.191529
2,2,polybench,polybench_3dconv,"{""block_size"":8,""filter_size"":3}",size,256,0.461288
2,2,polybench,polybench_3dconv,"{""block_size"":8,""filter_size"":3}",size,288,0.465700
2,2,polybench,polybench_3dconv,"{""block_size"":8,""filter_size"":3}",size,320,0.884866
2,2,polybench,polybench_3dconv,"{""block_size"":8,""filter_size"":3}",size,352,0.981445
2,2,polybench,polybench_3dconv,"{""block_size"":8,""filter_size"":3}",size,384,1.526574
2,2,polybench,polybench_3dconv,"{""block_size"":8,""filter_size"":3}",size,416,1.489530
2,2,polybench,polybench_3dconv,"{""block_size"":8,""filter_size"":3}",size,448,2.143225
2,2,polybench,polybench_3dconv,"{""block_size"":8,""filter_size"":3}",size,480,2.248440
2,2,polybench,polybench_3dconv,"{""block_size"":8,""filter_size"":3}",size,512,3.640290
2,2,polybench,polybench_3dconv,"{""block_size"":8,""filter_size"":5}",size,16,0.020460
2,2,polybench,polybench_3dconv,"{""block_size"":8,""filter_size"":5}",size,24,0.020888
2,2,polybench,polybench_3dconv,"{""block_size"":8,""filter_size"":5}",size,32,0.021168
2,2,polybench,polybench_3dconv,"{""block_size"":8,""filter_size"":5}",size,40,0.021716
2,2,polybench,polybench_3dconv,"{""block_size"":8,""filter_size"":5}",size,48,0.021943
2,2,polybench,polybench_3dconv,"{""block_size"":8,""filter_size"":5}",size,56,0.025752
2,2,polybench,polybench_3dconv,"{""block_size"":8,""filter_size"":5}",size,64,0.028665
2,2,polybench,polybench_3dconv,"{""block_size"":8,""filter_size"":5}",size,80,0.033890
2,2,polybench,polybench_3dconv,"{""block_size"":8,""filter_size"":5}",size,96,0.078378
2,2,polybench,polybench_3dconv,"{""block_size"":8,""filter_size"":5}",size,112,0.094001
2,2,polybench,polybench_3dconv,"{""block_size"":8,""filter_size"":5}",size,128,0.213940
2,2,polybench,polybench_3dconv,"{""block_size"":8,""filter_size"":5}",size,144,0.176027
2,2,polybench,polybench_3dconv,"{""block_size"":8,""filter_size"":5}",size,160,0.333652
2,2,polybench,polybench_3dconv,"{""block_size"":8,""filter_size"":5}",size,176,0.322989
2,2,polybench,polybench_3dconv,"{""block_size"":8,""filter_size"":5}",size,192,0.788798
2,2,polybench,polybench_3dconv,"{""block_size"":8,""filter_size"":5}",size,224,0.985146
2,2,polybench,polybench_3dconv,"{""block_size"":8,""filter_size"":5}",size,256,1.884988
2,2,polybench,polybench_3dconv,"{""block_size"":8,""filter_size"":5}",size,288,1.970650
2,2,polybench,polybench_3dconv,"{""block_size"":8,""filter_size"":5}",size,320,3.167531
2,2,polybench,polybench_3dconv,"{""block_size"":8,""filter_size"":5}",size,352,3.462661
2,2,polybench,polybench_3dconv,"{""block_size"":8,""filter_size"":5}",size,384,6.063112
2,2,polybench,polybench_3dconv,"{""block_size"":8,""filter_size"":5}",size,416,6.083626
2,2,polybench,polybench_3dconv,"{""block_size"":8,""filter_size"":5}",size,448,8.786749
2,2,polybench,polybench_3dconv,"{""block_size"":8,""filter_size"":5}",size,480,9.340308
2,2,polybench,polybench_3dconv,"{""block_size"":8,""filter_size"":5}",size,512,15.132135
2,2,polybench,polybench_3dconv,"{""block_size"":8,""filter_size"":7}",size,16,0.046225
2,2,polybench,polybench_3dconv,"{""block_size"":8,""filter_size"":7}",size,24,0.047896
2,2,polybench,polybench_3dconv,"{""block_size"":8,""filter_size"":7}",size,32,0.048069
2,2,polybench,polybench_3dconv,"{""block_size"":8,""filter_size"":7}",size,40,0.048604
2,2,polybench,polybench_3dconv,"{""block_size"":8,""filter_size"":7}",size,48,0.049593
2,2,polybench,polybench_3dconv,"{""block_size"":8,""filter_size"":7}",size,56,0.056021
2,2,polybench,polybench_3dconv,"{""block_size"":8,""filter_size"":7}",size,64,0.060845
2,2,polybench,polybench_3dconv,"{""block_size"":8,""filter_size"":7}",size,80,0.077696
2,2,polybench,polybench_3dconv,"{""block_size"":8,""filter_size"":7}",size,96,0.205654
2,2,polybench,polybench_3dconv,"{""block_size"":8,""filter_size"":7}",size,112,0.254886
2,2,polybench,polybench_3dconv,"{""block_size"":8,""filter_size"":7}",size,128,0.666020
2,2,polybench,polybench_3dconv,"{""block_size"":8,""filter_size"":7}",size,144,0.629972
2,2,polybench,polybench_3dconv,"{""block_size"":8,""filter_size"":7}",size,160,0.961826
2,2,polybench,polybench_3dconv,"{""block_size"":8,""filter_size"":7}",size,176,1.061227
2,2,polybench,polybench_3dconv,"{""block_size"":8,""filter_size"":7}",size,192,1.797767
2,2,polybench,polybench_3dconv,"{""block_size"":8,""filter_size"":7}",size,224,2.428824
2,2,polybench,polybench_3dconv,"{""block_size"":8,""filter_size"":7}",size,256,5.087528
2,2,polybench,polybench_3dconv,"{""block_size"":8,""filter_size"":7}",size,288,5.163568
2,2,polybench,polybench_3dconv,"{""block_size"":8,""filter_size"":7}",size,320,8.283907
2,2,polybench,polybench_3dconv,"{""block_size"":8,""filter_size"":7}",size,352,9.499514
2,2,polybench,polybench_3dconv,"{""block_size"":8,""filter_size"":7}",size,384,16.222267
2,2,polybench,polybench_3dconv,"{""block_size"":8,""filter_size"":7}",size,416,15.803261
2,2,polybench,polybench_3dconv,"{""block_size"":8,""filter_size"":7}",size,448,22.540944
2,2,polybench,polybench_3dconv,"{""block_size"":8,""filter_size"":7}",size,480,24.223907
2,2,polybench,polybench_3dconv,"{""block_size"":8,""filter_size"":7}",size,512,40.375646
2,2,polybench,polybench_3mm,"{""block_size"":256,""precision"":""double""}",size,64,0.041936
2,2,polybench,polybench_3mm,"{""block_size"":256,""precision"":""double""}",size,96,0.058038
2,2,polybench,polybench_3mm,"{""block_size"":256,""precision"":""double""}",size,128,0.075158
2,2,polybench,polybench_3mm,"{""block_size"":256,""precision"":""double""}",size,192,0.103249
2,2,polybench,polybench_3mm,"{""block_size"":256,""precision"":""double""}",size,256,0.134373
2,2,polybench,polybench_3mm,"{""block_size"":256,""precision"":""double""}",size,384,0.196487
2,2,polybench,polybench_3mm,"{""block_size"":256,""precision"":""double""}",size,512,0.369574
2,2,polybench,polybench_3mm,"{""block_size"":256,""precision"":""double""}",size,640,0.494898
2,2,polybench,polybench_3mm,"{""block_size"":256,""precision"":""double""}",size,768,0.691084
2,2,polybench,polybench_3mm,"{""block_size"":256,""precision"":""double""}",size,896,1.248682
2,2,polybench,polybench_3mm,"{""block_size"":256,""precision"":""double""}",size,1024,1.607452
2,2,polybench,polybench_3mm,"{""block_size"":256,""precision"":""double""}",size,1280,3.019432
2,2,polybench,polybench_3mm,"{""block_size"":256,""precision"":""double""}",size,1536,4.829277
2,2,polybench,polybench_3mm,"{""block_size"":256,""precision"":""double""}",size,1792,8.182257
2,2,polybench,polybench_3mm,"{""block_size"":256,""precision"":""double""}",size,2048,11.183048
2,2,polybench,polybench_3mm,"{""block_size"":256,""precision"":""double""}",size,2560,21.859713
2,2,polybench,polybench_3mm,"{""block_size"":256,""precision"":""double""}",size,3072,38.101883
2,2,polybench,polybench_3mm,"{""block_size"":256,""precision"":""double""}",size,3584,58.358655
2,2,polybench,polybench_3mm,"{""block_size"":256,""precision"":""double""}",size,4096,88.383850
2,2,polybench,polybench_3mm,"{""block_size"":256,""precision"":""double""}",size,5120,168.181401
2,2,polybench,polybench_3mm,"{""block_size"":256,""precision"":""double""}",size,6144,306.343690
2,2,polybench,polybench_3mm,"{""block_size"":256,""precision"":""double""}",size,8192,815.554942
2,2,polybench,polybench_3mm,"{""block_size"":256,""precision"":""float""}",size,64,0.042363
2,2,polybench,polybench_3mm,"{""block_size"":256,""precision"":""float""}",size,96,0.058092
2,2,polybench,polybench_3mm,"{""block_size"":256,""precision"":""float""}",size,128,0.073020
2,2,polybench,polybench_3mm,"{""block_size"":256,""precision"":""float""}",size,192,0.103783
2,2,polybench,polybench_3mm,"{""block_size"":256,""precision"":""float""}",size,256,0.136056
2,2,polybench,polybench_3mm,"{""block_size"":256,""precision"":""float""}",size,384,0.196834
2,2,polybench,polybench_3mm,"{""block_size"":256,""precision"":""float""}",size,512,0.369654
2,2,polybench,polybench_3mm,"{""block_size"":256,""precision"":""float""}",size,640,0.493429
2,2,polybench,polybench_3mm,"{""block_size"":256,""precision"":""float""}",size,768,0.689520
2,2,polybench,polybench_3mm,"{""block_size"":256,""precision"":""float""}",size,896,1.260960
2,2,polybench,polybench_3mm,"{""block_size"":256,""precision"":""float""}",size,1024,1.609390
2,2,polybench,polybench_3mm,"{""block_size"":256,""precision"":""float""}",size,1280,3.026270
2,2,polybench,polybench_3mm,"{""block_size"":256,""precision"":""float""}",size,1536,4.816059
2,2,polybench,polybench_3mm,"{""block_size"":256,""precision"":""float""}",size,1792,8.225841
2,2,polybench,polybench_3mm,"{""block_size"":256,""precision"":""float""}",size,2048,11.182217
2,2,polybench,polybench_3mm,"{""block_size"":256,""precision"":""float""}",size,2560,21.756865
2,2,polybench,polybench_3mm,"{""block_size"":256,""precision"":""float""}",size,3072,38.036683
2,2,polybench,polybench_3mm,"{""block_size"":256,""precision"":""float""}",size,3584,58.390085
2,2,polybench,polybench_3mm,"{""block_size"":256,""precision"":""float""}",size,4096,88.106210
2,2,polybench,polybench_3mm,"{""block_size"":256,""precision"":""float""}",size,5120,165.560894
2,2,polybench,polybench_3mm,"{""block_size"":256,""precision"":""float""}",size,6144,304.709155
2,2,polybench,polybench_3mm,"{""block_size"":256,""precision"":""float""}",size,8192,814.510691
2,2,polybench,polybench_3mm,"{""block_size"":256,""precision"":""half""}",size,64,0.045276
2,2,polybench,polybench_3mm,"{""block_size"":256,""precision"":""half""}",size,96,0.058119
2,2,polybench,polybench_3mm,"{""block_size"":256,""precision"":""half""}",size,128,0.072377
2,2,polybench,polybench_3mm,"{""block_size"":256,""precision"":""half""}",size,192,0.104691
2,2,polybench,polybench_3mm,"{""block_size"":256,""precision"":""half""}",size,256,0.134159
2,2,polybench,polybench_3mm,"{""block_size"":256,""precision"":""half""}",size,384,0.196233
2,2,polybench,polybench_3mm,"{""block_size"":256,""precision"":""half""}",size,512,0.371204
2,2,polybench,polybench_3mm,"{""block_size"":256,""precision"":""half""}",size,640,0.498292
2,2,polybench,polybench_3mm,"{""block_size"":256,""precision"":""half""}",size,768,0.677374
2,2,polybench,polybench_3mm,"{""block_size"":256,""precision"":""half""}",size,896,1.263857
2,2,polybench,polybench_3mm,"{""block_size"":256,""precision"":""half""}",size,1024,1.649426
2,2,polybench,polybench_3mm,"{""block_size"":256,""precision"":""half""}",size,1280,3.007869
2,2,polybench,polybench_3mm,"{""block_size"":256,""precision"":""half""}",size,1536,4.927510
2,2,polybench,polybench_3mm,"{""block_size"":256,""precision"":""half""}",size,1792,8.189594
2,2,polybench,polybench_3mm,"{""block_size"":256,""precision"":""half""}",size,2048,11.178357
2,2,polybench,polybench_3mm,"{""block_size"":256,""precision"":""half""}",size,2560,21.807547
2,2,polybench,polybench_3mm,"{""block_size"":256,""precision"":""half""}",size,3072,37.906990
2,2,polybench,polybench_3mm,"{""block_size"":256,""precision"":""half""}",size,3584,58.594612
2,2,polybench,polybench_3mm,"{""block_size"":256,""precision"":""half""}",size,4096,88.142955
2,2,polybench,polybench_3mm,"{""block_size"":256,""precision"":""half""}",size,5120,167.684975
2,2,polybench,polybench_3mm,"{""block_size"":256,""precision"":""half""}",size,6144,304.134921
2,2,polybench,polybench_3mm,"{""block_size"":256,""precision"":""half""}",size,8192,813.513397
2,2,polybench,polybench_atax,"{""block_size"":256,""ny"":1024}",nx,64,0.120153
2,2,polybench,polybench_atax,"{""block_size"":256,""ny"":1024}",nx,128,0.187105
2,2,polybench,polybench_atax,"{""block_size"":256,""ny"":1024}",nx,256,0.282549
2,2,polybench,polybench_atax,"{""block_size"":256,""ny"":1024}",nx,512,0.320844
2,2,polybench,polybench_atax,"{""block_size"":256,""ny"":1024}",nx,768,0.356839
2,2,polybench,polybench_atax,"{""block_size"":256,""ny"":1024}",nx,1024,0.385637
2,2,polybench,polybench_atax,"{""block_size"":256,""ny"":1024}",nx,1536,0.451920
2,2,polybench,polybench_atax,"{""block_size"":256,""ny"":1024}",nx,2048,0.718153
2,2,polybench,polybench_atax,"{""block_size"":256,""ny"":1024}",nx,2560,0.849022
2,2,polybench,polybench_atax,"{""block_size"":256,""ny"":1024}",nx,3072,0.970914
2,2,polybench,polybench_atax,"{""block_size"":256,""ny"":1024}",nx,4096,1.218575
2,2,polybench,polybench_atax,"{""block_size"":256,""ny"":1024}",nx,5120,1.463310
2,2,polybench,polybench_atax,"{""block_size"":256,""ny"":1024}",nx,6144,1.710824
2,2,polybench,polybench_atax,"{""block_size"":256,""ny"":1024}",nx,7168,1.976996
2,2,polybench,polybench_atax,"{""block_size"":256,""ny"":1024}",nx,8192,2.212450
2,2,polybench,polybench_atax,"{""block_size"":256,""ny"":1024}",nx,10240,2.690965
2,2,polybench,polybench_atax,"{""block_size"":256,""ny"":1024}",nx,12288,3.196142
2,2,polybench,polybench_atax,"{""block_size"":256,""ny"":1024}",nx,16384,4.187386
2,2,polybench,polybench_atax,"{""block_size"":256,""ny"":1024}",nx,20480,5.192441
2,2,polybench,polybench_atax,"{""block_size"":256,""ny"":1024}",nx,24576,6.297365
2,2,polybench,polybench_atax,"{""block_size"":256,""ny"":1024}",nx,32768,8.291494
2,2,polybench,polybench_atax,"{""block_size"":256,""ny"":2048}",nx,64,0.224992
2,2,polybench,polybench_atax,"{""block_size"":256,""ny"":2048}",nx,128,0.342159
2,2,polybench,polybench_atax,"{""block_size"":256,""ny"":2048}",nx,256,0.549918
2,2,polybench,polybench_atax,"{""block_size"":256,""ny"":2048}",nx,512,0.592667
2,2,polybench,polybench_atax,"{""block_size"":256,""ny"":2048}",nx,768,0.630766
2,2,polybench,polybench_atax,"{""block_size"":256,""ny"":2048}",nx,1024,0.667893
2,2,polybench,polybench_atax,"{""block_size"":256,""ny"":2048}",nx,1536,0.901675
2,2,polybench,polybench_atax,"{""block_size"":256,""ny"":2048}",nx,2048,1.016375
2,2,polybench,polybench_atax,"{""block_size"":256,""ny"":2048}",nx,2560,1.147888
2,2,polybench,polybench_atax,"{""block_size"":256,""ny"":2048}",nx,3072,1.298617
2,2,polybench,polybench_atax,"{""block_size"":256,""ny"":2048}",nx,4096,1.541059
2,2,polybench,polybench_atax,"{""block_size"":256,""ny"":2048}",nx,5120,1.797376
2,2,polybench,polybench_atax,"{""block_size"":256,""ny"":2048}",nx,6144,2.045030
2,2,polybench,polybench_atax,"{""block_size"":256,""ny"":2048}",nx,7168,2.291043
2,2,polybench,polybench_atax,"{""block_size"":256,""ny"":2048}",nx,8192,2.558076
2,2,polybench,polybench_atax,"{""block_size"":256,""ny"":2048}",nx,10240,3.048258
2,2,polybench,polybench_atax,"{""block_size"":256,""ny"":2048}",nx,12288,3.520684
2,2,polybench,polybench_atax,"{""block_size"":256,""ny"":2048}",nx,16384,4.519661
2,2,polybench,polybench_atax,"{""block_size"":256,""ny"":2048}",nx,20480,5.516299
2,2,polybench,polybench_atax,"{""block_size"":256,""ny"":2048}",nx,24576,6.546783
2,2,polybench,polybench_atax,"{""block_size"":256,""ny"":2048}",nx,32768,8.629108
2,2,polybench,polybench_atax,"{""block_size"":256,""ny"":4096}",nx,64,0.424606
2,2,polybench,polybench_atax,"{""block_size"":256,""ny"":4096}",nx,128,0.637119
2,2,polybench,polybench_atax,"{""block_size"":256,""ny"":4096}",nx,256,1.073278
2,2,polybench,polybench_atax,"{""block_size"":256,""ny"":4096}",nx,512,1.199528
2,2,polybench,polybench_atax,"{""block_size"":256,""ny"":4096}",nx,768,1.267585
2,2,polybench,polybench_atax,"{""block_size"":256,""ny"":4096}",nx,1024,1.345723
2,2,polybench,polybench_atax,"{""block_size"":256,""ny"":4096}",nx,1536,1.500049
2,2,polybench,polybench_atax,"{""block_size"":256,""ny"":4096}",nx,2048,1.592309
2,2,polybench,polybench_atax,"{""block_size"":256,""ny"":4096}",nx,2560,1.726054
2,2,polybench,polybench_atax,"{""block_size"":256,""ny"":4096}",nx,3072,1.848705
2,2,polybench,polybench_atax,"{""block_size"":256,""ny"":4096}",nx,4096,2.106731
2,2,polybench,polybench_atax,"{""block_size"":256,""ny"":4096}",nx,5120,2.341344
2,2,polybench,polybench_atax,"{""block_size"":256,""ny"":4096}",nx,6144,2.580277
2,2,polybench,polybench_atax,"{""block_size"":256,""ny"":4096}",nx,7168,2.833566
2,2,polybench,polybench_atax,"{""block_size"":256,""ny"":4096}",nx,8192,3.076479
2,2,polybench,polybench_atax,"{""block_size"":256,""ny"":4096}",nx,10240,3.570933
2,2,polybench,polybench_atax,"{""block_size"":256,""ny"":4096}",nx,12288,4.073874
2,2,polybench,polybench_atax,"{""block_size"":256,""ny"":4096}",nx,16384,5.059781
2,2,polybench,polybench_atax,"{""block_size"":256,""ny"":4096}",nx,20480,8.254404
2,2,polybench,polybench_atax,"{""block_size"":256,""ny"":4096}",nx,24576,9.875923
2,2,polybench,polybench_atax,"{""block_size"":256,""ny"":4096}",nx,32768,12.795483
2,2,polybench,polybench_atax,"{""block_size"":256,""ny"":8192}",nx,64,0.830099
2,2,polybench,polybench_atax,"{""block_size"":256,""ny"":8192}",nx,128,1.284372
2,2,polybench,polybench_atax,"{""block_size"":256,""ny"":8192}",nx,256,2.155627
2,2,polybench,polybench_atax,"{""block_size"":256,""ny"":8192}",nx,512,2.252508
2,2,polybench,polybench_atax,"{""block_size"":256,""ny"":8192}",nx,768,2.331588
2,2,polybench,polybench_atax,"{""block_size"":256,""ny"":8192}",nx,1024,2.373487
2,2,polybench,polybench_atax,"{""block_size"":256,""ny"":8192}",nx,1536,2.560830
2,2,polybench,polybench_atax,"{""block_size"":256,""ny"":8192}",nx,2048,2.675810
2,2,polybench,polybench_atax,"{""block_size"":256,""ny"":8192}",nx,2560,2.796406
2,2,polybench,polybench_atax,"{""block_size"":256,""ny"":8192}",nx,3072,2.912627
2,2,polybench,polybench_atax,"{""block_size"":256,""ny"":8192}",nx,4096,3.163665
2,2,polybench,polybench_atax,"{""block_size"":256,""ny"":8192}",nx,5120,3.357435
2,2,polybench,polybench_atax,"{""block_size"":256,""ny"":8192}",nx,6144,3.619005
2,2,polybench,polybench_atax,"{""block_size"":256,""ny"":8192}",nx,7168,3.888173
2,2,polybench,polybench_atax,"{""block_size"":256,""ny"":8192}",nx,8192,4.155298
2,2,polybench,polybench_atax,"{""block_size"":256,""ny"":8192}",nx,10240,5.789182
2,2,polybench,polybench_atax,"{""block_size"":256,""ny"":8192}",nx,12288,6.621404
2,2,polybench,polybench_atax,"{""block_size"":256,""ny"":8192}",nx,16384,8.072227
2,2,polybench,polybench_atax,"{""block_size"":256,""ny"":8192}",nx,20480,9.522239
2,2,polybench,polybench_atax,"{""block_size"":256,""ny"":8192}",nx,24576,11.015549
2,2,polybench,polybench_atax,"{""block_size"":256,""ny"":8192}",nx,32768,14.001311
2,2,polybench,polybench_bicg,"{""block_size"":256,""n"":1024}",m,64,0.118403
2,2,polybench,polybench_bicg,"{""block_size"":256,""n"":1024}",m,128,0.185715
2,2,polybench,polybench_bicg,"{""block_size"":256,""n"":1024}",m,256,0.277244
2,2,polybench,polybench_bicg,"{""block_size"":256,""n"":1024}",m,512,0.311201
2,2,polybench,polybench_bicg,"{""block_size"":256,""n"":1024}",m,768,0.348566
2,2,polybench,polybench_bicg,"{""block_size"":256,""n"":1024}",m,1024,0.379435
2,2,polybench,polybench_bicg,"{""block_size"":256,""n"":1024}",m,1536,0.442672
2,2,polybench,polybench_bicg,"{""block_size"":256,""n"":1024}",m,2048,0.720964
2,2,polybench,polybench_bicg,"{""block_size"":256,""n"":1024}",m,2560,0.847769
2,2,polybench,polybench_bicg,"{""block_size"":256,""n"":1024}",m,3072,0.965086
2,2,polybench,polybench_bicg,"{""block_size"":256,""n"":1024}",m,4096,1.213316
2,2,polybench,polybench_bicg,"{""block_size"":256,""n"":1024}",m,5120,1.469780
2,2,polybench,polybench_bicg,"{""block_size"":256,""n"":1024}",m,6144,1.707506
2,2,polybench,polybench_bicg,"{""block_size"":256,""n"":1024}",m,7168,1.978297
2,2,polybench,polybench_bicg,"{""block_size"":256,""n"":1024}",m,8192,2.212508
2,2,polybench,polybench_bicg,"{""block_size"":256,""n"":1024}",m,10240,2.729252
2,2,polybench,polybench_bicg,"{""block_size"":256,""n"":1024}",m,12288,3.226769
2,2,polybench,polybench_bicg,"{""block_size"":256,""n"":1024}",m,16384,4.202360
2,2,polybench,polybench_bicg,"{""block_size"":256,""n"":1024}",m,20480,5.218475
2,2,polybench,polybench_bicg,"{""block_size"":256,""n"":1024}",m,24576,6.249111
2,2,polybench,polybench_bicg,"{""block_size"":256,""n"":1024}",m,32768,8.311114
2,2,polybench,polybench_bicg,"{""block_size"":256,""n"":2048}",m,64,0.219446
2,2,polybench,polybench_bicg,"{""block_size"":256,""n"":2048}",m,128,0.340468
2,2,polybench,polybench_bicg,"{""block_size"":256,""n"":2048}",m,256,0.542260
2,2,polybench,polybench_bicg,"{""block_size"":256,""n"":2048}",m,512,0.587937
2,2,polybench,polybench_bicg,"{""block_size"":256,""n"":2048}",m,768,0.613541
2,2,polybench,polybench_bicg,"{""block_size"":256,""n"":2048}",m,1024,0.650694
2,2,polybench,polybench_bicg,"{""block_size"":256,""n"":2048}",m,1536,0.895662
2,2,polybench,polybench_bicg,"{""block_size"":256,""n"":2048}",m,2048,1.018207
2,2,polybench,polybench_bicg,"{""block_size"":256,""n"":2048}",m,2560,1.152899
2,2,polybench,polybench_bicg,"{""block_size"":256,""n"":2048}",m,3072,1.283048
2,2,polybench,polybench_bicg,"{""block_size"":256,""n"":2048}",m,4096,1.548745
2,2,polybench,polybench_bicg,"{""block_size"":256,""n"":2048}",m,5120,1.806824
2,2,polybench,polybench_bicg,"{""block_size"":256,""n"":2048}",m,6144,2.067618
2,2,polybench,polybench_bicg,"{""block_size"":256,""n"":2048}",m,7168,2.303564
2,2,polybench,polybench_bicg,"{""block_size"":256,""n"":2048}",m,8192,2.547025
2,2,polybench,polybench_bicg,"{""block_size"":256,""n"":2048}",m,10240,3.032594
2,2,polybench,polybench_bicg,"{""block_size"":256,""n"":2048}",m,12288,3.553558
2,2,polybench,polybench_bicg,"{""block_size"":256,""n"":2048}",m,16384,4.518565
2,2,polybench,polybench_bicg,"{""block_size"":256,""n"":2048}",m,20480,5.557482
2,2,polybench,polybench_bicg,"{""block_size"":256,""n"":2048}",m,24576,6.584414
2,2,polybench,polybench_bicg,"{""block_size"":256,""n"":2048}",m,32768,8.610707
2,2,polybench,polybench_bicg,"{""block_size"":256,""n"":4096}",m,64,0.427787
2,2,polybench,polybench_bicg,"{""block_size"":256,""n"":4096}",m,128,0.635031
2,2,polybench,polybench_bicg,"{""block_size"":256,""n"":4096}",m,256,1.101744
2,2,polybench,polybench_bicg,"{""block_size"":256,""n"":4096}",m,512,1.213529
2,2,polybench,polybench_bicg,"{""block_size"":256,""n"":4096}",m,768,1.285897
2,2,polybench,polybench_bicg,"{""block_size"":256,""n"":4096}",m,1024,1.345003
2,2,polybench,polybench_bicg,"{""block_size"":256,""n"":4096}",m,1536,1.486125
2,2,polybench,polybench_bicg,"{""block_size"":256,""n"":4096}",m,2048,1.596226
2,2,polybench,polybench_bicg,"{""block_size"":256,""n"":4096}",m,2560,1.719895
2,2,polybench,polybench_bicg,"{""block_size"":256,""n"":4096}",m,3072,1.849908
2,2,polybench,polybench_bicg,"{""block_size"":256,""n"":4096}",m,4096,2.095091
2,2,polybench,polybench_bicg,"{""block_size"":256,""n"":4096}",m,5120,2.347905
2,2,polybench,polybench_bicg,"{""block_size"":256,""n"":4096}",m,6144,2.596723
2,2,polybench,polybench_bicg,"{""block_size"":256,""n"":4096}",m,7168,2.850967
2,2,polybench,polybench_bicg,"{""block_size"":256,""n"":4096}",m,8192,3.070505
2,2,polybench,polybench_bicg,"{""block_size"":256,""n"":4096}",m,10240,3.577015
2,2,polybench,polybench_bicg,"{""block_size"":256,""n"":4096}",m,12288,4.076961
2,2,polybench,polybench_bicg,"{""block_size"":256,""n"":4096}",m,16384,5.072114
2,2,polybench,polybench_bicg,"{""block_size"":256,""n"":4096}",m,20480,8.215959
2,2,polybench,polybench_bicg,"{""block_size"":256,""n"":4096}",m,24576,9.846404
2,2,polybench,polybench_bicg,"{""block_size"":256,""n"":4096}",m,32768,12.868193
2,2,polybench,polybench_bicg,"{""block_size"":256,""n"":8192}",m,64,0.836181
2,2,polybench,polybench_bicg,"{""block_size"":256,""n"":8192}",m,128,1.288758
2,2,polybench,polybench_bicg,"{""block_size"":256,""n"":8192}",m,256,2.061942
2,2,polybench,polybench_bicg,"{""block_size"":256,""n"":8192}",m,512,2.222410
2,2,polybench,polybench_bicg,"{""block_size"":256,""n"":8192}",m,768,2.328274
2,2,polybench,polybench_bicg,"{""block_size"":256,""n"":8192}",m,1024,2.444048
2,2,polybench,polybench_bicg,"{""block_size"":256,""n"":8192}",m,1536,2.560293
2,2,polybench,polybench_bicg,"{""block_size"":256,""n"":8192}",m,2048,2.697035
2,2,polybench,polybench_bicg,"{""block_size"":256,""n"":8192}",m,2560,2.806805
2,2,polybench,polybench_bicg,"{""block_size"":256,""n"":8192}",m,3072,2.901003
2,2,polybench,polybench_bicg,"{""block_size"":256,""n"":8192}",m,4096,3.160134
2,2,polybench,polybench_bicg,"{""block_size"":256,""n"":8192}",m,5120,3.389348
2,2,polybench,polybench_bicg,"{""block_size"":256,""n"":8192}",m,6144,3.639489
2,2,polybench,polybench_bicg,"{""block_size"":256,""n"":8192}",m,7168,3.894254
2,2,polybench,polybench_bicg,"{""block_size"":256,""n"":8192}",m,8192,4.143264
2,2,polybench,polybench_bicg,"{""block_size"":256,""n"":8192}",m,10240,5.746271
2,2,polybench,polybench_bicg,"{""block_size"":256,""n"":8192}",m,12288,6.605660
2,2,polybench,polybench_bicg,"{""block_size"":256,""n"":8192}",m,16384,8.088426
2,2,polybench,polybench_bicg,"{""block_size"":256,""n"":8192}",m,20480,9.541497
2,2,polybench,polybench_bicg,"{""block_size"":256,""n"":8192}",m,24576,11.035380
2,2,polybench,polybench_bicg,"{""block_size"":256,""n"":8192}",m,32768,14.024699
2,2,polybench,polybench_correlation,"{""block_size"":256,""precision"":""double""}",size,64,0.046800
2,2,polybench,polybench_correlation,"{""block_size"":256,""precision"":""double""}",size,96,0.067807
2,2,polybench,polybench_correlation,"{""block_size"":256,""precision"":""double""}",size,128,0.087946
2,2,polybench,polybench_correlation,"{""block_size"":256,""precision"":""double""}",size,192,0.118188
2,2,polybench,polybench_correlation,"{""block_size"":256,""precision"":""double""}",size,256,0.152681
2,2,polybench,polybench_correlation,"{""block_size"":256,""precision"":""double""}",size,320,0.194242
2,2,polybench,polybench_correlation,"{""block_size"":256,""precision"":""double""}",size,384,0.221358
2,2,polybench,polybench_correlation,"{""block_size"":256,""precision"":""double""}",size,448,0.259604
2,2,polybench,polybench_correlation,"{""block_size"":256,""precision"":""double""}",size,512,0.302675
2,2,polybench,polybench_correlation,"{""block_size"":256,""precision"":""double""}",size,640,0.380933
2,2,polybench,polybench_correlation,"{""block_size"":256,""precision"":""double""}",size,768,0.469641
2,2,polybench,polybench_correlation,"{""block_size"":256,""precision"":""double""}",size,896,0.585490
2,2,polybench,polybench_correlation,"{""block_size"":256,""precision"":""double""}",size,1024,0.700019
2,2,polybench,polybench_correlation,"{""block_size"":256,""precision"":""double""}",size,1280,0.990076
2,2,polybench,polybench_correlation,"{""block_size"":256,""precision"":""double""}",size,1536,1.415097
2,2,polybench,polybench_correlation,"{""block_size"":256,""precision"":""double""}",size,1792,1.891403
2,2,polybench,polybench_correlation,"{""block_size"":256,""precision"":""double""}",size,2048,2.526703
2,2,polybench,polybench_correlation,"{""block_size"":256,""precision"":""double""}",size,2304,3.636483
2,2,polybench,polybench_correlation,"{""block_size"":256,""precision"":""double""}",size,2560,4.698702
2,2,polybench,polybench_correlation,"{""block_size"":256,""precision"":""double""}",size,2816,5.946964
2,2,polybench,polybench_correlation,"{""block_size"":256,""precision"":""double""}",size,3072,7.493171
2,2,polybench,polybench_correlation,"{""block_size"":256,""precision"":""double""}",size,3328,9.234299
2,2,polybench,polybench_correlation,"{""block_size"":256,""precision"":""double""}",size,3584,11.174903
2,2,polybench,polybench_correlation,"{""block_size"":256,""precision"":""double""}",size,3840,13.404068
2,2,polybench,polybench_correlation,"{""block_size"":256,""precision"":""double""}",size,4096,15.832099
2,2,polybench,polybench_correlation,"{""block_size"":256,""precision"":""float""}",size,64,0.048123
2,2,polybench,polybench_correlation,"{""block_size"":256,""precision"":""float""}",size,96,0.067539
2,2,polybench,polybench_correlation,"{""block_size"":256,""precision"":""float""}",size,128,0.084445
2,2,polybench,polybench_correlation,"{""block_size"":256,""precision"":""float""}",size,192,0.119338
2,2,polybench,polybench_correlation,"{""block_size"":256,""precision"":""float""}",size,256,0.151319
2,2,polybench,polybench_correlation,"{""block_size"":256,""precision"":""float""}",size,320,0.187454
2,2,polybench,polybench_correlation,"{""block_size"":256,""precision"":""float""}",size,384,0.221277
2,2,polybench,polybench_correlation,"{""block_size"":256,""precision"":""float""}",size,448,0.259337
2,2,polybench,polybench_correlation,"{""block_size"":256,""precision"":""float""}",size,512,0.301128
2,2,polybench,polybench_correlation,"{""block_size"":256,""precision"":""float""}",size,640,0.379143
2,2,polybench,polybench_correlation,"{""block_size"":256,""precision"":""float""}",size,768,0.470804
2,2,polybench,polybench_correlation,"{""block_size"":256,""precision"":""float""}",size,896,0.586092
2,2,polybench,polybench_correlation,"{""block_size"":256,""precision"":""float""}",size,1024,0.698761
2,2,polybench,polybench_correlation,"{""block_size"":256,""precision"":""float""}",size,1280,0.994102
2,2,polybench,polybench_correlation,"{""block_size"":256,""precision"":""float""}",size,1536,1.429170
2,2,polybench,polybench_correlation,"{""block_size"":256,""precision"":""float""}",size,1792,1.909004
2,2,polybench,polybench_correlation,"{""block_size"":256,""precision"":""float""}",size,2048,2.578525
2,2,polybench,polybench_correlation,"{""block_size"":256,""precision"":""float""}",size,2304,3.649061
2,2,polybench,polybench_correlation,"{""block_size"":256,""precision"":""float""}",size,2560,4.711956
2,2,polybench,polybench_correlation,"{""block_size"":256,""precision"":""float""}",size,2816,5.990826
2,2,polybench,polybench_correlation,"{""block_size"":256,""precision"":""float""}",size,3072,7.523724
2,2,polybench,polybench_correlation,"{""block_size"":256,""precision"":""float""}",size,3328,9.215881
2,2,polybench,polybench_correlation,"{""block_size"":256,""precision"":""float""}",size,3584,11.156497
2,2,polybench,polybench_correlation,"{""block_size"":256,""precision"":""float""}",size,3840,13.440309
2,2,polybench,polybench_correlation,"{""block_size"":256,""precision"":""float""}",size,4096,15.856576
2,2,polybench,polybench_correlation,"{""block_size"":256,""precision"":""half""}",size,64,0.046840
2,2,polybench,polybench_correlation,"{""block_size"":256,""precision"":""half""}",size,96,0.074878
2,2,polybench,polybench_correlation,"{""block_size"":256,""precision"":""half""}",size,128,0.084659
2,2,polybench,polybench_correlation,"{""block_size"":256,""precision"":""half""}",size,192,0.117441
2,2,polybench,polybench_correlation,"{""block_size"":256,""precision"":""half""}",size,256,0.155300
2,2,polybench,polybench_correlation,"{""block_size"":256,""precision"":""half""}",size,320,0.188416
2,2,polybench,polybench_correlation,"{""block_size"":256,""precision"":""half""}",size,384,0.220916
2,2,polybench,polybench_correlation,"{""block_size"":256,""precision"":""half""}",size,448,0.260592
2,2,polybench,polybench_correlation,"{""block_size"":256,""precision"":""half""}",size,512,0.301018
2,2,polybench,polybench_correlation,"{""block_size"":256,""precision"":""half""}",size,640,0.378126
2,2,polybench,polybench_correlation,"{""block_size"":256,""precision"":""half""}",size,768,0.471592
2,2,polybench,polybench_correlation,"{""block_size"":256,""precision"":""half""}",size,896,0.585277
2,2,polybench,polybench_correlation,"{""block_size"":256,""precision"":""half""}",size,1024,0.698763
2,2,polybench,polybench_correlation,"{""block_size"":256,""precision"":""half""}",size,1280,0.996452
2,2,polybench,polybench_correlation,"{""block_size"":256,""precision"":""half""}",size,1536,1.420600
2,2,polybench,polybench_correlation,"{""block_size"":256,""precision"":""half""}",size,1792,1.905437
2,2,polybench,polybench_correlation,"{""block_size"":256,""precision"":""half""}",size,2048,2.560648
2,2,polybench,polybench_correlation,"{""block_size"":256,""precision"":""half""}",size,2304,3.662249
2,2,polybench,polybench_correlation,"{""block_size"":256,""precision"":""half""}",size,2560,4.693837
2,2,polybench,polybench_correlation,"{""block_size"":256,""precision"":""half""}",size,2816,6.005954
2,2,polybench,polybench_correlation,"{""block_size"":256,""precision"":""half""}",size,3072,7.469937
2,2,polybench,polybench_correlation,"{""block_size"":256,""precision"":""half""}",size,3328,9.231984
2,2,polybench,polybench_correlation,"{""block_size"":256,""precision"":""half""}",size,3584,11.129830
2,2,polybench,polybench_correlation,"{""block_size"":256,""precision"":""half""}",size,3840,13.419025
2,2,polybench,polybench_correlation,"{""block_size"":256,""precision"":""half""}",size,4096,15.858712
2,2,polybench,polybench_fdtd2d,"{""block_size"":256,""tmax"":10}",size,64,0.186928
2,2,polybench,polybench_fdtd2d,"{""block_size"":256,""tmax"":10}",size,128,0.203880
2,2,polybench,polybench_fdtd2d,"{""block_size"":256,""tmax"":10}",size,192,0.199907
2,2,polybench,polybench_fdtd2d,"{""block_size"":256,""tmax"":10}",size,256,0.191423
2,2,polybench,polybench_fdtd2d,"{""block_size"":256,""tmax"":10}",size,384,0.199389
2,2,polybench,polybench_fdtd2d,"{""block_size"":256,""tmax"":10}",size,512,0.225703
2,2,polybench,polybench_fdtd2d,"{""block_size"":256,""tmax"":10}",size,640,0.288750
2,2,polybench,polybench_fdtd2d,"{""block_size"":256,""tmax"":10}",size,768,0.349191
2,2,polybench,polybench_fdtd2d,"{""block_size"":256,""tmax"":10}",size,1024,0.500779
2,2,polybench,polybench_fdtd2d,"{""block_size"":256,""tmax"":10}",size,1280,0.629017
2,2,polybench,polybench_fdtd2d,"{""block_size"":256,""tmax"":10}",size,1536,0.786428
2,2,polybench,polybench_fdtd2d,"{""block_size"":256,""tmax"":10}",size,2048,1.127068
2,2,polybench,polybench_fdtd2d,"{""block_size"":256,""tmax"":10}",size,2560,1.458228
2,2,polybench,polybench_fdtd2d,"{""block_size"":256,""tmax"":10}",size,3072,1.924732
2,2,polybench,polybench_fdtd2d,"{""block_size"":256,""tmax"":10}",size,3584,2.447035
2,2,polybench,polybench_fdtd2d,"{""block_size"":256,""tmax"":10}",size,4096,3.209727
2,2,polybench,polybench_fdtd2d,"{""block_size"":256,""tmax"":10}",size,5120,4.706443
2,2,polybench,polybench_fdtd2d,"{""block_size"":256,""tmax"":10}",size,6144,6.447524
2,2,polybench,polybench_fdtd2d,"{""block_size"":256,""tmax"":10}",size,7168,8.673109
2,2,polybench,polybench_fdtd2d,"{""block_size"":256,""tmax"":10}",size,8192,11.937376
2,2,polybench,polybench_fdtd2d,"{""block_size"":256,""tmax"":200}",size,64,3.725050
2,2,polybench,polybench_fdtd2d,"{""block_size"":256,""tmax"":200}",size,128,3.685781
2,2,polybench,polybench_fdtd2d,"{""block_size"":256,""tmax"":200}",size,192,3.721177
2,2,polybench,polybench_fdtd2d,"{""block_size"":256,""tmax"":200}",size,256,3.708359
2,2,polybench,polybench_fdtd2d,"{""block_size"":256,""tmax"":200}",size,384,3.760129
2,2,polybench,polybench_fdtd2d,"{""block_size"":256,""tmax"":200}",size,512,4.369304
2,2,polybench,polybench_fdtd2d,"{""block_size"":256,""tmax"":200}",size,640,5.562437
2,2,polybench,polybench_fdtd2d,"{""block_size"":256,""tmax"":200}",size,768,6.716084
2,2,polybench,polybench_fdtd2d,"{""block_size"":256,""tmax"":200}",size,1024,9.796707
2,2,polybench,polybench_fdtd2d,"{""block_size"":256,""tmax"":200}",size,1280,12.416292
2,2,polybench,polybench_fdtd2d,"{""block_size"":256,""tmax"":200}",size,1536,15.717773
2,2,polybench,polybench_fdtd2d,"{""block_size"":256,""tmax"":200}",size,2048,22.495069
2,2,polybench,polybench_fdtd2d,"{""block_size"":256,""tmax"":200}",size,2560,29.149696
2,2,polybench,polybench_fdtd2d,"{""block_size"":256,""tmax"":200}",size,3072,38.586892
2,2,polybench,polybench_fdtd2d,"{""block_size"":256,""tmax"":200}",size,3584,49.222894
2,2,polybench,polybench_fdtd2d,"{""block_size"":256,""tmax"":200}",size,4096,64.104429
2,2,polybench,polybench_fdtd2d,"{""block_size"":256,""tmax"":200}",size,5120,94.786456
2,2,polybench,polybench_fdtd2d,"{""block_size"":256,""tmax"":200}",size,6144,129.103303
2,2,polybench,polybench_fdtd2d,"{""block_size"":256,""tmax"":200}",size,7168,175.298771
2,2,polybench,polybench_fdtd2d,"{""block_size"":256,""tmax"":200}",size,8192,232.914863
2,2,polybench,polybench_fdtd2d,"{""block_size"":256,""tmax"":50}",size,64,0.914331
2,2,polybench,polybench_fdtd2d,"{""block_size"":256,""tmax"":50}",size,128,0.914371
2,2,polybench,polybench_fdtd2d,"{""block_size"":256,""tmax"":50}",size,192,0.927510
2,2,polybench,polybench_fdtd2d,"{""block_size"":256,""tmax"":50}",size,256,0.941604
2,2,polybench,polybench_fdtd2d,"{""block_size"":256,""tmax"":50}",size,384,0.939741
2,2,polybench,polybench_fdtd2d,"{""block_size"":256,""tmax"":50}",size,512,1.073256
2,2,polybench,polybench_fdtd2d,"{""block_size"":256,""tmax"":50}",size,640,1.409283
2,2,polybench,polybench_fdtd2d,"{""block_size"":256,""tmax"":50}",size,768,1.693906
2,2,polybench,polybench_fdtd2d,"{""block_size"":256,""tmax"":50}",size,1024,2.423579
2,2,polybench,polybench_fdtd2d,"{""block_size"":256,""tmax"":50}",size,1280,3.107163
2,2,polybench,polybench_fdtd2d,"{""block_size"":256,""tmax"":50}",size,1536,3.915719
2,2,polybench,polybench_fdtd2d,"{""block_size"":256,""tmax"":50}",size,2048,5.605816
2,2,polybench,polybench_fdtd2d,"{""block_size"":256,""tmax"":50}",size,2560,7.318668
2,2,polybench,polybench_fdtd2d,"{""block_size"":256,""tmax"":50}",size,3072,9.638525
2,2,polybench,polybench_fdtd2d,"{""block_size"":256,""tmax"":50}",size,3584,12.278252
2,2,polybench,polybench_fdtd2d,"{""block_size"":256,""tmax"":50}",size,4096,16.018340
2,2,polybench,polybench_fdtd2d,"{""block_size"":256,""tmax"":50}",size,5120,23.680000
2,2,polybench,polybench_fdtd2d,"{""block_size"":256,""tmax"":50}",size,6144,32.380727
2,2,polybench,polybench_fdtd2d,"{""block_size"":256,""tmax"":50}",size,7168,44.276400
2,2,polybench,polybench_fdtd2d,"{""block_size"":256,""tmax"":50}",size,8192,58.848092
2,2,polybench,polybench_gemm,"{""block_size"":256,""precision"":""double""}",size,64,0.007577
2,2,polybench,polybench_gemm,"{""block_size"":256,""precision"":""double""}",size,128,0.008112
2,2,polybench,polybench_gemm,"{""block_size"":256,""precision"":""double""}",size,192,0.009983
2,2,polybench,polybench_gemm,"{""block_size"":256,""precision"":""double""}",size,256,0.012322
2,2,polybench,polybench_gemm,"{""block_size"":256,""precision"":""double""}",size,384,0.017720
2,2,polybench,polybench_gemm,"{""block_size"":256,""precision"":""double""}",size,512,0.029895
2,2,polybench,polybench_gemm,"{""block_size"":256,""precision"":""double""}",size,640,0.050729
2,2,polybench,polybench_gemm,"{""block_size"":256,""precision"":""double""}",size,768,0.076467
2,2,polybench,polybench_gemm,"{""block_size"":256,""precision"":""double""}",size,896,0.115569
2,2,polybench,polybench_gemm,"{""block_size"":256,""precision"":""double""}",size,1024,0.164748
2,2,polybench,polybench_gemm,"{""block_size"":256,""precision"":""double""}",size,1280,0.333185
2,2,polybench,polybench_gemm,"{""block_size"":256,""precision"":""double""}",size,1536,0.625947
2,2,polybench,polybench_gemm,"{""block_size"":256,""precision"":""double""}",size,1792,0.993276
2,2,polybench,polybench_gemm,"{""block_size"":256,""precision"":""double""}",size,2048,1.392357
2,2,polybench,polybench_gemm,"{""block_size"":256,""precision"":""double""}",size,2560,2.699691
2,2,polybench,polybench_gemm,"{""block_size"":256,""precision"":""double""}",size,3072,4.683623
2,2,polybench,polybench_gemm,"{""block_size"":256,""precision"":""double""}",size,3584,7.606021
2,2,polybench,polybench_gemm,"{""block_size"":256,""precision"":""double""}",size,4096,11.340713
2,2,polybench,polybench_gemm,"{""block_size"":256,""precision"":""double""}",size,5120,22.437315
2,2,polybench,polybench_gemm,"{""block_size"":256,""precision"":""double""}",size,6144,38.813073
2,2,polybench,polybench_gemm,"{""block_size"":256,""precision"":""double""}",size,7168,61.790456
2,2,polybench,polybench_gemm,"{""block_size"":256,""precision"":""double""}",size,8192,93.470556
2,2,polybench,polybench_gemm,"{""block_size"":256,""precision"":""float""}",size,64,0.006161
2,2,polybench,polybench_gemm,"{""block_size"":256,""precision"":""float""}",size,128,0.007978
2,2,polybench,polybench_gemm,"{""block_size"":256,""precision"":""float""}",size,192,0.010063
2,2,polybench,polybench_gemm,"{""block_size"":256,""precision"":""float""}",size,256,0.012001
2,2,polybench,polybench_gemm,"{""block_size"":256,""precision"":""float""}",size,384,0.017894
2,2,polybench,polybench_gemm,"{""block_size"":256,""precision"":""float""}",size,512,0.030176
2,2,polybench,polybench_gemm,"{""block_size"":256,""precision"":""float""}",size,640,0.050168
2,2,polybench,polybench_gemm,"{""block_size"":256,""precision"":""float""}",size,768,0.075919
2,2,polybench,polybench_gemm,"{""block_size"":256,""precision"":""float""}",size,896,0.116278
2,2,polybench,polybench_gemm,"{""block_size"":256,""precision"":""float""}",size,1024,0.164882
2,2,polybench,polybench_gemm,"{""block_size"":256,""precision"":""float""}",size,1280,0.325180
2,2,polybench,polybench_gemm,"{""block_size"":256,""precision"":""float""}",size,1536,0.644618
2,2,polybench,polybench_gemm,"{""block_size"":256,""precision"":""float""}",size,1792,1.005732
2,2,polybench,polybench_gemm,"{""block_size"":256,""precision"":""float""}",size,2048,1.362557
2,2,polybench,polybench_gemm,"{""block_size"":256,""precision"":""float""}",size,2560,2.713948
2,2,polybench,polybench_gemm,"{""block_size"":256,""precision"":""float""}",size,3072,4.733323
2,2,polybench,polybench_gemm,"{""block_size"":256,""precision"":""float""}",size,3584,7.598888
2,2,polybench,polybench_gemm,"{""block_size"":256,""precision"":""float""}",size,4096,11.352797
2,2,polybench,polybench_gemm,"{""block_size"":256,""precision"":""float""}",size,5120,22.456109
2,2,polybench,polybench_gemm,"{""block_size"":256,""precision"":""float""}",size,6144,38.775815
2,2,polybench,polybench_gemm,"{""block_size"":256,""precision"":""float""}",size,7168,61.936044
2,2,polybench,polybench_gemm,"{""block_size"":256,""precision"":""float""}",size,8192,93.641363
2,2,polybench,polybench_gemm,"{""block_size"":256,""precision"":""half""}",size,64,0.006053
2,2,polybench,polybench_gemm,"{""block_size"":256,""precision"":""half""}",size,128,0.007898
2,2,polybench,polybench_gemm,"{""block_size"":256,""precision"":""half""}",size,192,0.010143
2,2,polybench,polybench_gemm,"{""block_size"":256,""precision"":""half""}",size,256,0.012148
2,2,polybench,polybench_gemm,"{""block_size"":256,""precision"":""half""}",size,384,0.017640
2,2,polybench,polybench_gemm,"{""block_size"":256,""precision"":""half""}",size,512,0.031110
2,2,polybench,polybench_gemm,"{""block_size"":256,""precision"":""half""}",size,640,0.050394
2,2,polybench,polybench_gemm,"{""block_size"":256,""precision"":""half""}",size,768,0.075919
2,2,polybench,polybench_gemm,"{""block_size"":256,""precision"":""half""}",size,896,0.116010
2,2,polybench,polybench_gemm,"{""block_size"":256,""precision"":""half""}",size,1024,0.164614
2,2,polybench,polybench_gemm,"{""block_size"":256,""precision"":""half""}",size,1280,0.325286
2,2,polybench,polybench_gemm,"{""block_size"":256,""precision"":""half""}",size,1536,0.631202
2,2,polybench,polybench_gemm,"{""block_size"":256,""precision"":""half""}",size,1792,1.007053
2,2,polybench,polybench_gemm,"{""block_size"":256,""precision"":""half""}",size,2048,1.366272
2,2,polybench,polybench_gemm,"{""block_size"":256,""precision"":""half""}",size,2560,2.697711
2,2,polybench,polybench_gemm,"{""block_size"":256,""precision"":""half""}",size,3072,4.713585
2,2,polybench,polybench_gemm,"{""block_size"":256,""precision"":""half""}",size,3584,7.583506
2,2,polybench,polybench_gemm,"{""block_size"":256,""precision"":""half""}",size,4096,11.336014
2,2,polybench,polybench_gemm,"{""block_size"":256,""precision"":""half""}",size,5120,22.440529
2,2,polybench,polybench_gemm,"{""block_size"":256,""precision"":""half""}",size,6144,38.736081
2,2,polybench,polybench_gemm,"{""block_size"":256,""precision"":""half""}",size,7168,61.841977
2,2,polybench,polybench_gemm,"{""block_size"":256,""precision"":""half""}",size,8192,93.753800
2,2,polybench,polybench_gramschmidt,"{""block_size"":256,""n"":1024,""passes"":10}",m,64,493.173501
2,2,polybench,polybench_gramschmidt,"{""block_size"":256,""n"":1024,""passes"":10}",m,128,748.206058
2,2,polybench,polybench_gramschmidt,"{""block_size"":256,""n"":1024,""passes"":10}",m,192,1036.884803
2,2,polybench,polybench_gramschmidt,"{""block_size"":256,""n"":1024,""passes"":10}",m,256,1314.824654
2,2,polybench,polybench_gramschmidt,"{""block_size"":256,""n"":1024,""passes"":10}",m,384,1802.949529
2,2,polybench,polybench_gramschmidt,"{""block_size"":256,""n"":1024,""passes"":10}",m,512,2403.572433
2,2,polybench,polybench_gramschmidt,"{""block_size"":256,""n"":1024,""passes"":10}",m,640,2894.387913
2,2,polybench,polybench_gramschmidt,"{""block_size"":256,""n"":1024,""passes"":10}",m,768,3462.060844
2,2,polybench,polybench_gramschmidt,"{""block_size"":256,""n"":1024,""passes"":10}",m,896,3958.288865
2,2,polybench,polybench_gramschmidt,"{""block_size"":256,""n"":1024,""passes"":10}",m,1024,4538.012618
2,2,polybench,polybench_gramschmidt,"{""block_size"":256,""n"":1024,""passes"":10}",m,1280,6805.791337
2,2,polybench,polybench_gramschmidt,"{""block_size"":256,""n"":1024,""passes"":10}",m,1536,8587.030914
2,2,polybench,polybench_gramschmidt,"{""block_size"":256,""n"":1024,""passes"":10}",m,1792,9390.092246
2,2,polybench,polybench_gramschmidt,"{""block_size"":256,""n"":1024,""passes"":10}",m,2048,10679.150824
2,2,polybench,polybench_gramschmidt,"{""block_size"":256,""n"":1024,""passes"":10}",m,2560,13452.181402
2,2,polybench,polybench_gramschmidt,"{""block_size"":256,""n"":1024,""passes"":10}",m,3072,16068.414995
2,2,polybench,polybench_gramschmidt,"{""block_size"":256,""n"":1024,""passes"":10}",m,3584,18904.096714
2,2,polybench,polybench_gramschmidt,"{""block_size"":256,""n"":1024,""passes"":10}",m,4096,22874.744151
2,2,polybench,polybench_gramschmidt,"{""block_size"":256,""n"":1024,""passes"":10}",m,5120,27687.746509
2,2,polybench,polybench_gramschmidt,"{""block_size"":256,""n"":1024,""passes"":10}",m,6144,33962.346822
2,2,polybench,polybench_gramschmidt,"{""block_size"":256,""n"":1024,""passes"":1}",m,64,48.627246
2,2,polybench,polybench_gramschmidt,"{""block_size"":256,""n"":1024,""passes"":1}",m,128,74.230816
2,2,polybench,polybench_gramschmidt,"{""block_size"":256,""n"":1024,""passes"":1}",m,192,102.899406
2,2,polybench,polybench_gramschmidt,"{""block_size"":256,""n"":1024,""passes"":1}",m,256,130.862658
2,2,polybench,polybench_gramschmidt,"{""block_size"":256,""n"":1024,""passes"":1}",m,384,188.375200
2,2,polybench,polybench_gramschmidt,"{""block_size"":256,""n"":1024,""passes"":1}",m,512,244.151231
2,2,polybench,polybench_gramschmidt,"{""block_size"":256,""n"":1024,""passes"":1}",m,640,285.948170
2,2,polybench,polybench_gramschmidt,"{""block_size"":256,""n"":1024,""passes"":1}",m,768,338.684728
2,2,polybench,polybench_gramschmidt,"{""block_size"":256,""n"":1024,""passes"":1}",m,896,395.719120
2,2,polybench,polybench_gramschmidt,"{""block_size"":256,""n"":1024,""passes"":1}",m,1024,459.094259
2,2,polybench,polybench_gramschmidt,"{""block_size"":256,""n"":1024,""passes"":1}",m,1280,681.927747
2,2,polybench,polybench_gramschmidt,"{""block_size"":256,""n"":1024,""passes"":1}",m,1536,821.074489
2,2,polybench,polybench_gramschmidt,"{""block_size"":256,""n"":1024,""passes"":1}",m,1792,955.058716
2,2,polybench,polybench_gramschmidt,"{""block_size"":256,""n"":1024,""passes"":1}",m,2048,1090.837611
2,2,polybench,polybench_gramschmidt,"{""block_size"":256,""n"":1024,""passes"":1}",m,2560,1374.205953
2,2,polybench,polybench_gramschmidt,"{""block_size"":256,""n"":1024,""passes"":1}",m,3072,1618.914838
2,2,polybench,polybench_gramschmidt,"{""block_size"":256,""n"":1024,""passes"":1}",m,3584,1877.651402
2,2,polybench,polybench_gramschmidt,"{""block_size"":256,""n"":1024,""passes"":1}",m,4096,2183.170363
2,2,polybench,polybench_gramschmidt,"{""block_size"":256,""n"":1024,""passes"":1}",m,5120,2657.691884
2,2,polybench,polybench_gramschmidt,"{""block_size"":256,""n"":1024,""passes"":1}",m,6144,3284.747015
2,2,polybench,polybench_gramschmidt,"{""block_size"":256,""n"":1024,""passes"":3}",m,64,147.398188
2,2,polybench,polybench_gramschmidt,"{""block_size"":256,""n"":1024,""passes"":3}",m,128,224.135389
2,2,polybench,polybench_gramschmidt,"{""block_size"":256,""n"":1024,""passes"":3}",m,192,310.207931
2,2,polybench,polybench_gramschmidt,"{""block_size"":256,""n"":1024,""passes"":3}",m,256,393.793699
2,2,polybench,polybench_gramschmidt,"{""block_size"":256,""n"":1024,""passes"":3}",m,384,550.517504
2,2,polybench,polybench_gramschmidt,"{""block_size"":256,""n"":1024,""passes"":3}",m,512,721.839622
2,2,polybench,polybench_gramschmidt,"{""block_size"":256,""n"":1024,""passes"":3}",m,640,877.352800
2,2,polybench,polybench_gramschmidt,"{""block_size"":256,""n"":1024,""passes"":3}",m,768,1017.416930
2,2,polybench,polybench_gramschmidt,"{""block_size"":256,""n"":1024,""passes"":3}",m,896,1174.602431
2,2,polybench,polybench_gramschmidt,"{""block_size"":256,""n"":1024,""passes"":3}",m,1024,1362.501841
2,2,polybench,polybench_gramschmidt,"{""block_size"":256,""n"":1024,""passes"":3}",m,1280,2035.930047
2,2,polybench,polybench_gramschmidt,"{""block_size"":256,""n"":1024,""passes"":3}",m,1536,2533.436637
2,2,polybench,polybench_gramschmidt,"{""block_size"":256,""n"":1024,""passes"":3}",m,1792,2816.485617
2,2,polybench,polybench_gramschmidt,"{""block_size"":256,""n"":1024,""passes"":3}",m,2048,3197.964303
2,2,polybench,polybench_gramschmidt,"{""block_size"":256,""n"":1024,""passes"":3}",m,2560,4109.453760
2,2,polybench,polybench_gramschmidt,"{""block_size"":256,""n"":1024,""passes"":3}",m,3072,4919.324034
2,2,polybench,polybench_gramschmidt,"{""block_size"":256,""n"":1024,""passes"":3}",m,3584,5717.129256
2,2,polybench,polybench_gramschmidt,"{""block_size"":256,""n"":1024,""passes"":3}",m,4096,6543.638802
2,2,polybench,polybench_gramschmidt,"{""block_size"":256,""n"":1024,""passes"":3}",m,5120,8366.657859
2,2,polybench,polybench_gramschmidt,"{""block_size"":256,""n"":1024,""passes"":3}",m,6144,9793.316926
2,2,polybench,polybench_gramschmidt,"{""block_size"":256,""n"":1024,""passes"":5}",m,64,245.278150
2,2,polybench,polybench_gramschmidt,"{""block_size"":256,""n"":1024,""passes"":5}",m,128,373.277632
2,2,polybench,polybench_gramschmidt,"{""block_size"":256,""n"":1024,""passes"":5}",m,192,516.317731
2,2,polybench,polybench_gramschmidt,"{""block_size"":256,""n"":1024,""passes"":5}",m,256,656.777613
2,2,polybench,polybench_gramschmidt,"{""block_size"":256,""n"":1024,""passes"":5}",m,384,944.585922
2,2,polybench,polybench_gramschmidt,"{""block_size"":256,""n"":1024,""passes"":5}",m,512,1183.458746
2,2,polybench,polybench_gramschmidt,"{""block_size"":256,""n"":1024,""passes"":5}",m,640,1446.326751
2,2,polybench,polybench_gramschmidt,"{""block_size"":256,""n"":1024,""passes"":5}",m,768,1695.163636
2,2,polybench,polybench_gramschmidt,"{""block_size"":256,""n"":1024,""passes"":5}",m,896,2001.344816
2,2,polybench,polybench_gramschmidt,"{""block_size"":256,""n"":1024,""passes"":5}",m,1024,2268.114698
2,2,polybench,polybench_gramschmidt,"{""block_size"":256,""n"":1024,""passes"":5}",m,1280,3450.270336
2,2,polybench,polybench_gramschmidt,"{""block_size"":256,""n"":1024,""passes"":5}",m,1536,4176.947346
2,2,polybench,polybench_gramschmidt,"{""block_size"":256,""n"":1024,""passes"":5}",m,1792,4696.411023
2,2,polybench,polybench_gramschmidt,"{""block_size"":256,""n"":1024,""passes"":5}",m,2048,5334.859348
2,2,polybench,polybench_gramschmidt,"{""block_size"":256,""n"":1024,""passes"":5}",m,2560,6877.647981
2,2,polybench,polybench_gramschmidt,"{""block_size"":256,""n"":1024,""passes"":5}",m,3072,8102.137330
2,2,polybench,polybench_gramschmidt,"{""block_size"":256,""n"":1024,""passes"":5}",m,3584,9567.331847
2,2,polybench,polybench_gramschmidt,"{""block_size"":256,""n"":1024,""passes"":5}",m,4096,11354.416672
2,2,polybench,polybench_gramschmidt,"{""block_size"":256,""n"":1024,""passes"":5}",m,5120,14157.165177
2,2,polybench,polybench_gramschmidt,"{""block_size"":256,""n"":1024,""passes"":5}",m,6144,16711.304996
2,2,polybench,polybench_gramschmidt,"{""block_size"":256,""n"":128,""passes"":10}",m,64,57.630895
2,2,polybench,polybench_gramschmidt,"{""block_size"":256,""n"":128,""passes"":10}",m,128,88.459442
2,2,polybench,polybench_gramschmidt,"{""block_size"":256,""n"":128,""passes"":10}",m,192,119.253503
2,2,polybench,polybench_gramschmidt,"{""block_size"":256,""n"":128,""passes"":10}",m,256,150.483295
2,2,polybench,polybench_gramschmidt,"{""block_size"":256,""n"":128,""passes"":10}",m,384,212.400173
2,2,polybench,polybench_gramschmidt,"{""block_size"":256,""n"":128,""passes"":10}",m,512,275.055260
2,2,polybench,polybench_gramschmidt,"{""block_size"":256,""n"":128,""passes"":10}",m,640,337.727025
2,2,polybench,polybench_gramschmidt,"{""block_size"":256,""n"":128,""passes"":10}",m,768,400.389721
2,2,polybench,polybench_gramschmidt,"{""block_size"":256,""n"":128,""passes"":10}",m,896,462.684423
2,2,polybench,polybench_gramschmidt,"{""block_size"":256,""n"":128,""passes"":10}",m,1024,520.828620
2,2,polybench,polybench_gramschmidt,"{""block_size"":256,""n"":128,""passes"":10}",m,1280,659.486883
2,2,polybench,polybench_gramschmidt,"{""block_size"":256,""n"":128,""passes"":10}",m,1536,796.276400
2,2,polybench,polybench_gramschmidt,"{""block_size"":256,""n"":128,""passes"":10}",m,1792,929.012775
2,2,polybench,polybench_gramschmidt,"{""block_size"":256,""n"":128,""passes"":10}",m,2048,1057.737726
2,2,polybench,polybench_gramschmidt,"{""block_size"":256,""n"":128,""passes"":10}",m,2560,1311.379862
2,2,polybench,polybench_gramschmidt,"{""block_size"":256,""n"":128,""passes"":10}",m,3072,1599.176697
2,2,polybench,polybench_gramschmidt,"{""block_size"":256,""n"":128,""passes"":10}",m,3584,1815.676023
2,2,polybench,polybench_gramschmidt,"{""block_size"":256,""n"":128,""passes"":10}",m,4096,2051.954289
2,2,polybench,polybench_gramschmidt,"{""block_size"":256,""n"":128,""passes"":10}",m,5120,2605.930249
2,2,polybench,polybench_gramschmidt,"{""block_size"":256,""n"":128,""passes"":10}",m,6144,3439.225159
2,2,polybench,polybench_gramschmidt,"{""block_size"":256,""n"":128,""passes"":1}",m,64,5.754711
2,2,polybench,polybench_gramschmidt,"{""block_size"":256,""n"":128,""passes"":1}",m,128,8.847568
2,2,polybench,polybench_gramschmidt,"{""block_size"":256,""n"":128,""passes"":1}",m,192,11.925809
2,2,polybench,polybench_gramschmidt,"{""block_size"":256,""n"":128,""passes"":1}",m,256,15.048950
2,2,polybench,polybench_gramschmidt,"{""block_size"":256,""n"":128,""passes"":1}",m,384,21.302074
2,2,polybench,polybench_gramschmidt,"{""block_size"":256,""n"":128,""passes"":1}",m,512,27.518963
2,2,polybench,polybench_gramschmidt,"{""block_size"":256,""n"":128,""passes"":1}",m,640,33.778665
2,2,polybench,polybench_gramschmidt,"{""block_size"":256,""n"":128,""passes"":1}",m,768,40.169789
2,2,polybench,polybench_gramschmidt,"{""block_size"":256,""n"":128,""passes"":1}",m,896,46.291033
2,2,polybench,polybench_gramschmidt,"{""block_size"":256,""n"":128,""passes"":1}",m,1024,52.152145
2,2,polybench,polybench_gramschmidt,"{""block_size"":256,""n"":128,""passes"":1}",m,1280,66.026619
2,2,polybench,polybench_gramschmidt,"{""block_size"":256,""n"":128,""passes"":1}",m,1536,79.600306
2,2,polybench,polybench_gramschmidt,"{""block_size"":256,""n"":128,""passes"":1}",m,1792,92.857353
2,2,polybench,polybench_gramschmidt,"{""block_size"":256,""n"":128,""passes"":1}",m,2048,105.718655
2,2,polybench,polybench_gramschmidt,"{""block_size"":256,""n"":128,""passes"":1}",m,2560,128.921852
2,2,polybench,polybench_gramschmidt,"{""block_size"":256,""n"":128,""passes"":1}",m,3072,156.054669
2,2,polybench,polybench_gramschmidt,"{""block_size"":256,""n"":128,""passes"":1}",m,3584,181.785463
2,2,polybench,polybench_gramschmidt,"{""block_size"":256,""n"":128,""passes"":1}",m,4096,207.797032
2,2,polybench,polybench_gramschmidt,"{""block_size"":256,""n"":128,""passes"":1}",m,5120,253.843608
2,2,polybench,polybench_gramschmidt,"{""block_size"":256,""n"":128,""passes"":1}",m,6144,347.249479
2,2,polybench,polybench_gramschmidt,"{""block_size"":256,""n"":128,""passes"":3}",m,64,17.291280
2,2,polybench,polybench_gramschmidt,"{""block_size"":256,""n"":128,""passes"":3}",m,128,26.569155
2,2,polybench,polybench_gramschmidt,"{""block_size"":256,""n"":128,""passes"":3}",m,192,35.801032
2,2,polybench,polybench_gramschmidt,"{""block_size"":256,""n"":128,""passes"":3}",m,256,44.917286
2,2,polybench,polybench_gramschmidt,"{""block_size"":256,""n"":128,""passes"":3}",m,384,63.798224
2,2,polybench,polybench_gramschmidt,"{""block_size"":256,""n"":128,""passes"":3}",m,512,82.532701
2,2,polybench,polybench_gramschmidt,"{""block_size"":256,""n"":128,""passes"":3}",m,640,101.341046
2,2,polybench,polybench_gramschmidt,"{""block_size"":256,""n"":128,""passes"":3}",m,768,120.102163
2,2,polybench,polybench_gramschmidt,"{""block_size"":256,""n"":128,""passes"":3}",m,896,138.851852
2,2,polybench,polybench_gramschmidt,"{""block_size"":256,""n"":128,""passes"":3}",m,1024,156.295142
2,2,polybench,polybench_gramschmidt,"{""block_size"":256,""n"":128,""passes"":3}",m,1280,197.986273
2,2,polybench,polybench_gramschmidt,"{""block_size"":256,""n"":128,""passes"":3}",m,1536,238.011873
2,2,polybench,polybench_gramschmidt,"{""block_size"":256,""n"":128,""passes"":3}",m,1792,278.855662
2,2,polybench,polybench_gramschmidt,"{""block_size"":256,""n"":128,""passes"":3}",m,2048,317.026149
2,2,polybench,polybench_gramschmidt,"{""block_size"":256,""n"":128,""passes"":3}",m,2560,392.685086
2,2,polybench,polybench_gramschmidt,"{""block_size"":256,""n"":128,""passes"":3}",m,3072,470.534137
2,2,polybench,polybench_gramschmidt,"{""block_size"":256,""n"":128,""passes"":3}",m,3584,547.741741
2,2,polybench,polybench_gramschmidt,"{""block_size"":256,""n"":128,""passes"":3}",m,4096,633.917338
2,2,polybench,polybench_gramschmidt,"{""block_size"":256,""n"":128,""passes"":3}",m,5120,761.706630
2,2,polybench,polybench_gramschmidt,"{""block_size"":256,""n"":128,""passes"":3}",m,6144,1025.144431
2,2,polybench,polybench_gramschmidt,"{""block_size"":256,""n"":128,""passes"":5}",m,64,28.878117
2,2,polybench,polybench_gramschmidt,"{""block_size"":256,""n"":128,""passes"":5}",m,128,44.311596
2,2,polybench,polybench_gramschmidt,"{""block_size"":256,""n"":128,""passes"":5}",m,192,59.703080
2,2,polybench,polybench_gramschmidt,"{""block_size"":256,""n"":128,""passes"":5}",m,256,75.127750
2,2,polybench,polybench_gramschmidt,"{""block_size"":256,""n"":128,""passes"":5}",m,384,106.226048
2,2,polybench,polybench_gramschmidt,"{""block_size"":256,""n"":128,""passes"":5}",m,512,137.556768
2,2,polybench,polybench_gramschmidt,"{""block_size"":256,""n"":128,""passes"":5}",m,640,168.871689
2,2,polybench,polybench_gramschmidt,"{""block_size"":256,""n"":128,""passes"":5}",m,768,200.253553
2,2,polybench,polybench_gramschmidt,"{""block_size"":256,""n"":128,""passes"":5}",m,896,231.460625
2,2,polybench,polybench_gramschmidt,"{""block_size"":256,""n"":128,""passes"":5}",m,1024,260.411906
2,2,polybench,polybench_gramschmidt,"{""block_size"":256,""n"":128,""passes"":5}",m,1280,329.758784
2,2,polybench,polybench_gramschmidt,"{""block_size"":256,""n"":128,""passes"":5}",m,1536,397.581792
2,2,polybench,polybench_gramschmidt,"{""block_size"":256,""n"":128,""passes"":5}",m,1792,464.477035
2,2,polybench,polybench_gramschmidt,"{""block_size"":256,""n"":128,""passes"":5}",m,2048,529.004842
2,2,polybench,polybench_gramschmidt,"{""block_size"":256,""n"":128,""passes"":5}",m,2560,645.708137
2,2,polybench,polybench_gramschmidt,"{""block_size"":256,""n"":128,""passes"":5}",m,3072,784.981929
2,2,polybench,polybench_gramschmidt,"{""block_size"":256,""n"":128,""passes"":5}",m,3584,909.566680
2,2,polybench,polybench_gramschmidt,"{""block_size"":256,""n"":128,""passes"":5}",m,4096,1057.778764
2,2,polybench,polybench_gramschmidt,"{""block_size"":256,""n"":128,""passes"":5}",m,5120,1269.002731
2,2,polybench,polybench_gramschmidt,"{""block_size"":256,""n"":128,""passes"":5}",m,6144,1709.916226
2,2,polybench,polybench_gramschmidt,"{""block_size"":256,""n"":256,""passes"":10}",m,64,118.731571
2,2,polybench,polybench_gramschmidt,"{""block_size"":256,""n"":256,""passes"":10}",m,128,181.137472
2,2,polybench,polybench_gramschmidt,"{""block_size"":256,""n"":256,""passes"":10}",m,192,244.831818
2,2,polybench,polybench_gramschmidt,"{""block_size"":256,""n"":256,""passes"":10}",m,256,308.381806
2,2,polybench,polybench_gramschmidt,"{""block_size"":256,""n"":256,""passes"":10}",m,384,434.258652
2,2,polybench,polybench_gramschmidt,"{""block_size"":256,""n"":256,""passes"":10}",m,512,560.056803
2,2,polybench,polybench_gramschmidt,"{""block_size"":256,""n"":256,""passes"":10}",m,640,698.547850
2,2,polybench,polybench_gramschmidt,"{""block_size"":256,""n"":256,""passes"":10}",m,768,837.377324
2,2,polybench,polybench_gramschmidt,"{""block_size"":256,""n"":256,""passes"":10}",m,896,973.035492
2,2,polybench,polybench_gramschmidt,"{""block_size"":256,""n"":256,""passes"":10}",m,1024,1104.264760
2,2,polybench,polybench_gramschmidt,"{""block_size"":256,""n"":256,""passes"":10}",m,1280,1344.201507
2,2,polybench,polybench_gramschmidt,"{""block_size"":256,""n"":256,""passes"":10}",m,1536,1572.781984
2,2,polybench,polybench_gramschmidt,"{""block_size"":256,""n"":256,""passes"":10}",m,1792,1864.922896
2,2,polybench,polybench_gramschmidt,"{""block_size"":256,""n"":256,""passes"":10}",m,2048,2170.847937
2,2,polybench,polybench_gramschmidt,"{""block_size"":256,""n"":256,""passes"":10}",m,2560,2582.782672
2,2,polybench,polybench_gramschmidt,"{""block_size"":256,""n"":256,""passes"":10}",m,3072,3625.403803
2,2,polybench,polybench_gramschmidt,"{""block_size"":256,""n"":256,""passes"":10}",m,3584,4084.154637
2,2,polybench,polybench_gramschmidt,"{""block_size"":256,""n"":256,""passes"":10}",m,4096,4743.405580
2,2,polybench,polybench_gramschmidt,"{""block_size"":256,""n"":256,""passes"":10}",m,5120,6623.401405
2,2,polybench,polybench_gramschmidt,"{""block_size"":256,""n"":256,""passes"":10}",m,6144,7874.456376
2,2,polybench,polybench_gramschmidt,"{""block_size"":256,""n"":256,""passes"":1}",m,64,11.753300
2,2,polybench,polybench_gramschmidt,"{""block_size"":256,""n"":256,""passes"":1}",m,128,18.002474
2,2,polybench,polybench_gramschmidt,"{""block_size"":256,""n"":256,""passes"":1}",m,192,24.328749
2,2,polybench,polybench_gramschmidt,"{""block_size"":256,""n"":256,""passes"":1}",m,256,30.670678
2,2,polybench,polybench_gramschmidt,"{""block_size"":256,""n"":256,""passes"":1}",m,384,43.319093
2,2,polybench,polybench_gramschmidt,"{""block_size"":256,""n"":256,""passes"":1}",m,512,55.777426
2,2,polybench,polybench_gramschmidt,"{""block_size"":256,""n"":256,""passes"":1}",m,640,69.841468
2,2,polybench,polybench_gramschmidt,"{""block_size"":256,""n"":256,""passes"":1}",m,768,83.565797
2,2,polybench,polybench_gramschmidt,"{""block_size"":256,""n"":256,""passes"":1}",m,896,97.259163
2,2,polybench,polybench_gramschmidt,"{""block_size"":256,""n"":256,""passes"":1}",m,1024,110.211295
2,2,polybench,polybench_gramschmidt,"{""block_size"":256,""n"":256,""passes"":1}",m,1280,137.922416
2,2,polybench,polybench_gramschmidt,"{""block_size"":256,""n"":256,""passes"":1}",m,1536,162.558641
2,2,polybench,polybench_gramschmidt,"{""block_size"":256,""n"":256,""passes"":1}",m,1792,192.502007
2,2,polybench,polybench_gramschmidt,"{""block_size"":256,""n"":256,""passes"":1}",m,2048,215.587576
2,2,polybench,polybench_gramschmidt,"{""block_size"":256,""n"":256,""passes"":1}",m,2560,261.620350
2,2,polybench,polybench_gramschmidt,"{""block_size"":256,""n"":256,""passes"":1}",m,3072,356.455824
2,2,polybench,polybench_gramschmidt,"{""block_size"":256,""n"":256,""passes"":1}",m,3584,423.721970
2,2,polybench,polybench_gramschmidt,"{""block_size"":256,""n"":256,""passes"":1}",m,4096,465.796094
2,2,polybench,polybench_gramschmidt,"{""block_size"":256,""n"":256,""passes"":1}",m,5120,672.373016
2,2,polybench,polybench_gramschmidt,"{""block_size"":256,""n"":256,""passes"":1}",m,6144,801.531202
2,2,polybench,polybench_gramschmidt,"{""block_size"":256,""n"":256,""passes"":3}",m,64,35.199786
2,2,polybench,polybench_gramschmidt,"{""block_size"":256,""n"":256,""passes"":3}",m,128,54.076709
2,2,polybench,polybench_gramschmidt,"{""block_size"":256,""n"":256,""passes"":3}",m,192,73.077688
2,2,polybench,polybench_gramschmidt,"{""block_size"":256,""n"":256,""passes"":3}",m,256,92.074480
2,2,polybench,polybench_gramschmidt,"{""block_size"":256,""n"":256,""passes"":3}",m,384,130.095429
2,2,polybench,polybench_gramschmidt,"{""block_size"":256,""n"":256,""passes"":3}",m,512,167.803812
2,2,polybench,polybench_gramschmidt,"{""block_size"":256,""n"":256,""passes"":3}",m,640,209.288416
2,2,polybench,polybench_gramschmidt,"{""block_size"":256,""n"":256,""passes"":3}",m,768,250.841248
2,2,polybench,polybench_gramschmidt,"{""block_size"":256,""n"":256,""passes"":3}",m,896,291.387526
2,2,polybench,polybench_gramschmidt,"{""block_size"":256,""n"":256,""passes"":3}",m,1024,330.824953
2,2,polybench,polybench_gramschmidt,"{""block_size"":256,""n"":256,""passes"":3}",m,1280,401.500294
2,2,polybench,polybench_gramschmidt,"{""block_size"":256,""n"":256,""passes"":3}",m,1536,481.319889
2,2,polybench,polybench_gramschmidt,"{""block_size"":256,""n"":256,""passes"":3}",m,1792,568.350167
2,2,polybench,polybench_gramschmidt,"{""block_size"":256,""n"":256,""passes"":3}",m,2048,649.525656
2,2,polybench,polybench_gramschmidt,"{""block_size"":256,""n"":256,""passes"":3}",m,2560,785.160409
2,2,polybench,polybench_gramschmidt,"{""block_size"":256,""n"":256,""passes"":3}",m,3072,1068.808524
2,2,polybench,polybench_gramschmidt,"{""block_size"":256,""n"":256,""passes"":3}",m,3584,1222.908736
2,2,polybench,polybench_gramschmidt,"{""block_size"":256,""n"":256,""passes"":3}",m,4096,1396.903398
2,2,polybench,polybench_gramschmidt,"{""block_size"":256,""n"":256,""passes"":3}",m,5120,2017.049244
2,2,polybench,polybench_gramschmidt,"{""block_size"":256,""n"":256,""passes"":3}",m,6144,2360.310153
2,2,polybench,polybench_gramschmidt,"{""block_size"":256,""n"":256,""passes"":5}",m,64,58.789231
2,2,polybench,polybench_gramschmidt,"{""block_size"":256,""n"":256,""passes"":5}",m,128,90.011624
2,2,polybench,polybench_gramschmidt,"{""block_size"":256,""n"":256,""passes"":5}",m,192,121.911323
2,2,polybench,polybench_gramschmidt,"{""block_size"":256,""n"":256,""passes"":5}",m,256,153.548880
2,2,polybench,polybench_gramschmidt,"{""block_size"":256,""n"":256,""passes"":5}",m,384,216.680381
2,2,polybench,polybench_gramschmidt,"{""block_size"":256,""n"":256,""passes"":5}",m,512,279.268545
2,2,polybench,polybench_gramschmidt,"{""block_size"":256,""n"":256,""passes"":5}",m,640,348.736808
2,2,polybench,polybench_gramschmidt,"{""block_size"":256,""n"":256,""passes"":5}",m,768,418.123102
2,2,polybench,polybench_gramschmidt,"{""block_size"":256,""n"":256,""passes"":5}",m,896,486.122211
2,2,polybench,polybench_gramschmidt,"{""block_size"":256,""n"":256,""passes"":5}",m,1024,551.516684
2,2,polybench,polybench_gramschmidt,"{""block_size"":256,""n"":256,""passes"":5}",m,1280,691.919931
2,2,polybench,polybench_gramschmidt,"{""block_size"":256,""n"":256,""passes"":5}",m,1536,787.682247
2,2,polybench,polybench_gramschmidt,"{""block_size"":256,""n"":256,""passes"":5}",m,1792,932.919888
2,2,polybench,polybench_gramschmidt,"{""block_size"":256,""n"":256,""passes"":5}",m,2048,1079.155191
2,2,polybench,polybench_gramschmidt,"{""block_size"":256,""n"":256,""passes"":5}",m,2560,1288.655090
2,2,polybench,polybench_gramschmidt,"{""block_size"":256,""n"":256,""passes"":5}",m,3072,1748.192038
2,2,polybench,polybench_gramschmidt,"{""block_size"":256,""n"":256,""passes"":5}",m,3584,2041.885197
2,2,polybench,polybench_gramschmidt,"{""block_size"":256,""n"":256,""passes"":5}",m,4096,2329.689702
2,2,polybench,polybench_gramschmidt,"{""block_size"":256,""n"":256,""passes"":5}",m,5120,3358.193980
2,2,polybench,polybench_gramschmidt,"{""block_size"":256,""n"":256,""passes"":5}",m,6144,3933.897444
2,2,polybench,polybench_gramschmidt,"{""block_size"":256,""n"":512,""passes"":10}",m,64,239.637094
2,2,polybench,polybench_gramschmidt,"{""block_size"":256,""n"":512,""passes"":10}",m,128,368.993526
2,2,polybench,polybench_gramschmidt,"{""block_size"":256,""n"":512,""passes"":10}",m,192,499.314416
2,2,polybench,polybench_gramschmidt,"{""block_size"":256,""n"":512,""passes"":10}",m,256,628.805906
2,2,polybench,polybench_gramschmidt,"{""block_size"":256,""n"":512,""passes"":10}",m,384,904.119843
2,2,polybench,polybench_gramschmidt,"{""block_size"":256,""n"":512,""passes"":10}",m,512,1179.427553
2,2,polybench,polybench_gramschmidt,"{""block_size"":256,""n"":512,""passes"":10}",m,640,1456.007491
2,2,polybench,polybench_gramschmidt,"{""block_size"":256,""n"":512,""passes"":10}",m,768,1742.810050
2,2,polybench,polybench_gramschmidt,"{""block_size"":256,""n"":512,""passes"":10}",m,896,2010.995330
2,2,polybench,polybench_gramschmidt,"{""block_size"":256,""n"":512,""passes"":10}",m,1024,2216.819486
2,2,polybench,polybench_gramschmidt,"{""block_size"":256,""n"":512,""passes"":10}",m,1280,2733.907395
2,2,polybench,polybench_gramschmidt,"{""block_size"":256,""n"":512,""passes"":10}",m,1536,3665.339823
2,2,polybench,polybench_gramschmidt,"{""block_size"":256,""n"":512,""passes"":10}",m,1792,4249.007470
2,2,polybench,polybench_gramschmidt,"{""block_size"":256,""n"":512,""passes"":10}",m,2048,4857.076382
2,2,polybench,polybench_gramschmidt,"{""block_size"":256,""n"":512,""passes"":10}",m,2560,6917.347699
2,2,polybench,polybench_gramschmidt,"{""block_size"":256,""n"":512,""passes"":10}",m,3072,8047.907084
2,2,polybench,polybench_gramschmidt,"{""block_size"":256,""n"":512,""passes"":10}",m,3584,9618.434424
2,2,polybench,polybench_gramschmidt,"{""block_size"":256,""n"":512,""passes"":10}",m,4096,10519.063264
2,2,polybench,polybench_gramschmidt,"{""block_size"":256,""n"":512,""passes"":10}",m,5120,13477.240268
2,2,polybench,polybench_gramschmidt,"{""block_size"":256,""n"":512,""passes"":10}",m,6144,16946.521198
2,2,polybench,polybench_gramschmidt,"{""block_size"":256,""n"":512,""passes"":1}",m,64,23.816814
2,2,polybench,polybench_gramschmidt,"{""block_size"":256,""n"":512,""passes"":1}",m,128,36.662278
2,2,polybench,polybench_gramschmidt,"{""block_size"":256,""n"":512,""passes"":1}",m,192,49.577277
2,2,polybench,polybench_gramschmidt,"{""block_size"":256,""n"":512,""passes"":1}",m,256,62.894339
2,2,polybench,polybench_gramschmidt,"{""block_size"":256,""n"":512,""passes"":1}",m,384,90.134419
2,2,polybench,polybench_gramschmidt,"{""block_size"":256,""n"":512,""passes"":1}",m,512,118.039887
2,2,polybench,polybench_gramschmidt,"{""block_size"":256,""n"":512,""passes"":1}",m,640,145.614379
2,2,polybench,polybench_gramschmidt,"{""block_size"":256,""n"":512,""passes"":1}",m,768,172.288013
2,2,polybench,polybench_gramschmidt,"{""block_size"":256,""n"":512,""passes"":1}",m,896,198.722299
2,2,polybench,polybench_gramschmidt,"{""block_size"":256,""n"":512,""passes"":1}",m,1024,223.715866
2,2,polybench,polybench_gramschmidt,"{""block_size"":256,""n"":512,""passes"":1}",m,1280,274.929309
2,2,polybench,polybench_gramschmidt,"{""block_size"":256,""n"":512,""passes"":1}",m,1536,359.982719
2,2,polybench,polybench_gramschmidt,"{""block_size"":256,""n"":512,""passes"":1}",m,1792,426.890787
2,2,polybench,polybench_gramschmidt,"{""block_size"":256,""n"":512,""passes"":1}",m,2048,485.029026
2,2,polybench,polybench_gramschmidt,"{""block_size"":256,""n"":512,""passes"":1}",m,2560,665.446930
2,2,polybench,polybench_gramschmidt,"{""block_size"":256,""n"":512,""passes"":1}",m,3072,797.227088
2,2,polybench,polybench_gramschmidt,"{""block_size"":256,""n"":512,""passes"":1}",m,3584,939.507214
2,2,polybench,polybench_gramschmidt,"{""block_size"":256,""n"":512,""passes"":1}",m,4096,1099.556613
2,2,polybench,polybench_gramschmidt,"{""block_size"":256,""n"":512,""passes"":1}",m,5120,1328.347847
2,2,polybench,polybench_gramschmidt,"{""block_size"":256,""n"":512,""passes"":1}",m,6144,1648.354048
2,2,polybench,polybench_gramschmidt,"{""block_size"":256,""n"":512,""passes"":3}",m,64,71.486665
2,2,polybench,polybench_gramschmidt,"{""block_size"":256,""n"":512,""passes"":3}",m,128,109.909266
2,2,polybench,polybench_gramschmidt,"{""block_size"":256,""n"":512,""passes"":3}",m,192,149.043236
2,2,polybench,polybench_gramschmidt,"{""block_size"":256,""n"":512,""passes"":3}",m,256,187.914318
2,2,polybench,polybench_gramschmidt,"{""block_size"":256,""n"":512,""passes"":3}",m,384,271.605476
2,2,polybench,polybench_gramschmidt,"{""block_size"":256,""n"":512,""passes"":3}",m,512,353.448348
2,2,polybench,polybench_gramschmidt,"{""block_size"":256,""n"":512,""passes"":3}",m,640,426.637507
2,2,polybench,polybench_gramschmidt,"{""block_size"":256,""n"":512,""passes"":3}",m,768,502.003130
2,2,polybench,polybench_gramschmidt,"{""block_size"":256,""n"":512,""passes"":3}",m,896,598.213074
2,2,polybench,polybench_gramschmidt,"{""block_size"":256,""n"":512,""passes"":3}",m,1024,666.452364
2,2,polybench,polybench_gramschmidt,"{""block_size"":256,""n"":512,""passes"":3}",m,1280,832.722260
2,2,polybench,polybench_gramschmidt,"{""block_size"":256,""n"":512,""passes"":3}",m,1536,1100.126751
2,2,polybench,polybench_gramschmidt,"{""block_size"":256,""n"":512,""passes"":3}",m,1792,1281.682205
2,2,polybench,polybench_gramschmidt,"{""block_size"":256,""n"":512,""passes"":3}",m,2048,1458.234769
2,2,polybench,polybench_gramschmidt,"{""block_size"":256,""n"":512,""passes"":3}",m,2560,2010.425898
2,2,polybench,polybench_gramschmidt,"{""block_size"":256,""n"":512,""passes"":3}",m,3072,2409.128321
2,2,polybench,polybench_gramschmidt,"{""block_size"":256,""n"":512,""passes"":3}",m,3584,2821.662226
2,2,polybench,polybench_gramschmidt,"{""block_size"":256,""n"":512,""passes"":3}",m,4096,3152.128917
2,2,polybench,polybench_gramschmidt,"{""block_size"":256,""n"":512,""passes"":3}",m,5120,4116.387638
2,2,polybench,polybench_gramschmidt,"{""block_size"":256,""n"":512,""passes"":3}",m,6144,4881.895223
2,2,polybench,polybench_gramschmidt,"{""block_size"":256,""n"":512,""passes"":5}",m,64,120.165951
2,2,polybench,polybench_gramschmidt,"{""block_size"":256,""n"":512,""passes"":5}",m,128,184.605652
2,2,polybench,polybench_gramschmidt,"{""block_size"":256,""n"":512,""passes"":5}",m,192,249.674179
2,2,polybench,polybench_gramschmidt,"{""block_size"":256,""n"":512,""passes"":5}",m,256,314.648020
2,2,polybench,polybench_gramschmidt,"{""block_size"":256,""n"":512,""passes"":5}",m,384,452.820855
2,2,polybench,polybench_gramschmidt,"{""block_size"":256,""n"":512,""passes"":5}",m,512,589.976108
2,2,polybench,polybench_gramschmidt,"{""block_size"":256,""n"":512,""passes"":5}",m,640,726.570314
2,2,polybench,polybench_gramschmidt,"{""block_size"":256,""n"":512,""passes"":5}",m,768,873.583025
2,2,polybench,polybench_gramschmidt,"{""block_size"":256,""n"":512,""passes"":5}",m,896,1007.879456
2,2,polybench,polybench_gramschmidt,"{""block_size"":256,""n"":512,""passes"":5}",m,1024,1121.959179
2,2,polybench,polybench_gramschmidt,"{""block_size"":256,""n"":512,""passes"":5}",m,1280,1374.241871
2,2,polybench,polybench_gramschmidt,"{""block_size"":256,""n"":512,""passes"":5}",m,1536,1833.387036
2,2,polybench,polybench_gramschmidt,"{""block_size"":256,""n"":512,""passes"":5}",m,1792,2132.467175
2,2,polybench,polybench_gramschmidt,"{""block_size"":256,""n"":512,""passes"":5}",m,2048,2424.276300
2,2,polybench,polybench_gramschmidt,"{""block_size"":256,""n"":512,""passes"":5}",m,2560,3370.420520
2,2,polybench,polybench_gramschmidt,"{""block_size"":256,""n"":512,""passes"":5}",m,3072,4119.102776
2,2,polybench,polybench_gramschmidt,"{""block_size"":256,""n"":512,""passes"":5}",m,3584,4800.036213
2,2,polybench,polybench_gramschmidt,"{""block_size"":256,""n"":512,""passes"":5}",m,4096,5245.098252
2,2,polybench,polybench_gramschmidt,"{""block_size"":256,""n"":512,""passes"":5}",m,5120,6691.700823
2,2,polybench,polybench_gramschmidt,"{""block_size"":256,""n"":512,""passes"":5}",m,6144,8308.496542
2,2,polybench,polybench_jacobi2d,"{""block_size"":256,""trials"":1,""tsteps"":10}",n,64,0.025993
2,2,polybench,polybench_jacobi2d,"{""block_size"":256,""trials"":1,""tsteps"":10}",n,128,0.025231
2,2,polybench,polybench_jacobi2d,"{""block_size"":256,""trials"":1,""tsteps"":10}",n,192,0.027396
2,2,polybench,polybench_jacobi2d,"{""block_size"":256,""trials"":1,""tsteps"":10}",n,256,0.026500
2,2,polybench,polybench_jacobi2d,"{""block_size"":256,""trials"":1,""tsteps"":10}",n,384,0.032087
2,2,polybench,polybench_jacobi2d,"{""block_size"":256,""trials"":1,""tsteps"":10}",n,512,0.040412
2,2,polybench,polybench_jacobi2d,"{""block_size"":256,""trials"":1,""tsteps"":10}",n,640,0.051357
2,2,polybench,polybench_jacobi2d,"{""block_size"":256,""trials"":1,""tsteps"":10}",n,768,0.067567
2,2,polybench,polybench_jacobi2d,"{""block_size"":256,""trials"":1,""tsteps"":10}",n,1024,0.100188
2,2,polybench,polybench_jacobi2d,"{""block_size"":256,""trials"":1,""tsteps"":10}",n,1280,0.088589
2,2,polybench,polybench_jacobi2d,"{""block_size"":256,""trials"":1,""tsteps"":10}",n,1536,0.117374
2,2,polybench,polybench_jacobi2d,"{""block_size"":256,""trials"":1,""tsteps"":10}",n,2048,0.192625
2,2,polybench,polybench_jacobi2d,"{""block_size"":256,""trials"":1,""tsteps"":10}",n,2560,0.285945
2,2,polybench,polybench_jacobi2d,"{""block_size"":256,""trials"":1,""tsteps"":10}",n,3072,0.401688
2,2,polybench,polybench_jacobi2d,"{""block_size"":256,""trials"":1,""tsteps"":10}",n,3584,0.539670
2,2,polybench,polybench_jacobi2d,"{""block_size"":256,""trials"":1,""tsteps"":10}",n,4096,0.714587
2,2,polybench,polybench_jacobi2d,"{""block_size"":256,""trials"":1,""tsteps"":10}",n,5120,1.069207
2,2,polybench,polybench_jacobi2d,"{""block_size"":256,""trials"":1,""tsteps"":10}",n,6144,1.626903
2,2,polybench,polybench_jacobi2d,"{""block_size"":256,""trials"":1,""tsteps"":10}",n,7168,2.316527
2,2,polybench,polybench_jacobi2d,"{""block_size"":256,""trials"":1,""tsteps"":10}",n,8192,3.177157
2,2,polybench,polybench_jacobi2d,"{""block_size"":256,""trials"":1,""tsteps"":200}",n,64,0.525050
2,2,polybench,polybench_jacobi2d,"{""block_size"":256,""trials"":1,""tsteps"":200}",n,128,0.515428
2,2,polybench,polybench_jacobi2d,"{""block_size"":256,""trials"":1,""tsteps"":200}",n,192,0.494473
2,2,polybench,polybench_jacobi2d,"{""block_size"":256,""trials"":1,""tsteps"":200}",n,256,0.481257
2,2,polybench,polybench_jacobi2d,"{""block_size"":256,""trials"":1,""tsteps"":200}",n,384,0.549791
2,2,polybench,polybench_jacobi2d,"{""block_size"":256,""trials"":1,""tsteps"":200}",n,512,0.792059
2,2,polybench,polybench_jacobi2d,"{""block_size"":256,""trials"":1,""tsteps"":200}",n,640,1.002965
2,2,polybench,polybench_jacobi2d,"{""block_size"":256,""trials"":1,""tsteps"":200}",n,768,1.369261
2,2,polybench,polybench_jacobi2d,"{""block_size"":256,""trials"":1,""tsteps"":200}",n,1024,2.062191
2,2,polybench,polybench_jacobi2d,"{""block_size"":256,""trials"":1,""tsteps"":200}",n,1280,1.761920
2,2,polybench,polybench_jacobi2d,"{""block_size"":256,""trials"":1,""tsteps"":200}",n,1536,2.298716
2,2,polybench,polybench_jacobi2d,"{""block_size"":256,""trials"":1,""tsteps"":200}",n,2048,3.800853
2,2,polybench,polybench_jacobi2d,"{""block_size"":256,""trials"":1,""tsteps"":200}",n,2560,5.655540
2,2,polybench,polybench_jacobi2d,"{""block_size"":256,""trials"":1,""tsteps"":200}",n,3072,7.964242
2,2,polybench,polybench_jacobi2d,"{""block_size"":256,""trials"":1,""tsteps"":200}",n,3584,10.688923
2,2,polybench,polybench_jacobi2d,"{""block_size"":256,""trials"":1,""tsteps"":200}",n,4096,14.355488
2,2,polybench,polybench_jacobi2d,"{""block_size"":256,""trials"":1,""tsteps"":200}",n,5120,21.417328
2,2,polybench,polybench_jacobi2d,"{""block_size"":256,""trials"":1,""tsteps"":200}",n,6144,34.995279
2,2,polybench,polybench_jacobi2d,"{""block_size"":256,""trials"":1,""tsteps"":200}",n,7168,50.446621
2,2,polybench,polybench_jacobi2d,"{""block_size"":256,""trials"":1,""tsteps"":200}",n,8192,67.875234
2,2,polybench,polybench_jacobi2d,"{""block_size"":256,""trials"":1,""tsteps"":50}",n,64,0.126141
2,2,polybench,polybench_jacobi2d,"{""block_size"":256,""trials"":1,""tsteps"":50}",n,128,0.136458
2,2,polybench,polybench_jacobi2d,"{""block_size"":256,""trials"":1,""tsteps"":50}",n,192,0.124871
2,2,polybench,polybench_jacobi2d,"{""block_size"":256,""trials"":1,""tsteps"":50}",n,256,0.115891
2,2,polybench,polybench_jacobi2d,"{""block_size"":256,""trials"":1,""tsteps"":50}",n,384,0.139612
2,2,polybench,polybench_jacobi2d,"{""block_size"":256,""trials"":1,""tsteps"":50}",n,512,0.191149
2,2,polybench,polybench_jacobi2d,"{""block_size"":256,""trials"":1,""tsteps"":50}",n,640,0.249008
2,2,polybench,polybench_jacobi2d,"{""block_size"":256,""trials"":1,""tsteps"":50}",n,768,0.343289
2,2,polybench,polybench_jacobi2d,"{""block_size"":256,""trials"":1,""tsteps"":50}",n,1024,0.516418
2,2,polybench,polybench_jacobi2d,"{""block_size"":256,""trials"":1,""tsteps"":50}",n,1280,0.436956
2,2,polybench,polybench_jacobi2d,"{""block_size"":256,""trials"":1,""tsteps"":50}",n,1536,0.575364
2,2,polybench,polybench_jacobi2d,"{""block_size"":256,""trials"":1,""tsteps"":50}",n,2048,0.954307
2,2,polybench,polybench_jacobi2d,"{""block_size"":256,""trials"":1,""tsteps"":50}",n,2560,1.414235
2,2,polybench,polybench_jacobi2d,"{""block_size"":256,""trials"":1,""tsteps"":50}",n,3072,1.983799
2,2,polybench,polybench_jacobi2d,"{""block_size"":256,""trials"":1,""tsteps"":50}",n,3584,2.661718
2,2,polybench,polybench_jacobi2d,"{""block_size"":256,""trials"":1,""tsteps"":50}",n,4096,3.564352
2,2,polybench,polybench_jacobi2d,"{""block_size"":256,""trials"":1,""tsteps"":50}",n,5120,5.309268
2,2,polybench,polybench_jacobi2d,"{""block_size"":256,""trials"":1,""tsteps"":50}",n,6144,8.796634
2,2,polybench,polybench_jacobi2d,"{""block_size"":256,""trials"":1,""tsteps"":50}",n,7168,12.240990
2,2,polybench,polybench_jacobi2d,"{""block_size"":256,""trials"":1,""tsteps"":50}",n,8192,16.308374
2,2,polybench,polybench_mvt,"{""block_size"":256,""precision"":""double""}",n,64,0.021101
2,2,polybench,polybench_mvt,"{""block_size"":256,""precision"":""double""}",n,128,0.041883
2,2,polybench,polybench_mvt,"{""block_size"":256,""precision"":""double""}",n,256,0.101912
2,2,polybench,polybench_mvt,"{""block_size"":256,""precision"":""double""}",n,512,0.195513
2,2,polybench,polybench_mvt,"{""block_size"":256,""precision"":""double""}",n,768,0.291061
2,2,polybench,polybench_mvt,"{""block_size"":256,""precision"":""double""}",n,1024,0.382780
2,2,polybench,polybench_mvt,"{""block_size"":256,""precision"":""double""}",n,1536,0.681887
2,2,polybench,polybench_mvt,"{""block_size"":256,""precision"":""double""}",n,2048,1.029410
2,2,polybench,polybench_mvt,"{""block_size"":256,""precision"":""double""}",n,2560,1.297034
2,2,polybench,polybench_mvt,"{""block_size"":256,""precision"":""double""}",n,3072,1.572660
2,2,polybench,polybench_mvt,"{""block_size"":256,""precision"":""double""}",n,4096,2.119250
2,2,polybench,polybench_mvt,"{""block_size"":256,""precision"":""double""}",n,5120,2.632776
2,2,polybench,polybench_mvt,"{""block_size"":256,""precision"":""double""}",n,6144,3.186048
2,2,polybench,polybench_mvt,"{""block_size"":256,""precision"":""double""}",n,7168,3.697732
2,2,polybench,polybench_mvt,"{""block_size"":256,""precision"":""double""}",n,8192,4.180967
2,2,polybench,polybench_mvt,"{""block_size"":256,""precision"":""double""}",n,10240,6.564996
2,2,polybench,polybench_mvt,"{""block_size"":256,""precision"":""double""}",n,12288,7.912764
2,2,polybench,polybench_mvt,"{""block_size"":256,""precision"":""double""}",n,16384,10.604401
2,2,polybench,polybench_mvt,"{""block_size"":256,""precision"":""double""}",n,20480,13.308394
2,2,polybench,polybench_mvt,"{""block_size"":256,""precision"":""double""}",n,24576,16.143881
2,2,polybench,polybench_mvt,"{""block_size"":256,""precision"":""double""}",n,32768,21.860959
2,2,polybench,polybench_mvt,"{""block_size"":256,""precision"":""float""}",n,64,0.021596
2,2,polybench,polybench_mvt,"{""block_size"":256,""precision"":""float""}",n,128,0.041428
2,2,polybench,polybench_mvt,"{""block_size"":256,""precision"":""float""}",n,256,0.102086
2,2,polybench,polybench_mvt,"{""block_size"":256,""precision"":""float""}",n,512,0.195085
2,2,polybench,polybench_mvt,"{""block_size"":256,""precision"":""float""}",n,768,0.285049
2,2,polybench,polybench_mvt,"{""block_size"":256,""precision"":""float""}",n,1024,0.379037
2,2,polybench,polybench_mvt,"{""block_size"":256,""precision"":""float""}",n,1536,0.684572
2,2,polybench,polybench_mvt,"{""block_size"":256,""precision"":""float""}",n,2048,1.027486
2,2,polybench,polybench_mvt,"{""block_size"":256,""precision"":""float""}",n,2560,1.300173
2,2,polybench,polybench_mvt,"{""block_size"":256,""precision"":""float""}",n,3072,1.578206
2,2,polybench,polybench_mvt,"{""block_size"":256,""precision"":""float""}",n,4096,2.120184
2,2,polybench,polybench_mvt,"{""block_size"":256,""precision"":""float""}",n,5120,2.648507
2,2,polybench,polybench_mvt,"{""block_size"":256,""precision"":""float""}",n,6144,3.175454
2,2,polybench,polybench_mvt,"{""block_size"":256,""precision"":""float""}",n,7168,3.701566
2,2,polybench,polybench_mvt,"{""block_size"":256,""precision"":""float""}",n,8192,4.176378
2,2,polybench,polybench_mvt,"{""block_size"":256,""precision"":""float""}",n,10240,6.562991
2,2,polybench,polybench_mvt,"{""block_size"":256,""precision"":""float""}",n,12288,7.921799
2,2,polybench,polybench_mvt,"{""block_size"":256,""precision"":""float""}",n,16384,10.590076
2,2,polybench,polybench_mvt,"{""block_size"":256,""precision"":""float""}",n,20480,13.331781
2,2,polybench,polybench_mvt,"{""block_size"":256,""precision"":""float""}",n,24576,16.136160
2,2,polybench,polybench_mvt,"{""block_size"":256,""precision"":""float""}",n,32768,21.892756
2,2,polybench,polybench_mvt,"{""block_size"":256,""precision"":""half""}",n,64,0.021208
2,2,polybench,polybench_mvt,"{""block_size"":256,""precision"":""half""}",n,128,0.040920
2,2,polybench,polybench_mvt,"{""block_size"":256,""precision"":""half""}",n,256,0.099921
2,2,polybench,polybench_mvt,"{""block_size"":256,""precision"":""half""}",n,512,0.188244
2,2,polybench,polybench_mvt,"{""block_size"":256,""precision"":""half""}",n,768,0.293162
2,2,polybench,polybench_mvt,"{""block_size"":256,""precision"":""half""}",n,1024,0.385572
2,2,polybench,polybench_mvt,"{""block_size"":256,""precision"":""half""}",n,1536,0.681792
2,2,polybench,polybench_mvt,"{""block_size"":256,""precision"":""half""}",n,2048,1.022655
2,2,polybench,polybench_mvt,"{""block_size"":256,""precision"":""half""}",n,2560,1.283467
2,2,polybench,polybench_mvt,"{""block_size"":256,""precision"":""half""}",n,3072,1.569721
2,2,polybench,polybench_mvt,"{""block_size"":256,""precision"":""half""}",n,4096,2.120560
2,2,polybench,polybench_mvt,"{""block_size"":256,""precision"":""half""}",n,5120,2.629890
2,2,polybench,polybench_mvt,"{""block_size"":256,""precision"":""half""}",n,6144,3.183443
2,2,polybench,polybench_mvt,"{""block_size"":256,""precision"":""half""}",n,7168,3.695234
2,2,polybench,polybench_mvt,"{""block_size"":256,""precision"":""half""}",n,8192,4.183797
2,2,polybench,polybench_mvt,"{""block_size"":256,""precision"":""half""}",n,10240,6.554572
2,2,polybench,polybench_mvt,"{""block_size"":256,""precision"":""half""}",n,12288,7.906059
2,2,polybench,polybench_mvt,"{""block_size"":256,""precision"":""half""}",n,16384,10.608773
2,2,polybench,polybench_mvt,"{""block_size"":256,""precision"":""half""}",n,20480,13.318354
2,2,polybench,polybench_mvt,"{""block_size"":256,""precision"":""half""}",n,24576,16.165029
2,2,polybench,polybench_mvt,"{""block_size"":256,""precision"":""half""}",n,32768,21.985200
2,2,polybench,polybench_syr2k,"{""alpha"":1.5,""beta"":1.2,""block_size"":256,""inner_size"":1024}",matrix_size,64,0.079688
2,2,polybench,polybench_syr2k,"{""alpha"":1.5,""beta"":1.2,""block_size"":256,""inner_size"":1024}",matrix_size,96,0.076969
2,2,polybench,polybench_syr2k,"{""alpha"":1.5,""beta"":1.2,""block_size"":256,""inner_size"":1024}",matrix_size,128,0.076894
2,2,polybench,polybench_syr2k,"{""alpha"":1.5,""beta"":1.2,""block_size"":256,""inner_size"":1024}",matrix_size,192,0.077215
2,2,polybench,polybench_syr2k,"{""alpha"":1.5,""beta"":1.2,""block_size"":256,""inner_size"":1024}",matrix_size,256,0.079327
2,2,polybench,polybench_syr2k,"{""alpha"":1.5,""beta"":1.2,""block_size"":256,""inner_size"":1024}",matrix_size,320,0.114955
2,2,polybench,polybench_syr2k,"{""alpha"":1.5,""beta"":1.2,""block_size"":256,""inner_size"":1024}",matrix_size,384,0.117481
2,2,polybench,polybench_syr2k,"{""alpha"":1.5,""beta"":1.2,""block_size"":256,""inner_size"":1024}",matrix_size,448,0.159403
2,2,polybench,polybench_syr2k,"{""alpha"":1.5,""beta"":1.2,""block_size"":256,""inner_size"":1024}",matrix_size,512,0.202647
2,2,polybench,polybench_syr2k,"{""alpha"":1.5,""beta"":1.2,""block_size"":256,""inner_size"":1024}",matrix_size,640,0.290100
2,2,polybench,polybench_syr2k,"{""alpha"":1.5,""beta"":1.2,""block_size"":256,""inner_size"":1024}",matrix_size,768,0.390100
2,2,polybench,polybench_syr2k,"{""alpha"":1.5,""beta"":1.2,""block_size"":256,""inner_size"":1024}",matrix_size,896,0.521002
2,2,polybench,polybench_syr2k,"{""alpha"":1.5,""beta"":1.2,""block_size"":256,""inner_size"":1024}",matrix_size,1024,0.642756
2,2,polybench,polybench_syr2k,"{""alpha"":1.5,""beta"":1.2,""block_size"":256,""inner_size"":1024}",matrix_size,1152,0.824007
2,2,polybench,polybench_syr2k,"{""alpha"":1.5,""beta"":1.2,""block_size"":256,""inner_size"":1024}",matrix_size,1280,0.991909
2,2,polybench,polybench_syr2k,"{""alpha"":1.5,""beta"":1.2,""block_size"":256,""inner_size"":1024}",matrix_size,1408,1.156656
2,2,polybench,polybench_syr2k,"{""alpha"":1.5,""beta"":1.2,""block_size"":256,""inner_size"":1024}",matrix_size,1536,1.367818
2,2,polybench,polybench_syr2k,"{""alpha"":1.5,""beta"":1.2,""block_size"":256,""inner_size"":1024}",matrix_size,1792,1.849873
2,2,polybench,polybench_syr2k,"{""alpha"":1.5,""beta"":1.2,""block_size"":256,""inner_size"":1024}",matrix_size,2048,2.367650
2,2,polybench,polybench_syr2k,"{""alpha"":1.5,""beta"":1.2,""block_size"":256,""inner_size"":1024}",matrix_size,2304,3.008826
2,2,polybench,polybench_syr2k,"{""alpha"":1.5,""beta"":1.2,""block_size"":256,""inner_size"":1024}",matrix_size,2560,3.700810
2,2,polybench,polybench_syr2k,"{""alpha"":1.5,""beta"":1.2,""block_size"":256,""inner_size"":1024}",matrix_size,2816,4.504323
2,2,polybench,polybench_syr2k,"{""alpha"":1.5,""beta"":1.2,""block_size"":256,""inner_size"":1024}",matrix_size,3072,5.326359
2,2,polybench,polybench_syr2k,"{""alpha"":1.5,""beta"":1.2,""block_size"":256,""inner_size"":1024}",matrix_size,3584,7.253553
2,2,polybench,polybench_syr2k,"{""alpha"":1.5,""beta"":1.2,""block_size"":256,""inner_size"":1024}",matrix_size,4096,9.699634
2,2,polybench,polybench_syr2k,"{""alpha"":1.5,""beta"":1.2,""block_size"":256,""inner_size"":2048}",matrix_size,64,0.148070
2,2,polybench,polybench_syr2k,"{""alpha"":1.5,""beta"":1.2,""block_size"":256,""inner_size"":2048}",matrix_size,96,0.148952
2,2,polybench,polybench_syr2k,"{""alpha"":1.5,""beta"":1.2,""block_size"":256,""inner_size"":2048}",matrix_size,128,0.150382
2,2,polybench,polybench_syr2k,"{""alpha"":1.5,""beta"":1.2,""block_size"":256,""inner_size"":2048}",matrix_size,192,0.150155
2,2,polybench,polybench_syr2k,"{""alpha"":1.5,""beta"":1.2,""block_size"":256,""inner_size"":2048}",matrix_size,256,0.152039
2,2,polybench,polybench_syr2k,"{""alpha"":1.5,""beta"":1.2,""block_size"":256,""inner_size"":2048}",matrix_size,320,0.241135
2,2,polybench,polybench_syr2k,"{""alpha"":1.5,""beta"":1.2,""block_size"":256,""inner_size"":2048}",matrix_size,384,0.243541
2,2,polybench,polybench_syr2k,"{""alpha"":1.5,""beta"":1.2,""block_size"":256,""inner_size"":2048}",matrix_size,448,0.321879
2,2,polybench,polybench_syr2k,"{""alpha"":1.5,""beta"":1.2,""block_size"":256,""inner_size"":2048}",matrix_size,512,0.402944
2,2,polybench,polybench_syr2k,"{""alpha"":1.5,""beta"":1.2,""block_size"":256,""inner_size"":2048}",matrix_size,640,0.578410
2,2,polybench,polybench_syr2k,"{""alpha"":1.5,""beta"":1.2,""block_size"":256,""inner_size"":2048}",matrix_size,768,0.755585
2,2,polybench,polybench_syr2k,"{""alpha"":1.5,""beta"":1.2,""block_size"":256,""inner_size"":2048}",matrix_size,896,1.006169
2,2,polybench,polybench_syr2k,"{""alpha"":1.5,""beta"":1.2,""block_size"":256,""inner_size"":2048}",matrix_size,1024,1.266348
2,2,polybench,polybench_syr2k,"{""alpha"":1.5,""beta"":1.2,""block_size"":256,""inner_size"":2048}",matrix_size,1152,1.596536
2,2,polybench,polybench_syr2k,"{""alpha"":1.5,""beta"":1.2,""block_size"":256,""inner_size"":2048}",matrix_size,1280,1.942297
2,2,polybench,polybench_syr2k,"{""alpha"":1.5,""beta"":1.2,""block_size"":256,""inner_size"":2048}",matrix_size,1408,2.297815
2,2,polybench,polybench_syr2k,"{""alpha"":1.5,""beta"":1.2,""block_size"":256,""inner_size"":2048}",matrix_size,1536,2.728658
2,2,polybench,polybench_syr2k,"{""alpha"":1.5,""beta"":1.2,""block_size"":256,""inner_size"":2048}",matrix_size,1792,3.667922
2,2,polybench,polybench_syr2k,"{""alpha"":1.5,""beta"":1.2,""block_size"":256,""inner_size"":2048}",matrix_size,2048,4.725426
2,2,polybench,polybench_syr2k,"{""alpha"":1.5,""beta"":1.2,""block_size"":256,""inner_size"":2048}",matrix_size,2304,6.014229
2,2,polybench,polybench_syr2k,"{""alpha"":1.5,""beta"":1.2,""block_size"":256,""inner_size"":2048}",matrix_size,2560,7.430006
2,2,polybench,polybench_syr2k,"{""alpha"":1.5,""beta"":1.2,""block_size"":256,""inner_size"":2048}",matrix_size,2816,8.950740
2,2,polybench,polybench_syr2k,"{""alpha"":1.5,""beta"":1.2,""block_size"":256,""inner_size"":2048}",matrix_size,3072,10.691763
2,2,polybench,polybench_syr2k,"{""alpha"":1.5,""beta"":1.2,""block_size"":256,""inner_size"":2048}",matrix_size,3584,14.615105
2,2,polybench,polybench_syr2k,"{""alpha"":1.5,""beta"":1.2,""block_size"":256,""inner_size"":2048}",matrix_size,4096,19.210035
2,2,polybench,polybench_syr2k,"{""alpha"":1.5,""beta"":1.2,""block_size"":256,""inner_size"":256}",matrix_size,64,0.021997
2,2,polybench,polybench_syr2k,"{""alpha"":1.5,""beta"":1.2,""block_size"":256,""inner_size"":256}",matrix_size,96,0.023467
2,2,polybench,polybench_syr2k,"{""alpha"":1.5,""beta"":1.2,""block_size"":256,""inner_size"":256}",matrix_size,128,0.024175
2,2,polybench,polybench_syr2k,"{""alpha"":1.5,""beta"":1.2,""block_size"":256,""inner_size"":256}",matrix_size,192,0.023133
2,2,polybench,polybench_syr2k,"{""alpha"":1.5,""beta"":1.2,""block_size"":256,""inner_size"":256}",matrix_size,256,0.023360
2,2,polybench,polybench_syr2k,"{""alpha"":1.5,""beta"":1.2,""block_size"":256,""inner_size"":256}",matrix_size,320,0.032741
2,2,polybench,polybench_syr2k,"{""alpha"":1.5,""beta"":1.2,""block_size"":256,""inner_size"":256}",matrix_size,384,0.034211
2,2,polybench,polybench_syr2k,"{""alpha"":1.5,""beta"":1.2,""block_size"":256,""inner_size"":256}",matrix_size,448,0.046159
2,2,polybench,polybench_syr2k,"{""alpha"":1.5,""beta"":1.2,""block_size"":256,""inner_size"":256}",matrix_size,512,0.055727
2,2,polybench,polybench_syr2k,"{""alpha"":1.5,""beta"":1.2,""block_size"":256,""inner_size"":256}",matrix_size,640,0.076720
2,2,polybench,polybench_syr2k,"{""alpha"":1.5,""beta"":1.2,""block_size"":256,""inner_size"":256}",matrix_size,768,0.098931
2,2,polybench,polybench_syr2k,"{""alpha"":1.5,""beta"":1.2,""block_size"":256,""inner_size"":256}",matrix_size,896,0.132620
2,2,polybench,polybench_syr2k,"{""alpha"":1.5,""beta"":1.2,""block_size"":256,""inner_size"":256}",matrix_size,1024,0.164614
2,2,polybench,polybench_syr2k,"{""alpha"":1.5,""beta"":1.2,""block_size"":256,""inner_size"":256}",matrix_size,1152,0.205655
2,2,polybench,polybench_syr2k,"{""alpha"":1.5,""beta"":1.2,""block_size"":256,""inner_size"":256}",matrix_size,1280,0.252106
2,2,polybench,polybench_syr2k,"{""alpha"":1.5,""beta"":1.2,""block_size"":256,""inner_size"":256}",matrix_size,1408,0.302127
2,2,polybench,polybench_syr2k,"{""alpha"":1.5,""beta"":1.2,""block_size"":256,""inner_size"":256}",matrix_size,1536,0.359899
2,2,polybench,polybench_syr2k,"{""alpha"":1.5,""beta"":1.2,""block_size"":256,""inner_size"":256}",matrix_size,1792,0.498053
2,2,polybench,polybench_syr2k,"{""alpha"":1.5,""beta"":1.2,""block_size"":256,""inner_size"":256}",matrix_size,2048,0.624821
2,2,polybench,polybench_syr2k,"{""alpha"":1.5,""beta"":1.2,""block_size"":256,""inner_size"":256}",matrix_size,2304,0.778971
2,2,polybench,polybench_syr2k,"{""alpha"":1.5,""beta"":1.2,""block_size"":256,""inner_size"":256}",matrix_size,2560,0.929098
2,2,polybench,polybench_syr2k,"{""alpha"":1.5,""beta"":1.2,""block_size"":256,""inner_size"":256}",matrix_size,2816,1.112716
2,2,polybench,polybench_syr2k,"{""alpha"":1.5,""beta"":1.2,""block_size"":256,""inner_size"":256}",matrix_size,3072,1.325827
2,2,polybench,polybench_syr2k,"{""alpha"":1.5,""beta"":1.2,""block_size"":256,""inner_size"":256}",matrix_size,3584,1.802779
2,2,polybench,polybench_syr2k,"{""alpha"":1.5,""beta"":1.2,""block_size"":256,""inner_size"":256}",matrix_size,4096,2.345595
2,2,polybench,polybench_syr2k,"{""alpha"":1.5,""beta"":1.2,""block_size"":256,""inner_size"":512}",matrix_size,64,0.040091
2,2,polybench,polybench_syr2k,"{""alpha"":1.5,""beta"":1.2,""block_size"":256,""inner_size"":512}",matrix_size,96,0.042244
2,2,polybench,polybench_syr2k,"{""alpha"":1.5,""beta"":1.2,""block_size"":256,""inner_size"":512}",matrix_size,128,0.041494
2,2,polybench,polybench_syr2k,"{""alpha"":1.5,""beta"":1.2,""block_size"":256,""inner_size"":512}",matrix_size,192,0.042323
2,2,polybench,polybench_syr2k,"{""alpha"":1.5,""beta"":1.2,""block_size"":256,""inner_size"":512}",matrix_size,256,0.043018
2,2,polybench,polybench_syr2k,"{""alpha"":1.5,""beta"":1.2,""block_size"":256,""inner_size"":512}",matrix_size,320,0.060378
2,2,polybench,polybench_syr2k,"{""alpha"":1.5,""beta"":1.2,""block_size"":256,""inner_size"":512}",matrix_size,384,0.061125
2,2,polybench,polybench_syr2k,"{""alpha"":1.5,""beta"":1.2,""block_size"":256,""inner_size"":512}",matrix_size,448,0.084606
2,2,polybench,polybench_syr2k,"{""alpha"":1.5,""beta"":1.2,""block_size"":256,""inner_size"":512}",matrix_size,512,0.105667
2,2,polybench,polybench_syr2k,"{""alpha"":1.5,""beta"":1.2,""block_size"":256,""inner_size"":512}",matrix_size,640,0.145918
2,2,polybench,polybench_syr2k,"{""alpha"":1.5,""beta"":1.2,""block_size"":256,""inner_size"":512}",matrix_size,768,0.188001
2,2,polybench,polybench_syr2k,"{""alpha"":1.5,""beta"":1.2,""block_size"":256,""inner_size"":512}",matrix_size,896,0.251946
2,2,polybench,polybench_syr2k,"{""alpha"":1.5,""beta"":1.2,""block_size"":256,""inner_size"":512}",matrix_size,1024,0.320234
2,2,polybench,polybench_syr2k,"{""alpha"":1.5,""beta"":1.2,""block_size"":256,""inner_size"":512}",matrix_size,1152,0.417763
2,2,polybench,polybench_syr2k,"{""alpha"":1.5,""beta"":1.2,""block_size"":256,""inner_size"":512}",matrix_size,1280,0.509238
2,2,polybench,polybench_syr2k,"{""alpha"":1.5,""beta"":1.2,""block_size"":256,""inner_size"":512}",matrix_size,1408,0.611458
2,2,polybench,polybench_syr2k,"{""alpha"":1.5,""beta"":1.2,""block_size"":256,""inner_size"":512}",matrix_size,1536,0.713796
2,2,polybench,polybench_syr2k,"{""alpha"":1.5,""beta"":1.2,""block_size"":256,""inner_size"":512}",matrix_size,1792,0.943225
2,2,polybench,polybench_syr2k,"{""alpha"":1.5,""beta"":1.2,""block_size"":256,""inner_size"":512}",matrix_size,2048,1.194583
2,2,polybench,polybench_syr2k,"{""alpha"":1.5,""beta"":1.2,""block_size"":256,""inner_size"":512}",matrix_size,2304,1.522782
2,2,polybench,polybench_syr2k,"{""alpha"":1.5,""beta"":1.2,""block_size"":256,""inner_size"":512}",matrix_size,2560,1.853064
2,2,polybench,polybench_syr2k,"{""alpha"":1.5,""beta"":1.2,""block_size"":256,""inner_size"":512}",matrix_size,2816,2.237248
2,2,polybench,polybench_syr2k,"{""alpha"":1.5,""beta"":1.2,""block_size"":256,""inner_size"":512}",matrix_size,3072,2.669871
2,2,polybench,polybench_syr2k,"{""alpha"":1.5,""beta"":1.2,""block_size"":256,""inner_size"":512}",matrix_size,3584,3.611995
2,2,polybench,polybench_syr2k,"{""alpha"":1.5,""beta"":1.2,""block_size"":256,""inner_size"":512}",matrix_size,4096,4.825192
2,2,rodinia,rodinia_backprop,"{""hidden"":1024,""output"":16}",input,1024,0.443036
2,2,rodinia,rodinia_backprop,"{""hidden"":1024,""output"":16}",input,1536,0.568827
2,2,rodinia,rodinia_backprop,"{""hidden"":1024,""output"":16}",input,2048,0.704830
2,2,rodinia,rodinia_backprop,"{""hidden"":1024,""output"":16}",input,3072,0.948424
2,2,rodinia,rodinia_backprop,"{""hidden"":1024,""output"":16}",input,4096,1.199240
2,2,rodinia,rodinia_backprop,"{""hidden"":1024,""output"":16}",input,6144,1.699382
2,2,rodinia,rodinia_backprop,"{""hidden"":1024,""output"":16}",input,8192,2.201669
2,2,rodinia,rodinia_backprop,"{""hidden"":1024,""output"":16}",input,12288,3.181657
2,2,rodinia,rodinia_backprop,"{""hidden"":1024,""output"":16}",input,16384,4.182983
2,2,rodinia,rodinia_backprop,"{""hidden"":1024,""output"":16}",input,24576,6.190223
2,2,rodinia,rodinia_backprop,"{""hidden"":1024,""output"":16}",input,32768,8.228196
2,2,rodinia,rodinia_backprop,"{""hidden"":1024,""output"":16}",input,49152,12.209395
2,2,rodinia,rodinia_backprop,"{""hidden"":1024,""output"":16}",input,65536,16.313713
2,2,rodinia,rodinia_backprop,"{""hidden"":1024,""output"":16}",input,98304,35.619493
2,2,rodinia,rodinia_backprop,"{""hidden"":1024,""output"":16}",input,131072,47.299800
2,2,rodinia,rodinia_backprop,"{""hidden"":1024,""output"":16}",input,196608,71.438899
2,2,rodinia,rodinia_backprop,"{""hidden"":1024,""output"":16}",input,262144,95.195070
2,2,rodinia,rodinia_backprop,"{""hidden"":1024,""output"":16}",input,393216,141.946379
2,2,rodinia,rodinia_backprop,"{""hidden"":1024,""output"":16}",input,524288,189.796202
2,2,rodinia,rodinia_backprop,"{""hidden"":1024,""output"":1}",input,1024,0.368637
2,2,rodinia,rodinia_backprop,"{""hidden"":1024,""output"":1}",input,1536,0.497278
2,2,rodinia,rodinia_backprop,"{""hidden"":1024,""output"":1}",input,2048,0.624700
2,2,rodinia,rodinia_backprop,"{""hidden"":1024,""output"":1}",input,3072,0.879065
2,2,rodinia,rodinia_backprop,"{""hidden"":1024,""output"":1}",input,4096,1.133030
2,2,rodinia,rodinia_backprop,"{""hidden"":1024,""output"":1}",input,6144,1.625067
2,2,rodinia,rodinia_backprop,"{""hidden"":1024,""output"":1}",input,8192,2.105750
2,2,rodinia,rodinia_backprop,"{""hidden"":1024,""output"":1}",input,12288,3.107341
2,2,rodinia,rodinia_backprop,"{""hidden"":1024,""output"":1}",input,16384,4.122155
2,2,rodinia,rodinia_backprop,"{""hidden"":1024,""output"":1}",input,24576,6.131541
2,2,rodinia,rodinia_backprop,"{""hidden"":1024,""output"":1}",input,32768,8.142417
2,2,rodinia,rodinia_backprop,"{""hidden"":1024,""output"":1}",input,49152,12.131626
2,2,rodinia,rodinia_backprop,"{""hidden"":1024,""output"":1}",input,65536,16.258142
2,2,rodinia,rodinia_backprop,"{""hidden"":1024,""output"":1}",input,98304,35.493952
2,2,rodinia,rodinia_backprop,"{""hidden"":1024,""output"":1}",input,131072,47.354266
2,2,rodinia,rodinia_backprop,"{""hidden"":1024,""output"":1}",input,196608,71.425875
2,2,rodinia,rodinia_backprop,"{""hidden"":1024,""output"":1}",input,262144,94.980979
2,2,rodinia,rodinia_backprop,"{""hidden"":1024,""output"":1}",input,393216,142.139456
2,2,rodinia,rodinia_backprop,"{""hidden"":1024,""output"":1}",input,524288,189.115747
2,2,rodinia,rodinia_backprop,"{""hidden"":1024,""output"":4}",input,1024,0.381855
2,2,rodinia,rodinia_backprop,"{""hidden"":1024,""output"":4}",input,1536,0.509960
2,2,rodinia,rodinia_backprop,"{""hidden"":1024,""output"":4}",input,2048,0.636395
2,2,rodinia,rodinia_backprop,"{""hidden"":1024,""output"":4}",input,3072,0.881831
2,2,rodinia,rodinia_backprop,"{""hidden"":1024,""output"":4}",input,4096,1.133551
2,2,rodinia,rodinia_backprop,"{""hidden"":1024,""output"":4}",input,6144,1.637188
2,2,rodinia,rodinia_backprop,"{""hidden"":1024,""output"":4}",input,8192,2.124418
2,2,rodinia,rodinia_backprop,"{""hidden"":1024,""output"":4}",input,12288,3.168934
2,2,rodinia,rodinia_backprop,"{""hidden"":1024,""output"":4}",input,16384,4.144500
2,2,rodinia,rodinia_backprop,"{""hidden"":1024,""output"":4}",input,24576,6.169056
2,2,rodinia,rodinia_backprop,"{""hidden"":1024,""output"":4}",input,32768,8.079694
2,2,rodinia,rodinia_backprop,"{""hidden"":1024,""output"":4}",input,49152,12.190304
2,2,rodinia,rodinia_backprop,"{""hidden"":1024,""output"":4}",input,65536,16.156610
2,2,rodinia,rodinia_backprop,"{""hidden"":1024,""output"":4}",input,98304,35.495420
2,2,rodinia,rodinia_backprop,"{""hidden"":1024,""output"":4}",input,131072,47.305439
2,2,rodinia,rodinia_backprop,"{""hidden"":1024,""output"":4}",input,196608,70.700044
2,2,rodinia,rodinia_backprop,"{""hidden"":1024,""output"":4}",input,262144,94.884656
2,2,rodinia,rodinia_backprop,"{""hidden"":1024,""output"":4}",input,393216,142.087722
2,2,rodinia,rodinia_backprop,"{""hidden"":1024,""output"":4}",input,524288,189.343593
2,2,rodinia,rodinia_backprop,"{""hidden"":256,""output"":16}",input,1024,0.317054
2,2,rodinia,rodinia_backprop,"{""hidden"":256,""output"":16}",input,1536,0.432919
2,2,rodinia,rodinia_backprop,"{""hidden"":256,""output"":16}",input,2048,0.554101
2,2,rodinia,rodinia_backprop,"{""hidden"":256,""output"":16}",input,3072,0.802479
2,2,rodinia,rodinia_backprop,"{""hidden"":256,""output"":16}",input,4096,1.057926
2,2,rodinia,rodinia_backprop,"{""hidden"":256,""output"":16}",input,6144,1.548872
2,2,rodinia,rodinia_backprop,"{""hidden"":256,""output"":16}",input,8192,2.010330
2,2,rodinia,rodinia_backprop,"{""hidden"":256,""output"":16}",input,12288,2.999901
2,2,rodinia,rodinia_backprop,"{""hidden"":256,""output"":16}",input,16384,3.999946
2,2,rodinia,rodinia_backprop,"{""hidden"":256,""output"":16}",input,24576,5.913671
2,2,rodinia,rodinia_backprop,"{""hidden"":256,""output"":16}",input,32768,7.939753
2,2,rodinia,rodinia_backprop,"{""hidden"":256,""output"":16}",input,49152,11.661010
2,2,rodinia,rodinia_backprop,"{""hidden"":256,""output"":16}",input,65536,15.717801
2,2,rodinia,rodinia_backprop,"{""hidden"":256,""output"":16}",input,98304,23.232014
2,2,rodinia,rodinia_backprop,"{""hidden"":256,""output"":16}",input,131072,31.219933
2,2,rodinia,rodinia_backprop,"{""hidden"":256,""output"":16}",input,196608,47.076022
2,2,rodinia,rodinia_backprop,"{""hidden"":256,""output"":16}",input,262144,63.507848
2,2,rodinia,rodinia_backprop,"{""hidden"":256,""output"":16}",input,393216,137.346569
2,2,rodinia,rodinia_backprop,"{""hidden"":256,""output"":16}",input,524288,184.402176
2,2,rodinia,rodinia_backprop,"{""hidden"":256,""output"":1}",input,1024,0.296689
2,2,rodinia,rodinia_backprop,"{""hidden"":256,""output"":1}",input,1536,0.417269
2,2,rodinia,rodinia_backprop,"{""hidden"":256,""output"":1}",input,2048,0.542567
2,2,rodinia,rodinia_backprop,"{""hidden"":256,""output"":1}",input,3072,0.780041
2,2,rodinia,rodinia_backprop,"{""hidden"":256,""output"":1}",input,4096,1.039420
2,2,rodinia,rodinia_backprop,"{""hidden"":256,""output"":1}",input,6144,1.522742
2,2,rodinia,rodinia_backprop,"{""hidden"":256,""output"":1}",input,8192,1.992851
2,2,rodinia,rodinia_backprop,"{""hidden"":256,""output"":1}",input,12288,2.960034
2,2,rodinia,rodinia_backprop,"{""hidden"":256,""output"":1}",input,16384,3.955921
2,2,rodinia,rodinia_backprop,"{""hidden"":256,""output"":1}",input,24576,5.884092
2,2,rodinia,rodinia_backprop,"{""hidden"":256,""output"":1}",input,32768,7.813044
2,2,rodinia,rodinia_backprop,"{""hidden"":256,""output"":1}",input,49152,11.807076
2,2,rodinia,rodinia_backprop,"{""hidden"":256,""output"":1}",input,65536,15.628063
2,2,rodinia,rodinia_backprop,"{""hidden"":256,""output"":1}",input,98304,23.577927
2,2,rodinia,rodinia_backprop,"{""hidden"":256,""output"":1}",input,131072,31.388324
2,2,rodinia,rodinia_backprop,"{""hidden"":256,""output"":1}",input,196608,47.143211
2,2,rodinia,rodinia_backprop,"{""hidden"":256,""output"":1}",input,262144,62.405856
2,2,rodinia,rodinia_backprop,"{""hidden"":256,""output"":1}",input,393216,136.885316
2,2,rodinia,rodinia_backprop,"{""hidden"":256,""output"":1}",input,524288,183.793146
2,2,rodinia,rodinia_backprop,"{""hidden"":256,""output"":4}",input,1024,0.302301
2,2,rodinia,rodinia_backprop,"{""hidden"":256,""output"":4}",input,1536,0.423374
2,2,rodinia,rodinia_backprop,"{""hidden"":256,""output"":4}",input,2048,0.553672
2,2,rodinia,rodinia_backprop,"{""hidden"":256,""output"":4}",input,3072,0.790584
2,2,rodinia,rodinia_backprop,"{""hidden"":256,""output"":4}",input,4096,1.023915
2,2,rodinia,rodinia_backprop,"{""hidden"":256,""output"":4}",input,6144,1.535383
2,2,rodinia,rodinia_backprop,"{""hidden"":256,""output"":4}",input,8192,2.005839
2,2,rodinia,rodinia_backprop,"{""hidden"":256,""output"":4}",input,12288,2.990837
2,2,rodinia,rodinia_backprop,"{""hidden"":256,""output"":4}",input,16384,3.922808
2,2,rodinia,rodinia_backprop,"{""hidden"":256,""output"":4}",input,24576,5.828757
2,2,rodinia,rodinia_backprop,"{""hidden"":256,""output"":4}",input,32768,7.850614
2,2,rodinia,rodinia_backprop,"{""hidden"":256,""output"":4}",input,49152,11.654916
2,2,rodinia,rodinia_backprop,"{""hidden"":256,""output"":4}",input,65536,15.638514
2,2,rodinia,rodinia_backprop,"{""hidden"":256,""output"":4}",input,98304,23.398774
2,2,rodinia,rodinia_backprop,"{""hidden"":256,""output"":4}",input,131072,30.949117
2,2,rodinia,rodinia_backprop,"{""hidden"":256,""output"":4}",input,196608,46.681055
2,2,rodinia,rodinia_backprop,"{""hidden"":256,""output"":4}",input,262144,62.410305
2,2,rodinia,rodinia_backprop,"{""hidden"":256,""output"":4}",input,393216,137.862546
2,2,rodinia,rodinia_backprop,"{""hidden"":256,""output"":4}",input,524288,183.605437
2,2,rodinia,rodinia_backprop,"{""hidden"":4096,""output"":16}",input,1024,0.943183
2,2,rodinia,rodinia_backprop,"{""hidden"":4096,""output"":16}",input,1536,1.066493
2,2,rodinia,rodinia_backprop,"{""hidden"":4096,""output"":16}",input,2048,1.197132
2,2,rodinia,rodinia_backprop,"{""hidden"":4096,""output"":16}",input,3072,1.463833
2,2,rodinia,rodinia_backprop,"{""hidden"":4096,""output"":16}",input,4096,1.731250
2,2,rodinia,rodinia_backprop,"{""hidden"":4096,""output"":16}",input,6144,2.248228
2,2,rodinia,rodinia_backprop,"{""hidden"":4096,""output"":16}",input,8192,2.794308
2,2,rodinia,rodinia_backprop,"{""hidden"":4096,""output"":16}",input,12288,3.849666
2,2,rodinia,rodinia_backprop,"{""hidden"":4096,""output"":16}",input,16384,4.952327
2,2,rodinia,rodinia_backprop,"{""hidden"":4096,""output"":16}",input,24576,10.164804
2,2,rodinia,rodinia_backprop,"{""hidden"":4096,""output"":16}",input,32768,13.487723
2,2,rodinia,rodinia_backprop,"{""hidden"":4096,""output"":16}",input,49152,19.831726
2,2,rodinia,rodinia_backprop,"{""hidden"":4096,""output"":16}",input,65536,26.077337
2,2,rodinia,rodinia_backprop,"{""hidden"":4096,""output"":16}",input,98304,38.715813
2,2,rodinia,rodinia_backprop,"{""hidden"":4096,""output"":16}",input,131072,51.366688
2,2,rodinia,rodinia_backprop,"{""hidden"":4096,""output"":16}",input,196608,76.845608
2,2,rodinia,rodinia_backprop,"{""hidden"":4096,""output"":16}",input,262144,102.039126
2,2,rodinia,rodinia_backprop,"{""hidden"":4096,""output"":16}",input,393216,153.401326
2,2,rodinia,rodinia_backprop,"{""hidden"":4096,""output"":1}",input,1024,0.650478
2,2,rodinia,rodinia_backprop,"{""hidden"":4096,""output"":1}",input,1536,0.779104
2,2,rodinia,rodinia_backprop,"{""hidden"":4096,""output"":1}",input,2048,0.900994
2,2,rodinia,rodinia_backprop,"{""hidden"":4096,""output"":1}",input,3072,1.169339
2,2,rodinia,rodinia_backprop,"{""hidden"":4096,""output"":1}",input,4096,1.432750
2,2,rodinia,rodinia_backprop,"{""hidden"":4096,""output"":1}",input,6144,1.959291
2,2,rodinia,rodinia_backprop,"{""hidden"":4096,""output"":1}",input,8192,2.495574
2,2,rodinia,rodinia_backprop,"{""hidden"":4096,""output"":1}",input,12288,3.561651
2,2,rodinia,rodinia_backprop,"{""hidden"":4096,""output"":1}",input,16384,4.660653
2,2,rodinia,rodinia_backprop,"{""hidden"":4096,""output"":1}",input,24576,9.691294
2,2,rodinia,rodinia_backprop,"{""hidden"":4096,""output"":1}",input,32768,12.965805
2,2,rodinia,rodinia_backprop,"{""hidden"":4096,""output"":1}",input,49152,19.311876
2,2,rodinia,rodinia_backprop,"{""hidden"":4096,""output"":1}",input,65536,25.598660
2,2,rodinia,rodinia_backprop,"{""hidden"":4096,""output"":1}",input,98304,38.259724
2,2,rodinia,rodinia_backprop,"{""hidden"":4096,""output"":1}",input,131072,50.845896
2,2,rodinia,rodinia_backprop,"{""hidden"":4096,""output"":1}",input,196608,76.160630
2,2,rodinia,rodinia_backprop,"{""hidden"":4096,""output"":1}",input,262144,101.344835
2,2,rodinia,rodinia_backprop,"{""hidden"":4096,""output"":1}",input,393216,152.540823
2,2,rodinia,rodinia_backprop,"{""hidden"":4096,""output"":4}",input,1024,0.698054
2,2,rodinia,rodinia_backprop,"{""hidden"":4096,""output"":4}",input,1536,0.823191
2,2,rodinia,rodinia_backprop,"{""hidden"":4096,""output"":4}",input,2048,0.955350
2,2,rodinia,rodinia_backprop,"{""hidden"":4096,""output"":4}",input,3072,1.215206
2,2,rodinia,rodinia_backprop,"{""hidden"":4096,""output"":4}",input,4096,1.477465
2,2,rodinia,rodinia_backprop,"{""hidden"":4096,""output"":4}",input,6144,2.009152
2,2,rodinia,rodinia_backprop,"{""hidden"":4096,""output"":4}",input,8192,2.554148
2,2,rodinia,rodinia_backprop,"{""hidden"":4096,""output"":4}",input,12288,3.611646
2,2,rodinia,rodinia_backprop,"{""hidden"":4096,""output"":4}",input,16384,4.718478
2,2,rodinia,rodinia_backprop,"{""hidden"":4096,""output"":4}",input,24576,9.797488
2,2,rodinia,rodinia_backprop,"{""hidden"":4096,""output"":4}",input,32768,13.035990
2,2,rodinia,rodinia_backprop,"{""hidden"":4096,""output"":4}",input,49152,19.341012
2,2,rodinia,rodinia_backprop,"{""hidden"":4096,""output"":4}",input,65536,25.665333
2,2,rodinia,rodinia_backprop,"{""hidden"":4096,""output"":4}",input,98304,38.451706
2,2,rodinia,rodinia_backprop,"{""hidden"":4096,""output"":4}",input,131072,51.068508
2,2,rodinia,rodinia_backprop,"{""hidden"":4096,""output"":4}",input,196608,76.438847
2,2,rodinia,rodinia_backprop,"{""hidden"":4096,""output"":4}",input,262144,101.637804
2,2,rodinia,rodinia_backprop,"{""hidden"":4096,""output"":4}",input,393216,152.591687
2,2,rodinia,rodinia_bfs,"{""block_size"":256,""edges_per_node"":20}",num_nodes,1024,0.066964
2,2,rodinia,rodinia_bfs,"{""block_size"":256,""edges_per_node"":20}",num_nodes,1536,0.084633
2,2,rodinia,rodinia_bfs,"{""block_size"":256,""edges_per_node"":20}",num_nodes,2048,0.085861
2,2,rodinia,rodinia_bfs,"{""block_size"":256,""edges_per_node"":20}",num_nodes,3072,0.091689
2,2,rodinia,rodinia_bfs,"{""block_size"":256,""edges_per_node"":20}",num_nodes,4096,0.087666
2,2,rodinia,rodinia_bfs,"{""block_size"":256,""edges_per_node"":20}",num_nodes,6144,0.090311
2,2,rodinia,rodinia_bfs,"{""block_size"":256,""edges_per_node"":20}",num_nodes,8192,0.092195
2,2,rodinia,rodinia_bfs,"{""block_size"":256,""edges_per_node"":20}",num_nodes,12288,0.091823
2,2,rodinia,rodinia_bfs,"{""block_size"":256,""edges_per_node"":20}",num_nodes,16384,0.105173
2,2,rodinia,rodinia_bfs,"{""block_size"":256,""edges_per_node"":20}",num_nodes,24576,0.105960
2,2,rodinia,rodinia_bfs,"{""block_size"":256,""edges_per_node"":20}",num_nodes,32768,0.110130
2,2,rodinia,rodinia_bfs,"{""block_size"":256,""edges_per_node"":20}",num_nodes,49152,0.113538
2,2,rodinia,rodinia_bfs,"{""block_size"":256,""edges_per_node"":20}",num_nodes,65536,0.115154
2,2,rodinia,rodinia_bfs,"{""block_size"":256,""edges_per_node"":20}",num_nodes,98304,0.124231
2,2,rodinia,rodinia_bfs,"{""block_size"":256,""edges_per_node"":20}",num_nodes,131072,0.129467
2,2,rodinia,rodinia_bfs,"{""block_size"":256,""edges_per_node"":20}",num_nodes,196608,0.170480
2,2,rodinia,rodinia_bfs,"{""block_size"":256,""edges_per_node"":20}",num_nodes,262144,0.191086
2,2,rodinia,rodinia_bfs,"{""block_size"":256,""edges_per_node"":20}",num_nodes,393216,0.270788
2,2,rodinia,rodinia_bfs,"{""block_size"":256,""edges_per_node"":20}",num_nodes,524288,0.397437
2,2,rodinia,rodinia_bfs,"{""block_size"":256,""edges_per_node"":20}",num_nodes,786432,0.564268
2,2,rodinia,rodinia_bfs,"{""block_size"":256,""edges_per_node"":20}",num_nodes,1048576,0.775428
2,2,rodinia,rodinia_bfs,"{""block_size"":256,""edges_per_node"":20}",num_nodes,1572864,1.168508
2,2,rodinia,rodinia_bfs,"{""block_size"":256,""edges_per_node"":20}",num_nodes,2097152,1.601042
2,2,rodinia,rodinia_bfs,"{""block_size"":256,""edges_per_node"":20}",num_nodes,3145728,2.659168
2,2,rodinia,rodinia_bfs,"{""block_size"":256,""edges_per_node"":20}",num_nodes,4194304,3.604719
2,2,rodinia,rodinia_bfs,"{""block_size"":256,""edges_per_node"":20}",num_nodes,6291456,5.432999
2,2,rodinia,rodinia_bfs,"{""block_size"":256,""edges_per_node"":20}",num_nodes,8388608,7.082699
2,2,rodinia,rodinia_bfs,"{""block_size"":256,""edges_per_node"":5}",num_nodes,1024,0.107041
2,2,rodinia,rodinia_bfs,"{""block_size"":256,""edges_per_node"":5}",num_nodes,1536,0.107271
2,2,rodinia,rodinia_bfs,"{""block_size"":256,""edges_per_node"":5}",num_nodes,2048,0.108580
2,2,rodinia,rodinia_bfs,"{""block_size"":256,""edges_per_node"":5}",num_nodes,3072,0.113808
2,2,rodinia,rodinia_bfs,"{""block_size"":256,""edges_per_node"":5}",num_nodes,4096,0.111588
2,2,rodinia,rodinia_bfs,"{""block_size"":256,""edges_per_node"":5}",num_nodes,6144,0.124349
2,2,rodinia,rodinia_bfs,"{""block_size"":256,""edges_per_node"":5}",num_nodes,8192,0.127795
2,2,rodinia,rodinia_bfs,"{""block_size"":256,""edges_per_node"":5}",num_nodes,12288,0.126044
2,2,rodinia,rodinia_bfs,"{""block_size"":256,""edges_per_node"":5}",num_nodes,16384,0.126365
2,2,rodinia,rodinia_bfs,"{""block_size"":256,""edges_per_node"":5}",num_nodes,24576,0.137805
2,2,rodinia,rodinia_bfs,"{""block_size"":256,""edges_per_node"":5}",num_nodes,32768,0.139769
2,2,rodinia,rodinia_bfs,"{""block_size"":256,""edges_per_node"":5}",num_nodes,49152,0.152293
2,2,rodinia,rodinia_bfs,"{""block_size"":256,""edges_per_node"":5}",num_nodes,65536,0.151586
2,2,rodinia,rodinia_bfs,"{""block_size"":256,""edges_per_node"":5}",num_nodes,98304,0.171269
2,2,rodinia,rodinia_bfs,"{""block_size"":256,""edges_per_node"":5}",num_nodes,131072,0.164107
2,2,rodinia,rodinia_bfs,"{""block_size"":256,""edges_per_node"":5}",num_nodes,196608,0.194216
2,2,rodinia,rodinia_bfs,"{""block_size"":256,""edges_per_node"":5}",num_nodes,262144,0.200391
2,2,rodinia,rodinia_bfs,"{""block_size"":256,""edges_per_node"":5}",num_nodes,393216,0.229896
2,2,rodinia,rodinia_bfs,"{""block_size"":256,""edges_per_node"":5}",num_nodes,524288,0.262557
2,2,rodinia,rodinia_bfs,"{""block_size"":256,""edges_per_node"":5}",num_nodes,786432,0.340720
2,2,rodinia,rodinia_bfs,"{""block_size"":256,""edges_per_node"":5}",num_nodes,1048576,0.414849
2,2,rodinia,rodinia_bfs,"{""block_size"":256,""edges_per_node"":5}",num_nodes,1572864,0.536203
2,2,rodinia,rodinia_bfs,"{""block_size"":256,""edges_per_node"":5}",num_nodes,2097152,0.661168
2,2,rodinia,rodinia_bfs,"{""block_size"":256,""edges_per_node"":5}",num_nodes,3145728,0.919677
2,2,rodinia,rodinia_bfs,"{""block_size"":256,""edges_per_node"":5}",num_nodes,4194304,1.114958
2,2,rodinia,rodinia_bfs,"{""block_size"":256,""edges_per_node"":5}",num_nodes,6291456,1.621140
2,2,rodinia,rodinia_bfs,"{""block_size"":256,""edges_per_node"":5}",num_nodes,8388608,2.144230
2,2,rodinia,rodinia_bfs,"{""block_size"":256,""edges_per_node"":80}",num_nodes,1024,0.124163
2,2,rodinia,rodinia_bfs,"{""block_size"":256,""edges_per_node"":80}",num_nodes,1536,0.131178
2,2,rodinia,rodinia_bfs,"{""block_size"":256,""edges_per_node"":80}",num_nodes,2048,0.137166
2,2,rodinia,rodinia_bfs,"{""block_size"":256,""edges_per_node"":80}",num_nodes,3072,0.140265
2,2,rodinia,rodinia_bfs,"{""block_size"":256,""edges_per_node"":80}",num_nodes,4096,0.138862
2,2,rodinia,rodinia_bfs,"{""block_size"":256,""edges_per_node"":80}",num_nodes,6144,0.155432
2,2,rodinia,rodinia_bfs,"{""block_size"":256,""edges_per_node"":80}",num_nodes,8192,0.156835
2,2,rodinia,rodinia_bfs,"{""block_size"":256,""edges_per_node"":80}",num_nodes,12288,0.157946
2,2,rodinia,rodinia_bfs,"{""block_size"":256,""edges_per_node"":80}",num_nodes,16384,0.173299
2,2,rodinia,rodinia_bfs,"{""block_size"":256,""edges_per_node"":80}",num_nodes,24576,0.165110
2,2,rodinia,rodinia_bfs,"{""block_size"":256,""edges_per_node"":80}",num_nodes,32768,0.164612
2,2,rodinia,rodinia_bfs,"{""block_size"":256,""edges_per_node"":80}",num_nodes,49152,0.199999
2,2,rodinia,rodinia_bfs,"{""block_size"":256,""edges_per_node"":80}",num_nodes,65536,0.213084
2,2,rodinia,rodinia_bfs,"{""block_size"":256,""edges_per_node"":80}",num_nodes,98304,0.250489
2,2,rodinia,rodinia_bfs,"{""block_size"":256,""edges_per_node"":80}",num_nodes,131072,0.272860
2,2,rodinia,rodinia_bfs,"{""block_size"":256,""edges_per_node"":80}",num_nodes,196608,0.325447
2,2,rodinia,rodinia_bfs,"{""block_size"":256,""edges_per_node"":80}",num_nodes,262144,0.408528
2,2,rodinia,rodinia_bfs,"{""block_size"":256,""edges_per_node"":80}",num_nodes,393216,0.913983
2,2,rodinia,rodinia_bfs,"{""block_size"":256,""edges_per_node"":80}",num_nodes,524288,1.352007
2,2,rodinia,rodinia_bfs,"{""block_size"":256,""edges_per_node"":80}",num_nodes,786432,2.100451
2,2,rodinia,rodinia_bfs,"{""block_size"":256,""edges_per_node"":80}",num_nodes,1048576,3.132052
2,2,rodinia,rodinia_bfs,"{""block_size"":256,""edges_per_node"":80}",num_nodes,1572864,5.005130
2,2,rodinia,rodinia_bfs,"{""block_size"":256,""edges_per_node"":80}",num_nodes,2097152,6.669058
2,2,rodinia,rodinia_bfs,"{""block_size"":256,""edges_per_node"":80}",num_nodes,3145728,10.415103
2,2,rodinia,rodinia_bfs,"{""block_size"":256,""edges_per_node"":80}",num_nodes,4194304,14.236199
2,2,rodinia,rodinia_bfs,"{""block_size"":256,""edges_per_node"":80}",num_nodes,6291456,22.084850
2,2,rodinia,rodinia_bfs,"{""block_size"":256,""edges_per_node"":80}",num_nodes,8388608,30.060480
2,2,rodinia,rodinia_gaussian,"{""block_size"":256,""verify"":""false""}",size,64,0.757631
2,2,rodinia,rodinia_gaussian,"{""block_size"":256,""verify"":""false""}",size,128,1.496686
2,2,rodinia,rodinia_gaussian,"{""block_size"":256,""verify"":""false""}",size,192,2.262256
2,2,rodinia,rodinia_gaussian,"{""block_size"":256,""verify"":""false""}",size,256,3.009591
2,2,rodinia,rodinia_gaussian,"{""block_size"":256,""verify"":""false""}",size,384,4.551488
2,2,rodinia,rodinia_gaussian,"{""block_size"":256,""verify"":""false""}",size,512,6.142667
2,2,rodinia,rodinia_gaussian,"{""block_size"":256,""verify"":""false""}",size,640,7.915119
2,2,rodinia,rodinia_gaussian,"{""block_size"":256,""verify"":""false""}",size,768,9.968089
2,2,rodinia,rodinia_gaussian,"{""block_size"":256,""verify"":""false""}",size,896,12.200558
2,2,rodinia,rodinia_gaussian,"{""block_size"":256,""verify"":""false""}",size,1024,14.470611
2,2,rodinia,rodinia_gaussian,"{""block_size"":256,""verify"":""false""}",size,1280,20.599935
2,2,rodinia,rodinia_gaussian,"{""block_size"":256,""verify"":""false""}",size,1536,28.068473
2,2,rodinia,rodinia_gaussian,"{""block_size"":256,""verify"":""false""}",size,1792,37.634074
2,2,rodinia,rodinia_gaussian,"{""block_size"":256,""verify"":""false""}",size,2048,50.268645
2,2,rodinia,rodinia_gaussian,"{""block_size"":256,""verify"":""false""}",size,2560,82.507668
2,2,rodinia,rodinia_gaussian,"{""block_size"":256,""verify"":""false""}",size,3072,128.867647
2,2,rodinia,rodinia_gaussian,"{""block_size"":256,""verify"":""false""}",size,3584,189.834982
2,2,rodinia,rodinia_gaussian,"{""block_size"":256,""verify"":""false""}",size,4096,278.568936
2,2,rodinia,rodinia_gaussian,"{""block_size"":256,""verify"":""false""}",size,5120,482.965203
2,2,rodinia,rodinia_gaussian,"{""block_size"":256,""verify"":""false""}",size,6144,786.283476
2,2,rodinia,rodinia_gaussian,"{""block_size"":256,""verify"":""false""}",size,7168,1196.368217
2,2,rodinia,rodinia_gaussian,"{""block_size"":256,""verify"":""false""}",size,8192,1753.500093
2,2,rodinia,rodinia_gaussian,"{""block_size"":256,""verify"":""skip""}",size,64,0.743444
2,2,rodinia,rodinia_gaussian,"{""block_size"":256,""verify"":""skip""}",size,128,1.491096
2,2,rodinia,rodinia_gaussian,"{""block_size"":256,""verify"":""skip""}",size,192,2.269526
2,2,rodinia,rodinia_gaussian,"{""block_size"":256,""verify"":""skip""}",size,256,3.041053
2,2,rodinia,rodinia_gaussian,"{""block_size"":256,""verify"":""skip""}",size,384,4.552878
2,2,rodinia,rodinia_gaussian,"{""block_size"":256,""verify"":""skip""}",size,512,6.130844
2,2,rodinia,rodinia_gaussian,"{""block_size"":256,""verify"":""skip""}",size,640,7.904828
2,2,rodinia,rodinia_gaussian,"{""block_size"":256,""verify"":""skip""}",size,768,9.921051
2,2,rodinia,rodinia_gaussian,"{""block_size"":256,""verify"":""skip""}",size,896,12.147989
2,2,rodinia,rodinia_gaussian,"{""block_size"":256,""verify"":""skip""}",size,1024,14.540840
2,2,rodinia,rodinia_gaussian,"{""block_size"":256,""verify"":""skip""}",size,1280,20.591544
2,2,rodinia,rodinia_gaussian,"{""block_size"":256,""verify"":""skip""}",size,1536,27.985201
2,2,rodinia,rodinia_gaussian,"{""block_size"":256,""verify"":""skip""}",size,1792,37.765532
2,2,rodinia,rodinia_gaussian,"{""block_size"":256,""verify"":""skip""}",size,2048,50.169745
2,2,rodinia,rodinia_gaussian,"{""block_size"":256,""verify"":""skip""}",size,2560,82.390568
2,2,rodinia,rodinia_gaussian,"{""block_size"":256,""verify"":""skip""}",size,3072,129.196791
2,2,rodinia,rodinia_gaussian,"{""block_size"":256,""verify"":""skip""}",size,3584,189.938820
2,2,rodinia,rodinia_gaussian,"{""block_size"":256,""verify"":""skip""}",size,4096,278.388289
2,2,rodinia,rodinia_gaussian,"{""block_size"":256,""verify"":""skip""}",size,5120,483.512640
2,2,rodinia,rodinia_gaussian,"{""block_size"":256,""verify"":""skip""}",size,6144,787.201359
2,2,rodinia,rodinia_gaussian,"{""block_size"":256,""verify"":""skip""}",size,7168,1196.110193
2,2,rodinia,rodinia_gaussian,"{""block_size"":256,""verify"":""skip""}",size,8192,1754.614035
2,2,rodinia,rodinia_gaussian,"{""block_size"":256,""verify"":""true""}",size,64,0.736499
2,2,rodinia,rodinia_gaussian,"{""block_size"":256,""verify"":""true""}",size,128,1.490866
2,2,rodinia,rodinia_gaussian,"{""block_size"":256,""verify"":""true""}",size,192,2.269226
2,2,rodinia,rodinia_gaussian,"{""block_size"":256,""verify"":""true""}",size,256,3.062281
2,2,rodinia,rodinia_gaussian,"{""block_size"":256,""verify"":""true""}",size,384,4.572008
2,2,rodinia,rodinia_gaussian,"{""block_size"":256,""verify"":""true""}",size,512,6.170263
2,2,rodinia,rodinia_gaussian,"{""block_size"":256,""verify"":""true""}",size,640,7.925623
2,2,rodinia,rodinia_gaussian,"{""block_size"":256,""verify"":""true""}",size,768,9.934979
2,2,rodinia,rodinia_gaussian,"{""block_size"":256,""verify"":""true""}",size,896,12.122632
2,2,rodinia,rodinia_gaussian,"{""block_size"":256,""verify"":""true""}",size,1024,14.529723
2,2,rodinia,rodinia_gaussian,"{""block_size"":256,""verify"":""true""}",size,1280,20.479491
2,2,rodinia,rodinia_gaussian,"{""block_size"":256,""verify"":""true""}",size,1536,27.978768
2,2,rodinia,rodinia_gaussian,"{""block_size"":256,""verify"":""true""}",size,1792,37.771983
2,2,rodinia,rodinia_gaussian,"{""block_size"":256,""verify"":""true""}",size,2048,50.294829
2,2,rodinia,rodinia_gaussian,"{""block_size"":256,""verify"":""true""}",size,2560,82.338035
2,2,rodinia,rodinia_gaussian,"{""block_size"":256,""verify"":""true""}",size,3072,129.091859
2,2,rodinia,rodinia_gaussian,"{""block_size"":256,""verify"":""true""}",size,3584,190.048100
2,2,rodinia,rodinia_gaussian,"{""block_size"":256,""verify"":""true""}",size,4096,278.630462
2,2,rodinia,rodinia_gaussian,"{""block_size"":256,""verify"":""true""}",size,5120,482.864510
2,2,rodinia,rodinia_gaussian,"{""block_size"":256,""verify"":""true""}",size,6144,786.397219
2,2,rodinia,rodinia_gaussian,"{""block_size"":256,""verify"":""true""}",size,7168,1196.038049
2,2,rodinia,rodinia_gaussian,"{""block_size"":256,""verify"":""true""}",size,8192,1753.866121
2,2,rodinia,rodinia_hotspot,"{""block_size"":16,""num_iterations"":10}",grid_size,64,0.056274
2,2,rodinia,rodinia_hotspot,"{""block_size"":16,""num_iterations"":10}",grid_size,128,0.056168
2,2,rodinia,rodinia_hotspot,"{""block_size"":16,""num_iterations"":10}",grid_size,192,0.060578
2,2,rodinia,rodinia_hotspot,"{""block_size"":16,""num_iterations"":10}",grid_size,256,0.069224
2,2,rodinia,rodinia_hotspot,"{""block_size"":16,""num_iterations"":10}",grid_size,384,0.107511
2,2,rodinia,rodinia_hotspot,"{""block_size"":16,""num_iterations"":10}",grid_size,512,0.167554
2,2,rodinia,rodinia_hotspot,"{""block_size"":16,""num_iterations"":10}",grid_size,640,0.161808
2,2,rodinia,rodinia_hotspot,"{""block_size"":16,""num_iterations"":10}",grid_size,768,0.201725
2,2,rodinia,rodinia_hotspot,"{""block_size"":16,""num_iterations"":10}",grid_size,1024,0.224951
2,2,rodinia,rodinia_hotspot,"{""block_size"":16,""num_iterations"":10}",grid_size,1280,0.292696
2,2,rodinia,rodinia_hotspot,"{""block_size"":16,""num_iterations"":10}",grid_size,1536,0.342498
2,2,rodinia,rodinia_hotspot,"{""block_size"":16,""num_iterations"":10}",grid_size,2048,0.563493
2,2,rodinia,rodinia_hotspot,"{""block_size"":16,""num_iterations"":10}",grid_size,2560,0.845319
2,2,rodinia,rodinia_hotspot,"{""block_size"":16,""num_iterations"":10}",grid_size,3072,1.204668
2,2,rodinia,rodinia_hotspot,"{""block_size"":16,""num_iterations"":10}",grid_size,3584,1.609507
2,2,rodinia,rodinia_hotspot,"{""block_size"":16,""num_iterations"":10}",grid_size,4096,2.085400
2,2,rodinia,rodinia_hotspot,"{""block_size"":16,""num_iterations"":10}",grid_size,5120,3.524448
2,2,rodinia,rodinia_hotspot,"{""block_size"":16,""num_iterations"":10}",grid_size,6144,5.094881
2,2,rodinia,rodinia_hotspot,"{""block_size"":16,""num_iterations"":10}",grid_size,7168,6.990841
2,2,rodinia,rodinia_hotspot,"{""block_size"":16,""num_iterations"":10}",grid_size,8192,9.042156
2,2,rodinia,rodinia_hotspot,"{""block_size"":16,""num_iterations"":1}",grid_size,64,0.044714
2,2,rodinia,rodinia_hotspot,"{""block_size"":16,""num_iterations"":1}",grid_size,128,0.049538
2,2,rodinia,rodinia_hotspot,"{""block_size"":16,""num_iterations"":1}",grid_size,192,0.052385
2,2,rodinia,rodinia_hotspot,"{""block_size"":16,""num_iterations"":1}",grid_size,256,0.059561
2,2,rodinia,rodinia_hotspot,"{""block_size"":16,""num_iterations"":1}",grid_size,384,0.077776
2,2,rodinia,rodinia_hotspot,"{""block_size"":16,""num_iterations"":1}",grid_size,512,0.112896
2,2,rodinia,rodinia_hotspot,"{""block_size"":16,""num_iterations"":1}",grid_size,640,0.078163
2,2,rodinia,rodinia_hotspot,"{""block_size"":16,""num_iterations"":1}",grid_size,768,0.090951
2,2,rodinia,rodinia_hotspot,"{""block_size"":16,""num_iterations"":1}",grid_size,1024,0.129293
2,2,rodinia,rodinia_hotspot,"{""block_size"":16,""num_iterations"":1}",grid_size,1280,0.175518
2,2,rodinia,rodinia_hotspot,"{""block_size"":16,""num_iterations"":1}",grid_size,1536,0.230269
2,2,rodinia,rodinia_hotspot,"{""block_size"":16,""num_iterations"":1}",grid_size,2048,0.377402
2,2,rodinia,rodinia_hotspot,"{""block_size"":16,""num_iterations"":1}",grid_size,2560,0.566242
2,2,rodinia,rodinia_hotspot,"{""block_size"":16,""num_iterations"":1}",grid_size,3072,0.803610
2,2,rodinia,rodinia_hotspot,"{""block_size"":16,""num_iterations"":1}",grid_size,3584,1.066685
2,2,rodinia,rodinia_hotspot,"{""block_size"":16,""num_iterations"":1}",grid_size,4096,1.371805
2,2,rodinia,rodinia_hotspot,"{""block_size"":16,""num_iterations"":1}",grid_size,5120,2.135933
2,2,rodinia,rodinia_hotspot,"{""block_size"":16,""num_iterations"":1}",grid_size,6144,3.060032
2,2,rodinia,rodinia_hotspot,"{""block_size"":16,""num_iterations"":1}",grid_size,7168,4.154420
2,2,rodinia,rodinia_hotspot,"{""block_size"":16,""num_iterations"":1}",grid_size,8192,5.388474
2,2,rodinia,rodinia_hotspot,"{""block_size"":16,""num_iterations"":50}",grid_size,64,0.150142
2,2,rodinia,rodinia_hotspot,"{""block_size"":16,""num_iterations"":50}",grid_size,128,0.160271
2,2,rodinia,rodinia_hotspot,"{""block_size"":16,""num_iterations"":50}",grid_size,192,0.164615
2,2,rodinia,rodinia_hotspot,"{""block_size"":16,""num_iterations"":50}",grid_size,256,0.181025
2,2,rodinia,rodinia_hotspot,"{""block_size"":16,""num_iterations"":50}",grid_size,384,0.256930
2,2,rodinia,rodinia_hotspot,"{""block_size"":16,""num_iterations"":50}",grid_size,512,0.447551
2,2,rodinia,rodinia_hotspot,"{""block_size"":16,""num_iterations"":50}",grid_size,640,0.567451
2,2,rodinia,rodinia_hotspot,"{""block_size"":16,""num_iterations"":50}",grid_size,768,0.713570
2,2,rodinia,rodinia_hotspot,"{""block_size"":16,""num_iterations"":50}",grid_size,1024,0.702624
2,2,rodinia,rodinia_hotspot,"{""block_size"":16,""num_iterations"":50}",grid_size,1280,0.836807
2,2,rodinia,rodinia_hotspot,"{""block_size"":16,""num_iterations"":50}",grid_size,1536,0.874706
2,2,rodinia,rodinia_hotspot,"{""block_size"":16,""num_iterations"":50}",grid_size,2048,1.422150
2,2,rodinia,rodinia_hotspot,"{""block_size"":16,""num_iterations"":50}",grid_size,2560,2.141673
2,2,rodinia,rodinia_hotspot,"{""block_size"":16,""num_iterations"":50}",grid_size,3072,3.039527
2,2,rodinia,rodinia_hotspot,"{""block_size"":16,""num_iterations"":50}",grid_size,3584,4.061729
2,2,rodinia,rodinia_hotspot,"{""block_size"":16,""num_iterations"":50}",grid_size,4096,5.333647
2,2,rodinia,rodinia_hotspot,"{""block_size"":16,""num_iterations"":50}",grid_size,5120,10.016028
2,2,rodinia,rodinia_hotspot,"{""block_size"":16,""num_iterations"":50}",grid_size,6144,14.681320
2,2,rodinia,rodinia_hotspot,"{""block_size"":16,""num_iterations"":50}",grid_size,7168,19.859788
2,2,rodinia,rodinia_hotspot,"{""block_size"":16,""num_iterations"":50}",grid_size,8192,25.460301
2,2,rodinia,rodinia_hotspot3d,"{""amb_temp"":100,""block_size"":8,""num_iterations"":10}",grid_size,16,0.028892
2,2,rodinia,rodinia_hotspot3d,"{""amb_temp"":100,""block_size"":8,""num_iterations"":10}",grid_size,24,0.028465
2,2,rodinia,rodinia_hotspot3d,"{""amb_temp"":100,""block_size"":8,""num_iterations"":10}",grid_size,32,0.029293
2,2,rodinia,rodinia_hotspot3d,"{""amb_temp"":100,""block_size"":8,""num_iterations"":10}",grid_size,40,0.030991
2,2,rodinia,rodinia_hotspot3d,"{""amb_temp"":100,""block_size"":8,""num_iterations"":10}",grid_size,48,0.044728
2,2,rodinia,rodinia_hotspot3d,"{""amb_temp"":100,""block_size"":8,""num_iterations"":10}",grid_size,56,0.067366
2,2,rodinia,rodinia_hotspot3d,"{""amb_temp"":100,""block_size"":8,""num_iterations"":10}",grid_size,64,0.118884
2,2,rodinia,rodinia_hotspot3d,"{""amb_temp"":100,""block_size"":8,""num_iterations"":10}",grid_size,72,0.123446
2,2,rodinia,rodinia_hotspot3d,"{""amb_temp"":100,""block_size"":8,""num_iterations"":10}",grid_size,80,0.134612
2,2,rodinia,rodinia_hotspot3d,"{""amb_temp"":100,""block_size"":8,""num_iterations"":10}",grid_size,96,0.114981
2,2,rodinia,rodinia_hotspot3d,"{""amb_temp"":100,""block_size"":8,""num_iterations"":10}",grid_size,112,0.149339
2,2,rodinia,rodinia_hotspot3d,"{""amb_temp"":100,""block_size"":8,""num_iterations"":10}",grid_size,128,0.236670
2,2,rodinia,rodinia_hotspot3d,"{""amb_temp"":100,""block_size"":8,""num_iterations"":10}",grid_size,144,0.284259
2,2,rodinia,rodinia_hotspot3d,"{""amb_temp"":100,""block_size"":8,""num_iterations"":10}",grid_size,160,0.391410
2,2,rodinia,rodinia_hotspot3d,"{""amb_temp"":100,""block_size"":8,""num_iterations"":10}",grid_size,192,0.572994
2,2,rodinia,rodinia_hotspot3d,"{""amb_temp"":100,""block_size"":8,""num_iterations"":10}",grid_size,224,1.055302
2,2,rodinia,rodinia_hotspot3d,"{""amb_temp"":100,""block_size"":8,""num_iterations"":10}",grid_size,256,1.820558
2,2,rodinia,rodinia_hotspot3d,"{""amb_temp"":100,""block_size"":8,""num_iterations"":10}",grid_size,288,2.202960
2,2,rodinia,rodinia_hotspot3d,"{""amb_temp"":100,""block_size"":8,""num_iterations"":10}",grid_size,320,2.958517
2,2,rodinia,rodinia_hotspot3d,"{""amb_temp"":100,""block_size"":8,""num_iterations"":10}",grid_size,384,7.628875
2,2,rodinia,rodinia_hotspot3d,"{""amb_temp"":100,""block_size"":8,""num_iterations"":10}",grid_size,448,8.612369
2,2,rodinia,rodinia_hotspot3d,"{""amb_temp"":100,""block_size"":8,""num_iterations"":10}",grid_size,512,18.320905
2,2,rodinia,rodinia_hotspot3d,"{""amb_temp"":100,""block_size"":8,""num_iterations"":1}",grid_size,16,0.005773
2,2,rodinia,rodinia_hotspot3d,"{""amb_temp"":100,""block_size"":8,""num_iterations"":1}",grid_size,24,0.007751
2,2,rodinia,rodinia_hotspot3d,"{""amb_temp"":100,""block_size"":8,""num_iterations"":1}",grid_size,32,0.005840
2,2,rodinia,rodinia_hotspot3d,"{""amb_temp"":100,""block_size"":8,""num_iterations"":1}",grid_size,40,0.005813
2,2,rodinia,rodinia_hotspot3d,"{""amb_temp"":100,""block_size"":8,""num_iterations"":1}",grid_size,48,0.005866
2,2,rodinia,rodinia_hotspot3d,"{""amb_temp"":100,""block_size"":8,""num_iterations"":1}",grid_size,56,0.005921
2,2,rodinia,rodinia_hotspot3d,"{""amb_temp"":100,""block_size"":8,""num_iterations"":1}",grid_size,64,0.006335
2,2,rodinia,rodinia_hotspot3d,"{""amb_temp"":100,""block_size"":8,""num_iterations"":1}",grid_size,72,0.006976
2,2,rodinia,rodinia_hotspot3d,"{""amb_temp"":100,""block_size"":8,""num_iterations"":1}",grid_size,80,0.009448
2,2,rodinia,rodinia_hotspot3d,"{""amb_temp"":100,""block_size"":8,""num_iterations"":1}",grid_size,96,0.011894
2,2,rodinia,rodinia_hotspot3d,"{""amb_temp"":100,""block_size"":8,""num_iterations"":1}",grid_size,112,0.017600
2,2,rodinia,rodinia_hotspot3d,"{""amb_temp"":100,""block_size"":8,""num_iterations"":1}",grid_size,128,0.027381
2,2,rodinia,rodinia_hotspot3d,"{""amb_temp"":100,""block_size"":8,""num_iterations"":1}",grid_size,144,0.030777
2,2,rodinia,rodinia_hotspot3d,"{""amb_temp"":100,""block_size"":8,""num_iterations"":1}",grid_size,160,0.040799
2,2,rodinia,rodinia_hotspot3d,"{""amb_temp"":100,""block_size"":8,""num_iterations"":1}",grid_size,192,0.059335
2,2,rodinia,rodinia_hotspot3d,"{""amb_temp"":100,""block_size"":8,""num_iterations"":1}",grid_size,224,0.103315
2,2,rodinia,rodinia_hotspot3d,"{""amb_temp"":100,""block_size"":8,""num_iterations"":1}",grid_size,256,0.193800
2,2,rodinia,rodinia_hotspot3d,"{""amb_temp"":100,""block_size"":8,""num_iterations"":1}",grid_size,288,0.219565
2,2,rodinia,rodinia_hotspot3d,"{""amb_temp"":100,""block_size"":8,""num_iterations"":1}",grid_size,320,0.293840
2,2,rodinia,rodinia_hotspot3d,"{""amb_temp"":100,""block_size"":8,""num_iterations"":1}",grid_size,384,0.734372
2,2,rodinia,rodinia_hotspot3d,"{""amb_temp"":100,""block_size"":8,""num_iterations"":1}",grid_size,448,0.836404
2,2,rodinia,rodinia_hotspot3d,"{""amb_temp"":100,""block_size"":8,""num_iterations"":1}",grid_size,512,1.754648
2,2,rodinia,rodinia_hotspot3d,"{""amb_temp"":100,""block_size"":8,""num_iterations"":50}",grid_size,16,0.120687
2,2,rodinia,rodinia_hotspot3d,"{""amb_temp"":100,""block_size"":8,""num_iterations"":50}",grid_size,24,0.122946
2,2,rodinia,rodinia_hotspot3d,"{""amb_temp"":100,""block_size"":8,""num_iterations"":50}",grid_size,32,0.127690
2,2,rodinia,rodinia_hotspot3d,"{""amb_temp"":100,""block_size"":8,""num_iterations"":50}",grid_size,40,0.143272
2,2,rodinia,rodinia_hotspot3d,"{""amb_temp"":100,""block_size"":8,""num_iterations"":50}",grid_size,48,0.215917
2,2,rodinia,rodinia_hotspot3d,"{""amb_temp"":100,""block_size"":8,""num_iterations"":50}",grid_size,56,0.334160
2,2,rodinia,rodinia_hotspot3d,"{""amb_temp"":100,""block_size"":8,""num_iterations"":50}",grid_size,64,0.565524
2,2,rodinia,rodinia_hotspot3d,"{""amb_temp"":100,""block_size"":8,""num_iterations"":50}",grid_size,72,0.606565
2,2,rodinia,rodinia_hotspot3d,"{""amb_temp"":100,""block_size"":8,""num_iterations"":50}",grid_size,80,0.672234
2,2,rodinia,rodinia_hotspot3d,"{""amb_temp"":100,""block_size"":8,""num_iterations"":50}",grid_size,96,0.549008
2,2,rodinia,rodinia_hotspot3d,"{""amb_temp"":100,""block_size"":8,""num_iterations"":50}",grid_size,112,0.751921
2,2,rodinia,rodinia_hotspot3d,"{""amb_temp"":100,""block_size"":8,""num_iterations"":50}",grid_size,128,1.187177
2,2,rodinia,rodinia_hotspot3d,"{""amb_temp"":100,""block_size"":8,""num_iterations"":50}",grid_size,144,1.434015
2,2,rodinia,rodinia_hotspot3d,"{""amb_temp"":100,""block_size"":8,""num_iterations"":50}",grid_size,160,1.969510
2,2,rodinia,rodinia_hotspot3d,"{""amb_temp"":100,""block_size"":8,""num_iterations"":50}",grid_size,192,2.854684
2,2,rodinia,rodinia_hotspot3d,"{""amb_temp"":100,""block_size"":8,""num_iterations"":50}",grid_size,224,5.277402
2,2,rodinia,rodinia_hotspot3d,"{""amb_temp"":100,""block_size"":8,""num_iterations"":50}",grid_size,256,9.160095
2,2,rodinia,rodinia_hotspot3d,"{""amb_temp"":100,""block_size"":8,""num_iterations"":50}",grid_size,288,11.010314
2,2,rodinia,rodinia_hotspot3d,"{""amb_temp"":100,""block_size"":8,""num_iterations"":50}",grid_size,320,14.849380
2,2,rodinia,rodinia_hotspot3d,"{""amb_temp"":100,""block_size"":8,""num_iterations"":50}",grid_size,384,37.841779
2,2,rodinia,rodinia_hotspot3d,"{""amb_temp"":100,""block_size"":8,""num_iterations"":50}",grid_size,448,42.831971
2,2,rodinia,rodinia_hotspot3d,"{""amb_temp"":100,""block_size"":8,""num_iterations"":50}",grid_size,512,88.938360
2,2,rodinia,rodinia_hotspot3d,"{""amb_temp"":60,""block_size"":8,""num_iterations"":10}",grid_size,16,0.028861
2,2,rodinia,rodinia_hotspot3d,"{""amb_temp"":60,""block_size"":8,""num_iterations"":10}",grid_size,24,0.030308
2,2,rodinia,rodinia_hotspot3d,"{""amb_temp"":60,""block_size"":8,""num_iterations"":10}",grid_size,32,0.031030
2,2,rodinia,rodinia_hotspot3d,"{""amb_temp"":60,""block_size"":8,""num_iterations"":10}",grid_size,40,0.030950
2,2,rodinia,rodinia_hotspot3d,"{""amb_temp"":60,""block_size"":8,""num_iterations"":10}",grid_size,48,0.045931
2,2,rodinia,rodinia_hotspot3d,"{""amb_temp"":60,""block_size"":8,""num_iterations"":10}",grid_size,56,0.069371
2,2,rodinia,rodinia_hotspot3d,"{""amb_temp"":60,""block_size"":8,""num_iterations"":10}",grid_size,64,0.117921
2,2,rodinia,rodinia_hotspot3d,"{""amb_temp"":60,""block_size"":8,""num_iterations"":10}",grid_size,72,0.126060
2,2,rodinia,rodinia_hotspot3d,"{""amb_temp"":60,""block_size"":8,""num_iterations"":10}",grid_size,80,0.138528
2,2,rodinia,rodinia_hotspot3d,"{""amb_temp"":60,""block_size"":8,""num_iterations"":10}",grid_size,96,0.111627
2,2,rodinia,rodinia_hotspot3d,"{""amb_temp"":60,""block_size"":8,""num_iterations"":10}",grid_size,112,0.151464
2,2,rodinia,rodinia_hotspot3d,"{""amb_temp"":60,""block_size"":8,""num_iterations"":10}",grid_size,128,0.235147
2,2,rodinia,rodinia_hotspot3d,"{""amb_temp"":60,""block_size"":8,""num_iterations"":10}",grid_size,144,0.285034
2,2,rodinia,rodinia_hotspot3d,"{""amb_temp"":60,""block_size"":8,""num_iterations"":10}",grid_size,160,0.393346
2,2,rodinia,rodinia_hotspot3d,"{""amb_temp"":60,""block_size"":8,""num_iterations"":10}",grid_size,192,0.573983
2,2,rodinia,rodinia_hotspot3d,"{""amb_temp"":60,""block_size"":8,""num_iterations"":10}",grid_size,224,1.044386
2,2,rodinia,rodinia_hotspot3d,"{""amb_temp"":60,""block_size"":8,""num_iterations"":10}",grid_size,256,1.821374
2,2,rodinia,rodinia_hotspot3d,"{""amb_temp"":60,""block_size"":8,""num_iterations"":10}",grid_size,288,2.207811
2,2,rodinia,rodinia_hotspot3d,"{""amb_temp"":60,""block_size"":8,""num_iterations"":10}",grid_size,320,2.965239
2,2,rodinia,rodinia_hotspot3d,"{""amb_temp"":60,""block_size"":8,""num_iterations"":10}",grid_size,384,7.722620
2,2,rodinia,rodinia_hotspot3d,"{""amb_temp"":60,""block_size"":8,""num_iterations"":10}",grid_size,448,8.570127
2,2,rodinia,rodinia_hotspot3d,"{""amb_temp"":60,""block_size"":8,""num_iterations"":10}",grid_size,512,18.415464
2,2,rodinia,rodinia_hotspot3d,"{""amb_temp"":60,""block_size"":8,""num_iterations"":1}",grid_size,16,0.005746
2,2,rodinia,rodinia_hotspot3d,"{""amb_temp"":60,""block_size"":8,""num_iterations"":1}",grid_size,24,0.005840
2,2,rodinia,rodinia_hotspot3d,"{""amb_temp"":60,""block_size"":8,""num_iterations"":1}",grid_size,32,0.005854
2,2,rodinia,rodinia_hotspot3d,"{""amb_temp"":60,""block_size"":8,""num_iterations"":1}",grid_size,40,0.006040
2,2,rodinia,rodinia_hotspot3d,"{""amb_temp"":60,""block_size"":8,""num_iterations"":1}",grid_size,48,0.005920
2,2,rodinia,rodinia_hotspot3d,"{""amb_temp"":60,""block_size"":8,""num_iterations"":1}",grid_size,56,0.005987
2,2,rodinia,rodinia_hotspot3d,"{""amb_temp"":60,""block_size"":8,""num_iterations"":1}",grid_size,64,0.007297
2,2,rodinia,rodinia_hotspot3d,"{""amb_temp"":60,""block_size"":8,""num_iterations"":1}",grid_size,72,0.008833
2,2,rodinia,rodinia_hotspot3d,"{""amb_temp"":60,""block_size"":8,""num_iterations"":1}",grid_size,80,0.008178
2,2,rodinia,rodinia_hotspot3d,"{""amb_temp"":60,""block_size"":8,""num_iterations"":1}",grid_size,96,0.013003
2,2,rodinia,rodinia_hotspot3d,"{""amb_temp"":60,""block_size"":8,""num_iterations"":1}",grid_size,112,0.018416
2,2,rodinia,rodinia_hotspot3d,"{""amb_temp"":60,""block_size"":8,""num_iterations"":1}",grid_size,128,0.030870
2,2,rodinia,rodinia_hotspot3d,"{""amb_temp"":60,""block_size"":8,""num_iterations"":1}",grid_size,144,0.031351
2,2,rodinia,rodinia_hotspot3d,"{""amb_temp"":60,""block_size"":8,""num_iterations"":1}",grid_size,160,0.042897
2,2,rodinia,rodinia_hotspot3d,"{""amb_temp"":60,""block_size"":8,""num_iterations"":1}",grid_size,192,0.059883
2,2,rodinia,rodinia_hotspot3d,"{""amb_temp"":60,""block_size"":8,""num_iterations"":1}",grid_size,224,0.102325
2,2,rodinia,rodinia_hotspot3d,"{""amb_temp"":60,""block_size"":8,""num_iterations"":1}",grid_size,256,0.193345
2,2,rodinia,rodinia_hotspot3d,"{""amb_temp"":60,""block_size"":8,""num_iterations"":1}",grid_size,288,0.220701
2,2,rodinia,rodinia_hotspot3d,"{""amb_temp"":60,""block_size"":8,""num_iterations"":1}",grid_size,320,0.292169
2,2,rodinia,rodinia_hotspot3d,"{""amb_temp"":60,""block_size"":8,""num_iterations"":1}",grid_size,384,0.731699
2,2,rodinia,rodinia_hotspot3d,"{""amb_temp"":60,""block_size"":8,""num_iterations"":1}",grid_size,448,0.840239
2,2,rodinia,rodinia_hotspot3d,"{""amb_temp"":60,""block_size"":8,""num_iterations"":1}",grid_size,512,1.771058
2,2,rodinia,rodinia_hotspot3d,"{""amb_temp"":60,""block_size"":8,""num_iterations"":50}",grid_size,16,0.120581
2,2,rodinia,rodinia_hotspot3d,"{""amb_temp"":60,""block_size"":8,""num_iterations"":50}",grid_size,24,0.128105
2,2,rodinia,rodinia_hotspot3d,"{""amb_temp"":60,""block_size"":8,""num_iterations"":50}",grid_size,32,0.128788
2,2,rodinia,rodinia_hotspot3d,"{""amb_temp"":60,""block_size"":8,""num_iterations"":50}",grid_size,40,0.141441
2,2,rodinia,rodinia_hotspot3d,"{""amb_temp"":60,""block_size"":8,""num_iterations"":50}",grid_size,48,0.225248
2,2,rodinia,rodinia_hotspot3d,"{""amb_temp"":60,""block_size"":8,""num_iterations"":50}",grid_size,56,0.331779
2,2,rodinia,rodinia_hotspot3d,"{""amb_temp"":60,""block_size"":8,""num_iterations"":50}",grid_size,64,0.565419
2,2,rodinia,rodinia_hotspot3d,"{""amb_temp"":60,""block_size"":8,""num_iterations"":50}",grid_size,72,0.604844
2,2,rodinia,rodinia_hotspot3d,"{""amb_temp"":60,""block_size"":8,""num_iterations"":50}",grid_size,80,0.671806
2,2,rodinia,rodinia_hotspot3d,"{""amb_temp"":60,""block_size"":8,""num_iterations"":50}",grid_size,96,0.554125
2,2,rodinia,rodinia_hotspot3d,"{""amb_temp"":60,""block_size"":8,""num_iterations"":50}",grid_size,112,0.754968
2,2,rodinia,rodinia_hotspot3d,"{""amb_temp"":60,""block_size"":8,""num_iterations"":50}",grid_size,128,1.190504
2,2,rodinia,rodinia_hotspot3d,"{""amb_temp"":60,""block_size"":8,""num_iterations"":50}",grid_size,144,1.430996
2,2,rodinia,rodinia_hotspot3d,"{""amb_temp"":60,""block_size"":8,""num_iterations"":50}",grid_size,160,1.972851
2,2,rodinia,rodinia_hotspot3d,"{""amb_temp"":60,""block_size"":8,""num_iterations"":50}",grid_size,192,2.855068
2,2,rodinia,rodinia_hotspot3d,"{""amb_temp"":60,""block_size"":8,""num_iterations"":50}",grid_size,224,5.285832
2,2,rodinia,rodinia_hotspot3d,"{""amb_temp"":60,""block_size"":8,""num_iterations"":50}",grid_size,256,9.150927
2,2,rodinia,rodinia_hotspot3d,"{""amb_temp"":60,""block_size"":8,""num_iterations"":50}",grid_size,288,10.943177
2,2,rodinia,rodinia_hotspot3d,"{""amb_temp"":60,""block_size"":8,""num_iterations"":50}",grid_size,320,14.890485
2,2,rodinia,rodinia_hotspot3d,"{""amb_temp"":60,""block_size"":8,""num_iterations"":50}",grid_size,384,37.503718
2,2,rodinia,rodinia_hotspot3d,"{""amb_temp"":60,""block_size"":8,""num_iterations"":50}",grid_size,448,42.769474
2,2,rodinia,rodinia_hotspot3d,"{""amb_temp"":60,""block_size"":8,""num_iterations"":50}",grid_size,512,89.467906
2,2,rodinia,rodinia_hotspot3d,"{""amb_temp"":80,""block_size"":8,""num_iterations"":10}",grid_size,16,0.028291
2,2,rodinia,rodinia_hotspot3d,"{""amb_temp"":80,""block_size"":8,""num_iterations"":10}",grid_size,24,0.028529
2,2,rodinia,rodinia_hotspot3d,"{""amb_temp"":80,""block_size"":8,""num_iterations"":10}",grid_size,32,0.028812
2,2,rodinia,rodinia_hotspot3d,"{""amb_temp"":80,""block_size"":8,""num_iterations"":10}",grid_size,40,0.030911
2,2,rodinia,rodinia_hotspot3d,"{""amb_temp"":80,""block_size"":8,""num_iterations"":10}",grid_size,48,0.044782
2,2,rodinia,rodinia_hotspot3d,"{""amb_temp"":80,""block_size"":8,""num_iterations"":10}",grid_size,56,0.068315
2,2,rodinia,rodinia_hotspot3d,"{""amb_temp"":80,""block_size"":8,""num_iterations"":10}",grid_size,64,0.114260
2,2,rodinia,rodinia_hotspot3d,"{""amb_temp"":80,""block_size"":8,""num_iterations"":10}",grid_size,72,0.124216
2,2,rodinia,rodinia_hotspot3d,"{""amb_temp"":80,""block_size"":8,""num_iterations"":10}",grid_size,80,0.135000
2,2,rodinia,rodinia_hotspot3d,"{""amb_temp"":80,""block_size"":8,""num_iterations"":10}",grid_size,96,0.113097
2,2,rodinia,rodinia_hotspot3d,"{""amb_temp"":80,""block_size"":8,""num_iterations"":10}",grid_size,112,0.151691
2,2,rodinia,rodinia_hotspot3d,"{""amb_temp"":80,""block_size"":8,""num_iterations"":10}",grid_size,128,0.247375
2,2,rodinia,rodinia_hotspot3d,"{""amb_temp"":80,""block_size"":8,""num_iterations"":10}",grid_size,144,0.283471
2,2,rodinia,rodinia_hotspot3d,"{""amb_temp"":80,""block_size"":8,""num_iterations"":10}",grid_size,160,0.397262
2,2,rodinia,rodinia_hotspot3d,"{""amb_temp"":80,""block_size"":8,""num_iterations"":10}",grid_size,192,0.572647
2,2,rodinia,rodinia_hotspot3d,"{""amb_temp"":80,""block_size"":8,""num_iterations"":10}",grid_size,224,1.052870
2,2,rodinia,rodinia_hotspot3d,"{""amb_temp"":80,""block_size"":8,""num_iterations"":10}",grid_size,256,1.831838
2,2,rodinia,rodinia_hotspot3d,"{""amb_temp"":80,""block_size"":8,""num_iterations"":10}",grid_size,288,2.201743
2,2,rodinia,rodinia_hotspot3d,"{""amb_temp"":80,""block_size"":8,""num_iterations"":10}",grid_size,320,2.955324
2,2,rodinia,rodinia_hotspot3d,"{""amb_temp"":80,""block_size"":8,""num_iterations"":10}",grid_size,384,7.698258
2,2,rodinia,rodinia_hotspot3d,"{""amb_temp"":80,""block_size"":8,""num_iterations"":10}",grid_size,448,8.617770
2,2,rodinia,rodinia_hotspot3d,"{""amb_temp"":80,""block_size"":8,""num_iterations"":10}",grid_size,512,18.350382
2,2,rodinia,rodinia_hotspot3d,"{""amb_temp"":80,""block_size"":8,""num_iterations"":1}",grid_size,16,0.005733
2,2,rodinia,rodinia_hotspot3d,"{""amb_temp"":80,""block_size"":8,""num_iterations"":1}",grid_size,24,0.005866
2,2,rodinia,rodinia_hotspot3d,"{""amb_temp"":80,""block_size"":8,""num_iterations"":1}",grid_size,32,0.005827
2,2,rodinia,rodinia_hotspot3d,"{""amb_temp"":80,""block_size"":8,""num_iterations"":1}",grid_size,40,0.005840
2,2,rodinia,rodinia_hotspot3d,"{""amb_temp"":80,""block_size"":8,""num_iterations"":1}",grid_size,48,0.005934
2,2,rodinia,rodinia_hotspot3d,"{""amb_temp"":80,""block_size"":8,""num_iterations"":1}",grid_size,56,0.006307
2,2,rodinia,rodinia_hotspot3d,"{""amb_temp"":80,""block_size"":8,""num_iterations"":1}",grid_size,64,0.006281
2,2,rodinia,rodinia_hotspot3d,"{""amb_temp"":80,""block_size"":8,""num_iterations"":1}",grid_size,72,0.007056
2,2,rodinia,rodinia_hotspot3d,"{""amb_temp"":80,""block_size"":8,""num_iterations"":1}",grid_size,80,0.007978
2,2,rodinia,rodinia_hotspot3d,"{""amb_temp"":80,""block_size"":8,""num_iterations"":1}",grid_size,96,0.011599
2,2,rodinia,rodinia_hotspot3d,"{""amb_temp"":80,""block_size"":8,""num_iterations"":1}",grid_size,112,0.019858
2,2,rodinia,rodinia_hotspot3d,"{""amb_temp"":80,""block_size"":8,""num_iterations"":1}",grid_size,128,0.028491
2,2,rodinia,rodinia_hotspot3d,"{""amb_temp"":80,""block_size"":8,""num_iterations"":1}",grid_size,144,0.030990
2,2,rodinia,rodinia_hotspot3d,"{""amb_temp"":80,""block_size"":8,""num_iterations"":1}",grid_size,160,0.041093
2,2,rodinia,rodinia_hotspot3d,"{""amb_temp"":80,""block_size"":8,""num_iterations"":1}",grid_size,192,0.059869
2,2,rodinia,rodinia_hotspot3d,"{""amb_temp"":80,""block_size"":8,""num_iterations"":1}",grid_size,224,0.101510
2,2,rodinia,rodinia_hotspot3d,"{""amb_temp"":80,""block_size"":8,""num_iterations"":1}",grid_size,256,0.193813
2,2,rodinia,rodinia_hotspot3d,"{""amb_temp"":80,""block_size"":8,""num_iterations"":1}",grid_size,288,0.221182
2,2,rodinia,rodinia_hotspot3d,"{""amb_temp"":80,""block_size"":8,""num_iterations"":1}",grid_size,320,0.293011
2,2,rodinia,rodinia_hotspot3d,"{""amb_temp"":80,""block_size"":8,""num_iterations"":1}",grid_size,384,0.727744
2,2,rodinia,rodinia_hotspot3d,"{""amb_temp"":80,""block_size"":8,""num_iterations"":1}",grid_size,448,0.837193
2,2,rodinia,rodinia_hotspot3d,"{""amb_temp"":80,""block_size"":8,""num_iterations"":1}",grid_size,512,1.737809
2,2,rodinia,rodinia_hotspot3d,"{""amb_temp"":80,""block_size"":8,""num_iterations"":50}",grid_size,16,0.126207
2,2,rodinia,rodinia_hotspot3d,"{""amb_temp"":80,""block_size"":8,""num_iterations"":50}",grid_size,24,0.130283
2,2,rodinia,rodinia_hotspot3d,"{""amb_temp"":80,""block_size"":8,""num_iterations"":50}",grid_size,32,0.127436
2,2,rodinia,rodinia_hotspot3d,"{""amb_temp"":80,""block_size"":8,""num_iterations"":50}",grid_size,40,0.142297
2,2,rodinia,rodinia_hotspot3d,"{""amb_temp"":80,""block_size"":8,""num_iterations"":50}",grid_size,48,0.216679
2,2,rodinia,rodinia_hotspot3d,"{""amb_temp"":80,""block_size"":8,""num_iterations"":50}",grid_size,56,0.335602
2,2,rodinia,rodinia_hotspot3d,"{""amb_temp"":80,""block_size"":8,""num_iterations"":50}",grid_size,64,0.564899
2,2,rodinia,rodinia_hotspot3d,"{""amb_temp"":80,""block_size"":8,""num_iterations"":50}",grid_size,72,0.609664
2,2,rodinia,rodinia_hotspot3d,"{""amb_temp"":80,""block_size"":8,""num_iterations"":50}",grid_size,80,0.676991
2,2,rodinia,rodinia_hotspot3d,"{""amb_temp"":80,""block_size"":8,""num_iterations"":50}",grid_size,96,0.554246
2,2,rodinia,rodinia_hotspot3d,"{""amb_temp"":80,""block_size"":8,""num_iterations"":50}",grid_size,112,0.759057
2,2,rodinia,rodinia_hotspot3d,"{""amb_temp"":80,""block_size"":8,""num_iterations"":50}",grid_size,128,1.181725
2,2,rodinia,rodinia_hotspot3d,"{""amb_temp"":80,""block_size"":8,""num_iterations"":50}",grid_size,144,1.428097
2,2,rodinia,rodinia_hotspot3d,"{""amb_temp"":80,""block_size"":8,""num_iterations"":50}",grid_size,160,1.972037
2,2,rodinia,rodinia_hotspot3d,"{""amb_temp"":80,""block_size"":8,""num_iterations"":50}",grid_size,192,2.854142
2,2,rodinia,rodinia_hotspot3d,"{""amb_temp"":80,""block_size"":8,""num_iterations"":50}",grid_size,224,5.279221
2,2,rodinia,rodinia_hotspot3d,"{""amb_temp"":80,""block_size"":8,""num_iterations"":50}",grid_size,256,9.149073
2,2,rodinia,rodinia_hotspot3d,"{""amb_temp"":80,""block_size"":8,""num_iterations"":50}",grid_size,288,10.975106
2,2,rodinia,rodinia_hotspot3d,"{""amb_temp"":80,""block_size"":8,""num_iterations"":50}",grid_size,320,14.870878
2,2,rodinia,rodinia_hotspot3d,"{""amb_temp"":80,""block_size"":8,""num_iterations"":50}",grid_size,384,37.617793
2,2,rodinia,rodinia_hotspot3d,"{""amb_temp"":80,""block_size"":8,""num_iterations"":50}",grid_size,448,42.875695
2,2,rodinia,rodinia_hotspot3d,"{""amb_temp"":80,""block_size"":8,""num_iterations"":50}",grid_size,512,89.768534
2,2,rodinia,rodinia_lavamd,"{""block_size"":128,""particles_per_box"":100}",num_boxes,2,0.118830
2,2,rodinia,rodinia_lavamd,"{""block_size"":128,""particles_per_box"":100}",num_boxes,3,0.387320
2,2,rodinia,rodinia_lavamd,"{""block_size"":128,""particles_per_box"":100}",num_boxes,4,0.389365
2,2,rodinia,rodinia_lavamd,"{""block_size"":128,""particles_per_box"":100}",num_boxes,5,0.390207
2,2,rodinia,rodinia_lavamd,"{""block_size"":128,""particles_per_box"":100}",num_boxes,6,0.391785
2,2,rodinia,rodinia_lavamd,"{""block_size"":128,""particles_per_box"":100}",num_boxes,7,0.394807
2,2,rodinia,rodinia_lavamd,"{""block_size"":128,""particles_per_box"":100}",num_boxes,8,0.467596
2,2,rodinia,rodinia_lavamd,"{""block_size"":128,""particles_per_box"":100}",num_boxes,9,0.472834
2,2,rodinia,rodinia_lavamd,"{""block_size"":128,""particles_per_box"":100}",num_boxes,10,0.484394
2,2,rodinia,rodinia_lavamd,"{""block_size"":128,""particles_per_box"":100}",num_boxes,11,0.590877
2,2,rodinia,rodinia_lavamd,"{""block_size"":128,""particles_per_box"":100}",num_boxes,12,0.722615
2,2,rodinia,rodinia_lavamd,"{""block_size"":128,""particles_per_box"":100}",num_boxes,13,0.812944
2,2,rodinia,rodinia_lavamd,"{""block_size"":128,""particles_per_box"":100}",num_boxes,14,0.938971
2,2,rodinia,rodinia_lavamd,"{""block_size"":128,""particles_per_box"":100}",num_boxes,15,1.086336
2,2,rodinia,rodinia_lavamd,"{""block_size"":128,""particles_per_box"":100}",num_boxes,16,1.267213
2,2,rodinia,rodinia_lavamd,"{""block_size"":128,""particles_per_box"":100}",num_boxes,18,1.900787
2,2,rodinia,rodinia_lavamd,"{""block_size"":128,""particles_per_box"":100}",num_boxes,20,2.377695
2,2,rodinia,rodinia_lavamd,"{""block_size"":128,""particles_per_box"":100}",num_boxes,22,3.204231
2,2,rodinia,rodinia_lavamd,"{""block_size"":128,""particles_per_box"":100}",num_boxes,24,3.889792
2,2,rodinia,rodinia_lavamd,"{""block_size"":128,""particles_per_box"":100}",num_boxes,26,5.129420
2,2,rodinia,rodinia_lavamd,"{""block_size"":128,""particles_per_box"":100}",num_boxes,28,6.312592
2,2,rodinia,rodinia_lavamd,"{""block_size"":128,""particles_per_box"":100}",num_boxes,30,7.702604
2,2,rodinia,rodinia_lavamd,"{""block_size"":128,""particles_per_box"":150}",num_boxes,2,0.344410
2,2,rodinia,rodinia_lavamd,"{""block_size"":128,""particles_per_box"":150}",num_boxes,3,1.152717
2,2,rodinia,rodinia_lavamd,"{""block_size"":128,""particles_per_box"":150}",num_boxes,4,1.157831
2,2,rodinia,rodinia_lavamd,"{""block_size"":128,""particles_per_box"":150}",num_boxes,5,1.157991
2,2,rodinia,rodinia_lavamd,"{""block_size"":128,""particles_per_box"":150}",num_boxes,6,1.165770
2,2,rodinia,rodinia_lavamd,"{""block_size"":128,""particles_per_box"":150}",num_boxes,7,1.170599
2,2,rodinia,rodinia_lavamd,"{""block_size"":128,""particles_per_box"":150}",num_boxes,8,1.282836
2,2,rodinia,rodinia_lavamd,"{""block_size"":128,""particles_per_box"":150}",num_boxes,9,1.291765
2,2,rodinia,rodinia_lavamd,"{""block_size"":128,""particles_per_box"":150}",num_boxes,10,1.408096
2,2,rodinia,rodinia_lavamd,"{""block_size"":128,""particles_per_box"":150}",num_boxes,11,1.462549
2,2,rodinia,rodinia_lavamd,"{""block_size"":128,""particles_per_box"":150}",num_boxes,12,1.838960
2,2,rodinia,rodinia_lavamd,"{""block_size"":128,""particles_per_box"":150}",num_boxes,13,2.151745
2,2,rodinia,rodinia_lavamd,"{""block_size"":128,""particles_per_box"":150}",num_boxes,14,2.509679
2,2,rodinia,rodinia_lavamd,"{""block_size"":128,""particles_per_box"":150}",num_boxes,15,3.030915
2,2,rodinia,rodinia_lavamd,"{""block_size"":128,""particles_per_box"":150}",num_boxes,16,3.637824
2,2,rodinia,rodinia_lavamd,"{""block_size"":128,""particles_per_box"":150}",num_boxes,18,5.074264
2,2,rodinia,rodinia_lavamd,"{""block_size"":128,""particles_per_box"":150}",num_boxes,20,6.469097
2,2,rodinia,rodinia_lavamd,"{""block_size"":128,""particles_per_box"":150}",num_boxes,22,8.177163
2,2,rodinia,rodinia_lavamd,"{""block_size"":128,""particles_per_box"":150}",num_boxes,24,9.890403
2,2,rodinia,rodinia_lavamd,"{""block_size"":128,""particles_per_box"":150}",num_boxes,26,12.928795
2,2,rodinia,rodinia_lavamd,"{""block_size"":128,""particles_per_box"":150}",num_boxes,28,15.801485
2,2,rodinia,rodinia_lavamd,"{""block_size"":128,""particles_per_box"":150}",num_boxes,30,19.428581
2,2,rodinia,rodinia_lavamd,"{""block_size"":128,""particles_per_box"":200}",num_boxes,2,0.457241
2,2,rodinia,rodinia_lavamd,"{""block_size"":128,""particles_per_box"":200}",num_boxes,3,1.540516
2,2,rodinia,rodinia_lavamd,"{""block_size"":128,""particles_per_box"":200}",num_boxes,4,1.540169
2,2,rodinia,rodinia_lavamd,"{""block_size"":128,""particles_per_box"":200}",num_boxes,5,1.541503
2,2,rodinia,rodinia_lavamd,"{""block_size"":128,""particles_per_box"":200}",num_boxes,6,1.550792
2,2,rodinia,rodinia_lavamd,"{""block_size"":128,""particles_per_box"":200}",num_boxes,7,1.558395
2,2,rodinia,rodinia_lavamd,"{""block_size"":128,""particles_per_box"":200}",num_boxes,8,1.857885
2,2,rodinia,rodinia_lavamd,"{""block_size"":128,""particles_per_box"":200}",num_boxes,9,1.868100
2,2,rodinia,rodinia_lavamd,"{""block_size"":128,""particles_per_box"":200}",num_boxes,10,1.908191
2,2,rodinia,rodinia_lavamd,"{""block_size"":128,""particles_per_box"":200}",num_boxes,11,2.480647
2,2,rodinia,rodinia_lavamd,"{""block_size"":128,""particles_per_box"":200}",num_boxes,12,2.821955
2,2,rodinia,rodinia_lavamd,"{""block_size"":128,""particles_per_box"":200}",num_boxes,13,3.185903
2,2,rodinia,rodinia_lavamd,"{""block_size"":128,""particles_per_box"":200}",num_boxes,14,3.757693
2,2,rodinia,rodinia_lavamd,"{""block_size"":128,""particles_per_box"":200}",num_boxes,15,4.732227
2,2,rodinia,rodinia_lavamd,"{""block_size"":128,""particles_per_box"":200}",num_boxes,16,5.264423
2,2,rodinia,rodinia_lavamd,"{""block_size"":128,""particles_per_box"":200}",num_boxes,18,8.175631
2,2,rodinia,rodinia_lavamd,"{""block_size"":128,""particles_per_box"":200}",num_boxes,20,10.601080
2,2,rodinia,rodinia_lavamd,"{""block_size"":128,""particles_per_box"":200}",num_boxes,22,13.734676
2,2,rodinia,rodinia_lavamd,"{""block_size"":128,""particles_per_box"":200}",num_boxes,24,15.980464
2,2,rodinia,rodinia_lavamd,"{""block_size"":128,""particles_per_box"":200}",num_boxes,26,22.014390
2,2,rodinia,rodinia_lavamd,"{""block_size"":128,""particles_per_box"":200}",num_boxes,28,26.441552
2,2,rodinia,rodinia_lavamd,"{""block_size"":128,""particles_per_box"":200}",num_boxes,30,33.515632
2,2,rodinia,rodinia_lavamd,"{""block_size"":128,""particles_per_box"":50}",num_boxes,2,0.061379
2,2,rodinia,rodinia_lavamd,"{""block_size"":128,""particles_per_box"":50}",num_boxes,3,0.197009
2,2,rodinia,rodinia_lavamd,"{""block_size"":128,""particles_per_box"":50}",num_boxes,4,0.198238
2,2,rodinia,rodinia_lavamd,"{""block_size"":128,""particles_per_box"":50}",num_boxes,5,0.197997
2,2,rodinia,rodinia_lavamd,"{""block_size"":128,""particles_per_box"":50}",num_boxes,6,0.201885
2,2,rodinia,rodinia_lavamd,"{""block_size"":128,""particles_per_box"":50}",num_boxes,7,0.199520
2,2,rodinia,rodinia_lavamd,"{""block_size"":128,""particles_per_box"":50}",num_boxes,8,0.200162
2,2,rodinia,rodinia_lavamd,"{""block_size"":128,""particles_per_box"":50}",num_boxes,9,0.201178
2,2,rodinia,rodinia_lavamd,"{""block_size"":128,""particles_per_box"":50}",num_boxes,10,0.238355
2,2,rodinia,rodinia_lavamd,"{""block_size"":128,""particles_per_box"":50}",num_boxes,11,0.240293
2,2,rodinia,rodinia_lavamd,"{""block_size"":128,""particles_per_box"":50}",num_boxes,12,0.301136
2,2,rodinia,rodinia_lavamd,"{""block_size"":128,""particles_per_box"":50}",num_boxes,13,0.326409
2,2,rodinia,rodinia_lavamd,"{""block_size"":128,""particles_per_box"":50}",num_boxes,14,0.383565
2,2,rodinia,rodinia_lavamd,"{""block_size"":128,""particles_per_box"":50}",num_boxes,15,0.415117
2,2,rodinia,rodinia_lavamd,"{""block_size"":128,""particles_per_box"":50}",num_boxes,16,0.506846
2,2,rodinia,rodinia_lavamd,"{""block_size"":128,""particles_per_box"":50}",num_boxes,18,0.673865
2,2,rodinia,rodinia_lavamd,"{""block_size"":128,""particles_per_box"":50}",num_boxes,20,0.898600
2,2,rodinia,rodinia_lavamd,"{""block_size"":128,""particles_per_box"":50}",num_boxes,22,1.074509
2,2,rodinia,rodinia_lavamd,"{""block_size"":128,""particles_per_box"":50}",num_boxes,24,1.361855
2,2,rodinia,rodinia_lavamd,"{""block_size"":128,""particles_per_box"":50}",num_boxes,26,1.604622
2,2,rodinia,rodinia_lavamd,"{""block_size"":128,""particles_per_box"":50}",num_boxes,28,1.936011
2,2,rodinia,rodinia_lavamd,"{""block_size"":128,""particles_per_box"":50}",num_boxes,30,2.359093
2,2,rodinia,rodinia_lud,"{""block_size"":256,""verify"":""false""}",size,64,0.068354
2,2,rodinia,rodinia_lud,"{""block_size"":256,""verify"":""false""}",size,128,0.153656
2,2,rodinia,rodinia_lud,"{""block_size"":256,""verify"":""false""}",size,192,0.242350
2,2,rodinia,rodinia_lud,"{""block_size"":256,""verify"":""false""}",size,256,0.308245
2,2,rodinia,rodinia_lud,"{""block_size"":256,""verify"":""false""}",size,384,0.481107
2,2,rodinia,rodinia_lud,"{""block_size"":256,""verify"":""false""}",size,512,0.647875
2,2,rodinia,rodinia_lud,"{""block_size"":256,""verify"":""false""}",size,640,0.806597
2,2,rodinia,rodinia_lud,"{""block_size"":256,""verify"":""false""}",size,768,1.069470
2,2,rodinia,rodinia_lud,"{""block_size"":256,""verify"":""false""}",size,896,1.285853
2,2,rodinia,rodinia_lud,"{""block_size"":256,""verify"":""false""}",size,1024,1.536807
2,2,rodinia,rodinia_lud,"{""block_size"":256,""verify"":""false""}",size,1280,2.055593
2,2,rodinia,rodinia_lud,"{""block_size"":256,""verify"":""false""}",size,1536,2.730622
2,2,rodinia,rodinia_lud,"{""block_size"":256,""verify"":""false""}",size,1792,3.359636
2,2,rodinia,rodinia_lud,"{""block_size"":256,""verify"":""false""}",size,2048,4.143511
2,2,rodinia,rodinia_lud,"{""block_size"":256,""verify"":""false""}",size,2560,5.955853
2,2,rodinia,rodinia_lud,"{""block_size"":256,""verify"":""false""}",size,3072,8.064086
2,2,rodinia,rodinia_lud,"{""block_size"":256,""verify"":""false""}",size,3584,10.460384
2,2,rodinia,rodinia_lud,"{""block_size"":256,""verify"":""skip""}",size,64,0.066631
2,2,rodinia,rodinia_lud,"{""block_size"":256,""verify"":""skip""}",size,128,0.151453
2,2,rodinia,rodinia_lud,"{""block_size"":256,""verify"":""skip""}",size,192,0.234758
2,2,rodinia,rodinia_lud,"{""block_size"":256,""verify"":""skip""}",size,256,0.316561
2,2,rodinia,rodinia_lud,"{""block_size"":256,""verify"":""skip""}",size,384,0.482387
2,2,rodinia,rodinia_lud,"{""block_size"":256,""verify"":""skip""}",size,512,0.647151
2,2,rodinia,rodinia_lud,"{""block_size"":256,""verify"":""skip""}",size,640,0.809530
2,2,rodinia,rodinia_lud,"{""block_size"":256,""verify"":""skip""}",size,768,1.066224
2,2,rodinia,rodinia_lud,"{""block_size"":256,""verify"":""skip""}",size,896,1.288817
2,2,rodinia,rodinia_lud,"{""block_size"":256,""verify"":""skip""}",size,1024,1.540941
2,2,rodinia,rodinia_lud,"{""block_size"":256,""verify"":""skip""}",size,1280,2.057180
2,2,rodinia,rodinia_lud,"{""block_size"":256,""verify"":""skip""}",size,1536,2.687079
2,2,rodinia,rodinia_lud,"{""block_size"":256,""verify"":""skip""}",size,1792,3.409907
2,2,rodinia,rodinia_lud,"{""block_size"":256,""verify"":""skip""}",size,2048,4.167604
2,2,rodinia,rodinia_lud,"{""block_size"":256,""verify"":""skip""}",size,2560,6.036404
2,2,rodinia,rodinia_lud,"{""block_size"":256,""verify"":""skip""}",size,3072,8.126305
2,2,rodinia,rodinia_lud,"{""block_size"":256,""verify"":""skip""}",size,3584,10.527031
2,2,rodinia,rodinia_lud,"{""block_size"":256,""verify"":""true""}",size,64,0.064263
2,2,rodinia,rodinia_lud,"{""block_size"":256,""verify"":""true""}",size,128,0.152613
2,2,rodinia,rodinia_lud,"{""block_size"":256,""verify"":""true""}",size,192,0.238797
2,2,rodinia,rodinia_lud,"{""block_size"":256,""verify"":""true""}",size,256,0.316562
2,2,rodinia,rodinia_lud,"{""block_size"":256,""verify"":""true""}",size,384,0.480370
2,2,rodinia,rodinia_lud,"{""block_size"":256,""verify"":""true""}",size,512,0.645165
2,2,rodinia,rodinia_lud,"{""block_size"":256,""verify"":""true""}",size,640,0.814734
2,2,rodinia,rodinia_lud,"{""block_size"":256,""verify"":""true""}",size,768,1.067060
2,2,rodinia,rodinia_lud,"{""block_size"":256,""verify"":""true""}",size,896,1.283061
2,2,rodinia,rodinia_lud,"{""block_size"":256,""verify"":""true""}",size,1024,1.537688
2,2,rodinia,rodinia_lud,"{""block_size"":256,""verify"":""true""}",size,1280,2.049933
2,2,rodinia,rodinia_lud,"{""block_size"":256,""verify"":""true""}",size,1536,2.688620
2,2,rodinia,rodinia_lud,"{""block_size"":256,""verify"":""true""}",size,1792,3.369200
2,2,rodinia,rodinia_lud,"{""block_size"":256,""verify"":""true""}",size,2048,4.164263
2,2,rodinia,rodinia_lud,"{""block_size"":256,""verify"":""true""}",size,2560,6.065620
2,2,rodinia,rodinia_lud,"{""block_size"":256,""verify"":""true""}",size,3072,8.125307
2,2,rodinia,rodinia_lud,"{""block_size"":256,""verify"":""true""}",size,3584,10.305893
2,2,rodinia,rodinia_nw,"{""block_size"":16,""penalty"":10}",sequence_length,64,0.107939
2,2,rodinia,rodinia_nw,"{""block_size"":16,""penalty"":10}",sequence_length,128,0.217883
2,2,rodinia,rodinia_nw,"{""block_size"":16,""penalty"":10}",sequence_length,256,0.446362
2,2,rodinia,rodinia_nw,"{""block_size"":16,""penalty"":10}",sequence_length,512,0.878867
2,2,rodinia,rodinia_nw,"{""block_size"":16,""penalty"":10}",sequence_length,768,1.328400
2,2,rodinia,rodinia_nw,"{""block_size"":16,""penalty"":10}",sequence_length,1024,1.789556
2,2,rodinia,rodinia_nw,"{""block_size"":16,""penalty"":10}",sequence_length,1536,2.679176
2,2,rodinia,rodinia_nw,"{""block_size"":16,""penalty"":10}",sequence_length,2048,3.594225
2,2,rodinia,rodinia_nw,"{""block_size"":16,""penalty"":10}",sequence_length,2560,4.470778
2,2,rodinia,rodinia_nw,"{""block_size"":16,""penalty"":10}",sequence_length,3072,5.466345
2,2,rodinia,rodinia_nw,"{""block_size"":16,""penalty"":10}",sequence_length,4096,7.566025
2,2,rodinia,rodinia_nw,"{""block_size"":16,""penalty"":10}",sequence_length,5120,9.097360
2,2,rodinia,rodinia_nw,"{""block_size"":16,""penalty"":10}",sequence_length,6144,11.034755
2,2,rodinia,rodinia_nw,"{""block_size"":16,""penalty"":10}",sequence_length,7168,12.843134
2,2,rodinia,rodinia_nw,"{""block_size"":16,""penalty"":10}",sequence_length,8192,15.721071
2,2,rodinia,rodinia_nw,"{""block_size"":16,""penalty"":10}",sequence_length,10240,18.639994
2,2,rodinia,rodinia_nw,"{""block_size"":16,""penalty"":10}",sequence_length,12288,23.816482
2,2,rodinia,rodinia_nw,"{""block_size"":16,""penalty"":10}",sequence_length,16384,32.902958
2,2,rodinia,rodinia_nw,"{""block_size"":16,""penalty"":10}",sequence_length,20480,41.215450
2,2,rodinia,rodinia_nw,"{""block_size"":16,""penalty"":10}",sequence_length,24576,51.866719
2,2,rodinia,rodinia_nw,"{""block_size"":16,""penalty"":1}",sequence_length,64,0.104358
2,2,rodinia,rodinia_nw,"{""block_size"":16,""penalty"":1}",sequence_length,128,0.217281
2,2,rodinia,rodinia_nw,"{""block_size"":16,""penalty"":1}",sequence_length,256,0.439841
2,2,rodinia,rodinia_nw,"{""block_size"":16,""penalty"":1}",sequence_length,512,0.881260
2,2,rodinia,rodinia_nw,"{""block_size"":16,""penalty"":1}",sequence_length,768,1.328023
2,2,rodinia,rodinia_nw,"{""block_size"":16,""penalty"":1}",sequence_length,1024,1.790573
2,2,rodinia,rodinia_nw,"{""block_size"":16,""penalty"":1}",sequence_length,1536,2.675367
2,2,rodinia,rodinia_nw,"{""block_size"":16,""penalty"":1}",sequence_length,2048,3.590547
2,2,rodinia,rodinia_nw,"{""block_size"":16,""penalty"":1}",sequence_length,2560,4.463382
2,2,rodinia,rodinia_nw,"{""block_size"":16,""penalty"":1}",sequence_length,3072,5.466013
2,2,rodinia,rodinia_nw,"{""block_size"":16,""penalty"":1}",sequence_length,4096,7.577402
2,2,rodinia,rodinia_nw,"{""block_size"":16,""penalty"":1}",sequence_length,5120,9.096559
2,2,rodinia,rodinia_nw,"{""block_size"":16,""penalty"":1}",sequence_length,6144,11.028681
2,2,rodinia,rodinia_nw,"{""block_size"":16,""penalty"":1}",sequence_length,7168,12.844715
2,2,rodinia,rodinia_nw,"{""block_size"":16,""penalty"":1}",sequence_length,8192,15.719677
2,2,rodinia,rodinia_nw,"{""block_size"":16,""penalty"":1}",sequence_length,10240,18.656732
2,2,rodinia,rodinia_nw,"{""block_size"":16,""penalty"":1}",sequence_length,12288,23.807906
2,2,rodinia,rodinia_nw,"{""block_size"":16,""penalty"":1}",sequence_length,16384,32.903193
2,2,rodinia,rodinia_nw,"{""block_size"":16,""penalty"":1}",sequence_length,20480,41.215819
2,2,rodinia,rodinia_nw,"{""block_size"":16,""penalty"":1}",sequence_length,24576,51.864095
2,2,rodinia,rodinia_nw,"{""block_size"":16,""penalty"":2}",sequence_length,64,0.105347
2,2,rodinia,rodinia_nw,"{""block_size"":16,""penalty"":2}",sequence_length,128,0.217950
2,2,rodinia,rodinia_nw,"{""block_size"":16,""penalty"":2}",sequence_length,256,0.440510
2,2,rodinia,rodinia_nw,"{""block_size"":16,""penalty"":2}",sequence_length,512,0.881152
2,2,rodinia,rodinia_nw,"{""block_size"":16,""penalty"":2}",sequence_length,768,1.327944
2,2,rodinia,rodinia_nw,"{""block_size"":16,""penalty"":2}",sequence_length,1024,1.792564
2,2,rodinia,rodinia_nw,"{""block_size"":16,""penalty"":2}",sequence_length,1536,2.677289
2,2,rodinia,rodinia_nw,"{""block_size"":16,""penalty"":2}",sequence_length,2048,3.593187
2,2,rodinia,rodinia_nw,"{""block_size"":16,""penalty"":2}",sequence_length,2560,4.469518
2,2,rodinia,rodinia_nw,"{""block_size"":16,""penalty"":2}",sequence_length,3072,5.465830
2,2,rodinia,rodinia_nw,"{""block_size"":16,""penalty"":2}",sequence_length,4096,7.563850
2,2,rodinia,rodinia_nw,"{""block_size"":16,""penalty"":2}",sequence_length,5120,9.095223
2,2,rodinia,rodinia_nw,"{""block_size"":16,""penalty"":2}",sequence_length,6144,11.029467
2,2,rodinia,rodinia_nw,"{""block_size"":16,""penalty"":2}",sequence_length,7168,12.843410
2,2,rodinia,rodinia_nw,"{""block_size"":16,""penalty"":2}",sequence_length,8192,15.716011
2,2,rodinia,rodinia_nw,"{""block_size"":16,""penalty"":2}",sequence_length,10240,18.642858
2,2,rodinia,rodinia_nw,"{""block_size"":16,""penalty"":2}",sequence_length,12288,23.826321
2,2,rodinia,rodinia_nw,"{""block_size"":16,""penalty"":2}",sequence_length,16384,32.903385
2,2,rodinia,rodinia_nw,"{""block_size"":16,""penalty"":2}",sequence_length,20480,41.218566
2,2,rodinia,rodinia_nw,"{""block_size"":16,""penalty"":2}",sequence_length,24576,51.884543
2,2,rodinia,rodinia_nw,"{""block_size"":16,""penalty"":5}",sequence_length,64,0.105413
2,2,rodinia,rodinia_nw,"{""block_size"":16,""penalty"":5}",sequence_length,128,0.217682
2,2,rodinia,rodinia_nw,"{""block_size"":16,""penalty"":5}",sequence_length,256,0.443369
2,2,rodinia,rodinia_nw,"{""block_size"":16,""penalty"":5}",sequence_length,512,0.880667
2,2,rodinia,rodinia_nw,"{""block_size"":16,""penalty"":5}",sequence_length,768,1.330033
2,2,rodinia,rodinia_nw,"{""block_size"":16,""penalty"":5}",sequence_length,1024,1.797092
2,2,rodinia,rodinia_nw,"{""block_size"":16,""penalty"":5}",sequence_length,1536,2.686500
2,2,rodinia,rodinia_nw,"{""block_size"":16,""penalty"":5}",sequence_length,2048,3.593958
2,2,rodinia,rodinia_nw,"{""block_size"":16,""penalty"":5}",sequence_length,2560,4.470128
2,2,rodinia,rodinia_nw,"{""block_size"":16,""penalty"":5}",sequence_length,3072,5.461889
2,2,rodinia,rodinia_nw,"{""block_size"":16,""penalty"":5}",sequence_length,4096,7.576897
2,2,rodinia,rodinia_nw,"{""block_size"":16,""penalty"":5}",sequence_length,5120,9.095318
2,2,rodinia,rodinia_nw,"{""block_size"":16,""penalty"":5}",sequence_length,6144,11.014558
2,2,rodinia,rodinia_nw,"{""block_size"":16,""penalty"":5}",sequence_length,7168,12.841112
2,2,rodinia,rodinia_nw,"{""block_size"":16,""penalty"":5}",sequence_length,8192,15.729678
2,2,rodinia,rodinia_nw,"{""block_size"":16,""penalty"":5}",sequence_length,10240,18.646012
2,2,rodinia,rodinia_nw,"{""block_size"":16,""penalty"":5}",sequence_length,12288,23.820466
2,2,rodinia,rodinia_nw,"{""block_size"":16,""penalty"":5}",sequence_length,16384,32.914263
2,2,rodinia,rodinia_nw,"{""block_size"":16,""penalty"":5}",sequence_length,20480,41.222882
2,2,rodinia,rodinia_nw,"{""block_size"":16,""penalty"":5}",sequence_length,24576,51.851698
2,2,rodinia,rodinia_pathfinder,"{""block_size"":256,""rows"":100000}",cols,100,254.221207
2,2,rodinia,rodinia_pathfinder,"{""block_size"":256,""rows"":100000}",cols,150,255.325450
2,2,rodinia,rodinia_pathfinder,"{""block_size"":256,""rows"":100000}",cols,200,258.180873
2,2,rodinia,rodinia_pathfinder,"{""block_size"":256,""rows"":100000}",cols,300,255.952586
2,2,rodinia,rodinia_pathfinder,"{""block_size"":256,""rows"":100000}",cols,500,256.857285
2,2,rodinia,rodinia_pathfinder,"{""block_size"":256,""rows"":100000}",cols,750,261.182475
2,2,rodinia,rodinia_pathfinder,"{""block_size"":256,""rows"":100000}",cols,1000,260.149521
2,2,rodinia,rodinia_pathfinder,"{""block_size"":256,""rows"":100000}",cols,1500,259.080709
2,2,rodinia,rodinia_pathfinder,"{""block_size"":256,""rows"":100000}",cols,2000,255.437968
2,2,rodinia,rodinia_pathfinder,"{""block_size"":256,""rows"":100000}",cols,3000,256.369461
2,2,rodinia,rodinia_pathfinder,"{""block_size"":256,""rows"":100000}",cols,5000,252.666270
2,2,rodinia,rodinia_pathfinder,"{""block_size"":256,""rows"":100000}",cols,7500,255.039581
2,2,rodinia,rodinia_pathfinder,"{""block_size"":256,""rows"":100000}",cols,10000,251.915670
2,2,rodinia,rodinia_pathfinder,"{""block_size"":256,""rows"":100000}",cols,15000,252.177658
2,2,rodinia,rodinia_pathfinder,"{""block_size"":256,""rows"":100000}",cols,20000,254.050491
2,2,rodinia,rodinia_pathfinder,"{""block_size"":256,""rows"":100000}",cols,30000,248.405177
2,2,rodinia,rodinia_pathfinder,"{""block_size"":256,""rows"":10000}",cols,100,26.556752
2,2,rodinia,rodinia_pathfinder,"{""block_size"":256,""rows"":10000}",cols,150,25.935854
2,2,rodinia,rodinia_pathfinder,"{""block_size"":256,""rows"":10000}",cols,200,26.496524
2,2,rodinia,rodinia_pathfinder,"{""block_size"":256,""rows"":10000}",cols,300,25.751336
2,2,rodinia,rodinia_pathfinder,"{""block_size"":256,""rows"":10000}",cols,500,24.749076
2,2,rodinia,rodinia_pathfinder,"{""block_size"":256,""rows"":10000}",cols,750,25.544797
2,2,rodinia,rodinia_pathfinder,"{""block_size"":256,""rows"":10000}",cols,1000,25.654575
2,2,rodinia,rodinia_pathfinder,"{""block_size"":256,""rows"":10000}",cols,1500,27.279774
2,2,rodinia,rodinia_pathfinder,"{""block_size"":256,""rows"":10000}",cols,2000,25.923275
2,2,rodinia,rodinia_pathfinder,"{""block_size"":256,""rows"":10000}",cols,3000,25.633135
2,2,rodinia,rodinia_pathfinder,"{""block_size"":256,""rows"":10000}",cols,5000,25.659125
2,2,rodinia,rodinia_pathfinder,"{""block_size"":256,""rows"":10000}",cols,7500,25.428071
2,2,rodinia,rodinia_pathfinder,"{""block_size"":256,""rows"":10000}",cols,10000,25.556500
2,2,rodinia,rodinia_pathfinder,"{""block_size"":256,""rows"":10000}",cols,15000,26.448011
2,2,rodinia,rodinia_pathfinder,"{""block_size"":256,""rows"":10000}",cols,20000,25.802018
2,2,rodinia,rodinia_pathfinder,"{""block_size"":256,""rows"":10000}",cols,30000,25.416341
2,2,rodinia,rodinia_pathfinder,"{""block_size"":256,""rows"":10000}",cols,50000,25.866463
2,2,rodinia,rodinia_pathfinder,"{""block_size"":256,""rows"":1000}",cols,100,2.628433
2,2,rodinia,rodinia_pathfinder,"{""block_size"":256,""rows"":1000}",cols,150,2.603942
2,2,rodinia,rodinia_pathfinder,"{""block_size"":256,""rows"":1000}",cols,200,2.602504
2,2,rodinia,rodinia_pathfinder,"{""block_size"":256,""rows"":1000}",cols,300,2.587346
2,2,rodinia,rodinia_pathfinder,"{""block_size"":256,""rows"":1000}",cols,500,2.612395
2,2,rodinia,rodinia_pathfinder,"{""block_size"":256,""rows"":1000}",cols,750,2.599574
2,2,rodinia,rodinia_pathfinder,"{""block_size"":256,""rows"":1000}",cols,1000,2.573354
2,2,rodinia,rodinia_pathfinder,"{""block_size"":256,""rows"":1000}",cols,1500,2.671117
2,2,rodinia,rodinia_pathfinder,"{""block_size"":256,""rows"":1000}",cols,2000,2.611702
2,2,rodinia,rodinia_pathfinder,"{""block_size"":256,""rows"":1000}",cols,3000,2.691888
2,2,rodinia,rodinia_pathfinder,"{""block_size"":256,""rows"":1000}",cols,5000,2.627684
2,2,rodinia,rodinia_pathfinder,"{""block_size"":256,""rows"":1000}",cols,7500,2.731802
2,2,rodinia,rodinia_pathfinder,"{""block_size"":256,""rows"":1000}",cols,10000,2.592537
2,2,rodinia,rodinia_pathfinder,"{""block_size"":256,""rows"":1000}",cols,15000,2.604589
2,2,rodinia,rodinia_pathfinder,"{""block_size"":256,""rows"":1000}",cols,20000,2.545732
2,2,rodinia,rodinia_pathfinder,"{""block_size"":256,""rows"":1000}",cols,30000,2.591476
2,2,rodinia,rodinia_pathfinder,"{""block_size"":256,""rows"":1000}",cols,50000,2.575598
2,2,rodinia,rodinia_pathfinder,"{""block_size"":256,""rows"":100}",cols,100,0.270874
2,2,rodinia,rodinia_pathfinder,"{""block_size"":256,""rows"":100}",cols,150,0.256049
2,2,rodinia,rodinia_pathfinder,"{""block_size"":256,""rows"":100}",cols,200,0.249580
2,2,rodinia,rodinia_pathfinder,"{""block_size"":256,""rows"":100}",cols,300,0.269119
2,2,rodinia,rodinia_pathfinder,"{""block_size"":256,""rows"":100}",cols,500,0.255770
2,2,rodinia,rodinia_pathfinder,"{""block_size"":256,""rows"":100}",cols,750,0.261073
2,2,rodinia,rodinia_pathfinder,"{""block_size"":256,""rows"":100}",cols,1000,0.282695
2,2,rodinia,rodinia_pathfinder,"{""block_size"":256,""rows"":100}",cols,1500,0.262516
2,2,rodinia,rodinia_pathfinder,"{""block_size"":256,""rows"":100}",cols,2000,0.260901
2,2,rodinia,rodinia_pathfinder,"{""block_size"":256,""rows"":100}",cols,3000,0.259110
2,2,rodinia,rodinia_pathfinder,"{""block_size"":256,""rows"":100}",cols,5000,0.267128
2,2,rodinia,rodinia_pathfinder,"{""block_size"":256,""rows"":100}",cols,7500,0.259952
2,2,rodinia,rodinia_pathfinder,"{""block_size"":256,""rows"":100}",cols,10000,0.279569
2,2,rodinia,rodinia_pathfinder,"{""block_size"":256,""rows"":100}",cols,15000,0.255741
2,2,rodinia,rodinia_pathfinder,"{""block_size"":256,""rows"":100}",cols,20000,0.244075
2,2,rodinia,rodinia_pathfinder,"{""block_size"":256,""rows"":100}",cols,30000,0.246574
2,2,rodinia,rodinia_pathfinder,"{""block_size"":256,""rows"":100}",cols,50000,0.245491
2,2,rodinia,rodinia_srad,"{""block_size"":16,""num_iterations"":10}",image_size,64,0.121998
2,2,rodinia,rodinia_srad,"{""block_size"":16,""num_iterations"":10}",image_size,128,0.122519
2,2,rodinia,rodinia_srad,"{""block_size"":16,""num_iterations"":10}",image_size,192,0.126702
2,2,rodinia,rodinia_srad,"{""block_size"":16,""num_iterations"":10}",image_size,256,0.134305
2,2,rodinia,rodinia_srad,"{""block_size"":16,""num_iterations"":10}",image_size,384,0.175026
2,2,rodinia,rodinia_srad,"{""block_size"":16,""num_iterations"":10}",image_size,512,0.229549
2,2,rodinia,rodinia_srad,"{""block_size"":16,""num_iterations"":10}",image_size,640,0.309385
2,2,rodinia,rodinia_srad,"{""block_size"":16,""num_iterations"":10}",image_size,768,0.308832
2,2,rodinia,rodinia_srad,"{""block_size"":16,""num_iterations"":10}",image_size,1024,0.390636
2,2,rodinia,rodinia_srad,"{""block_size"":16,""num_iterations"":10}",image_size,1280,0.472334
2,2,rodinia,rodinia_srad,"{""block_size"":16,""num_iterations"":10}",image_size,1536,0.565886
2,2,rodinia,rodinia_srad,"{""block_size"":16,""num_iterations"":10}",image_size,2048,0.891574
2,2,rodinia,rodinia_srad,"{""block_size"":16,""num_iterations"":10}",image_size,2560,1.305353
2,2,rodinia,rodinia_srad,"{""block_size"":16,""num_iterations"":10}",image_size,3072,1.825751
2,2,rodinia,rodinia_srad,"{""block_size"":16,""num_iterations"":10}",image_size,3584,2.965784
2,2,rodinia,rodinia_srad,"{""block_size"":16,""num_iterations"":10}",image_size,4096,3.885751
2,2,rodinia,rodinia_srad,"{""block_size"":16,""num_iterations"":10}",image_size,5120,6.100472
2,2,rodinia,rodinia_srad,"{""block_size"":16,""num_iterations"":10}",image_size,6144,8.683579
2,2,rodinia,rodinia_srad,"{""block_size"":16,""num_iterations"":10}",image_size,7168,11.843147
2,2,rodinia,rodinia_srad,"{""block_size"":16,""num_iterations"":10}",image_size,8192,16.470204
2,2,rodinia,rodinia_srad,"{""block_size"":16,""num_iterations"":200}",image_size,64,2.458426
2,2,rodinia,rodinia_srad,"{""block_size"":16,""num_iterations"":200}",image_size,128,2.483581
2,2,rodinia,rodinia_srad,"{""block_size"":16,""num_iterations"":200}",image_size,192,2.491813
2,2,rodinia,rodinia_srad,"{""block_size"":16,""num_iterations"":200}",image_size,256,2.598899
2,2,rodinia,rodinia_srad,"{""block_size"":16,""num_iterations"":200}",image_size,384,3.251539
2,2,rodinia,rodinia_srad,"{""block_size"":16,""num_iterations"":200}",image_size,512,4.563241
2,2,rodinia,rodinia_srad,"{""block_size"":16,""num_iterations"":200}",image_size,640,5.933709
2,2,rodinia,rodinia_srad,"{""block_size"":16,""num_iterations"":200}",image_size,768,6.164711
2,2,rodinia,rodinia_srad,"{""block_size"":16,""num_iterations"":200}",image_size,1024,7.634649
2,2,rodinia,rodinia_srad,"{""block_size"":16,""num_iterations"":200}",image_size,1280,9.490801
2,2,rodinia,rodinia_srad,"{""block_size"":16,""num_iterations"":200}",image_size,1536,11.334759
2,2,rodinia,rodinia_srad,"{""block_size"":16,""num_iterations"":200}",image_size,2048,17.607656
2,2,rodinia,rodinia_srad,"{""block_size"":16,""num_iterations"":200}",image_size,2560,25.628688
2,2,rodinia,rodinia_srad,"{""block_size"":16,""num_iterations"":200}",image_size,3072,35.712648
2,2,rodinia,rodinia_srad,"{""block_size"":16,""num_iterations"":200}",image_size,3584,60.161170
2,2,rodinia,rodinia_srad,"{""block_size"":16,""num_iterations"":200}",image_size,4096,78.341489
2,2,rodinia,rodinia_srad,"{""block_size"":16,""num_iterations"":200}",image_size,5120,123.677354
2,2,rodinia,rodinia_srad,"{""block_size"":16,""num_iterations"":200}",image_size,6144,177.328722
2,2,rodinia,rodinia_srad,"{""block_size"":16,""num_iterations"":200}",image_size,7168,243.771731
2,2,rodinia,rodinia_srad,"{""block_size"":16,""num_iterations"":200}",image_size,8192,323.048582
2,2,rodinia,rodinia_srad,"{""block_size"":16,""num_iterations"":50}",image_size,64,0.619890
2,2,rodinia,rodinia_srad,"{""block_size"":16,""num_iterations"":50}",image_size,128,0.619544
2,2,rodinia,rodinia_srad,"{""block_size"":16,""num_iterations"":50}",image_size,192,0.624822
2,2,rodinia,rodinia_srad,"{""block_size"":16,""num_iterations"":50}",image_size,256,0.652709
2,2,rodinia,rodinia_srad,"{""block_size"":16,""num_iterations"":50}",image_size,384,0.815367
2,2,rodinia,rodinia_srad,"{""block_size"":16,""num_iterations"":50}",image_size,512,1.157797
2,2,rodinia,rodinia_srad,"{""block_size"":16,""num_iterations"":50}",image_size,640,1.477599
2,2,rodinia,rodinia_srad,"{""block_size"":16,""num_iterations"":50}",image_size,768,1.540757
2,2,rodinia,rodinia_srad,"{""block_size"":16,""num_iterations"":50}",image_size,1024,1.919005
2,2,rodinia,rodinia_srad,"{""block_size"":16,""num_iterations"":50}",image_size,1280,2.367115
2,2,rodinia,rodinia_srad,"{""block_size"":16,""num_iterations"":50}",image_size,1536,2.816965
2,2,rodinia,rodinia_srad,"{""block_size"":16,""num_iterations"":50}",image_size,2048,4.391735
2,2,rodinia,rodinia_srad,"{""block_size"":16,""num_iterations"":50}",image_size,2560,6.436891
2,2,rodinia,rodinia_srad,"{""block_size"":16,""num_iterations"":50}",image_size,3072,9.001761
2,2,rodinia,rodinia_srad,"{""block_size"":16,""num_iterations"":50}",image_size,3584,14.981426
2,2,rodinia,rodinia_srad,"{""block_size"":16,""num_iterations"":50}",image_size,4096,19.553076
2,2,rodinia,rodinia_srad,"{""block_size"":16,""num_iterations"":50}",image_size,5120,31.024899
2,2,rodinia,rodinia_srad,"{""block_size"":16,""num_iterations"":50}",image_size,6144,44.628475
2,2,rodinia,rodinia_srad,"{""block_size"":16,""num_iterations"":50}",image_size,7168,61.259631
2,2,rodinia,rodinia_srad,"{""block_size"":16,""num_iterations"":50}",image_size,8192,80.738726
2,2,shoc,shoc_devicememory,"{""block_size"":256,""transfer_mode"":""read""}",array_size_mb,1,0.006014
2,2,shoc,shoc_devicememory,"{""block_size"":256,""transfer_mode"":""read""}",array_size_mb,2,0.006040
2,2,shoc,shoc_devicememory,"{""block_size"":256,""transfer_mode"":""read""}",array_size_mb,4,0.006321
2,2,shoc,shoc_devicememory,"{""block_size"":256,""transfer_mode"":""read""}",array_size_mb,8,0.008219
2,2,shoc,shoc_devicememory,"{""block_size"":256,""transfer_mode"":""read""}",array_size_mb,16,0.012937
2,2,shoc,shoc_devicememory,"{""block_size"":256,""transfer_mode"":""read""}",array_size_mb,24,0.016772
2,2,shoc,shoc_devicememory,"{""block_size"":256,""transfer_mode"":""read""}",array_size_mb,32,0.020607
2,2,shoc,shoc_devicememory,"{""block_size"":256,""transfer_mode"":""read""}",array_size_mb,48,0.028425
2,2,shoc,shoc_devicememory,"{""block_size"":256,""transfer_mode"":""read""}",array_size_mb,64,0.037111
2,2,shoc,shoc_devicememory,"{""block_size"":256,""transfer_mode"":""read""}",array_size_mb,96,0.040385
2,2,shoc,shoc_devicememory,"{""block_size"":256,""transfer_mode"":""read""}",array_size_mb,128,0.045357
2,2,shoc,shoc_devicememory,"{""block_size"":256,""transfer_mode"":""read""}",array_size_mb,192,0.057075
2,2,shoc,shoc_devicememory,"{""block_size"":256,""transfer_mode"":""read""}",array_size_mb,256,0.092290
2,2,shoc,shoc_devicememory,"{""block_size"":256,""transfer_mode"":""read""}",array_size_mb,384,0.126555
2,2,shoc,shoc_devicememory,"{""block_size"":256,""transfer_mode"":""read""}",array_size_mb,512,0.160405
2,2,shoc,shoc_devicememory,"{""block_size"":256,""transfer_mode"":""read""}",array_size_mb,768,0.234453
2,2,shoc,shoc_devicememory,"{""block_size"":256,""transfer_mode"":""read""}",array_size_mb,1024,0.313766
2,2,shoc,shoc_devicememory,"{""block_size"":256,""transfer_mode"":""read""}",array_size_mb,1536,0.465004
2,2,shoc,shoc_devicememory,"{""block_size"":256,""transfer_mode"":""read""}",array_size_mb,2048,0.627561
2,2,shoc,shoc_devicememory,"{""block_size"":256,""transfer_mode"":""read""}",array_size_mb,3072,0.989370
2,2,shoc,shoc_devicememory,"{""block_size"":256,""transfer_mode"":""read""}",array_size_mb,4096,1.174081
2,2,shoc,shoc_devicememory,"{""block_size"":256,""transfer_mode"":""readwrite""}",array_size_mb,1,0.018683
2,2,shoc,shoc_devicememory,"{""block_size"":256,""transfer_mode"":""readwrite""}",array_size_mb,2,0.023694
2,2,shoc,shoc_devicememory,"{""block_size"":256,""transfer_mode"":""readwrite""}",array_size_mb,4,0.021303
2,2,shoc,shoc_devicememory,"{""block_size"":256,""transfer_mode"":""readwrite""}",array_size_mb,8,0.031177
2,2,shoc,shoc_devicememory,"{""block_size"":256,""transfer_mode"":""readwrite""}",array_size_mb,16,0.045944
2,2,shoc,shoc_devicememory,"{""block_size"":256,""transfer_mode"":""readwrite""}",array_size_mb,24,0.061112
2,2,shoc,shoc_devicememory,"{""block_size"":256,""transfer_mode"":""readwrite""}",array_size_mb,32,0.075492
2,2,shoc,shoc_devicememory,"{""block_size"":256,""transfer_mode"":""readwrite""}",array_size_mb,48,0.102367
2,2,shoc,shoc_devicememory,"{""block_size"":256,""transfer_mode"":""readwrite""}",array_size_mb,64,0.132741
2,2,shoc,shoc_devicememory,"{""block_size"":256,""transfer_mode"":""readwrite""}",array_size_mb,96,0.166472
2,2,shoc,shoc_devicememory,"{""block_size"":256,""transfer_mode"":""readwrite""}",array_size_mb,128,0.202995
2,2,shoc,shoc_devicememory,"{""block_size"":256,""transfer_mode"":""readwrite""}",array_size_mb,192,0.291996
2,2,shoc,shoc_devicememory,"{""block_size"":256,""transfer_mode"":""readwrite""}",array_size_mb,256,0.378272
2,2,shoc,shoc_devicememory,"{""block_size"":256,""transfer_mode"":""readwrite""}",array_size_mb,384,0.463412
2,2,shoc,shoc_devicememory,"{""block_size"":256,""transfer_mode"":""readwrite""}",array_size_mb,512,0.595753
2,2,shoc,shoc_devicememory,"{""block_size"":256,""transfer_mode"":""readwrite""}",array_size_mb,768,0.870912
2,2,shoc,shoc_devicememory,"{""block_size"":256,""transfer_mode"":""readwrite""}",array_size_mb,1024,1.119197
2,2,shoc,shoc_devicememory,"{""block_size"":256,""transfer_mode"":""readwrite""}",array_size_mb,1536,1.722089
2,2,shoc,shoc_devicememory,"{""block_size"":256,""transfer_mode"":""readwrite""}",array_size_mb,2048,2.535270
2,2,shoc,shoc_devicememory,"{""block_size"":256,""transfer_mode"":""readwrite""}",array_size_mb,3072,3.749319
2,2,shoc,shoc_devicememory,"{""block_size"":256,""transfer_mode"":""readwrite""}",array_size_mb,4096,4.806573
2,2,shoc,shoc_devicememory,"{""block_size"":256,""transfer_mode"":""write""}",array_size_mb,1,0.005854
2,2,shoc,shoc_devicememory,"{""block_size"":256,""transfer_mode"":""write""}",array_size_mb,2,0.006026
2,2,shoc,shoc_devicememory,"{""block_size"":256,""transfer_mode"":""write""}",array_size_mb,4,0.006308
2,2,shoc,shoc_devicememory,"{""block_size"":256,""transfer_mode"":""write""}",array_size_mb,8,0.008847
2,2,shoc,shoc_devicememory,"{""block_size"":256,""transfer_mode"":""write""}",array_size_mb,16,0.015181
2,2,shoc,shoc_devicememory,"{""block_size"":256,""transfer_mode"":""write""}",array_size_mb,24,0.017266
2,2,shoc,shoc_devicememory,"{""block_size"":256,""transfer_mode"":""write""}",array_size_mb,32,0.021275
2,2,shoc,shoc_devicememory,"{""block_size"":256,""transfer_mode"":""write""}",array_size_mb,48,0.029160
2,2,shoc,shoc_devicememory,"{""block_size"":256,""transfer_mode"":""write""}",array_size_mb,64,0.037298
2,2,shoc,shoc_devicememory,"{""block_size"":256,""transfer_mode"":""write""}",array_size_mb,96,0.041134
2,2,shoc,shoc_devicememory,"{""block_size"":256,""transfer_mode"":""write""}",array_size_mb,128,0.044461
2,2,shoc,shoc_devicememory,"{""block_size"":256,""transfer_mode"":""write""}",array_size_mb,192,0.052854
2,2,shoc,shoc_devicememory,"{""block_size"":256,""transfer_mode"":""write""}",array_size_mb,256,0.063103
2,2,shoc,shoc_devicememory,"{""block_size"":256,""transfer_mode"":""write""}",array_size_mb,384,0.088963
2,2,shoc,shoc_devicememory,"{""block_size"":256,""transfer_mode"":""write""}",array_size_mb,512,0.114326
2,2,shoc,shoc_devicememory,"{""block_size"":256,""transfer_mode"":""write""}",array_size_mb,768,0.167821
2,2,shoc,shoc_devicememory,"{""block_size"":256,""transfer_mode"":""write""}",array_size_mb,1024,0.221450
2,2,shoc,shoc_devicememory,"{""block_size"":256,""transfer_mode"":""write""}",array_size_mb,1536,0.332836
2,2,shoc,shoc_devicememory,"{""block_size"":256,""transfer_mode"":""write""}",array_size_mb,2048,0.434107
2,2,shoc,shoc_devicememory,"{""block_size"":256,""transfer_mode"":""write""}",array_size_mb,3072,0.658938
2,2,shoc,shoc_devicememory,"{""block_size"":256,""transfer_mode"":""write""}",array_size_mb,4096,0.876244
2,2,shoc,shoc_fft,"{""batch_count"":1,""precision"":""double""}",size,1024,0.033596
2,2,shoc,shoc_fft,"{""batch_count"":1,""precision"":""double""}",size,2048,0.032888
2,2,shoc,shoc_fft,"{""batch_count"":1,""precision"":""double""}",size,4096,0.035655
2,2,shoc,shoc_fft,"{""batch_count"":1,""precision"":""double""}",size,8192,0.040545
2,2,shoc,shoc_fft,"{""batch_count"":1,""precision"":""double""}",size,16384,0.040491
2,2,shoc,shoc_fft,"{""batch_count"":1,""precision"":""double""}",size,32768,0.046145
2,2,shoc,shoc_fft,"{""batch_count"":1,""precision"":""double""}",size,65536,0.047495
2,2,shoc,shoc_fft,"{""batch_count"":1,""precision"":""double""}",size,131072,0.070267
2,2,shoc,shoc_fft,"{""batch_count"":1,""precision"":""double""}",size,262144,0.088482
2,2,shoc,shoc_fft,"{""batch_count"":1,""precision"":""double""}",size,524288,0.120446
2,2,shoc,shoc_fft,"{""batch_count"":1,""precision"":""double""}",size,1048576,0.208767
2,2,shoc,shoc_fft,"{""batch_count"":1,""precision"":""double""}",size,2097152,0.380238
2,2,shoc,shoc_fft,"{""batch_count"":1,""precision"":""double""}",size,4194304,0.751334
2,2,shoc,shoc_fft,"{""batch_count"":1,""precision"":""double""}",size,8388608,1.515022
2,2,shoc,shoc_fft,"{""batch_count"":1,""precision"":""float""}",size,1024,0.032448
2,2,shoc,shoc_fft,"{""batch_count"":1,""precision"":""float""}",size,2048,0.031873
2,2,shoc,shoc_fft,"{""batch_count"":1,""precision"":""float""}",size,4096,0.036230
2,2,shoc,shoc_fft,"{""batch_count"":1,""precision"":""float""}",size,8192,0.037459
2,2,shoc,shoc_fft,"{""batch_count"":1,""precision"":""float""}",size,16384,0.041321
2,2,shoc,shoc_fft,"{""batch_count"":1,""precision"":""float""}",size,32768,0.044221
2,2,shoc,shoc_fft,"{""batch_count"":1,""precision"":""float""}",size,65536,0.047991
2,2,shoc,shoc_fft,"{""batch_count"":1,""precision"":""float""}",size,131072,0.068434
2,2,shoc,shoc_fft,"{""batch_count"":1,""precision"":""float""}",size,262144,0.081572
2,2,shoc,shoc_fft,"{""batch_count"":1,""precision"":""float""}",size,524288,0.119993
2,2,shoc,shoc_fft,"{""batch_count"":1,""precision"":""float""}",size,1048576,0.208327
2,2,shoc,shoc_fft,"{""batch_count"":1,""precision"":""float""}",size,2097152,0.373463
2,2,shoc,shoc_fft,"{""batch_count"":1,""precision"":""float""}",size,4194304,0.758228
2,2,shoc,shoc_fft,"{""batch_count"":1,""precision"":""float""}",size,8388608,1.500960
2,2,shoc,shoc_fft,"{""batch_count"":1,""precision"":""half""}",size,1024,0.033049
2,2,shoc,shoc_fft,"{""batch_count"":1,""precision"":""half""}",size,2048,0.033543
2,2,shoc,shoc_fft,"{""batch_count"":1,""precision"":""half""}",size,4096,0.036109
2,2,shoc,shoc_fft,"{""batch_count"":1,""precision"":""half""}",size,8192,0.043179
2,2,shoc,shoc_fft,"{""batch_count"":1,""precision"":""half""}",size,16384,0.042176
2,2,shoc,shoc_fft,"{""batch_count"":1,""precision"":""half""}",size,32768,0.045236
2,2,shoc,shoc_fft,"{""batch_count"":1,""precision"":""half""}",size,65536,0.054498
2,2,shoc,shoc_fft,"{""batch_count"":1,""precision"":""half""}",size,131072,0.065629
2,2,shoc,shoc_fft,"{""batch_count"":1,""precision"":""half""}",size,262144,0.091943
2,2,shoc,shoc_fft,"{""batch_count"":1,""precision"":""half""}",size,524288,0.119913
2,2,shoc,shoc_fft,"{""batch_count"":1,""precision"":""half""}",size,1048576,0.208753
2,2,shoc,shoc_fft,"{""batch_count"":1,""precision"":""half""}",size,2097152,0.375655
2,2,shoc,shoc_fft,"{""batch_count"":1,""precision"":""half""}",size,4194304,0.753031
2,2,shoc,shoc_fft,"{""batch_count"":1,""precision"":""half""}",size,8388608,1.504127
2,2,shoc,shoc_fft,"{""batch_count"":2,""precision"":""double""}",size,1024,0.033516
2,2,shoc,shoc_fft,"{""batch_count"":2,""precision"":""double""}",size,2048,0.037566
2,2,shoc,shoc_fft,"{""batch_count"":2,""precision"":""double""}",size,4096,0.036136
2,2,shoc,shoc_fft,"{""batch_count"":2,""precision"":""double""}",size,8192,0.037873
2,2,shoc,shoc_fft,"{""batch_count"":2,""precision"":""double""}",size,16384,0.041000
2,2,shoc,shoc_fft,"{""batch_count"":2,""precision"":""double""}",size,32768,0.044074
2,2,shoc,shoc_fft,"{""batch_count"":2,""precision"":""double""}",size,65536,0.048311
2,2,shoc,shoc_fft,"{""batch_count"":2,""precision"":""double""}",size,131072,0.066191
2,2,shoc,shoc_fft,"{""batch_count"":2,""precision"":""double""}",size,262144,0.082307
2,2,shoc,shoc_fft,"{""batch_count"":2,""precision"":""double""}",size,524288,0.118096
2,2,shoc,shoc_fft,"{""batch_count"":2,""precision"":""double""}",size,1048576,0.213753
2,2,shoc,shoc_fft,"{""batch_count"":2,""precision"":""double""}",size,2097152,0.378567
2,2,shoc,shoc_fft,"{""batch_count"":2,""precision"":""double""}",size,4194304,0.745745
2,2,shoc,shoc_fft,"{""batch_count"":2,""precision"":""double""}",size,8388608,1.498841
2,2,shoc,shoc_fft,"{""batch_count"":2,""precision"":""float""}",size,1024,0.033703
2,2,shoc,shoc_fft,"{""batch_count"":2,""precision"":""float""}",size,2048,0.035267
2,2,shoc,shoc_fft,"{""batch_count"":2,""precision"":""float""}",size,4096,0.036231
2,2,shoc,shoc_fft,"{""batch_count"":2,""precision"":""float""}",size,8192,0.037739
2,2,shoc,shoc_fft,"{""batch_count"":2,""precision"":""float""}",size,16384,0.042724
2,2,shoc,shoc_fft,"{""batch_count"":2,""precision"":""float""}",size,32768,0.044928
2,2,shoc,shoc_fft,"{""batch_count"":2,""precision"":""float""}",size,65536,0.047749
2,2,shoc,shoc_fft,"{""batch_count"":2,""precision"":""float""}",size,131072,0.066712
2,2,shoc,shoc_fft,"{""batch_count"":2,""precision"":""float""}",size,262144,0.082588
2,2,shoc,shoc_fft,"{""batch_count"":2,""precision"":""float""}",size,524288,0.121436
2,2,shoc,shoc_fft,"{""batch_count"":2,""precision"":""float""}",size,1048576,0.206776
2,2,shoc,shoc_fft,"{""batch_count"":2,""precision"":""float""}",size,2097152,0.377753
2,2,shoc,shoc_fft,"{""batch_count"":2,""precision"":""float""}",size,4194304,0.742677
2,2,shoc,shoc_fft,"{""batch_count"":2,""precision"":""float""}",size,8388608,1.497842
2,2,shoc,shoc_fft,"{""batch_count"":2,""precision"":""half""}",size,1024,0.037058
2,2,shoc,shoc_fft,"{""batch_count"":2,""precision"":""half""}",size,2048,0.034105
2,2,shoc,shoc_fft,"{""batch_count"":2,""precision"":""half""}",size,4096,0.037178
2,2,shoc,shoc_fft,"{""batch_count"":2,""precision"":""half""}",size,8192,0.041187
2,2,shoc,shoc_fft,"{""batch_count"":2,""precision"":""half""}",size,16384,0.042697
2,2,shoc,shoc_fft,"{""batch_count"":2,""precision"":""half""}",size,32768,0.042964
2,2,shoc,shoc_fft,"{""batch_count"":2,""precision"":""half""}",size,65536,0.049593
2,2,shoc,shoc_fft,"{""batch_count"":2,""precision"":""half""}",size,131072,0.067020
2,2,shoc,shoc_fft,"{""batch_count"":2,""precision"":""half""}",size,262144,0.082775
2,2,shoc,shoc_fft,"{""batch_count"":2,""precision"":""half""}",size,524288,0.125552
2,2,shoc,shoc_fft,"{""batch_count"":2,""precision"":""half""}",size,1048576,0.208768
2,2,shoc,shoc_fft,"{""batch_count"":2,""precision"":""half""}",size,2097152,0.378478
2,2,shoc,shoc_fft,"{""batch_count"":2,""precision"":""half""}",size,4194304,0.747016
2,2,shoc,shoc_fft,"{""batch_count"":2,""precision"":""half""}",size,8388608,1.489220
2,2,shoc,shoc_fft,"{""batch_count"":4,""precision"":""double""}",size,1024,0.033957
2,2,shoc,shoc_fft,"{""batch_count"":4,""precision"":""double""}",size,2048,0.036390
2,2,shoc,shoc_fft,"{""batch_count"":4,""precision"":""double""}",size,4096,0.036350
2,2,shoc,shoc_fft,"{""batch_count"":4,""precision"":""double""}",size,8192,0.038942
2,2,shoc,shoc_fft,"{""batch_count"":4,""precision"":""double""}",size,16384,0.042550
2,2,shoc,shoc_fft,"{""batch_count"":4,""precision"":""double""}",size,32768,0.049486
2,2,shoc,shoc_fft,"{""batch_count"":4,""precision"":""double""}",size,65536,0.048698
2,2,shoc,shoc_fft,"{""batch_count"":4,""precision"":""double""}",size,131072,0.069772
2,2,shoc,shoc_fft,"{""batch_count"":4,""precision"":""double""}",size,262144,0.082882
2,2,shoc,shoc_fft,"{""batch_count"":4,""precision"":""double""}",size,524288,0.119766
2,2,shoc,shoc_fft,"{""batch_count"":4,""precision"":""double""}",size,1048576,0.207832
2,2,shoc,shoc_fft,"{""batch_count"":4,""precision"":""double""}",size,2097152,0.379156
2,2,shoc,shoc_fft,"{""batch_count"":4,""precision"":""double""}",size,4194304,0.758697
2,2,shoc,shoc_fft,"{""batch_count"":4,""precision"":""double""}",size,8388608,1.504373
2,2,shoc,shoc_fft,"{""batch_count"":4,""precision"":""float""}",size,1024,0.031431
2,2,shoc,shoc_fft,"{""batch_count"":4,""precision"":""float""}",size,2048,0.033397
2,2,shoc,shoc_fft,"{""batch_count"":4,""precision"":""float""}",size,4096,0.036282
2,2,shoc,shoc_fft,"{""batch_count"":4,""precision"":""float""}",size,8192,0.036990
2,2,shoc,shoc_fft,"{""batch_count"":4,""precision"":""float""}",size,16384,0.042818
2,2,shoc,shoc_fft,"{""batch_count"":4,""precision"":""float""}",size,32768,0.044461
2,2,shoc,shoc_fft,"{""batch_count"":4,""precision"":""float""}",size,65536,0.051009
2,2,shoc,shoc_fft,"{""batch_count"":4,""precision"":""float""}",size,131072,0.071283
2,2,shoc,shoc_fft,"{""batch_count"":4,""precision"":""float""}",size,262144,0.082266
2,2,shoc,shoc_fft,"{""batch_count"":4,""precision"":""float""}",size,524288,0.121035
2,2,shoc,shoc_fft,"{""batch_count"":4,""precision"":""float""}",size,1048576,0.207859
2,2,shoc,shoc_fft,"{""batch_count"":4,""precision"":""float""}",size,2097152,0.374088
2,2,shoc,shoc_fft,"{""batch_count"":4,""precision"":""float""}",size,4194304,0.748830
2,2,shoc,shoc_fft,"{""batch_count"":4,""precision"":""float""}",size,8388608,1.508964
2,2,shoc,shoc_fft,"{""batch_count"":4,""precision"":""half""}",size,1024,0.031846
2,2,shoc,shoc_fft,"{""batch_count"":4,""precision"":""half""}",size,2048,0.035467
2,2,shoc,shoc_fft,"{""batch_count"":4,""precision"":""half""}",size,4096,0.035414
2,2,shoc,shoc_fft,"{""batch_count"":4,""precision"":""half""}",size,8192,0.038862
2,2,shoc,shoc_fft,"{""batch_count"":4,""precision"":""half""}",size,16384,0.040907
2,2,shoc,shoc_fft,"{""batch_count"":4,""precision"":""half""}",size,32768,0.052774
2,2,shoc,shoc_fft,"{""batch_count"":4,""precision"":""half""}",size,65536,0.048097
2,2,shoc,shoc_fft,"{""batch_count"":4,""precision"":""half""}",size,131072,0.067460
2,2,shoc,shoc_fft,"{""batch_count"":4,""precision"":""half""}",size,262144,0.082467
2,2,shoc,shoc_fft,"{""batch_count"":4,""precision"":""half""}",size,524288,0.119551
2,2,shoc,shoc_fft,"{""batch_count"":4,""precision"":""half""}",size,1048576,0.209637
2,2,shoc,shoc_fft,"{""batch_count"":4,""precision"":""half""}",size,2097152,0.377858
2,2,shoc,shoc_fft,"{""batch_count"":4,""precision"":""half""}",size,4194304,0.747353
2,2,shoc,shoc_fft,"{""batch_count"":4,""precision"":""half""}",size,8388608,1.495649
2,2,shoc,shoc_fft,"{""batch_count"":8,""precision"":""double""}",size,1024,0.033517
2,2,shoc,shoc_fft,"{""batch_count"":8,""precision"":""double""}",size,2048,0.034304
2,2,shoc,shoc_fft,"{""batch_count"":8,""precision"":""double""}",size,4096,0.035320
2,2,shoc,shoc_fft,"{""batch_count"":8,""precision"":""double""}",size,8192,0.038474
2,2,shoc,shoc_fft,"{""batch_count"":8,""precision"":""double""}",size,16384,0.047080
2,2,shoc,shoc_fft,"{""batch_count"":8,""precision"":""double""}",size,32768,0.045022
2,2,shoc,shoc_fft,"{""batch_count"":8,""precision"":""double""}",size,65536,0.051584
2,2,shoc,shoc_fft,"{""batch_count"":8,""precision"":""double""}",size,131072,0.071255
2,2,shoc,shoc_fft,"{""batch_count"":8,""precision"":""double""}",size,262144,0.084713
2,2,shoc,shoc_fft,"{""batch_count"":8,""precision"":""double""}",size,524288,0.118991
2,2,shoc,shoc_fft,"{""batch_count"":8,""precision"":""double""}",size,1048576,0.208274
2,2,shoc,shoc_fft,"{""batch_count"":8,""precision"":""double""}",size,2097152,0.379728
2,2,shoc,shoc_fft,"{""batch_count"":8,""precision"":""double""}",size,4194304,0.760117
2,2,shoc,shoc_fft,"{""batch_count"":8,""precision"":""double""}",size,8388608,1.508784
2,2,shoc,shoc_fft,"{""batch_count"":8,""precision"":""float""}",size,1024,0.031672
2,2,shoc,shoc_fft,"{""batch_count"":8,""precision"":""float""}",size,2048,0.034772
2,2,shoc,shoc_fft,"{""batch_count"":8,""precision"":""float""}",size,4096,0.035107
2,2,shoc,shoc_fft,"{""batch_count"":8,""precision"":""float""}",size,8192,0.038768
2,2,shoc,shoc_fft,"{""batch_count"":8,""precision"":""float""}",size,16384,0.040625
2,2,shoc,shoc_fft,"{""batch_count"":8,""precision"":""float""}",size,32768,0.044087
2,2,shoc,shoc_fft,"{""batch_count"":8,""precision"":""float""}",size,65536,0.047562
2,2,shoc,shoc_fft,"{""batch_count"":8,""precision"":""float""}",size,131072,0.066765
2,2,shoc,shoc_fft,"{""batch_count"":8,""precision"":""float""}",size,262144,0.081839
2,2,shoc,shoc_fft,"{""batch_count"":8,""precision"":""float""}",size,524288,0.116906
2,2,shoc,shoc_fft,"{""batch_count"":8,""precision"":""float""}",size,1048576,0.226502
2,2,shoc,shoc_fft,"{""batch_count"":8,""precision"":""float""}",size,2097152,0.381158
2,2,shoc,shoc_fft,"{""batch_count"":8,""precision"":""float""}",size,4194304,0.751830
2,2,shoc,shoc_fft,"{""batch_count"":8,""precision"":""float""}",size,8388608,1.499808
2,2,shoc,shoc_fft,"{""batch_count"":8,""precision"":""half""}",size,1024,0.033543
2,2,shoc,shoc_fft,"{""batch_count"":8,""precision"":""half""}",size,2048,0.035454
2,2,shoc,shoc_fft,"{""batch_count"":8,""precision"":""half""}",size,4096,0.034919
2,2,shoc,shoc_fft,"{""batch_count"":8,""precision"":""half""}",size,8192,0.038607
2,2,shoc,shoc_fft,"{""batch_count"":8,""precision"":""half""}",size,16384,0.040171
2,2,shoc,shoc_fft,"{""batch_count"":8,""precision"":""half""}",size,32768,0.043459
2,2,shoc,shoc_fft,"{""batch_count"":8,""precision"":""half""}",size,65536,0.050835
2,2,shoc,shoc_fft,"{""batch_count"":8,""precision"":""half""}",size,131072,0.066043
2,2,shoc,shoc_fft,"{""batch_count"":8,""precision"":""half""}",size,262144,0.089083
2,2,shoc,shoc_fft,"{""batch_count"":8,""precision"":""half""}",size,524288,0.121775
2,2,shoc,shoc_fft,"{""batch_count"":8,""precision"":""half""}",size,1048576,0.207617
2,2,shoc,shoc_fft,"{""batch_count"":8,""precision"":""half""}",size,2097152,0.376575
2,2,shoc,shoc_fft,"{""batch_count"":8,""precision"":""half""}",size,4194304,0.754729
2,2,shoc,shoc_fft,"{""batch_count"":8,""precision"":""half""}",size,8388608,1.512137
2,2,shoc,shoc_gemm,"{""block_size"":16,""precision"":""double""}",size,64,0.006161
2,2,shoc,shoc_gemm,"{""block_size"":16,""precision"":""double""}",size,128,0.007951
2,2,shoc,shoc_gemm,"{""block_size"":16,""precision"":""double""}",size,192,0.010117
2,2,shoc,shoc_gemm,"{""block_size"":16,""precision"":""double""}",size,256,0.012321
2,2,shoc,shoc_gemm,"{""block_size"":16,""precision"":""double""}",size,384,0.018001
2,2,shoc,shoc_gemm,"{""block_size"":16,""precision"":""double""}",size,512,0.030282
2,2,shoc,shoc_gemm,"{""block_size"":16,""precision"":""double""}",size,640,0.050418
2,2,shoc,shoc_gemm,"{""block_size"":16,""precision"":""double""}",size,768,0.076895
2,2,shoc,shoc_gemm,"{""block_size"":16,""precision"":""double""}",size,896,0.117387
2,2,shoc,shoc_gemm,"{""block_size"":16,""precision"":""double""}",size,1024,0.165668
2,2,shoc,shoc_gemm,"{""block_size"":16,""precision"":""double""}",size,1280,0.323202
2,2,shoc,shoc_gemm,"{""block_size"":16,""precision"":""double""}",size,1536,0.640172
2,2,shoc,shoc_gemm,"{""block_size"":16,""precision"":""double""}",size,1792,1.020330
2,2,shoc,shoc_gemm,"{""block_size"":16,""precision"":""double""}",size,2048,1.405130
2,2,shoc,shoc_gemm,"{""block_size"":16,""precision"":""double""}",size,2560,2.690004
2,2,shoc,shoc_gemm,"{""block_size"":16,""precision"":""double""}",size,3072,4.738261
2,2,shoc,shoc_gemm,"{""block_size"":16,""precision"":""double""}",size,3584,7.669805
2,2,shoc,shoc_gemm,"{""block_size"":16,""precision"":""double""}",size,4096,11.407654
2,2,shoc,shoc_gemm,"{""block_size"":16,""precision"":""double""}",size,5120,22.647867
2,2,shoc,shoc_gemm,"{""block_size"":16,""precision"":""double""}",size,6144,39.193245
2,2,shoc,shoc_gemm,"{""block_size"":16,""precision"":""double""}",size,7168,62.412993
2,2,shoc,shoc_gemm,"{""block_size"":16,""precision"":""double""}",size,8192,94.510079
2,2,shoc,shoc_gemm,"{""block_size"":16,""precision"":""float""}",size,64,0.006241
2,2,shoc,shoc_gemm,"{""block_size"":16,""precision"":""float""}",size,128,0.008112
2,2,shoc,shoc_gemm,"{""block_size"":16,""precision"":""float""}",size,192,0.014473
2,2,shoc,shoc_gemm,"{""block_size"":16,""precision"":""float""}",size,256,0.012509
2,2,shoc,shoc_gemm,"{""block_size"":16,""precision"":""float""}",size,384,0.017948
2,2,shoc,shoc_gemm,"{""block_size"":16,""precision"":""float""}",size,512,0.030082
2,2,shoc,shoc_gemm,"{""block_size"":16,""precision"":""float""}",size,640,0.050194
2,2,shoc,shoc_gemm,"{""block_size"":16,""precision"":""float""}",size,768,0.078098
2,2,shoc,shoc_gemm,"{""block_size"":16,""precision"":""float""}",size,896,0.116959
2,2,shoc,shoc_gemm,"{""block_size"":16,""precision"":""float""}",size,1024,0.165189
2,2,shoc,shoc_gemm,"{""block_size"":16,""precision"":""float""}",size,1280,0.313767
2,2,shoc,shoc_gemm,"{""block_size"":16,""precision"":""float""}",size,1536,0.632221
2,2,shoc,shoc_gemm,"{""block_size"":16,""precision"":""float""}",size,1792,1.016296
2,2,shoc,shoc_gemm,"{""block_size"":16,""precision"":""float""}",size,2048,1.411189
2,2,shoc,shoc_gemm,"{""block_size"":16,""precision"":""float""}",size,2560,2.723924
2,2,shoc,shoc_gemm,"{""block_size"":16,""precision"":""float""}",size,3072,4.749866
2,2,shoc,shoc_gemm,"{""block_size"":16,""precision"":""float""}",size,3584,7.670632
2,2,shoc,shoc_gemm,"{""block_size"":16,""precision"":""float""}",size,4096,11.411336
2,2,shoc,shoc_gemm,"{""block_size"":16,""precision"":""float""}",size,5120,22.614824
2,2,shoc,shoc_gemm,"{""block_size"":16,""precision"":""float""}",size,6144,39.173767
2,2,shoc,shoc_gemm,"{""block_size"":16,""precision"":""float""}",size,7168,62.407055
2,2,shoc,shoc_gemm,"{""block_size"":16,""precision"":""float""}",size,8192,94.480026
2,2,shoc,shoc_gemm,"{""block_size"":16,""precision"":""half""}",size,64,0.006441
2,2,shoc,shoc_gemm,"{""block_size"":16,""precision"":""half""}",size,128,0.008018
2,2,shoc,shoc_gemm,"{""block_size"":16,""precision"":""half""}",size,192,0.009970
2,2,shoc,shoc_gemm,"{""block_size"":16,""precision"":""half""}",size,256,0.012175
2,2,shoc,shoc_gemm,"{""block_size"":16,""precision"":""half""}",size,384,0.018722
2,2,shoc,shoc_gemm,"{""block_size"":16,""precision"":""half""}",size,512,0.030028
2,2,shoc,shoc_gemm,"{""block_size"":16,""precision"":""half""}",size,640,0.050742
2,2,shoc,shoc_gemm,"{""block_size"":16,""precision"":""half""}",size,768,0.077175
2,2,shoc,shoc_gemm,"{""block_size"":16,""precision"":""half""}",size,896,0.118871
2,2,shoc,shoc_gemm,"{""block_size"":16,""precision"":""half""}",size,1024,0.165416
2,2,shoc,shoc_gemm,"{""block_size"":16,""precision"":""half""}",size,1280,0.328615
2,2,shoc,shoc_gemm,"{""block_size"":16,""precision"":""half""}",size,1536,0.652412
2,2,shoc,shoc_gemm,"{""block_size"":16,""precision"":""half""}",size,1792,1.019758
2,2,shoc,shoc_gemm,"{""block_size"":16,""precision"":""half""}",size,2048,1.384771
2,2,shoc,shoc_gemm,"{""block_size"":16,""precision"":""half""}",size,2560,2.723709
2,2,shoc,shoc_gemm,"{""block_size"":16,""precision"":""half""}",size,3072,4.757596
2,2,shoc,shoc_gemm,"{""block_size"":16,""precision"":""half""}",size,3584,7.695531
2,2,shoc,shoc_gemm,"{""block_size"":16,""precision"":""half""}",size,4096,11.443080
2,2,shoc,shoc_gemm,"{""block_size"":16,""precision"":""half""}",size,5120,22.666469
2,2,shoc,shoc_gemm,"{""block_size"":16,""precision"":""half""}",size,6144,39.199078
2,2,shoc,shoc_gemm,"{""block_size"":16,""precision"":""half""}",size,7168,62.379211
2,2,shoc,shoc_gemm,"{""block_size"":16,""precision"":""half""}",size,8192,94.692396
2,2,shoc,shoc_reduction,"{""block_size"":256,""precision"":""double""}",size,1024,0.008312
2,2,shoc,shoc_reduction,"{""block_size"":256,""precision"":""double""}",size,1536,0.008540
2,2,shoc,shoc_reduction,"{""block_size"":256,""precision"":""double""}",size,2048,0.008579
2,2,shoc,shoc_reduction,"{""block_size"":256,""precision"":""double""}",size,3072,0.013257
2,2,shoc,shoc_reduction,"{""block_size"":256,""precision"":""double""}",size,4096,0.008259
2,2,shoc,shoc_reduction,"{""block_size"":256,""precision"":""double""}",size,6144,0.008259
2,2,shoc,shoc_reduction,"{""block_size"":256,""precision"":""double""}",size,8192,0.008272
2,2,shoc,shoc_reduction,"{""block_size"":256,""precision"":""double""}",size,12288,0.008486
2,2,shoc,shoc_reduction,"{""block_size"":256,""precision"":""double""}",size,16384,0.008486
2,2,shoc,shoc_reduction,"{""block_size"":256,""precision"":""double""}",size,24576,0.008178
2,2,shoc,shoc_reduction,"{""block_size"":256,""precision"":""double""}",size,32768,0.008098
2,2,shoc,shoc_reduction,"{""block_size"":256,""precision"":""double""}",size,49152,0.008152
2,2,shoc,shoc_reduction,"{""block_size"":256,""precision"":""double""}",size,65536,0.008272
2,2,shoc,shoc_reduction,"{""block_size"":256,""precision"":""double""}",size,98304,0.008098
2,2,shoc,shoc_reduction,"{""block_size"":256,""precision"":""double""}",size,131072,0.008138
2,2,shoc,shoc_reduction,"{""block_size"":256,""precision"":""double""}",size,196608,0.008072
2,2,shoc,shoc_reduction,"{""block_size"":256,""precision"":""double""}",size,262144,0.008245
2,2,shoc,shoc_reduction,"{""block_size"":256,""precision"":""double""}",size,393216,0.036562
2,2,shoc,shoc_reduction,"{""block_size"":256,""precision"":""double""}",size,524288,0.036897
2,2,shoc,shoc_reduction,"{""block_size"":256,""precision"":""double""}",size,786432,0.039183
2,2,shoc,shoc_reduction,"{""block_size"":256,""precision"":""double""}",size,1048576,0.039876
2,2,shoc,shoc_reduction,"{""block_size"":256,""precision"":""double""}",size,1572864,0.035667
2,2,shoc,shoc_reduction,"{""block_size"":256,""precision"":""double""}",size,2097152,0.036696
2,2,shoc,shoc_reduction,"{""block_size"":256,""precision"":""double""}",size,3145728,0.037485
2,2,shoc,shoc_reduction,"{""block_size"":256,""precision"":""double""}",size,4194304,0.038313
2,2,shoc,shoc_reduction,"{""block_size"":256,""precision"":""double""}",size,6291456,0.041400
2,2,shoc,shoc_reduction,"{""block_size"":256,""precision"":""double""}",size,8388608,0.043591
2,2,shoc,shoc_reduction,"{""block_size"":256,""precision"":""double""}",size,16777216,0.055365
2,2,shoc,shoc_reduction,"{""block_size"":256,""precision"":""double""}",size,33554432,0.074434
2,2,shoc,shoc_reduction,"{""block_size"":256,""precision"":""double""}",size,67108864,0.118201
2,2,shoc,shoc_reduction,"{""block_size"":256,""precision"":""double""}",size,134217728,0.215876
2,2,shoc,shoc_reduction,"{""block_size"":256,""precision"":""double""}",size,268435456,0.438169
2,2,shoc,shoc_reduction,"{""block_size"":256,""precision"":""float""}",size,1024,0.008285
2,2,shoc,shoc_reduction,"{""block_size"":256,""precision"":""float""}",size,1536,0.008392
2,2,shoc,shoc_reduction,"{""block_size"":256,""precision"":""float""}",size,2048,0.008272
2,2,shoc,shoc_reduction,"{""block_size"":256,""precision"":""float""}",size,3072,0.008259
2,2,shoc,shoc_reduction,"{""block_size"":256,""precision"":""float""}",size,4096,0.008407
2,2,shoc,shoc_reduction,"{""block_size"":256,""precision"":""float""}",size,6144,0.008259
2,2,shoc,shoc_reduction,"{""block_size"":256,""precision"":""float""}",size,8192,0.009087
2,2,shoc,shoc_reduction,"{""block_size"":256,""precision"":""float""}",size,12288,0.008232
2,2,shoc,shoc_reduction,"{""block_size"":256,""precision"":""float""}",size,16384,0.008206
2,2,shoc,shoc_reduction,"{""block_size"":256,""precision"":""float""}",size,24576,0.008072
2,2,shoc,shoc_reduction,"{""block_size"":256,""precision"":""float""}",size,32768,0.008219
2,2,shoc,shoc_reduction,"{""block_size"":256,""precision"":""float""}",size,49152,0.007978
2,2,shoc,shoc_reduction,"{""block_size"":256,""precision"":""float""}",size,65536,0.008151
2,2,shoc,shoc_reduction,"{""block_size"":256,""precision"":""float""}",size,98304,0.008058
2,2,shoc,shoc_reduction,"{""block_size"":256,""precision"":""float""}",size,131072,0.008299
2,2,shoc,shoc_reduction,"{""block_size"":256,""precision"":""float""}",size,196608,0.008232
2,2,shoc,shoc_reduction,"{""block_size"":256,""precision"":""float""}",size,262144,0.010718
2,2,shoc,shoc_reduction,"{""block_size"":256,""precision"":""float""}",size,393216,0.038153
2,2,shoc,shoc_reduction,"{""block_size"":256,""precision"":""float""}",size,524288,0.039035
2,2,shoc,shoc_reduction,"{""block_size"":256,""precision"":""float""}",size,786432,0.039582
2,2,shoc,shoc_reduction,"{""block_size"":256,""precision"":""float""}",size,1048576,0.035787
2,2,shoc,shoc_reduction,"{""block_size"":256,""precision"":""float""}",size,1572864,0.037150
2,2,shoc,shoc_reduction,"{""block_size"":256,""precision"":""float""}",size,2097152,0.036308
2,2,shoc,shoc_reduction,"{""block_size"":256,""precision"":""float""}",size,3145728,0.036976
2,2,shoc,shoc_reduction,"{""block_size"":256,""precision"":""float""}",size,4194304,0.039221
2,2,shoc,shoc_reduction,"{""block_size"":256,""precision"":""float""}",size,6291456,0.046866
2,2,shoc,shoc_reduction,"{""block_size"":256,""precision"":""float""}",size,8388608,0.045557
2,2,shoc,shoc_reduction,"{""block_size"":256,""precision"":""float""}",size,16777216,0.054844
2,2,shoc,shoc_reduction,"{""block_size"":256,""precision"":""float""}",size,33554432,0.078137
2,2,shoc,shoc_reduction,"{""block_size"":256,""precision"":""float""}",size,67108864,0.114272
2,2,shoc,shoc_reduction,"{""block_size"":256,""precision"":""float""}",size,134217728,0.215809
2,2,shoc,shoc_reduction,"{""block_size"":256,""precision"":""float""}",size,268435456,0.438049
2,2,shoc,shoc_reduction,"{""block_size"":256,""precision"":""half""}",size,1024,0.008166
2,2,shoc,shoc_reduction,"{""block_size"":256,""precision"":""half""}",size,1536,0.008379
2,2,shoc,shoc_reduction,"{""block_size"":256,""precision"":""half""}",size,2048,0.008286
2,2,shoc,shoc_reduction,"{""block_size"":256,""precision"":""half""}",size,3072,0.008365
2,2,shoc,shoc_reduction,"{""block_size"":256,""precision"":""half""}",size,4096,0.008526
2,2,shoc,shoc_reduction,"{""block_size"":256,""precision"":""half""}",size,6144,0.008259
2,2,shoc,shoc_reduction,"{""block_size"":256,""precision"":""half""}",size,8192,0.008419
2,2,shoc,shoc_reduction,"{""block_size"":256,""precision"":""half""}",size,12288,0.008366
2,2,shoc,shoc_reduction,"{""block_size"":256,""precision"":""half""}",size,16384,0.008406
2,2,shoc,shoc_reduction,"{""block_size"":256,""precision"":""half""}",size,24576,0.008125
2,2,shoc,shoc_reduction,"{""block_size"":256,""precision"":""half""}",size,32768,0.007978
2,2,shoc,shoc_reduction,"{""block_size"":256,""precision"":""half""}",size,49152,0.009649
2,2,shoc,shoc_reduction,"{""block_size"":256,""precision"":""half""}",size,65536,0.008178
2,2,shoc,shoc_reduction,"{""block_size"":256,""precision"":""half""}",size,98304,0.008152
2,2,shoc,shoc_reduction,"{""block_size"":256,""precision"":""half""}",size,131072,0.008085
2,2,shoc,shoc_reduction,"{""block_size"":256,""precision"":""half""}",size,196608,0.008098
2,2,shoc,shoc_reduction,"{""block_size"":256,""precision"":""half""}",size,262144,0.014165
2,2,shoc,shoc_reduction,"{""block_size"":256,""precision"":""half""}",size,393216,0.038767
2,2,shoc,shoc_reduction,"{""block_size"":256,""precision"":""half""}",size,524288,0.038327
2,2,shoc,shoc_reduction,"{""block_size"":256,""precision"":""half""}",size,786432,0.036293
2,2,shoc,shoc_reduction,"{""block_size"":256,""precision"":""half""}",size,1048576,0.040866
2,2,shoc,shoc_reduction,"{""block_size"":256,""precision"":""half""}",size,1572864,0.036147
2,2,shoc,shoc_reduction,"{""block_size"":256,""precision"":""half""}",size,2097152,0.035934
2,2,shoc,shoc_reduction,"{""block_size"":256,""precision"":""half""}",size,3145728,0.037538
2,2,shoc,shoc_reduction,"{""block_size"":256,""precision"":""half""}",size,4194304,0.038674
2,2,shoc,shoc_reduction,"{""block_size"":256,""precision"":""half""}",size,6291456,0.043472
2,2,shoc,shoc_reduction,"{""block_size"":256,""precision"":""half""}",size,8388608,0.043511
2,2,shoc,shoc_reduction,"{""block_size"":256,""precision"":""half""}",size,16777216,0.055471
2,2,shoc,shoc_reduction,"{""block_size"":256,""precision"":""half""}",size,33554432,0.075103
2,2,shoc,shoc_reduction,"{""block_size"":256,""precision"":""half""}",size,67108864,0.113965
2,2,shoc,shoc_reduction,"{""block_size"":256,""precision"":""half""}",size,134217728,0.217506
2,2,shoc,shoc_reduction,"{""block_size"":256,""precision"":""half""}",size,268435456,0.430243
2,2,shoc,shoc_scan,"{""block_size"":256,""precision"":""double""}",array_size,1024,0.017854
2,2,shoc,shoc_scan,"{""block_size"":256,""precision"":""double""}",array_size,1536,0.017466
2,2,shoc,shoc_scan,"{""block_size"":256,""precision"":""double""}",array_size,2048,0.021248
2,2,shoc,shoc_scan,"{""block_size"":256,""precision"":""double""}",array_size,3072,0.017600
2,2,shoc,shoc_scan,"{""block_size"":256,""precision"":""double""}",array_size,4096,0.017494
2,2,shoc,shoc_scan,"{""block_size"":256,""precision"":""double""}",array_size,6144,0.017627
2,2,shoc,shoc_scan,"{""block_size"":256,""precision"":""double""}",array_size,8192,0.018175
2,2,shoc,shoc_scan,"{""block_size"":256,""precision"":""double""}",array_size,12288,0.020567
2,2,shoc,shoc_scan,"{""block_size"":256,""precision"":""double""}",array_size,16384,0.017414
2,2,shoc,shoc_scan,"{""block_size"":256,""precision"":""double""}",array_size,24576,0.017399
2,2,shoc,shoc_scan,"{""block_size"":256,""precision"":""double""}",array_size,32768,0.017453
2,2,shoc,shoc_scan,"{""block_size"":256,""precision"":""double""}",array_size,49152,0.017293
2,2,shoc,shoc_scan,"{""block_size"":256,""precision"":""double""}",array_size,65536,0.017587
2,2,shoc,shoc_scan,"{""block_size"":256,""precision"":""double""}",array_size,98304,0.018375
2,2,shoc,shoc_scan,"{""block_size"":256,""precision"":""double""}",array_size,131072,0.017721
2,2,shoc,shoc_scan,"{""block_size"":256,""precision"":""double""}",array_size,196608,0.019378
2,2,shoc,shoc_scan,"{""block_size"":256,""precision"":""double""}",array_size,262144,0.019110
2,2,shoc,shoc_scan,"{""block_size"":256,""precision"":""double""}",array_size,393216,0.030844
2,2,shoc,shoc_scan,"{""block_size"":256,""precision"":""double""}",array_size,524288,0.031498
2,2,shoc,shoc_scan,"{""block_size"":256,""precision"":""double""}",array_size,786432,0.034732
2,2,shoc,shoc_scan,"{""block_size"":256,""precision"":""double""}",array_size,1048576,0.035948
2,2,shoc,shoc_scan,"{""block_size"":256,""precision"":""double""}",array_size,1572864,0.040398
2,2,shoc,shoc_scan,"{""block_size"":256,""precision"":""double""}",array_size,2097152,0.041748
2,2,shoc,shoc_scan,"{""block_size"":256,""precision"":""double""}",array_size,3145728,0.052133
2,2,shoc,shoc_scan,"{""block_size"":256,""precision"":""double""}",array_size,4194304,0.056742
2,2,shoc,shoc_scan,"{""block_size"":256,""precision"":""double""}",array_size,6291456,0.068289
2,2,shoc,shoc_scan,"{""block_size"":256,""precision"":""double""}",array_size,8388608,0.083778
2,2,shoc,shoc_scan,"{""block_size"":256,""precision"":""double""}",array_size,16777216,0.140812
2,2,shoc,shoc_scan,"{""block_size"":256,""precision"":""double""}",array_size,33554432,0.233745
2,2,shoc,shoc_scan,"{""block_size"":256,""precision"":""double""}",array_size,67108864,0.440575
2,2,shoc,shoc_scan,"{""block_size"":256,""precision"":""double""}",array_size,134217728,0.853317
2,2,shoc,shoc_scan,"{""block_size"":256,""precision"":""double""}",array_size,268435456,1.671346
2,2,shoc,shoc_scan,"{""block_size"":256,""precision"":""float""}",array_size,1024,0.017574
2,2,shoc,shoc_scan,"{""block_size"":256,""precision"":""float""}",array_size,1536,0.017868
2,2,shoc,shoc_scan,"{""block_size"":256,""precision"":""float""}",array_size,2048,0.017266
2,2,shoc,shoc_scan,"{""block_size"":256,""precision"":""float""}",array_size,3072,0.017680
2,2,shoc,shoc_scan,"{""block_size"":256,""precision"":""float""}",array_size,4096,0.017720
2,2,shoc,shoc_scan,"{""block_size"":256,""precision"":""float""}",array_size,6144,0.019470
2,2,shoc,shoc_scan,"{""block_size"":256,""precision"":""float""}",array_size,8192,0.017654
2,2,shoc,shoc_scan,"{""block_size"":256,""precision"":""float""}",array_size,12288,0.017547
2,2,shoc,shoc_scan,"{""block_size"":256,""precision"":""float""}",array_size,16384,0.017400
2,2,shoc,shoc_scan,"{""block_size"":256,""precision"":""float""}",array_size,24576,0.017479
2,2,shoc,shoc_scan,"{""block_size"":256,""precision"":""float""}",array_size,32768,0.017480
2,2,shoc,shoc_scan,"{""block_size"":256,""precision"":""float""}",array_size,49152,0.019350
2,2,shoc,shoc_scan,"{""block_size"":256,""precision"":""float""}",array_size,65536,0.023988
2,2,shoc,shoc_scan,"{""block_size"":256,""precision"":""float""}",array_size,98304,0.017560
2,2,shoc,shoc_scan,"{""block_size"":256,""precision"":""float""}",array_size,131072,0.017494
2,2,shoc,shoc_scan,"{""block_size"":256,""precision"":""float""}",array_size,196608,0.018055
2,2,shoc,shoc_scan,"{""block_size"":256,""precision"":""float""}",array_size,262144,0.018254
2,2,shoc,shoc_scan,"{""block_size"":256,""precision"":""float""}",array_size,393216,0.032260
2,2,shoc,shoc_scan,"{""block_size"":256,""precision"":""float""}",array_size,524288,0.032661
2,2,shoc,shoc_scan,"{""block_size"":256,""precision"":""float""}",array_size,786432,0.035054
2,2,shoc,shoc_scan,"{""block_size"":256,""precision"":""float""}",array_size,1048576,0.036938
2,2,shoc,shoc_scan,"{""block_size"":256,""precision"":""float""}",array_size,1572864,0.040892
2,2,shoc,shoc_scan,"{""block_size"":256,""precision"":""float""}",array_size,2097152,0.042149
2,2,shoc,shoc_scan,"{""block_size"":256,""precision"":""float""}",array_size,3145728,0.049125
2,2,shoc,shoc_scan,"{""block_size"":256,""precision"":""float""}",array_size,4194304,0.055794
2,2,shoc,shoc_scan,"{""block_size"":256,""precision"":""float""}",array_size,6291456,0.070279
2,2,shoc,shoc_scan,"{""block_size"":256,""precision"":""float""}",array_size,8388608,0.083163
2,2,shoc,shoc_scan,"{""block_size"":256,""precision"":""float""}",array_size,16777216,0.133088
2,2,shoc,shoc_scan,"{""block_size"":256,""precision"":""float""}",array_size,33554432,0.237820
2,2,shoc,shoc_scan,"{""block_size"":256,""precision"":""float""}",array_size,67108864,0.432758
2,2,shoc,shoc_scan,"{""block_size"":256,""precision"":""float""}",array_size,134217728,0.854827
2,2,shoc,shoc_scan,"{""block_size"":256,""precision"":""float""}",array_size,268435456,1.659597
2,2,shoc,shoc_scan,"{""block_size"":256,""precision"":""half""}",array_size,1024,0.017680
2,2,shoc,shoc_scan,"{""block_size"":256,""precision"":""half""}",array_size,1536,0.017440
2,2,shoc,shoc_scan,"{""block_size"":256,""precision"":""half""}",array_size,2048,0.017359
2,2,shoc,shoc_scan,"{""block_size"":256,""precision"":""half""}",array_size,3072,0.017574
2,2,shoc,shoc_scan,"{""block_size"":256,""precision"":""half""}",array_size,4096,0.017519
2,2,shoc,shoc_scan,"{""block_size"":256,""precision"":""half""}",array_size,6144,0.017747
2,2,shoc,shoc_scan,"{""block_size"":256,""precision"":""half""}",array_size,8192,0.017574
2,2,shoc,shoc_scan,"{""block_size"":256,""precision"":""half""}",array_size,12288,0.022838
2,2,shoc,shoc_scan,"{""block_size"":256,""precision"":""half""}",array_size,16384,0.017453
2,2,shoc,shoc_scan,"{""block_size"":256,""precision"":""half""}",array_size,24576,0.017440
2,2,shoc,shoc_scan,"{""block_size"":256,""precision"":""half""}",array_size,32768,0.017466
2,2,shoc,shoc_scan,"{""block_size"":256,""precision"":""half""}",array_size,49152,0.017948
2,2,shoc,shoc_scan,"{""block_size"":256,""precision"":""half""}",array_size,65536,0.017519
2,2,shoc,shoc_scan,"{""block_size"":256,""precision"":""half""}",array_size,98304,0.018896
2,2,shoc,shoc_scan,"{""block_size"":256,""precision"":""half""}",array_size,131072,0.017640
2,2,shoc,shoc_scan,"{""block_size"":256,""precision"":""half""}",array_size,196608,0.018002
2,2,shoc,shoc_scan,"{""block_size"":256,""precision"":""half""}",array_size,262144,0.018175
2,2,shoc,shoc_scan,"{""block_size"":256,""precision"":""half""}",array_size,393216,0.033437
2,2,shoc,shoc_scan,"{""block_size"":256,""precision"":""half""}",array_size,524288,0.032020
2,2,shoc,shoc_scan,"{""block_size"":256,""precision"":""half""}",array_size,786432,0.033356
2,2,shoc,shoc_scan,"{""block_size"":256,""precision"":""half""}",array_size,1048576,0.036282
2,2,shoc,shoc_scan,"{""block_size"":256,""precision"":""half""}",array_size,1572864,0.040197
2,2,shoc,shoc_scan,"{""block_size"":256,""precision"":""half""}",array_size,2097152,0.042523
2,2,shoc,shoc_scan,"{""block_size"":256,""precision"":""half""}",array_size,3145728,0.048230
2,2,shoc,shoc_scan,"{""block_size"":256,""precision"":""half""}",array_size,4194304,0.054351
2,2,shoc,shoc_scan,"{""block_size"":256,""precision"":""half""}",array_size,6291456,0.070414
2,2,shoc,shoc_scan,"{""block_size"":256,""precision"":""half""}",array_size,8388608,0.084565
2,2,shoc,shoc_scan,"{""block_size"":256,""precision"":""half""}",array_size,16777216,0.136298
2,2,shoc,shoc_scan,"{""block_size"":256,""precision"":""half""}",array_size,33554432,0.238182
2,2,shoc,shoc_scan,"{""block_size"":256,""precision"":""half""}",array_size,67108864,0.432356
2,2,shoc,shoc_scan,"{""block_size"":256,""precision"":""half""}",array_size,134217728,0.853890
2,2,shoc,shoc_scan,"{""block_size"":256,""precision"":""half""}",array_size,268435456,1.628512
2,2,shoc,shoc_sort,"{""block_size"":256,""precision"":""float""}",size,1024,0.145653
2,2,shoc,shoc_sort,"{""block_size"":256,""precision"":""float""}",size,1536,0.179957
2,2,shoc,shoc_sort,"{""block_size"":256,""precision"":""float""}",size,2048,0.174878
2,2,shoc,shoc_sort,"{""block_size"":256,""precision"":""float""}",size,3072,0.208073
2,2,shoc,shoc_sort,"{""block_size"":256,""precision"":""float""}",size,4096,0.222079
2,2,shoc,shoc_sort,"{""block_size"":256,""precision"":""float""}",size,6144,0.233251
2,2,shoc,shoc_sort,"{""block_size"":256,""precision"":""float""}",size,8192,0.249822
2,2,shoc,shoc_sort,"{""block_size"":256,""precision"":""float""}",size,12288,0.265525
2,2,shoc,shoc_sort,"{""block_size"":256,""precision"":""float""}",size,16384,0.274746
2,2,shoc,shoc_sort,"{""block_size"":256,""precision"":""float""}",size,24576,0.309812
2,2,shoc,shoc_sort,"{""block_size"":256,""precision"":""float""}",size,32768,0.308297
2,2,shoc,shoc_sort,"{""block_size"":256,""precision"":""float""}",size,49152,0.341123
2,2,shoc,shoc_sort,"{""block_size"":256,""precision"":""float""}",size,65536,0.335671
2,2,shoc,shoc_sort,"{""block_size"":256,""precision"":""float""}",size,98304,0.386600
2,2,shoc,shoc_sort,"{""block_size"":256,""precision"":""float""}",size,131072,0.406272
2,2,shoc,shoc_sort,"{""block_size"":256,""precision"":""float""}",size,196608,0.455209
2,2,shoc,shoc_sort,"{""block_size"":256,""precision"":""float""}",size,262144,0.434827
2,2,shoc,shoc_sort,"{""block_size"":256,""precision"":""float""}",size,393216,0.641499
2,2,shoc,shoc_sort,"{""block_size"":256,""precision"":""float""}",size,524288,0.638251
2,2,shoc,shoc_sort,"{""block_size"":256,""precision"":""float""}",size,786432,1.189696
2,2,shoc,shoc_sort,"{""block_size"":256,""precision"":""float""}",size,1048576,1.202074
2,2,shoc,shoc_sort,"{""block_size"":256,""precision"":""float""}",size,1572864,2.228609
2,2,shoc,shoc_sort,"{""block_size"":256,""precision"":""float""}",size,2097152,2.226766
2,2,shoc,shoc_sort,"{""block_size"":256,""precision"":""float""}",size,3145728,3.747049
2,2,shoc,shoc_sort,"{""block_size"":256,""precision"":""float""}",size,4194304,3.745919
2,2,shoc,shoc_sort,"{""block_size"":256,""precision"":""float""}",size,6291456,6.889675
2,2,shoc,shoc_sort,"{""block_size"":256,""precision"":""float""}",size,8388608,6.893863
2,2,shoc,shoc_sort,"{""block_size"":256,""precision"":""int""}",size,1024,0.147442
2,2,shoc,shoc_sort,"{""block_size"":256,""precision"":""int""}",size,1536,0.176709
2,2,shoc,shoc_sort,"{""block_size"":256,""precision"":""int""}",size,2048,0.171190
2,2,shoc,shoc_sort,"{""block_size"":256,""precision"":""int""}",size,3072,0.197998
2,2,shoc,shoc_sort,"{""block_size"":256,""precision"":""int""}",size,4096,0.201901
2,2,shoc,shoc_sort,"{""block_size"":256,""precision"":""int""}",size,6144,0.238142
2,2,shoc,shoc_sort,"{""block_size"":256,""precision"":""int""}",size,8192,0.222627
2,2,shoc,shoc_sort,"{""block_size"":256,""precision"":""int""}",size,12288,0.272656
2,2,shoc,shoc_sort,"{""block_size"":256,""precision"":""int""}",size,16384,0.267088
2,2,shoc,shoc_sort,"{""block_size"":256,""precision"":""int""}",size,24576,0.319287
2,2,shoc,shoc_sort,"{""block_size"":256,""precision"":""int""}",size,32768,0.312819
2,2,shoc,shoc_sort,"{""block_size"":256,""precision"":""int""}",size,49152,0.356692
2,2,shoc,shoc_sort,"{""block_size"":256,""precision"":""int""}",size,65536,0.346041
2,2,shoc,shoc_sort,"{""block_size"":256,""precision"":""int""}",size,98304,0.392385
2,2,shoc,shoc_sort,"{""block_size"":256,""precision"":""int""}",size,131072,0.389379
2,2,shoc,shoc_sort,"{""block_size"":256,""precision"":""int""}",size,196608,0.459739
2,2,shoc,shoc_sort,"{""block_size"":256,""precision"":""int""}",size,262144,0.453660
2,2,shoc,shoc_sort,"{""block_size"":256,""precision"":""int""}",size,393216,0.631894
2,2,shoc,shoc_sort,"{""block_size"":256,""precision"":""int""}",size,524288,0.627603
2,2,shoc,shoc_sort,"{""block_size"":256,""precision"":""int""}",size,786432,1.200212
2,2,shoc,shoc_sort,"{""block_size"":256,""precision"":""int""}",size,1048576,1.193900
2,2,shoc,shoc_sort,"{""block_size"":256,""precision"":""int""}",size,1572864,2.238070
2,2,shoc,shoc_sort,"{""block_size"":256,""precision"":""int""}",size,2097152,2.220177
2,2,shoc,shoc_sort,"{""block_size"":256,""precision"":""int""}",size,3145728,3.745472
2,2,shoc,shoc_sort,"{""block_size"":256,""precision"":""int""}",size,4194304,3.756788
2,2,shoc,shoc_sort,"{""block_size"":256,""precision"":""int""}",size,6291456,6.901092
2,2,shoc,shoc_sort,"{""block_size"":256,""precision"":""int""}",size,8388608,6.900468
2,2,shoc,shoc_sort,"{""block_size"":256,""precision"":""uint""}",size,1024,0.150330
2,2,shoc,shoc_sort,"{""block_size"":256,""precision"":""uint""}",size,1536,0.174825
2,2,shoc,shoc_sort,"{""block_size"":256,""precision"":""uint""}",size,2048,0.175880
2,2,shoc,shoc_sort,"{""block_size"":256,""precision"":""uint""}",size,3072,0.209531
2,2,shoc,shoc_sort,"{""block_size"":256,""precision"":""uint""}",size,4096,0.199601
2,2,shoc,shoc_sort,"{""block_size"":256,""precision"":""uint""}",size,6144,0.246027
2,2,shoc,shoc_sort,"{""block_size"":256,""precision"":""uint""}",size,8192,0.243328
2,2,shoc,shoc_sort,"{""block_size"":256,""precision"":""uint""}",size,12288,0.275989
2,2,shoc,shoc_sort,"{""block_size"":256,""precision"":""uint""}",size,16384,0.266513
2,2,shoc,shoc_sort,"{""block_size"":256,""precision"":""uint""}",size,24576,0.327652
2,2,shoc,shoc_sort,"{""block_size"":256,""precision"":""uint""}",size,32768,0.300698
2,2,shoc,shoc_sort,"{""block_size"":256,""precision"":""uint""}",size,49152,0.336045
2,2,shoc,shoc_sort,"{""block_size"":256,""precision"":""uint""}",size,65536,0.327252
2,2,shoc,shoc_sort,"{""block_size"":256,""precision"":""uint""}",size,98304,0.368522
2,2,shoc,shoc_sort,"{""block_size"":256,""precision"":""uint""}",size,131072,0.386026
2,2,shoc,shoc_sort,"{""block_size"":256,""precision"":""uint""}",size,196608,0.455544
2,2,shoc,shoc_sort,"{""block_size"":256,""precision"":""uint""}",size,262144,0.451201
2,2,shoc,shoc_sort,"{""block_size"":256,""precision"":""uint""}",size,393216,0.636609
2,2,shoc,shoc_sort,"{""block_size"":256,""precision"":""uint""}",size,524288,0.647248
2,2,shoc,shoc_sort,"{""block_size"":256,""precision"":""uint""}",size,786432,1.210035
2,2,shoc,shoc_sort,"{""block_size"":256,""precision"":""uint""}",size,1048576,1.197047
2,2,shoc,shoc_sort,"{""block_size"":256,""precision"":""uint""}",size,1572864,2.232402
2,2,shoc,shoc_sort,"{""block_size"":256,""precision"":""uint""}",size,2097152,2.217655
2,2,shoc,shoc_sort,"{""block_size"":256,""precision"":""uint""}",size,3145728,3.747040
2,2,shoc,shoc_sort,"{""block_size"":256,""precision"":""uint""}",size,4194304,3.747022
2,2,shoc,shoc_sort,"{""block_size"":256,""precision"":""uint""}",size,6291456,6.909405
2,2,shoc,shoc_sort,"{""block_size"":256,""precision"":""uint""}",size,8388608,6.896692
2,2,shoc,shoc_spmv,"{""nnz_per_row"":32,""precision"":""double""}",num_rows,1024,0.015876
2,2,shoc,shoc_spmv,"{""nnz_per_row"":32,""precision"":""double""}",num_rows,1536,0.016117
2,2,shoc,shoc_spmv,"{""nnz_per_row"":32,""precision"":""double""}",num_rows,2048,0.016344
2,2,shoc,shoc_spmv,"{""nnz_per_row"":32,""precision"":""double""}",num_rows,3072,0.016223
2,2,shoc,shoc_spmv,"{""nnz_per_row"":32,""precision"":""double""}",num_rows,4096,0.016424
2,2,shoc,shoc_spmv,"{""nnz_per_row"":32,""precision"":""double""}",num_rows,6144,0.017146
2,2,shoc,shoc_spmv,"{""nnz_per_row"":32,""precision"":""double""}",num_rows,8192,0.017039
2,2,shoc,shoc_spmv,"{""nnz_per_row"":32,""precision"":""double""}",num_rows,12288,0.018055
2,2,shoc,shoc_spmv,"{""nnz_per_row"":32,""precision"":""double""}",num_rows,16384,0.018335
2,2,shoc,shoc_spmv,"{""nnz_per_row"":32,""precision"":""double""}",num_rows,24576,0.020794
2,2,shoc,shoc_spmv,"{""nnz_per_row"":32,""precision"":""double""}",num_rows,32768,0.028799
2,2,shoc,shoc_spmv,"{""nnz_per_row"":32,""precision"":""double""}",num_rows,49152,0.048110
2,2,shoc,shoc_spmv,"{""nnz_per_row"":32,""precision"":""double""}",num_rows,65536,0.059963
2,2,shoc,shoc_spmv,"{""nnz_per_row"":32,""precision"":""double""}",num_rows,98304,0.115717
2,2,shoc,shoc_spmv,"{""nnz_per_row"":32,""precision"":""double""}",num_rows,131072,0.125258
2,2,shoc,shoc_spmv,"{""nnz_per_row"":32,""precision"":""double""}",num_rows,196608,0.324338
2,2,shoc,shoc_spmv,"{""nnz_per_row"":32,""precision"":""double""}",num_rows,262144,0.463106
2,2,shoc,shoc_spmv,"{""nnz_per_row"":32,""precision"":""double""}",num_rows,393216,0.724138
2,2,shoc,shoc_spmv,"{""nnz_per_row"":32,""precision"":""double""}",num_rows,524288,1.039284
2,2,shoc,shoc_spmv,"{""nnz_per_row"":32,""precision"":""double""}",num_rows,786432,1.612985
2,2,shoc,shoc_spmv,"{""nnz_per_row"":32,""precision"":""double""}",num_rows,1048576,2.223667
2,2,shoc,shoc_spmv,"{""nnz_per_row"":32,""precision"":""double""}",num_rows,1572864,3.497663
2,2,shoc,shoc_spmv,"{""nnz_per_row"":32,""precision"":""double""}",num_rows,2097152,4.784663
2,2,shoc,shoc_spmv,"{""nnz_per_row"":32,""precision"":""double""}",num_rows,3145728,7.312102
2,2,shoc,shoc_spmv,"{""nnz_per_row"":32,""precision"":""double""}",num_rows,4194304,9.872211
2,2,shoc,shoc_spmv,"{""nnz_per_row"":32,""precision"":""double""}",num_rows,6291456,14.918148
2,2,shoc,shoc_spmv,"{""nnz_per_row"":32,""precision"":""double""}",num_rows,8388608,20.056831
2,2,shoc,shoc_spmv,"{""nnz_per_row"":32,""precision"":""float""}",num_rows,1024,0.015756
2,2,shoc,shoc_spmv,"{""nnz_per_row"":32,""precision"":""float""}",num_rows,1536,0.016117
2,2,shoc,shoc_spmv,"{""nnz_per_row"":32,""precision"":""float""}",num_rows,2048,0.020621
2,2,shoc,shoc_spmv,"{""nnz_per_row"":32,""precision"":""float""}",num_rows,3072,0.016277
2,2,shoc,shoc_spmv,"{""nnz_per_row"":32,""precision"":""float""}",num_rows,4096,0.016598
2,2,shoc,shoc_spmv,"{""nnz_per_row"":32,""precision"":""float""}",num_rows,6144,0.016812
2,2,shoc,shoc_spmv,"{""nnz_per_row"":32,""precision"":""float""}",num_rows,8192,0.017118
2,2,shoc,shoc_spmv,"{""nnz_per_row"":32,""precision"":""float""}",num_rows,12288,0.017934
2,2,shoc,shoc_spmv,"{""nnz_per_row"":32,""precision"":""float""}",num_rows,16384,0.018281
2,2,shoc,shoc_spmv,"{""nnz_per_row"":32,""precision"":""float""}",num_rows,24576,0.020981
2,2,shoc,shoc_spmv,"{""nnz_per_row"":32,""precision"":""float""}",num_rows,32768,0.028759
2,2,shoc,shoc_spmv,"{""nnz_per_row"":32,""precision"":""float""}",num_rows,49152,0.031204
2,2,shoc,shoc_spmv,"{""nnz_per_row"":32,""precision"":""float""}",num_rows,65536,0.037752
2,2,shoc,shoc_spmv,"{""nnz_per_row"":32,""precision"":""float""}",num_rows,98304,0.087679
2,2,shoc,shoc_spmv,"{""nnz_per_row"":32,""precision"":""float""}",num_rows,131072,0.172819
2,2,shoc,shoc_spmv,"{""nnz_per_row"":32,""precision"":""float""}",num_rows,196608,0.303317
2,2,shoc,shoc_spmv,"{""nnz_per_row"":32,""precision"":""float""}",num_rows,262144,0.460166
2,2,shoc,shoc_spmv,"{""nnz_per_row"":32,""precision"":""float""}",num_rows,393216,0.731986
2,2,shoc,shoc_spmv,"{""nnz_per_row"":32,""precision"":""float""}",num_rows,524288,1.046367
2,2,shoc,shoc_spmv,"{""nnz_per_row"":32,""precision"":""float""}",num_rows,786432,1.615872
2,2,shoc,shoc_spmv,"{""nnz_per_row"":32,""precision"":""float""}",num_rows,1048576,2.249022
2,2,shoc,shoc_spmv,"{""nnz_per_row"":32,""precision"":""float""}",num_rows,1572864,3.509448
2,2,shoc,shoc_spmv,"{""nnz_per_row"":32,""precision"":""float""}",num_rows,2097152,4.796916
2,2,shoc,shoc_spmv,"{""nnz_per_row"":32,""precision"":""float""}",num_rows,3145728,7.302951
2,2,shoc,shoc_spmv,"{""nnz_per_row"":32,""precision"":""float""}",num_rows,4194304,9.882287
2,2,shoc,shoc_spmv,"{""nnz_per_row"":32,""precision"":""float""}",num_rows,6291456,14.899977
2,2,shoc,shoc_spmv,"{""nnz_per_row"":32,""precision"":""float""}",num_rows,8388608,20.018503
2,2,shoc,shoc_spmv,"{""nnz_per_row"":32,""precision"":""half""}",num_rows,1024,0.015983
2,2,shoc,shoc_spmv,"{""nnz_per_row"":32,""precision"":""half""}",num_rows,1536,0.016063
2,2,shoc,shoc_spmv,"{""nnz_per_row"":32,""precision"":""half""}",num_rows,2048,0.016210
2,2,shoc,shoc_spmv,"{""nnz_per_row"":32,""precision"":""half""}",num_rows,3072,0.016371
2,2,shoc,shoc_spmv,"{""nnz_per_row"":32,""precision"":""half""}",num_rows,4096,0.016357
2,2,shoc,shoc_spmv,"{""nnz_per_row"":32,""precision"":""half""}",num_rows,6144,0.016892
2,2,shoc,shoc_spmv,"{""nnz_per_row"":32,""precision"":""half""}",num_rows,8192,0.017453
2,2,shoc,shoc_spmv,"{""nnz_per_row"":32,""precision"":""half""}",num_rows,12288,0.018015
2,2,shoc,shoc_spmv,"{""nnz_per_row"":32,""precision"":""half""}",num_rows,16384,0.020674
2,2,shoc,shoc_spmv,"{""nnz_per_row"":32,""precision"":""half""}",num_rows,24576,0.020607
2,2,shoc,shoc_spmv,"{""nnz_per_row"":32,""precision"":""half""}",num_rows,32768,0.027970
2,2,shoc,shoc_spmv,"{""nnz_per_row"":32,""precision"":""half""}",num_rows,49152,0.047334
2,2,shoc,shoc_spmv,"{""nnz_per_row"":32,""precision"":""half""}",num_rows,65536,0.059736
2,2,shoc,shoc_spmv,"{""nnz_per_row"":32,""precision"":""half""}",num_rows,98304,0.072324
2,2,shoc,shoc_spmv,"{""nnz_per_row"":32,""precision"":""half""}",num_rows,131072,0.173167
2,2,shoc,shoc_spmv,"{""nnz_per_row"":32,""precision"":""half""}",num_rows,196608,0.312898
2,2,shoc,shoc_spmv,"{""nnz_per_row"":32,""precision"":""half""}",num_rows,262144,0.464443
2,2,shoc,shoc_spmv,"{""nnz_per_row"":32,""precision"":""half""}",num_rows,393216,0.725236
2,2,shoc,shoc_spmv,"{""nnz_per_row"":32,""precision"":""half""}",num_rows,524288,1.036798
2,2,shoc,shoc_spmv,"{""nnz_per_row"":32,""precision"":""half""}",num_rows,786432,1.609954
2,2,shoc,shoc_spmv,"{""nnz_per_row"":32,""precision"":""half""}",num_rows,1048576,2.210097
2,2,shoc,shoc_spmv,"{""nnz_per_row"":32,""precision"":""half""}",num_rows,1572864,3.512137
2,2,shoc,shoc_spmv,"{""nnz_per_row"":32,""precision"":""half""}",num_rows,2097152,4.795727
2,2,shoc,shoc_spmv,"{""nnz_per_row"":32,""precision"":""half""}",num_rows,3145728,7.295131
2,2,shoc,shoc_spmv,"{""nnz_per_row"":32,""precision"":""half""}",num_rows,4194304,9.847983
2,2,shoc,shoc_spmv,"{""nnz_per_row"":32,""precision"":""half""}",num_rows,6291456,14.932225
2,2,shoc,shoc_spmv,"{""nnz_per_row"":32,""precision"":""half""}",num_rows,8388608,20.060680
2,2,shoc,shoc_spmv,"{""nnz_per_row"":4,""precision"":""double""}",num_rows,1024,0.005814
2,2,shoc,shoc_spmv,"{""nnz_per_row"":4,""precision"":""double""}",num_rows,1536,0.005706
2,2,shoc,shoc_spmv,"{""nnz_per_row"":4,""precision"":""double""}",num_rows,2048,0.005787
2,2,shoc,shoc_spmv,"{""nnz_per_row"":4,""precision"":""double""}",num_rows,3072,0.006201
2,2,shoc,shoc_spmv,"{""nnz_per_row"":4,""precision"":""double""}",num_rows,4096,0.005706
2,2,shoc,shoc_spmv,"{""nnz_per_row"":4,""precision"":""double""}",num_rows,6144,0.005746
2,2,shoc,shoc_spmv,"{""nnz_per_row"":4,""precision"":""double""}",num_rows,8192,0.008954
2,2,shoc,shoc_spmv,"{""nnz_per_row"":4,""precision"":""double""}",num_rows,12288,0.005773
2,2,shoc,shoc_spmv,"{""nnz_per_row"":4,""precision"":""double""}",num_rows,16384,0.005760
2,2,shoc,shoc_spmv,"{""nnz_per_row"":4,""precision"":""double""}",num_rows,24576,0.006882
2,2,shoc,shoc_spmv,"{""nnz_per_row"":4,""precision"":""double""}",num_rows,32768,0.006949
2,2,shoc,shoc_spmv,"{""nnz_per_row"":4,""precision"":""double""}",num_rows,49152,0.005840
2,2,shoc,shoc_spmv,"{""nnz_per_row"":4,""precision"":""double""}",num_rows,65536,0.005893
2,2,shoc,shoc_spmv,"{""nnz_per_row"":4,""precision"":""double""}",num_rows,98304,0.006508
2,2,shoc,shoc_spmv,"{""nnz_per_row"":4,""precision"":""double""}",num_rows,131072,0.010063
2,2,shoc,shoc_spmv,"{""nnz_per_row"":4,""precision"":""double""}",num_rows,196608,0.008620
2,2,shoc,shoc_spmv,"{""nnz_per_row"":4,""precision"":""double""}",num_rows,262144,0.010197
2,2,shoc,shoc_spmv,"{""nnz_per_row"":4,""precision"":""double""}",num_rows,393216,0.015007
2,2,shoc,shoc_spmv,"{""nnz_per_row"":4,""precision"":""double""}",num_rows,524288,0.016999
2,2,shoc,shoc_spmv,"{""nnz_per_row"":4,""precision"":""double""}",num_rows,786432,0.034264
2,2,shoc,shoc_spmv,"{""nnz_per_row"":4,""precision"":""double""}",num_rows,1048576,0.060284
2,2,shoc,shoc_spmv,"{""nnz_per_row"":4,""precision"":""double""}",num_rows,1572864,0.130563
2,2,shoc,shoc_spmv,"{""nnz_per_row"":4,""precision"":""double""}",num_rows,2097152,0.194312
2,2,shoc,shoc_spmv,"{""nnz_per_row"":4,""precision"":""double""}",num_rows,3145728,0.328534
2,2,shoc,shoc_spmv,"{""nnz_per_row"":4,""precision"":""double""}",num_rows,4194304,0.463720
2,2,shoc,shoc_spmv,"{""nnz_per_row"":4,""precision"":""double""}",num_rows,6291456,0.729993
2,2,shoc,shoc_spmv,"{""nnz_per_row"":4,""precision"":""double""}",num_rows,8388608,0.993699
2,2,shoc,shoc_spmv,"{""nnz_per_row"":4,""precision"":""float""}",num_rows,1024,0.005746
2,2,shoc,shoc_spmv,"{""nnz_per_row"":4,""precision"":""float""}",num_rows,1536,0.005813
2,2,shoc,shoc_spmv,"{""nnz_per_row"":4,""precision"":""float""}",num_rows,2048,0.005840
2,2,shoc,shoc_spmv,"{""nnz_per_row"":4,""precision"":""float""}",num_rows,3072,0.006334
2,2,shoc,shoc_spmv,"{""nnz_per_row"":4,""precision"":""float""}",num_rows,4096,0.005746
2,2,shoc,shoc_spmv,"{""nnz_per_row"":4,""precision"":""float""}",num_rows,6144,0.005693
2,2,shoc,shoc_spmv,"{""nnz_per_row"":4,""precision"":""float""}",num_rows,8192,0.005746
2,2,shoc,shoc_spmv,"{""nnz_per_row"":4,""precision"":""float""}",num_rows,12288,0.010317
2,2,shoc,shoc_spmv,"{""nnz_per_row"":4,""precision"":""float""}",num_rows,16384,0.005707
2,2,shoc,shoc_spmv,"{""nnz_per_row"":4,""precision"":""float""}",num_rows,24576,0.005827
2,2,shoc,shoc_spmv,"{""nnz_per_row"":4,""precision"":""float""}",num_rows,32768,0.005947
2,2,shoc,shoc_spmv,"{""nnz_per_row"":4,""precision"":""float""}",num_rows,49152,0.005880
2,2,shoc,shoc_spmv,"{""nnz_per_row"":4,""precision"":""float""}",num_rows,65536,0.005853
2,2,shoc,shoc_spmv,"{""nnz_per_row"":4,""precision"":""float""}",num_rows,98304,0.006361
2,2,shoc,shoc_spmv,"{""nnz_per_row"":4,""precision"":""float""}",num_rows,131072,0.007123
2,2,shoc,shoc_spmv,"{""nnz_per_row"":4,""precision"":""float""}",num_rows,196608,0.008566
2,2,shoc,shoc_spmv,"{""nnz_per_row"":4,""precision"":""float""}",num_rows,262144,0.010424
2,2,shoc,shoc_spmv,"{""nnz_per_row"":4,""precision"":""float""}",num_rows,393216,0.013858
2,2,shoc,shoc_spmv,"{""nnz_per_row"":4,""precision"":""float""}",num_rows,524288,0.016959
2,2,shoc,shoc_spmv,"{""nnz_per_row"":4,""precision"":""float""}",num_rows,786432,0.034184
2,2,shoc,shoc_spmv,"{""nnz_per_row"":4,""precision"":""float""}",num_rows,1048576,0.060324
2,2,shoc,shoc_spmv,"{""nnz_per_row"":4,""precision"":""float""}",num_rows,1572864,0.126140
2,2,shoc,shoc_spmv,"{""nnz_per_row"":4,""precision"":""float""}",num_rows,2097152,0.192732
2,2,shoc,shoc_spmv,"{""nnz_per_row"":4,""precision"":""float""}",num_rows,3145728,0.326088
2,2,shoc,shoc_spmv,"{""nnz_per_row"":4,""precision"":""float""}",num_rows,4194304,0.462693
2,2,shoc,shoc_spmv,"{""nnz_per_row"":4,""precision"":""float""}",num_rows,6291456,0.734470
2,2,shoc,shoc_spmv,"{""nnz_per_row"":4,""precision"":""float""}",num_rows,8388608,0.994498
2,2,shoc,shoc_spmv,"{""nnz_per_row"":4,""precision"":""half""}",num_rows,1024,0.005706
2,2,shoc,shoc_spmv,"{""nnz_per_row"":4,""precision"":""half""}",num_rows,1536,0.005786
2,2,shoc,shoc_spmv,"{""nnz_per_row"":4,""precision"":""half""}",num_rows,2048,0.005773
2,2,shoc,shoc_spmv,"{""nnz_per_row"":4,""precision"":""half""}",num_rows,3072,0.006214
2,2,shoc,shoc_spmv,"{""nnz_per_row"":4,""precision"":""half""}",num_rows,4096,0.006094
2,2,shoc,shoc_spmv,"{""nnz_per_row"":4,""precision"":""half""}",num_rows,6144,0.005786
2,2,shoc,shoc_spmv,"{""nnz_per_row"":4,""precision"":""half""}",num_rows,8192,0.005787
2,2,shoc,shoc_spmv,"{""nnz_per_row"":4,""precision"":""half""}",num_rows,12288,0.005773
2,2,shoc,shoc_spmv,"{""nnz_per_row"":4,""precision"":""half""}",num_rows,16384,0.006615
2,2,shoc,shoc_spmv,"{""nnz_per_row"":4,""precision"":""half""}",num_rows,24576,0.007671
2,2,shoc,shoc_spmv,"{""nnz_per_row"":4,""precision"":""half""}",num_rows,32768,0.005773
2,2,shoc,shoc_spmv,"{""nnz_per_row"":4,""precision"":""half""}",num_rows,49152,0.006602
2,2,shoc,shoc_spmv,"{""nnz_per_row"":4,""precision"":""half""}",num_rows,65536,0.005866
2,2,shoc,shoc_spmv,"{""nnz_per_row"":4,""precision"":""half""}",num_rows,98304,0.006241
2,2,shoc,shoc_spmv,"{""nnz_per_row"":4,""precision"":""half""}",num_rows,131072,0.006963
2,2,shoc,shoc_spmv,"{""nnz_per_row"":4,""precision"":""half""}",num_rows,196608,0.008433
2,2,shoc,shoc_spmv,"{""nnz_per_row"":4,""precision"":""half""}",num_rows,262144,0.010450
2,2,shoc,shoc_spmv,"{""nnz_per_row"":4,""precision"":""half""}",num_rows,393216,0.013805
2,2,shoc,shoc_spmv,"{""nnz_per_row"":4,""precision"":""half""}",num_rows,524288,0.017079
2,2,shoc,shoc_spmv,"{""nnz_per_row"":4,""precision"":""half""}",num_rows,786432,0.033650
2,2,shoc,shoc_spmv,"{""nnz_per_row"":4,""precision"":""half""}",num_rows,1048576,0.060832
2,2,shoc,shoc_spmv,"{""nnz_per_row"":4,""precision"":""half""}",num_rows,1572864,0.126046
2,2,shoc,shoc_spmv,"{""nnz_per_row"":4,""precision"":""half""}",num_rows,2097152,0.191929
2,2,shoc,shoc_spmv,"{""nnz_per_row"":4,""precision"":""half""}",num_rows,3145728,0.326623
2,2,shoc,shoc_spmv,"{""nnz_per_row"":4,""precision"":""half""}",num_rows,4194304,0.462772
2,2,shoc,shoc_spmv,"{""nnz_per_row"":4,""precision"":""half""}",num_rows,6291456,0.735045
2,2,shoc,shoc_spmv,"{""nnz_per_row"":4,""precision"":""half""}",num_rows,8388608,0.999592
2,2,shoc,shoc_spmv,"{""nnz_per_row"":64,""precision"":""double""}",num_rows,1024,0.028104
2,2,shoc,shoc_spmv,"{""nnz_per_row"":64,""precision"":""double""}",num_rows,1536,0.028264
2,2,shoc,shoc_spmv,"{""nnz_per_row"":64,""precision"":""double""}",num_rows,2048,0.028398
2,2,shoc,shoc_spmv,"{""nnz_per_row"":64,""precision"":""double""}",num_rows,3072,0.028198
2,2,shoc,shoc_spmv,"{""nnz_per_row"":64,""precision"":""double""}",num_rows,4096,0.028785
2,2,shoc,shoc_spmv,"{""nnz_per_row"":64,""precision"":""double""}",num_rows,6144,0.028932
2,2,shoc,shoc_spmv,"{""nnz_per_row"":64,""precision"":""double""}",num_rows,8192,0.028973
2,2,shoc,shoc_spmv,"{""nnz_per_row"":64,""precision"":""double""}",num_rows,12288,0.029975
2,2,shoc,shoc_spmv,"{""nnz_per_row"":64,""precision"":""double""}",num_rows,16384,0.035320
2,2,shoc,shoc_spmv,"{""nnz_per_row"":64,""precision"":""double""}",num_rows,24576,0.058760
2,2,shoc,shoc_spmv,"{""nnz_per_row"":64,""precision"":""double""}",num_rows,32768,0.050194
2,2,shoc,shoc_spmv,"{""nnz_per_row"":64,""precision"":""double""}",num_rows,49152,0.071643
2,2,shoc,shoc_spmv,"{""nnz_per_row"":64,""precision"":""double""}",num_rows,65536,0.073594
2,2,shoc,shoc_spmv,"{""nnz_per_row"":64,""precision"":""double""}",num_rows,98304,0.235068
2,2,shoc,shoc_spmv,"{""nnz_per_row"":64,""precision"":""double""}",num_rows,131072,0.223682
2,2,shoc,shoc_spmv,"{""nnz_per_row"":64,""precision"":""double""}",num_rows,196608,0.591131
2,2,shoc,shoc_spmv,"{""nnz_per_row"":64,""precision"":""double""}",num_rows,262144,0.888378
2,2,shoc,shoc_spmv,"{""nnz_per_row"":64,""precision"":""double""}",num_rows,393216,1.377099
2,2,shoc,shoc_spmv,"{""nnz_per_row"":64,""precision"":""double""}",num_rows,524288,2.032583
2,2,shoc,shoc_spmv,"{""nnz_per_row"":64,""precision"":""double""}",num_rows,786432,3.227674
2,2,shoc,shoc_spmv,"{""nnz_per_row"":64,""precision"":""double""}",num_rows,1048576,4.435316
2,2,shoc,shoc_spmv,"{""nnz_per_row"":64,""precision"":""double""}",num_rows,1572864,7.084455
2,2,shoc,shoc_spmv,"{""nnz_per_row"":64,""precision"":""double""}",num_rows,2097152,9.542111
2,2,shoc,shoc_spmv,"{""nnz_per_row"":64,""precision"":""double""}",num_rows,3145728,14.612176
2,2,shoc,shoc_spmv,"{""nnz_per_row"":64,""precision"":""double""}",num_rows,4194304,19.593642
2,2,shoc,shoc_spmv,"{""nnz_per_row"":64,""precision"":""double""}",num_rows,6291456,29.799495
2,2,shoc,shoc_spmv,"{""nnz_per_row"":64,""precision"":""double""}",num_rows,8388608,39.987222
2,2,shoc,shoc_spmv,"{""nnz_per_row"":64,""precision"":""float""}",num_rows,1024,0.027783
2,2,shoc,shoc_spmv,"{""nnz_per_row"":64,""precision"":""float""}",num_rows,1536,0.028412
2,2,shoc,shoc_spmv,"{""nnz_per_row"":64,""precision"":""float""}",num_rows,2048,0.028318
2,2,shoc,shoc_spmv,"{""nnz_per_row"":64,""precision"":""float""}",num_rows,3072,0.028919
2,2,shoc,shoc_spmv,"{""nnz_per_row"":64,""precision"":""float""}",num_rows,4096,0.028705
2,2,shoc,shoc_spmv,"{""nnz_per_row"":64,""precision"":""float""}",num_rows,6144,0.028972
2,2,shoc,shoc_spmv,"{""nnz_per_row"":64,""precision"":""float""}",num_rows,8192,0.029053
2,2,shoc,shoc_spmv,"{""nnz_per_row"":64,""precision"":""float""}",num_rows,12288,0.029961
2,2,shoc,shoc_spmv,"{""nnz_per_row"":64,""precision"":""float""}",num_rows,16384,0.035240
2,2,shoc,shoc_spmv,"{""nnz_per_row"":64,""precision"":""float""}",num_rows,24576,0.039022
2,2,shoc,shoc_spmv,"{""nnz_per_row"":64,""precision"":""float""}",num_rows,32768,0.049887
2,2,shoc,shoc_spmv,"{""nnz_per_row"":64,""precision"":""float""}",num_rows,49152,0.085314
2,2,shoc,shoc_spmv,"{""nnz_per_row"":64,""precision"":""float""}",num_rows,65536,0.109649
2,2,shoc,shoc_spmv,"{""nnz_per_row"":64,""precision"":""float""}",num_rows,98304,0.194537
2,2,shoc,shoc_spmv,"{""nnz_per_row"":64,""precision"":""float""}",num_rows,131072,0.150422
2,2,shoc,shoc_spmv,"{""nnz_per_row"":64,""precision"":""float""}",num_rows,196608,0.527613
2,2,shoc,shoc_spmv,"{""nnz_per_row"":64,""precision"":""float""}",num_rows,262144,0.895154
2,2,shoc,shoc_spmv,"{""nnz_per_row"":64,""precision"":""float""}",num_rows,393216,1.385869
2,2,shoc,shoc_spmv,"{""nnz_per_row"":64,""precision"":""float""}",num_rows,524288,2.038158
2,2,shoc,shoc_spmv,"{""nnz_per_row"":64,""precision"":""float""}",num_rows,786432,3.210963
2,2,shoc,shoc_spmv,"{""nnz_per_row"":64,""precision"":""float""}",num_rows,1048576,4.413970
2,2,shoc,shoc_spmv,"{""nnz_per_row"":64,""precision"":""float""}",num_rows,1572864,7.038844
2,2,shoc,shoc_spmv,"{""nnz_per_row"":64,""precision"":""float""}",num_rows,2097152,9.601693
2,2,shoc,shoc_spmv,"{""nnz_per_row"":64,""precision"":""float""}",num_rows,3145728,14.620139
2,2,shoc,shoc_spmv,"{""nnz_per_row"":64,""precision"":""float""}",num_rows,4194304,19.615737
2,2,shoc,shoc_spmv,"{""nnz_per_row"":64,""precision"":""float""}",num_rows,6291456,29.747902
2,2,shoc,shoc_spmv,"{""nnz_per_row"":64,""precision"":""float""}",num_rows,8388608,40.039763
2,2,shoc,shoc_spmv,"{""nnz_per_row"":64,""precision"":""half""}",num_rows,1024,0.028224
2,2,shoc,shoc_spmv,"{""nnz_per_row"":64,""precision"":""half""}",num_rows,1536,0.028318
2,2,shoc,shoc_spmv,"{""nnz_per_row"":64,""precision"":""half""}",num_rows,2048,0.028264
2,2,shoc,shoc_spmv,"{""nnz_per_row"":64,""precision"":""half""}",num_rows,3072,0.028505
2,2,shoc,shoc_spmv,"{""nnz_per_row"":64,""precision"":""half""}",num_rows,4096,0.028625
2,2,shoc,shoc_spmv,"{""nnz_per_row"":64,""precision"":""half""}",num_rows,6144,0.029026
2,2,shoc,shoc_spmv,"{""nnz_per_row"":64,""precision"":""half""}",num_rows,8192,0.031526
2,2,shoc,shoc_spmv,"{""nnz_per_row"":64,""precision"":""half""}",num_rows,12288,0.029761
2,2,shoc,shoc_spmv,"{""nnz_per_row"":64,""precision"":""half""}",num_rows,16384,0.031619
2,2,shoc,shoc_spmv,"{""nnz_per_row"":64,""precision"":""half""}",num_rows,24576,0.038701
2,2,shoc,shoc_spmv,"{""nnz_per_row"":64,""precision"":""half""}",num_rows,32768,0.052038
2,2,shoc,shoc_spmv,"{""nnz_per_row"":64,""precision"":""half""}",num_rows,49152,0.056221
2,2,shoc,shoc_spmv,"{""nnz_per_row"":64,""precision"":""half""}",num_rows,65536,0.074342
2,2,shoc,shoc_spmv,"{""nnz_per_row"":64,""precision"":""half""}",num_rows,98304,0.209931
2,2,shoc,shoc_spmv,"{""nnz_per_row"":64,""precision"":""half""}",num_rows,131072,0.149206
2,2,shoc,shoc_spmv,"{""nnz_per_row"":64,""precision"":""half""}",num_rows,196608,0.552884
2,2,shoc,shoc_spmv,"{""nnz_per_row"":64,""precision"":""half""}",num_rows,262144,0.884275
2,2,shoc,shoc_spmv,"{""nnz_per_row"":64,""precision"":""half""}",num_rows,393216,1.375671
2,2,shoc,shoc_spmv,"{""nnz_per_row"":64,""precision"":""half""}",num_rows,524288,2.053388
2,2,shoc,shoc_spmv,"{""nnz_per_row"":64,""precision"":""half""}",num_rows,786432,3.229204
2,2,shoc,shoc_spmv,"{""nnz_per_row"":64,""precision"":""half""}",num_rows,1048576,4.452692
2,2,shoc,shoc_spmv,"{""nnz_per_row"":64,""precision"":""half""}",num_rows,1572864,7.033525
2,2,shoc,shoc_spmv,"{""nnz_per_row"":64,""precision"":""half""}",num_rows,2097152,9.552213
2,2,shoc,shoc_spmv,"{""nnz_per_row"":64,""precision"":""half""}",num_rows,3145728,14.612039
2,2,shoc,shoc_spmv,"{""nnz_per_row"":64,""precision"":""half""}",num_rows,4194304,19.749175
2,2,shoc,shoc_spmv,"{""nnz_per_row"":64,""precision"":""half""}",num_rows,6291456,29.836380
2,2,shoc,shoc_spmv,"{""nnz_per_row"":64,""precision"":""half""}",num_rows,8388608,40.014626
2,2,shoc,shoc_stencil2d,"{""block_size"":16,""iterations"":1,""trials"":1}",n,64,0.005813
2,2,shoc,shoc_stencil2d,"{""block_size"":16,""iterations"":1,""trials"":1}",n,128,0.005840
2,2,shoc,shoc_stencil2d,"{""block_size"":16,""iterations"":1,""trials"":1}",n,192,0.005800
2,2,shoc,shoc_stencil2d,"{""block_size"":16,""iterations"":1,""trials"":1}",n,256,0.005866
2,2,shoc,shoc_stencil2d,"{""block_size"":16,""iterations"":1,""trials"":1}",n,384,0.005973
2,2,shoc,shoc_stencil2d,"{""block_size"":16,""iterations"":1,""trials"":1}",n,512,0.006014
2,2,shoc,shoc_stencil2d,"{""block_size"":16,""iterations"":1,""trials"":1}",n,640,0.006321
2,2,shoc,shoc_stencil2d,"{""block_size"":16,""iterations"":1,""trials"":1}",n,768,0.006629
2,2,shoc,shoc_stencil2d,"{""block_size"":16,""iterations"":1,""trials"":1}",n,1024,0.008860
2,2,shoc,shoc_stencil2d,"{""block_size"":16,""iterations"":1,""trials"":1}",n,1280,0.011733
2,2,shoc,shoc_stencil2d,"{""block_size"":16,""iterations"":1,""trials"":1}",n,1536,0.015435
2,2,shoc,shoc_stencil2d,"{""block_size"":16,""iterations"":1,""trials"":1}",n,2048,0.024910
2,2,shoc,shoc_stencil2d,"{""block_size"":16,""iterations"":1,""trials"":1}",n,2560,0.036737
2,2,shoc,shoc_stencil2d,"{""block_size"":16,""iterations"":1,""trials"":1}",n,3072,0.058212
2,2,shoc,shoc_stencil2d,"{""block_size"":16,""iterations"":1,""trials"":1}",n,3584,0.071870
2,2,shoc,shoc_stencil2d,"{""block_size"":16,""iterations"":1,""trials"":1}",n,4096,0.088134
2,2,shoc,shoc_stencil2d,"{""block_size"":16,""iterations"":1,""trials"":1}",n,5120,0.135882
2,2,shoc,shoc_stencil2d,"{""block_size"":16,""iterations"":1,""trials"":1}",n,6144,0.198517
2,2,shoc,shoc_stencil2d,"{""block_size"":16,""iterations"":1,""trials"":1}",n,7168,0.270173
2,2,shoc,shoc_stencil2d,"{""block_size"":16,""iterations"":1,""trials"":1}",n,8192,0.356609
2,2,shoc,shoc_stencil2d,"{""block_size"":16,""iterations"":5,""trials"":1}",n,64,0.013471
2,2,shoc,shoc_stencil2d,"{""block_size"":16,""iterations"":5,""trials"":1}",n,128,0.014246
2,2,shoc,shoc_stencil2d,"{""block_size"":16,""iterations"":5,""trials"":1}",n,192,0.015676
2,2,shoc,shoc_stencil2d,"{""block_size"":16,""iterations"":5,""trials"":1}",n,256,0.014299
2,2,shoc,shoc_stencil2d,"{""block_size"":16,""iterations"":5,""trials"":1}",n,384,0.017119
2,2,shoc,shoc_stencil2d,"{""block_size"":16,""iterations"":5,""trials"":1}",n,512,0.022010
2,2,shoc,shoc_stencil2d,"{""block_size"":16,""iterations"":5,""trials"":1}",n,640,0.027503
2,2,shoc,shoc_stencil2d,"{""block_size"":16,""iterations"":5,""trials"":1}",n,768,0.034265
2,2,shoc,shoc_stencil2d,"{""block_size"":16,""iterations"":5,""trials"":1}",n,1024,0.047562
2,2,shoc,shoc_stencil2d,"{""block_size"":16,""iterations"":5,""trials"":1}",n,1280,0.053255
2,2,shoc,shoc_stencil2d,"{""block_size"":16,""iterations"":5,""trials"":1}",n,1536,0.062609
2,2,shoc,shoc_stencil2d,"{""block_size"":16,""iterations"":5,""trials"":1}",n,2048,0.099974
2,2,shoc,shoc_stencil2d,"{""block_size"":16,""iterations"":5,""trials"":1}",n,2560,0.148764
2,2,shoc,shoc_stencil2d,"{""block_size"":16,""iterations"":5,""trials"":1}",n,3072,0.247055
2,2,shoc,shoc_stencil2d,"{""block_size"":16,""iterations"":5,""trials"":1}",n,3584,0.291796
2,2,shoc,shoc_stencil2d,"{""block_size"":16,""iterations"":5,""trials"":1}",n,4096,0.369906
2,2,shoc,shoc_stencil2d,"{""block_size"":16,""iterations"":5,""trials"":1}",n,5120,0.563827
2,2,shoc,shoc_stencil2d,"{""block_size"":16,""iterations"":5,""trials"":1}",n,6144,0.968785
2,2,shoc,shoc_stencil2d,"{""block_size"":16,""iterations"":5,""trials"":1}",n,7168,1.307527
2,2,shoc,shoc_stencil2d,"{""block_size"":16,""iterations"":5,""trials"":1}",n,8192,1.721347
2,2,shoc,shoc_stencil2d,"{""block_size"":16,""iterations"":50,""trials"":1}",n,64,0.119498
2,2,shoc,shoc_stencil2d,"{""block_size"":16,""iterations"":50,""trials"":1}",n,128,0.118122
2,2,shoc,shoc_stencil2d,"{""block_size"":16,""iterations"":50,""trials"":1}",n,192,0.117507
2,2,shoc,shoc_stencil2d,"{""block_size"":16,""iterations"":50,""trials"":1}",n,256,0.125953
2,2,shoc,shoc_stencil2d,"{""block_size"":16,""iterations"":50,""trials"":1}",n,384,0.142590
2,2,shoc,shoc_stencil2d,"{""block_size"":16,""iterations"":50,""trials"":1}",n,512,0.203062
2,2,shoc,shoc_stencil2d,"{""block_size"":16,""iterations"":50,""trials"":1}",n,640,0.263853
2,2,shoc,shoc_stencil2d,"{""block_size"":16,""iterations"":50,""trials"":1}",n,768,0.346361
2,2,shoc,shoc_stencil2d,"{""block_size"":16,""iterations"":50,""trials"":1}",n,1024,0.494951
2,2,shoc,shoc_stencil2d,"{""block_size"":16,""iterations"":50,""trials"":1}",n,1280,0.493736
2,2,shoc,shoc_stencil2d,"{""block_size"":16,""iterations"":50,""trials"":1}",n,1536,0.599078
2,2,shoc,shoc_stencil2d,"{""block_size"":16,""iterations"":50,""trials"":1}",n,2048,0.990189
2,2,shoc,shoc_stencil2d,"{""block_size"":16,""iterations"":50,""trials"":1}",n,2560,1.439582
2,2,shoc,shoc_stencil2d,"{""block_size"":16,""iterations"":50,""trials"":1}",n,3072,2.029946
2,2,shoc,shoc_stencil2d,"{""block_size"":16,""iterations"":50,""trials"":1}",n,3584,2.769195
2,2,shoc,shoc_stencil2d,"{""block_size"":16,""iterations"":50,""trials"":1}",n,4096,3.580603
2,2,shoc,shoc_stencil2d,"{""block_size"":16,""iterations"":50,""trials"":1}",n,5120,5.403522
2,2,shoc,shoc_stencil2d,"{""block_size"":16,""iterations"":50,""trials"":1}",n,6144,9.964212
2,2,shoc,shoc_stencil2d,"{""block_size"":16,""iterations"":50,""trials"":1}",n,7168,13.635126
2,2,shoc,shoc_stencil2d,"{""block_size"":16,""iterations"":50,""trials"":1}",n,8192,17.586243
2,2,shoc,shoc_triad,"{""block_size"":256,""precision"":""double""}",array_size,1024,0.005813
2,2,shoc,shoc_triad,"{""block_size"":256,""precision"":""double""}",array_size,1536,0.005773
2,2,shoc,shoc_triad,"{""block_size"":256,""precision"":""double""}",array_size,2048,0.005760
2,2,shoc,shoc_triad,"{""block_size"":256,""precision"":""double""}",array_size,3072,0.005840
2,2,shoc,shoc_triad,"{""block_size"":256,""precision"":""double""}",array_size,4096,0.005894
2,2,shoc,shoc_triad,"{""block_size"":256,""precision"":""double""}",array_size,6144,0.005773
2,2,shoc,shoc_triad,"{""block_size"":256,""precision"":""double""}",array_size,8192,0.005853
2,2,shoc,shoc_triad,"{""block_size"":256,""precision"":""double""}",array_size,12288,0.005867
2,2,shoc,shoc_triad,"{""block_size"":256,""precision"":""double""}",array_size,16384,0.007537
2,2,shoc,shoc_triad,"{""block_size"":256,""precision"":""double""}",array_size,24576,0.005854
2,2,shoc,shoc_triad,"{""block_size"":256,""precision"":""double""}",array_size,32768,0.005840
2,2,shoc,shoc_triad,"{""block_size"":256,""precision"":""double""}",array_size,49152,0.006161
2,2,shoc,shoc_triad,"{""block_size"":256,""precision"":""double""}",array_size,65536,0.005880
2,2,shoc,shoc_triad,"{""block_size"":256,""precision"":""double""}",array_size,98304,0.005894
2,2,shoc,shoc_triad,"{""block_size"":256,""precision"":""double""}",array_size,131072,0.005827
2,2,shoc,shoc_triad,"{""block_size"":256,""precision"":""double""}",array_size,196608,0.005894
2,2,shoc,shoc_triad,"{""block_size"":256,""precision"":""double""}",array_size,262144,0.005947
2,2,shoc,shoc_triad,"{""block_size"":256,""precision"":""double""}",array_size,393216,0.005987
2,2,shoc,shoc_triad,"{""block_size"":256,""precision"":""double""}",array_size,524288,0.005987
2,2,shoc,shoc_triad,"{""block_size"":256,""precision"":""double""}",array_size,786432,0.006107
2,2,shoc,shoc_triad,"{""block_size"":256,""precision"":""double""}",array_size,1048576,0.006241
2,2,shoc,shoc_triad,"{""block_size"":256,""precision"":""double""}",array_size,1572864,0.007524
2,2,shoc,shoc_triad,"{""block_size"":256,""precision"":""double""}",array_size,2097152,0.009060
2,2,shoc,shoc_triad,"{""block_size"":256,""precision"":""double""}",array_size,3145728,0.011907
2,2,shoc,shoc_triad,"{""block_size"":256,""precision"":""double""}",array_size,4194304,0.014393
2,2,shoc,shoc_triad,"{""block_size"":256,""precision"":""double""}",array_size,6291456,0.020660
2,2,shoc,shoc_triad,"{""block_size"":256,""precision"":""double""}",array_size,8388608,0.026434
2,2,shoc,shoc_triad,"{""block_size"":256,""precision"":""double""}",array_size,16777216,0.048564
2,2,shoc,shoc_triad,"{""block_size"":256,""precision"":""double""}",array_size,33554432,0.101377
2,2,shoc,shoc_triad,"{""block_size"":256,""precision"":""double""}",array_size,67108864,0.197101
2,2,shoc,shoc_triad,"{""block_size"":256,""precision"":""double""}",array_size,134217728,0.392412
2,2,shoc,shoc_triad,"{""block_size"":256,""precision"":""double""}",array_size,268435456,0.884158
2,2,shoc,shoc_triad,"{""block_size"":256,""precision"":""float""}",array_size,1024,0.005813
2,2,shoc,shoc_triad,"{""block_size"":256,""precision"":""float""}",array_size,1536,0.005733
2,2,shoc,shoc_triad,"{""block_size"":256,""precision"":""float""}",array_size,2048,0.005746
2,2,shoc,shoc_triad,"{""block_size"":256,""precision"":""float""}",array_size,3072,0.005907
2,2,shoc,shoc_triad,"{""block_size"":256,""precision"":""float""}",array_size,4096,0.005733
2,2,shoc,shoc_triad,"{""block_size"":256,""precision"":""float""}",array_size,6144,0.005813
2,2,shoc,shoc_triad,"{""block_size"":256,""precision"":""float""}",array_size,8192,0.005786
2,2,shoc,shoc_triad,"{""block_size"":256,""precision"":""float""}",array_size,12288,0.005947
2,2,shoc,shoc_triad,"{""block_size"":256,""precision"":""float""}",array_size,16384,0.005853
2,2,shoc,shoc_triad,"{""block_size"":256,""precision"":""float""}",array_size,24576,0.005893
2,2,shoc,shoc_triad,"{""block_size"":256,""precision"":""float""}",array_size,32768,0.005894
2,2,shoc,shoc_triad,"{""block_size"":256,""precision"":""float""}",array_size,49152,0.005906
2,2,shoc,shoc_triad,"{""block_size"":256,""precision"":""float""}",array_size,65536,0.005827
2,2,shoc,shoc_triad,"{""block_size"":256,""precision"":""float""}",array_size,98304,0.005826
2,2,shoc,shoc_triad,"{""block_size"":256,""precision"":""float""}",array_size,131072,0.005840
2,2,shoc,shoc_triad,"{""block_size"":256,""precision"":""float""}",array_size,196608,0.006014
2,2,shoc,shoc_triad,"{""block_size"":256,""precision"":""float""}",array_size,262144,0.005880
2,2,shoc,shoc_triad,"{""block_size"":256,""precision"":""float""}",array_size,393216,0.005880
2,2,shoc,shoc_triad,"{""block_size"":256,""precision"":""float""}",array_size,524288,0.006134
2,2,shoc,shoc_triad,"{""block_size"":256,""precision"":""float""}",array_size,786432,0.006094
2,2,shoc,shoc_triad,"{""block_size"":256,""precision"":""float""}",array_size,1048576,0.006294
2,2,shoc,shoc_triad,"{""block_size"":256,""precision"":""float""}",array_size,1572864,0.007350
2,2,shoc,shoc_triad,"{""block_size"":256,""precision"":""float""}",array_size,2097152,0.010557
2,2,shoc,shoc_triad,"{""block_size"":256,""precision"":""float""}",array_size,3145728,0.011746
2,2,shoc,shoc_triad,"{""block_size"":256,""precision"":""float""}",array_size,4194304,0.014807
2,2,shoc,shoc_triad,"{""block_size"":256,""precision"":""float""}",array_size,6291456,0.019672
2,2,shoc,shoc_triad,"{""block_size"":256,""precision"":""float""}",array_size,8388608,0.027155
2,2,shoc,shoc_triad,"{""block_size"":256,""precision"":""float""}",array_size,16777216,0.048925
2,2,shoc,shoc_triad,"{""block_size"":256,""precision"":""float""}",array_size,33554432,0.100174
2,2,shoc,shoc_triad,"{""block_size"":256,""precision"":""float""}",array_size,67108864,0.195604
2,2,shoc,shoc_triad,"{""block_size"":256,""precision"":""float""}",array_size,134217728,0.393642
2,2,shoc,shoc_triad,"{""block_size"":256,""precision"":""float""}",array_size,268435456,0.902935
2,2,shoc,shoc_triad,"{""block_size"":256,""precision"":""half""}",array_size,1024,0.005933
2,2,shoc,shoc_triad,"{""block_size"":256,""precision"":""half""}",array_size,1536,0.006775
2,2,shoc,shoc_triad,"{""block_size"":256,""precision"":""half""}",array_size,2048,0.005747
2,2,shoc,shoc_triad,"{""block_size"":256,""precision"":""half""}",array_size,3072,0.005907
2,2,shoc,shoc_triad,"{""block_size"":256,""precision"":""half""}",array_size,4096,0.005760
2,2,shoc,shoc_triad,"{""block_size"":256,""precision"":""half""}",array_size,6144,0.005706
2,2,shoc,shoc_triad,"{""block_size"":256,""precision"":""half""}",array_size,8192,0.006041
2,2,shoc,shoc_triad,"{""block_size"":256,""precision"":""half""}",array_size,12288,0.005853
2,2,shoc,shoc_triad,"{""block_size"":256,""precision"":""half""}",array_size,16384,0.005893
2,2,shoc,shoc_triad,"{""block_size"":256,""precision"":""half""}",array_size,24576,0.005907
2,2,shoc,shoc_triad,"{""block_size"":256,""precision"":""half""}",array_size,32768,0.005880
2,2,shoc,shoc_triad,"{""block_size"":256,""precision"":""half""}",array_size,49152,0.005786
2,2,shoc,shoc_triad,"{""block_size"":256,""precision"":""half""}",array_size,65536,0.006361
2,2,shoc,shoc_triad,"{""block_size"":256,""precision"":""half""}",array_size,98304,0.006040
2,2,shoc,shoc_triad,"{""block_size"":256,""precision"":""half""}",array_size,131072,0.005920
2,2,shoc,shoc_triad,"{""block_size"":256,""precision"":""half""}",array_size,196608,0.005880
2,2,shoc,shoc_triad,"{""block_size"":256,""precision"":""half""}",array_size,262144,0.005881
2,2,shoc,shoc_triad,"{""block_size"":256,""precision"":""half""}",array_size,393216,0.005920
2,2,shoc,shoc_triad,"{""block_size"":256,""precision"":""half""}",array_size,524288,0.005987
2,2,shoc,shoc_triad,"{""block_size"":256,""precision"":""half""}",array_size,786432,0.006067
2,2,shoc,shoc_triad,"{""block_size"":256,""precision"":""half""}",array_size,1048576,0.006241
2,2,shoc,shoc_triad,"{""block_size"":256,""precision"":""half""}",array_size,1572864,0.007644
2,2,shoc,shoc_triad,"{""block_size"":256,""precision"":""half""}",array_size,2097152,0.009782
2,2,shoc,shoc_triad,"{""block_size"":256,""precision"":""half""}",array_size,3145728,0.011653
2,2,shoc,shoc_triad,"{""block_size"":256,""precision"":""half""}",array_size,4194304,0.014553
2,2,shoc,shoc_triad,"{""block_size"":256,""precision"":""half""}",array_size,6291456,0.020794
2,2,shoc,shoc_triad,"{""block_size"":256,""precision"":""half""}",array_size,8388608,0.024856
2,2,shoc,shoc_triad,"{""block_size"":256,""precision"":""half""}",array_size,16777216,0.043138
2,2,shoc,shoc_triad,"{""block_size"":256,""precision"":""half""}",array_size,33554432,0.099973
2,2,shoc,shoc_triad,"{""block_size"":256,""precision"":""half""}",array_size,67108864,0.205507
2,2,shoc,shoc_triad,"{""block_size"":256,""precision"":""half""}",array_size,134217728,0.387642
2,2,shoc,shoc_triad,"{""block_size"":256,""precision"":""half""}",array_size,268435456,0.889022
2,2,tango,tango_binomial_options,"{""precision"":""double"",""steps"":1024}",options,16,0.835639
2,2,tango,tango_binomial_options,"{""precision"":""double"",""steps"":1024}",options,24,0.836516
2,2,tango,tango_binomial_options,"{""precision"":""double"",""steps"":1024}",options,32,0.836502
2,2,tango,tango_binomial_options,"{""precision"":""double"",""steps"":1024}",options,48,0.838655
2,2,tango,tango_binomial_options,"{""precision"":""double"",""steps"":1024}",options,64,0.840192
2,2,tango,tango_binomial_options,"{""precision"":""double"",""steps"":1024}",options,96,0.842127
2,2,tango,tango_binomial_options,"{""precision"":""double"",""steps"":1024}",options,128,0.846099
2,2,tango,tango_binomial_options,"{""precision"":""double"",""steps"":1024}",options,192,0.857988
2,2,tango,tango_binomial_options,"{""precision"":""double"",""steps"":1024}",options,256,0.935540
2,2,tango,tango_binomial_options,"{""precision"":""double"",""steps"":1024}",options,384,1.576358
2,2,tango,tango_binomial_options,"{""precision"":""double"",""steps"":1024}",options,512,1.673193
2,2,tango,tango_binomial_options,"{""precision"":""double"",""steps"":1024}",options,768,2.417409
2,2,tango,tango_binomial_options,"{""precision"":""double"",""steps"":1024}",options,1024,3.223736
2,2,tango,tango_binomial_options,"{""precision"":""double"",""steps"":1024}",options,1536,4.912808
2,2,tango,tango_binomial_options,"{""precision"":""double"",""steps"":1024}",options,2048,5.701708
2,2,tango,tango_binomial_options,"{""precision"":""double"",""steps"":1024}",options,3072,8.962372
2,2,tango,tango_binomial_options,"{""precision"":""double"",""steps"":1024}",options,4096,11.389423
2,2,tango,tango_binomial_options,"{""precision"":""double"",""steps"":1024}",options,6144,17.127510
2,2,tango,tango_binomial_options,"{""precision"":""double"",""steps"":1024}",options,8192,21.985801
2,2,tango,tango_binomial_options,"{""precision"":""double"",""steps"":1024}",options,12288,33.418308
2,2,tango,tango_binomial_options,"{""precision"":""double"",""steps"":1024}",options,16384,44.083071
2,2,tango,tango_binomial_options,"{""precision"":""double"",""steps"":1024}",options,24576,66.227870
2,2,tango,tango_binomial_options,"{""precision"":""double"",""steps"":1024}",options,32768,88.234846
2,2,tango,tango_binomial_options,"{""precision"":""double"",""steps"":1024}",options,49152,132.360209
2,2,tango,tango_binomial_options,"{""precision"":""double"",""steps"":1024}",options,65536,176.590327
2,2,tango,tango_binomial_options,"{""precision"":""double"",""steps"":1024}",options,98304,263.786865
2,2,tango,tango_binomial_options,"{""precision"":""double"",""steps"":1024}",options,131072,353.628591
2,2,tango,tango_binomial_options,"{""precision"":""double"",""steps"":1024}",options,196608,530.148072
2,2,tango,tango_binomial_options,"{""precision"":""double"",""steps"":1024}",options,262144,700.371745
2,2,tango,tango_binomial_options,"{""precision"":""double"",""steps"":1024}",options,393216,1055.478801
2,2,tango,tango_binomial_options,"{""precision"":""double"",""steps"":1024}",options,524288,1414.358561
2,2,tango,tango_binomial_options,"{""precision"":""double"",""steps"":1024}",options,786432,2122.441081
2,2,tango,tango_binomial_options,"{""precision"":""double"",""steps"":1024}",options,1048576,2815.641764
2,2,tango,tango_binomial_options,"{""precision"":""double"",""steps"":128}",options,16,0.062729
2,2,tango,tango_binomial_options,"{""precision"":""double"",""steps"":128}",options,24,0.062917
2,2,tango,tango_binomial_options,"{""precision"":""double"",""steps"":128}",options,32,0.062676
2,2,tango,tango_binomial_options,"{""precision"":""double"",""steps"":128}",options,48,0.062810
2,2,tango,tango_binomial_options,"{""precision"":""double"",""steps"":128}",options,64,0.062583
2,2,tango,tango_binomial_options,"{""precision"":""double"",""steps"":128}",options,96,0.062849
2,2,tango,tango_binomial_options,"{""precision"":""double"",""steps"":128}",options,128,0.062916
2,2,tango,tango_binomial_options,"{""precision"":""double"",""steps"":128}",options,192,0.063090
2,2,tango,tango_binomial_options,"{""precision"":""double"",""steps"":128}",options,256,0.062983
2,2,tango,tango_binomial_options,"{""precision"":""double"",""steps"":128}",options,384,0.078807
2,2,tango,tango_binomial_options,"{""precision"":""double"",""steps"":128}",options,512,0.079568
2,2,tango,tango_binomial_options,"{""precision"":""double"",""steps"":128}",options,768,0.080010
2,2,tango,tango_binomial_options,"{""precision"":""double"",""steps"":128}",options,1024,0.099907
2,2,tango,tango_binomial_options,"{""precision"":""double"",""steps"":128}",options,1536,0.140705
2,2,tango,tango_binomial_options,"{""precision"":""double"",""steps"":128}",options,2048,0.142577
2,2,tango,tango_binomial_options,"{""precision"":""double"",""steps"":128}",options,3072,0.252187
2,2,tango,tango_binomial_options,"{""precision"":""double"",""steps"":128}",options,4096,0.334453
2,2,tango,tango_binomial_options,"{""precision"":""double"",""steps"":128}",options,6144,0.502462
2,2,tango,tango_binomial_options,"{""precision"":""double"",""steps"":128}",options,8192,0.638612
2,2,tango,tango_binomial_options,"{""precision"":""double"",""steps"":128}",options,12288,0.899939
2,2,tango,tango_binomial_options,"{""precision"":""double"",""steps"":128}",options,16384,1.147982
2,2,tango,tango_binomial_options,"{""precision"":""double"",""steps"":128}",options,24576,1.644956
2,2,tango,tango_binomial_options,"{""precision"":""double"",""steps"":128}",options,32768,2.150489
2,2,tango,tango_binomial_options,"{""precision"":""double"",""steps"":128}",options,49152,3.135085
2,2,tango,tango_binomial_options,"{""precision"":""double"",""steps"":128}",options,65536,4.151135
2,2,tango,tango_binomial_options,"{""precision"":""double"",""steps"":128}",options,98304,6.195288
2,2,tango,tango_binomial_options,"{""precision"":""double"",""steps"":128}",options,131072,8.248356
2,2,tango,tango_binomial_options,"{""precision"":""double"",""steps"":128}",options,196608,12.369614
2,2,tango,tango_binomial_options,"{""precision"":""double"",""steps"":128}",options,262144,16.442600
2,2,tango,tango_binomial_options,"{""precision"":""double"",""steps"":128}",options,393216,24.656924
2,2,tango,tango_binomial_options,"{""precision"":""double"",""steps"":128}",options,524288,32.853060
2,2,tango,tango_binomial_options,"{""precision"":""double"",""steps"":128}",options,786432,49.378839
2,2,tango,tango_binomial_options,"{""precision"":""double"",""steps"":128}",options,1048576,65.700048
2,2,tango,tango_binomial_options,"{""precision"":""double"",""steps"":2048}",options,16,2.847168
2,2,tango,tango_binomial_options,"{""precision"":""double"",""steps"":2048}",options,24,2.850136
2,2,tango,tango_binomial_options,"{""precision"":""double"",""steps"":2048}",options,32,2.852317
2,2,tango,tango_binomial_options,"{""precision"":""double"",""steps"":2048}",options,48,2.859782
2,2,tango,tango_binomial_options,"{""precision"":""double"",""steps"":2048}",options,64,2.866819
2,2,tango,tango_binomial_options,"{""precision"":""double"",""steps"":2048}",options,96,2.880446
2,2,tango,tango_binomial_options,"{""precision"":""double"",""steps"":2048}",options,128,2.894916
2,2,tango,tango_binomial_options,"{""precision"":""double"",""steps"":2048}",options,192,2.922756
2,2,tango,tango_binomial_options,"{""precision"":""double"",""steps"":2048}",options,256,3.079997
2,2,tango,tango_binomial_options,"{""precision"":""double"",""steps"":2048}",options,384,5.952135
2,2,tango,tango_binomial_options,"{""precision"":""double"",""steps"":2048}",options,512,6.006861
2,2,tango,tango_binomial_options,"{""precision"":""double"",""steps"":2048}",options,768,8.996100
2,2,tango,tango_binomial_options,"{""precision"":""double"",""steps"":2048}",options,1024,12.057637
2,2,tango,tango_binomial_options,"{""precision"":""double"",""steps"":2048}",options,1536,18.075666
2,2,tango,tango_binomial_options,"{""precision"":""double"",""steps"":2048}",options,2048,21.290358
2,2,tango,tango_binomial_options,"{""precision"":""double"",""steps"":2048}",options,3072,33.314442
2,2,tango,tango_binomial_options,"{""precision"":""double"",""steps"":2048}",options,4096,42.412220
2,2,tango,tango_binomial_options,"{""precision"":""double"",""steps"":2048}",options,6144,63.881087
2,2,tango,tango_binomial_options,"{""precision"":""double"",""steps"":2048}",options,8192,82.400388
2,2,tango,tango_binomial_options,"{""precision"":""double"",""steps"":2048}",options,12288,124.315237
2,2,tango,tango_binomial_options,"{""precision"":""double"",""steps"":2048}",options,16384,164.967173
2,2,tango,tango_binomial_options,"{""precision"":""double"",""steps"":2048}",options,24576,247.529460
2,2,tango,tango_binomial_options,"{""precision"":""double"",""steps"":2048}",options,32768,330.241872
2,2,tango,tango_binomial_options,"{""precision"":""double"",""steps"":2048}",options,49152,495.929535
2,2,tango,tango_binomial_options,"{""precision"":""double"",""steps"":2048}",options,65536,654.553365
2,2,tango,tango_binomial_options,"{""precision"":""double"",""steps"":2048}",options,98304,981.059916
2,2,tango,tango_binomial_options,"{""precision"":""double"",""steps"":2048}",options,131072,1304.442342
2,2,tango,tango_binomial_options,"{""precision"":""double"",""steps"":2048}",options,196608,1956.463582
2,2,tango,tango_binomial_options,"{""precision"":""double"",""steps"":2048}",options,262144,2607.431885
2,2,tango,tango_binomial_options,"{""precision"":""double"",""steps"":2048}",options,393216,3911.628418
2,2,tango,tango_binomial_options,"{""precision"":""double"",""steps"":2048}",options,524288,5214.025879
2,2,tango,tango_binomial_options,"{""precision"":""double"",""steps"":2048}",options,786432,7819.960775
2,2,tango,tango_binomial_options,"{""precision"":""float"",""steps"":1024}",options,16,0.835299
2,2,tango,tango_binomial_options,"{""precision"":""float"",""steps"":1024}",options,24,0.835687
2,2,tango,tango_binomial_options,"{""precision"":""float"",""steps"":1024}",options,32,0.837354
2,2,tango,tango_binomial_options,"{""precision"":""float"",""steps"":1024}",options,48,0.838896
2,2,tango,tango_binomial_options,"{""precision"":""float"",""steps"":1024}",options,64,0.840298
2,2,tango,tango_binomial_options,"{""precision"":""float"",""steps"":1024}",options,96,0.844041
2,2,tango,tango_binomial_options,"{""precision"":""float"",""steps"":1024}",options,128,0.847020
2,2,tango,tango_binomial_options,"{""precision"":""float"",""steps"":1024}",options,192,0.855328
2,2,tango,tango_binomial_options,"{""precision"":""float"",""steps"":1024}",options,256,0.933645
2,2,tango,tango_binomial_options,"{""precision"":""float"",""steps"":1024}",options,384,1.576493
2,2,tango,tango_binomial_options,"{""precision"":""float"",""steps"":1024}",options,512,1.656326
2,2,tango,tango_binomial_options,"{""precision"":""float"",""steps"":1024}",options,768,2.427609
2,2,tango,tango_binomial_options,"{""precision"":""float"",""steps"":1024}",options,1024,3.216173
2,2,tango,tango_binomial_options,"{""precision"":""float"",""steps"":1024}",options,1536,4.919917
2,2,tango,tango_binomial_options,"{""precision"":""float"",""steps"":1024}",options,2048,5.717643
2,2,tango,tango_binomial_options,"{""precision"":""float"",""steps"":1024}",options,3072,8.938477
2,2,tango,tango_binomial_options,"{""precision"":""float"",""steps"":1024}",options,4096,11.363169
2,2,tango,tango_binomial_options,"{""precision"":""float"",""steps"":1024}",options,6144,17.034977
2,2,tango,tango_binomial_options,"{""precision"":""float"",""steps"":1024}",options,8192,22.054691
2,2,tango,tango_binomial_options,"{""precision"":""float"",""steps"":1024}",options,12288,33.145026
2,2,tango,tango_binomial_options,"{""precision"":""float"",""steps"":1024}",options,16384,43.988437
2,2,tango,tango_binomial_options,"{""precision"":""float"",""steps"":1024}",options,24576,66.126188
2,2,tango,tango_binomial_options,"{""precision"":""float"",""steps"":1024}",options,32768,88.273577
2,2,tango,tango_binomial_options,"{""precision"":""float"",""steps"":1024}",options,49152,132.405894
2,2,tango,tango_binomial_options,"{""precision"":""float"",""steps"":1024}",options,65536,176.653366
2,2,tango,tango_binomial_options,"{""precision"":""float"",""steps"":1024}",options,98304,265.080027
2,2,tango,tango_binomial_options,"{""precision"":""float"",""steps"":1024}",options,131072,353.358449
2,2,tango,tango_binomial_options,"{""precision"":""float"",""steps"":1024}",options,196608,529.950460
2,2,tango,tango_binomial_options,"{""precision"":""float"",""steps"":1024}",options,262144,707.054911
2,2,tango,tango_binomial_options,"{""precision"":""float"",""steps"":1024}",options,393216,1054.917033
2,2,tango,tango_binomial_options,"{""precision"":""float"",""steps"":1024}",options,524288,1414.739054
2,2,tango,tango_binomial_options,"{""precision"":""float"",""steps"":1024}",options,786432,2111.273356
2,2,tango,tango_binomial_options,"{""precision"":""float"",""steps"":1024}",options,1048576,2814.466715
2,2,tango,tango_binomial_options,"{""precision"":""float"",""steps"":128}",options,16,0.062649
2,2,tango,tango_binomial_options,"{""precision"":""float"",""steps"":128}",options,24,0.062676
2,2,tango,tango_binomial_options,"{""precision"":""float"",""steps"":128}",options,32,0.062730
2,2,tango,tango_binomial_options,"{""precision"":""float"",""steps"":128}",options,48,0.062716
2,2,tango,tango_binomial_options,"{""precision"":""float"",""steps"":128}",options,64,0.062716
2,2,tango,tango_binomial_options,"{""precision"":""float"",""steps"":128}",options,96,0.062569
2,2,tango,tango_binomial_options,"{""precision"":""float"",""steps"":128}",options,128,0.062849
2,2,tango,tango_binomial_options,"{""precision"":""float"",""steps"":128}",options,192,0.062930
2,2,tango,tango_binomial_options,"{""precision"":""float"",""steps"":128}",options,256,0.063023
2,2,tango,tango_binomial_options,"{""precision"":""float"",""steps"":128}",options,384,0.078527
2,2,tango,tango_binomial_options,"{""precision"":""float"",""steps"":128}",options,512,0.078793
2,2,tango,tango_binomial_options,"{""precision"":""float"",""steps"":128}",options,768,0.080169
2,2,tango,tango_binomial_options,"{""precision"":""float"",""steps"":128}",options,1024,0.100027
2,2,tango,tango_binomial_options,"{""precision"":""float"",""steps"":128}",options,1536,0.140359
2,2,tango,tango_binomial_options,"{""precision"":""float"",""steps"":128}",options,2048,0.142484
2,2,tango,tango_binomial_options,"{""precision"":""float"",""steps"":128}",options,3072,0.250810
2,2,tango,tango_binomial_options,"{""precision"":""float"",""steps"":128}",options,4096,0.350944
2,2,tango,tango_binomial_options,"{""precision"":""float"",""steps"":128}",options,6144,0.478635
2,2,tango,tango_binomial_options,"{""precision"":""float"",""steps"":128}",options,8192,0.645867
2,2,tango,tango_binomial_options,"{""precision"":""float"",""steps"":128}",options,12288,0.911406
2,2,tango,tango_binomial_options,"{""precision"":""float"",""steps"":128}",options,16384,1.150922
2,2,tango,tango_binomial_options,"{""precision"":""float"",""steps"":128}",options,24576,1.644536
2,2,tango,tango_binomial_options,"{""precision"":""float"",""steps"":128}",options,32768,2.156848
2,2,tango,tango_binomial_options,"{""precision"":""float"",""steps"":128}",options,49152,3.155113
2,2,tango,tango_binomial_options,"{""precision"":""float"",""steps"":128}",options,65536,4.145438
2,2,tango,tango_binomial_options,"{""precision"":""float"",""steps"":128}",options,98304,6.203074
2,2,tango,tango_binomial_options,"{""precision"":""float"",""steps"":128}",options,131072,8.247457
2,2,tango,tango_binomial_options,"{""precision"":""float"",""steps"":128}",options,196608,12.355884
2,2,tango,tango_binomial_options,"{""precision"":""float"",""steps"":128}",options,262144,16.473942
2,2,tango,tango_binomial_options,"{""precision"":""float"",""steps"":128}",options,393216,24.619064
2,2,tango,tango_binomial_options,"{""precision"":""float"",""steps"":128}",options,524288,32.870192
2,2,tango,tango_binomial_options,"{""precision"":""float"",""steps"":128}",options,786432,49.371324
2,2,tango,tango_binomial_options,"{""precision"":""float"",""steps"":128}",options,1048576,65.741897
2,2,tango,tango_binomial_options,"{""precision"":""float"",""steps"":2048}",options,16,2.846807
2,2,tango,tango_binomial_options,"{""precision"":""float"",""steps"":2048}",options,24,2.849870
2,2,tango,tango_binomial_options,"{""precision"":""float"",""steps"":2048}",options,32,2.851791
2,2,tango,tango_binomial_options,"{""precision"":""float"",""steps"":2048}",options,48,2.858777
2,2,tango,tango_binomial_options,"{""precision"":""float"",""steps"":2048}",options,64,2.866527
2,2,tango,tango_binomial_options,"{""precision"":""float"",""steps"":2048}",options,96,2.879575
2,2,tango,tango_binomial_options,"{""precision"":""float"",""steps"":2048}",options,128,2.895621
2,2,tango,tango_binomial_options,"{""precision"":""float"",""steps"":2048}",options,192,2.922331
2,2,tango,tango_binomial_options,"{""precision"":""float"",""steps"":2048}",options,256,3.076235
2,2,tango,tango_binomial_options,"{""precision"":""float"",""steps"":2048}",options,384,5.911084
2,2,tango,tango_binomial_options,"{""precision"":""float"",""steps"":2048}",options,512,5.961258
2,2,tango,tango_binomial_options,"{""precision"":""float"",""steps"":2048}",options,768,8.987465
2,2,tango,tango_binomial_options,"{""precision"":""float"",""steps"":2048}",options,1024,12.028139
2,2,tango,tango_binomial_options,"{""precision"":""float"",""steps"":2048}",options,1536,18.238525
2,2,tango,tango_binomial_options,"{""precision"":""float"",""steps"":2048}",options,2048,21.287912
2,2,tango,tango_binomial_options,"{""precision"":""float"",""steps"":2048}",options,3072,33.371363
2,2,tango,tango_binomial_options,"{""precision"":""float"",""steps"":2048}",options,4096,42.546402
2,2,tango,tango_binomial_options,"{""precision"":""float"",""steps"":2048}",options,6144,63.948744
2,2,tango,tango_binomial_options,"{""precision"":""float"",""steps"":2048}",options,8192,82.389346
2,2,tango,tango_binomial_options,"{""precision"":""float"",""steps"":2048}",options,12288,124.850942
2,2,tango,tango_binomial_options,"{""precision"":""float"",""steps"":2048}",options,16384,164.950287
2,2,tango,tango_binomial_options,"{""precision"":""float"",""steps"":2048}",options,24576,246.075322
2,2,tango,tango_binomial_options,"{""precision"":""float"",""steps"":2048}",options,32768,330.147878
2,2,tango,tango_binomial_options,"{""precision"":""float"",""steps"":2048}",options,49152,492.305023
2,2,tango,tango_binomial_options,"{""precision"":""float"",""steps"":2048}",options,65536,657.793864
2,2,tango,tango_binomial_options,"{""precision"":""float"",""steps"":2048}",options,98304,987.531962
2,2,tango,tango_binomial_options,"{""precision"":""float"",""steps"":2048}",options,131072,1304.322672
2,2,tango,tango_binomial_options,"{""precision"":""float"",""steps"":2048}",options,196608,1955.754638
2,2,tango,tango_binomial_options,"{""precision"":""float"",""steps"":2048}",options,262144,2605.651937
2,2,tango,tango_binomial_options,"{""precision"":""float"",""steps"":2048}",options,393216,3907.604004
2,2,tango,tango_binomial_options,"{""precision"":""float"",""steps"":2048}",options,524288,5209.847168
2,2,tango,tango_binomial_options,"{""precision"":""float"",""steps"":2048}",options,786432,7820.236816
2,2,tango,tango_binomial_options,"{""precision"":""half"",""steps"":1024}",options,16,0.835646
2,2,tango,tango_binomial_options,"{""precision"":""half"",""steps"":1024}",options,24,0.836343
2,2,tango,tango_binomial_options,"{""precision"":""half"",""steps"":1024}",options,32,0.837185
2,2,tango,tango_binomial_options,"{""precision"":""half"",""steps"":1024}",options,48,0.838521
2,2,tango,tango_binomial_options,"{""precision"":""half"",""steps"":1024}",options,64,0.840444
2,2,tango,tango_binomial_options,"{""precision"":""half"",""steps"":1024}",options,96,0.842543
2,2,tango,tango_binomial_options,"{""precision"":""half"",""steps"":1024}",options,128,0.846553
2,2,tango,tango_binomial_options,"{""precision"":""half"",""steps"":1024}",options,192,0.856897
2,2,tango,tango_binomial_options,"{""precision"":""half"",""steps"":1024}",options,256,0.915068
2,2,tango,tango_binomial_options,"{""precision"":""half"",""steps"":1024}",options,384,1.575006
2,2,tango,tango_binomial_options,"{""precision"":""half"",""steps"":1024}",options,512,1.666564
2,2,tango,tango_binomial_options,"{""precision"":""half"",""steps"":1024}",options,768,2.428882
2,2,tango,tango_binomial_options,"{""precision"":""half"",""steps"":1024}",options,1024,3.207878
2,2,tango,tango_binomial_options,"{""precision"":""half"",""steps"":1024}",options,1536,4.891120
2,2,tango,tango_binomial_options,"{""precision"":""half"",""steps"":1024}",options,2048,5.710568
2,2,tango,tango_binomial_options,"{""precision"":""half"",""steps"":1024}",options,3072,8.919714
2,2,tango,tango_binomial_options,"{""precision"":""half"",""steps"":1024}",options,4096,11.412335
2,2,tango,tango_binomial_options,"{""precision"":""half"",""steps"":1024}",options,6144,17.135806
2,2,tango,tango_binomial_options,"{""precision"":""half"",""steps"":1024}",options,8192,22.008983
2,2,tango,tango_binomial_options,"{""precision"":""half"",""steps"":1024}",options,12288,33.353626
2,2,tango,tango_binomial_options,"{""precision"":""half"",""steps"":1024}",options,16384,44.129593
2,2,tango,tango_binomial_options,"{""precision"":""half"",""steps"":1024}",options,24576,66.095451
2,2,tango,tango_binomial_options,"{""precision"":""half"",""steps"":1024}",options,32768,88.282964
2,2,tango,tango_binomial_options,"{""precision"":""half"",""steps"":1024}",options,49152,132.397700
2,2,tango,tango_binomial_options,"{""precision"":""half"",""steps"":1024}",options,65536,176.694763
2,2,tango,tango_binomial_options,"{""precision"":""half"",""steps"":1024}",options,98304,264.950440
2,2,tango,tango_binomial_options,"{""precision"":""half"",""steps"":1024}",options,131072,353.704559
2,2,tango,tango_binomial_options,"{""precision"":""half"",""steps"":1024}",options,196608,530.181213
2,2,tango,tango_binomial_options,"{""precision"":""half"",""steps"":1024}",options,262144,703.751485
2,2,tango,tango_binomial_options,"{""precision"":""half"",""steps"":1024}",options,393216,1055.304891
2,2,tango,tango_binomial_options,"{""precision"":""half"",""steps"":1024}",options,524288,1407.872152
2,2,tango,tango_binomial_options,"{""precision"":""half"",""steps"":1024}",options,786432,2111.297363
2,2,tango,tango_binomial_options,"{""precision"":""half"",""steps"":1024}",options,1048576,2815.246257
2,2,tango,tango_binomial_options,"{""precision"":""half"",""steps"":128}",options,16,0.062676
2,2,tango,tango_binomial_options,"{""precision"":""half"",""steps"":128}",options,24,0.062806
2,2,tango,tango_binomial_options,"{""precision"":""half"",""steps"":128}",options,32,0.062783
2,2,tango,tango_binomial_options,"{""precision"":""half"",""steps"":128}",options,48,0.063064
2,2,tango,tango_binomial_options,"{""precision"":""half"",""steps"":128}",options,64,0.062556
2,2,tango,tango_binomial_options,"{""precision"":""half"",""steps"":128}",options,96,0.062649
2,2,tango,tango_binomial_options,"{""precision"":""half"",""steps"":128}",options,128,0.062770
2,2,tango,tango_binomial_options,"{""precision"":""half"",""steps"":128}",options,192,0.062876
2,2,tango,tango_binomial_options,"{""precision"":""half"",""steps"":128}",options,256,0.062903
2,2,tango,tango_binomial_options,"{""precision"":""half"",""steps"":128}",options,384,0.078392
2,2,tango,tango_binomial_options,"{""precision"":""half"",""steps"":128}",options,512,0.078873
2,2,tango,tango_binomial_options,"{""precision"":""half"",""steps"":128}",options,768,0.080196
2,2,tango,tango_binomial_options,"{""precision"":""half"",""steps"":128}",options,1024,0.100429
2,2,tango,tango_binomial_options,"{""precision"":""half"",""steps"":128}",options,1536,0.140667
2,2,tango,tango_binomial_options,"{""precision"":""half"",""steps"":128}",options,2048,0.142591
2,2,tango,tango_binomial_options,"{""precision"":""half"",""steps"":128}",options,3072,0.250490
2,2,tango,tango_binomial_options,"{""precision"":""half"",""steps"":128}",options,4096,0.335873
2,2,tango,tango_binomial_options,"{""precision"":""half"",""steps"":128}",options,6144,0.501740
2,2,tango,tango_binomial_options,"{""precision"":""half"",""steps"":128}",options,8192,0.645789
2,2,tango,tango_binomial_options,"{""precision"":""half"",""steps"":128}",options,12288,0.904470
2,2,tango,tango_binomial_options,"{""precision"":""half"",""steps"":128}",options,16384,1.128618
2,2,tango,tango_binomial_options,"{""precision"":""half"",""steps"":128}",options,24576,1.638830
2,2,tango,tango_binomial_options,"{""precision"":""half"",""steps"":128}",options,32768,2.131298
2,2,tango,tango_binomial_options,"{""precision"":""half"",""steps"":128}",options,49152,3.154875
2,2,tango,tango_binomial_options,"{""precision"":""half"",""steps"":128}",options,65536,4.169384
2,2,tango,tango_binomial_options,"{""precision"":""half"",""steps"":128}",options,98304,6.212974
2,2,tango,tango_binomial_options,"{""precision"":""half"",""steps"":128}",options,131072,8.239931
2,2,tango,tango_binomial_options,"{""precision"":""half"",""steps"":128}",options,196608,12.309171
2,2,tango,tango_binomial_options,"{""precision"":""half"",""steps"":128}",options,262144,16.406932
2,2,tango,tango_binomial_options,"{""precision"":""half"",""steps"":128}",options,393216,24.662261
2,2,tango,tango_binomial_options,"{""precision"":""half"",""steps"":128}",options,524288,32.865493
2,2,tango,tango_binomial_options,"{""precision"":""half"",""steps"":128}",options,786432,49.384652
2,2,tango,tango_binomial_options,"{""precision"":""half"",""steps"":128}",options,1048576,65.871946
2,2,tango,tango_binomial_options,"{""precision"":""half"",""steps"":2048}",options,16,2.847259
2,2,tango,tango_binomial_options,"{""precision"":""half"",""steps"":2048}",options,24,2.849987
2,2,tango,tango_binomial_options,"{""precision"":""half"",""steps"":2048}",options,32,2.852811
2,2,tango,tango_binomial_options,"{""precision"":""half"",""steps"":2048}",options,48,2.858837
2,2,tango,tango_binomial_options,"{""precision"":""half"",""steps"":2048}",options,64,2.866330
2,2,tango,tango_binomial_options,"{""precision"":""half"",""steps"":2048}",options,96,2.878393
2,2,tango,tango_binomial_options,"{""precision"":""half"",""steps"":2048}",options,128,2.894407
2,2,tango,tango_binomial_options,"{""precision"":""half"",""steps"":2048}",options,192,2.921464
2,2,tango,tango_binomial_options,"{""precision"":""half"",""steps"":2048}",options,256,3.073238
2,2,tango,tango_binomial_options,"{""precision"":""half"",""steps"":2048}",options,384,5.933084
2,2,tango,tango_binomial_options,"{""precision"":""half"",""steps"":2048}",options,512,5.977827
2,2,tango,tango_binomial_options,"{""precision"":""half"",""steps"":2048}",options,768,8.984178
2,2,tango,tango_binomial_options,"{""precision"":""half"",""steps"":2048}",options,1024,12.050639
2,2,tango,tango_binomial_options,"{""precision"":""half"",""steps"":2048}",options,1536,18.178482
2,2,tango,tango_binomial_options,"{""precision"":""half"",""steps"":2048}",options,2048,21.156372
2,2,tango,tango_binomial_options,"{""precision"":""half"",""steps"":2048}",options,3072,33.016612
2,2,tango,tango_binomial_options,"{""precision"":""half"",""steps"":2048}",options,4096,42.522710
2,2,tango,tango_binomial_options,"{""precision"":""half"",""steps"":2048}",options,6144,63.570592
2,2,tango,tango_binomial_options,"{""precision"":""half"",""steps"":2048}",options,8192,82.424055
2,2,tango,tango_binomial_options,"{""precision"":""half"",""steps"":2048}",options,12288,124.969414
2,2,tango,tango_binomial_options,"{""precision"":""half"",""steps"":2048}",options,16384,164.180989
2,2,tango,tango_binomial_options,"{""precision"":""half"",""steps"":2048}",options,24576,246.297419
2,2,tango,tango_binomial_options,"{""precision"":""half"",""steps"":2048}",options,32768,330.407318
2,2,tango,tango_binomial_options,"{""precision"":""half"",""steps"":2048}",options,49152,492.671082
2,2,tango,tango_binomial_options,"{""precision"":""half"",""steps"":2048}",options,65536,654.437358
2,2,tango,tango_binomial_options,"{""precision"":""half"",""steps"":2048}",options,98304,987.461995
2,2,tango,tango_binomial_options,"{""precision"":""half"",""steps"":2048}",options,131072,1303.847534
2,2,tango,tango_binomial_options,"{""precision"":""half"",""steps"":2048}",options,196608,1954.208252
2,2,tango,tango_binomial_options,"{""precision"":""half"",""steps"":2048}",options,262144,2605.994222
2,2,tango,tango_binomial_options,"{""precision"":""half"",""steps"":2048}",options,393216,3909.234294
2,2,tango,tango_binomial_options,"{""precision"":""half"",""steps"":2048}",options,524288,5212.264486
2,2,tango,tango_binomial_options,"{""precision"":""half"",""steps"":2048}",options,786432,7817.731282
2,2,tango,tango_blackscholes,"{""block_size"":256,""precision"":""double""}",size,1024,0.006094
2,2,tango,tango_blackscholes,"{""block_size"":256,""precision"":""double""}",size,1536,0.005760
2,2,tango,tango_blackscholes,"{""block_size"":256,""precision"":""double""}",size,2048,0.005840
2,2,tango,tango_blackscholes,"{""block_size"":256,""precision"":""double""}",size,3072,0.005827
2,2,tango,tango_blackscholes,"{""block_size"":256,""precision"":""double""}",size,4096,0.005813
2,2,tango,tango_blackscholes,"{""block_size"":256,""precision"":""double""}",size,6144,0.006040
2,2,tango,tango_blackscholes,"{""block_size"":256,""precision"":""double""}",size,8192,0.005773
2,2,tango,tango_blackscholes,"{""block_size"":256,""precision"":""double""}",size,12288,0.005800
2,2,tango,tango_blackscholes,"{""block_size"":256,""precision"":""double""}",size,16384,0.005880
2,2,tango,tango_blackscholes,"{""block_size"":256,""precision"":""double""}",size,24576,0.005906
2,2,tango,tango_blackscholes,"{""block_size"":256,""precision"":""double""}",size,32768,0.005827
2,2,tango,tango_blackscholes,"{""block_size"":256,""precision"":""double""}",size,49152,0.005827
2,2,tango,tango_blackscholes,"{""block_size"":256,""precision"":""double""}",size,65536,0.005826
2,2,tango,tango_blackscholes,"{""block_size"":256,""precision"":""double""}",size,98304,0.005893
2,2,tango,tango_blackscholes,"{""block_size"":256,""precision"":""double""}",size,131072,0.006442
2,2,tango,tango_blackscholes,"{""block_size"":256,""precision"":""double""}",size,196608,0.005920
2,2,tango,tango_blackscholes,"{""block_size"":256,""precision"":""double""}",size,262144,0.006401
2,2,tango,tango_blackscholes,"{""block_size"":256,""precision"":""double""}",size,393216,0.010384
2,2,tango,tango_blackscholes,"{""block_size"":256,""precision"":""double""}",size,524288,0.006668
2,2,tango,tango_blackscholes,"{""block_size"":256,""precision"":""double""}",size,786432,0.008860
2,2,tango,tango_blackscholes,"{""block_size"":256,""precision"":""double""}",size,1048576,0.011252
2,2,tango,tango_blackscholes,"{""block_size"":256,""precision"":""double""}",size,1572864,0.014794
2,2,tango,tango_blackscholes,"{""block_size"":256,""precision"":""double""}",size,2097152,0.019471
2,2,tango,tango_blackscholes,"{""block_size"":256,""precision"":""double""}",size,3145728,0.026327
2,2,tango,tango_blackscholes,"{""block_size"":256,""precision"":""double""}",size,4194304,0.034091
2,2,tango,tango_blackscholes,"{""block_size"":256,""precision"":""double""}",size,6291456,0.049472
2,2,tango,tango_blackscholes,"{""block_size"":256,""precision"":""double""}",size,8388608,0.064747
2,2,tango,tango_blackscholes,"{""block_size"":256,""precision"":""float""}",size,1024,0.005867
2,2,tango,tango_blackscholes,"{""block_size"":256,""precision"":""float""}",size,1536,0.005813
2,2,tango,tango_blackscholes,"{""block_size"":256,""precision"":""float""}",size,2048,0.006736
2,2,tango,tango_blackscholes,"{""block_size"":256,""precision"":""float""}",size,3072,0.006254
2,2,tango,tango_blackscholes,"{""block_size"":256,""precision"":""float""}",size,4096,0.005880
2,2,tango,tango_blackscholes,"{""block_size"":256,""precision"":""float""}",size,6144,0.005827
2,2,tango,tango_blackscholes,"{""block_size"":256,""precision"":""float""}",size,8192,0.005800
2,2,tango,tango_blackscholes,"{""block_size"":256,""precision"":""float""}",size,12288,0.005813
2,2,tango,tango_blackscholes,"{""block_size"":256,""precision"":""float""}",size,16384,0.005800
2,2,tango,tango_blackscholes,"{""block_size"":256,""precision"":""float""}",size,24576,0.005866
2,2,tango,tango_blackscholes,"{""block_size"":256,""precision"":""float""}",size,32768,0.005880
2,2,tango,tango_blackscholes,"{""block_size"":256,""precision"":""float""}",size,49152,0.005881
2,2,tango,tango_blackscholes,"{""block_size"":256,""precision"":""float""}",size,65536,0.007230
2,2,tango,tango_blackscholes,"{""block_size"":256,""precision"":""float""}",size,98304,0.005907
2,2,tango,tango_blackscholes,"{""block_size"":256,""precision"":""float""}",size,131072,0.009434
2,2,tango,tango_blackscholes,"{""block_size"":256,""precision"":""float""}",size,196608,0.005974
2,2,tango,tango_blackscholes,"{""block_size"":256,""precision"":""float""}",size,262144,0.005974
2,2,tango,tango_blackscholes,"{""block_size"":256,""precision"":""float""}",size,393216,0.006334
2,2,tango,tango_blackscholes,"{""block_size"":256,""precision"":""float""}",size,524288,0.006695
2,2,tango,tango_blackscholes,"{""block_size"":256,""precision"":""float""}",size,786432,0.009501
2,2,tango,tango_blackscholes,"{""block_size"":256,""precision"":""float""}",size,1048576,0.014272
2,2,tango,tango_blackscholes,"{""block_size"":256,""precision"":""float""}",size,1572864,0.015128
2,2,tango,tango_blackscholes,"{""block_size"":256,""precision"":""float""}",size,2097152,0.018669
2,2,tango,tango_blackscholes,"{""block_size"":256,""precision"":""float""}",size,3145728,0.026487
2,2,tango,tango_blackscholes,"{""block_size"":256,""precision"":""float""}",size,4194304,0.033944
2,2,tango,tango_blackscholes,"{""block_size"":256,""precision"":""float""}",size,6291456,0.049660
2,2,tango,tango_blackscholes,"{""block_size"":256,""precision"":""float""}",size,8388608,0.065069
2,2,tango,tango_blackscholes,"{""block_size"":256,""precision"":""half""}",size,1024,0.005841
2,2,tango,tango_blackscholes,"{""block_size"":256,""precision"":""half""}",size,1536,0.005840
2,2,tango,tango_blackscholes,"{""block_size"":256,""precision"":""half""}",size,2048,0.005733
2,2,tango,tango_blackscholes,"{""block_size"":256,""precision"":""half""}",size,3072,0.005853
2,2,tango,tango_blackscholes,"{""block_size"":256,""precision"":""half""}",size,4096,0.005960
2,2,tango,tango_blackscholes,"{""block_size"":256,""precision"":""half""}",size,6144,0.005827
2,2,tango,tango_blackscholes,"{""block_size"":256,""precision"":""half""}",size,8192,0.005773
2,2,tango,tango_blackscholes,"{""block_size"":256,""precision"":""half""}",size,12288,0.006201
2,2,tango,tango_blackscholes,"{""block_size"":256,""precision"":""half""}",size,16384,0.005854
2,2,tango,tango_blackscholes,"{""block_size"":256,""precision"":""half""}",size,24576,0.006040
2,2,tango,tango_blackscholes,"{""block_size"":256,""precision"":""half""}",size,32768,0.005800
2,2,tango,tango_blackscholes,"{""block_size"":256,""precision"":""half""}",size,49152,0.006081
2,2,tango,tango_blackscholes,"{""block_size"":256,""precision"":""half""}",size,65536,0.005987
2,2,tango,tango_blackscholes,"{""block_size"":256,""precision"":""half""}",size,98304,0.005907
2,2,tango,tango_blackscholes,"{""block_size"":256,""precision"":""half""}",size,131072,0.005920
2,2,tango,tango_blackscholes,"{""block_size"":256,""precision"":""half""}",size,196608,0.005947
2,2,tango,tango_blackscholes,"{""block_size"":256,""precision"":""half""}",size,262144,0.006013
2,2,tango,tango_blackscholes,"{""block_size"":256,""precision"":""half""}",size,393216,0.006214
2,2,tango,tango_blackscholes,"{""block_size"":256,""precision"":""half""}",size,524288,0.006736
2,2,tango,tango_blackscholes,"{""block_size"":256,""precision"":""half""}",size,786432,0.008900
2,2,tango,tango_blackscholes,"{""block_size"":256,""precision"":""half""}",size,1048576,0.011319
2,2,tango,tango_blackscholes,"{""block_size"":256,""precision"":""half""}",size,1572864,0.014994
2,2,tango,tango_blackscholes,"{""block_size"":256,""precision"":""half""}",size,2097152,0.018629
2,2,tango,tango_blackscholes,"{""block_size"":256,""precision"":""half""}",size,3145728,0.027182
2,2,tango,tango_blackscholes,"{""block_size"":256,""precision"":""half""}",size,4194304,0.034425
2,2,tango,tango_blackscholes,"{""block_size"":256,""precision"":""half""}",size,6291456,0.049286
2,2,tango,tango_blackscholes,"{""block_size"":256,""precision"":""half""}",size,8388608,0.065696
