,benchmark,env,num_access,time
0,l2_read,sim,0,0.001856015
1,l2_read,sim,16,0.001858401
2,l2_read,sim,32,0.00186132
3,l2_read,sim,48,0.001864512
4,l2_read,sim,64,0.001867704
5,l2_read,sim,80,0.001870896
6,l2_read,sim,96,0.001874088
7,l2_read,sim,112,0.00187728
8,l2_read,sim,128,0.001880472
