benchmark,scaling_param_name,scaling_param_value,non_scaling_json,kernel_ms_mean,n_reps
cache_bandwidth,working_set_bytes,1024,"{""mode"":""private""}",4.795786,7
cache_bandwidth,working_set_bytes,2048,"{""mode"":""private""}",2.404608,7
cache_bandwidth,working_set_bytes,4096,"{""mode"":""private""}",1.210087,7
cache_bandwidth,working_set_bytes,8192,"{""mode"":""private""}",0.628726,7
cache_bandwidth,working_set_bytes,16384,"{""mode"":""private""}",0.33572,7
cache_bandwidth,working_set_bytes,32768,"{""mode"":""private""}",0.295589,7
cache_bandwidth,working_set_bytes,65536,"{""mode"":""private""}",0.444251,7
cache_bandwidth,working_set_bytes,131072,"{""mode"":""private""}",1.271392,7
cache_bandwidth,working_set_bytes,262144,"{""mode"":""private""}",1.9774,7
cache_bandwidth,working_set_bytes,524288,"{""mode"":""private""}",1.96684,7
cache_bandwidth,working_set_bytes,1048576,"{""mode"":""private""}",2.006782,7
cache_bandwidth,working_set_bytes,2097152,"{""mode"":""private""}",2.158584,7
cache_bandwidth,working_set_bytes,4194304,"{""mode"":""private""}",2.135732,7
cache_bandwidth,working_set_bytes,8388608,"{""mode"":""private""}",2.105647,7
cache_bandwidth,working_set_bytes,16777216,"{""mode"":""private""}",3.103611,7
cache_bandwidth,working_set_bytes,33554432,"{""mode"":""private""}",5.543777,7
cache_bandwidth,working_set_bytes,67108864,"{""mode"":""private""}",8.982475,7
cache_bandwidth,working_set_bytes,134217728,"{""mode"":""private""}",11.297717,7
cache_bandwidth,working_set_bytes,268435456,"{""mode"":""private""}",21.050886,7
cache_bandwidth,working_set_bytes,536870912,"{""mode"":""private""}",41.072894,7
cache_bandwidth,working_set_bytes,1073741824,"{""mode"":""private""}",80.331975,7
cache_bandwidth,working_set_bytes,1024,"{""mode"":""shared""}",0.818586,7
cache_bandwidth,working_set_bytes,2048,"{""mode"":""shared""}",0.420508,7
cache_bandwidth,working_set_bytes,4096,"{""mode"":""shared""}",0.409623,7
cache_bandwidth,working_set_bytes,8192,"{""mode"":""shared""}",0.311445,7
cache_bandwidth,working_set_bytes,16384,"{""mode"":""shared""}",0.298446,7
cache_bandwidth,working_set_bytes,32768,"{""mode"":""shared""}",0.299506,7
cache_bandwidth,working_set_bytes,65536,"{""mode"":""shared""}",0.295737,7
cache_bandwidth,working_set_bytes,131072,"{""mode"":""shared""}",0.29116,7
cache_bandwidth,working_set_bytes,262144,"{""mode"":""shared""}",0.281824,7
cache_bandwidth,working_set_bytes,524288,"{""mode"":""shared""}",0.264795,7
cache_bandwidth,working_set_bytes,1048576,"{""mode"":""shared""}",0.264561,7
cache_bandwidth,working_set_bytes,2097152,"{""mode"":""shared""}",0.394343,7
cache_bandwidth,working_set_bytes,4194304,"{""mode"":""shared""}",0.788009,7
cache_bandwidth,working_set_bytes,8388608,"{""mode"":""shared""}",1.715238,7
cache_bandwidth,working_set_bytes,16777216,"{""mode"":""shared""}",3.425147,7
cache_bandwidth,working_set_bytes,33554432,"{""mode"":""shared""}",6.845392,7
cache_bandwidth,working_set_bytes,67108864,"{""mode"":""shared""}",13.701199,7
cache_bandwidth,working_set_bytes,134217728,"{""mode"":""shared""}",27.437381,7
cache_bandwidth,working_set_bytes,268435456,"{""mode"":""shared""}",65.735869,7
cache_bandwidth,working_set_bytes,536870912,"{""mode"":""shared""}",152.649652,7
cache_bandwidth,working_set_bytes,1073741824,"{""mode"":""shared""}",305.284276,7
cache_latency,array_bytes,4096,"{""num_accesses"":2000000,""rng_seed"":42}",57.493149,7
cache_latency,array_bytes,8192,"{""num_accesses"":2000000,""rng_seed"":42}",57.437445,7
cache_latency,array_bytes,16384,"{""num_accesses"":2000000,""rng_seed"":42}",57.45193,7
cache_latency,array_bytes,32768,"{""num_accesses"":2000000,""rng_seed"":42}",117.948114,7
cache_latency,array_bytes,65536,"{""num_accesses"":2000000,""rng_seed"":42}",146.565905,7
cache_latency,array_bytes,131072,"{""num_accesses"":2000000,""rng_seed"":42}",159.518812,7
cache_latency,array_bytes,262144,"{""num_accesses"":2000000,""rng_seed"":42}",167.100117,7
cache_latency,array_bytes,524288,"{""num_accesses"":2000000,""rng_seed"":42}",171.055756,7
cache_latency,array_bytes,1048576,"{""num_accesses"":2000000,""rng_seed"":42}",174.59346,7
cache_latency,array_bytes,2097152,"{""num_accesses"":2000000,""rng_seed"":42}",181.245278,7
cache_latency,array_bytes,4194304,"{""num_accesses"":2000000,""rng_seed"":42}",197.668455,7
cache_latency,array_bytes,8388608,"{""num_accesses"":2000000,""rng_seed"":42}",336.701067,7
cache_latency,array_bytes,16777216,"{""num_accesses"":2000000,""rng_seed"":42}",387.831805,7
cache_latency,array_bytes,33554432,"{""num_accesses"":2000000,""rng_seed"":42}",434.725909,7
cache_latency,array_bytes,67108864,"{""num_accesses"":2000000,""rng_seed"":42}",504.531974,7
cache_latency,array_bytes,134217728,"{""num_accesses"":2000000,""rng_seed"":42}",606.224836,7
cache_latency,array_bytes,268435456,"{""num_accesses"":2000000,""rng_seed"":42}",664.956883,7
cache_latency,array_bytes,536870912,"{""num_accesses"":2000000,""rng_seed"":42}",698.617423,7
cache_latency,array_bytes,1073741824,"{""num_accesses"":2000000,""rng_seed"":42}",718.395142,7
empty_kernel,num_blocks,1,"{""block_size"":1024}",47.550002,7
empty_kernel,num_blocks,8,"{""block_size"":1024}",45.415154,7
empty_kernel,num_blocks,64,"{""block_size"":1024}",48.321564,7
empty_kernel,num_blocks,512,"{""block_size"":1024}",48.087666,7
empty_kernel,num_blocks,4096,"{""block_size"":1024}",48.3757,7
empty_kernel,num_blocks,32768,"{""block_size"":1024}",49.876363,7
empty_kernel,num_blocks,262144,"{""block_size"":1024}",49.708364,7
empty_kernel,num_blocks,2097152,"{""block_size"":1024}",47.958268,7
empty_kernel,num_blocks,1,"{""block_size"":256}",47.796091,7
empty_kernel,num_blocks,8,"{""block_size"":256}",46.950271,7
empty_kernel,num_blocks,64,"{""block_size"":256}",48.162724,7
empty_kernel,num_blocks,512,"{""block_size"":256}",46.193734,7
empty_kernel,num_blocks,4096,"{""block_size"":256}",48.565507,7
empty_kernel,num_blocks,32768,"{""block_size"":256}",49.530649,7
empty_kernel,num_blocks,262144,"{""block_size"":256}",49.811897,7
empty_kernel,num_blocks,2097152,"{""block_size"":256}",49.487228,7
empty_kernel,num_blocks,1,"{""block_size"":32}",47.263511,7
empty_kernel,num_blocks,8,"{""block_size"":32}",47.584579,7
empty_kernel,num_blocks,64,"{""block_size"":32}",47.274222,7
empty_kernel,num_blocks,512,"{""block_size"":32}",47.996567,7
empty_kernel,num_blocks,4096,"{""block_size"":32}",47.438923,7
empty_kernel,num_blocks,32768,"{""block_size"":32}",49.318946,7
empty_kernel,num_blocks,262144,"{""block_size"":32}",49.526242,7
empty_kernel,num_blocks,2097152,"{""block_size"":32}",49.458837,7
empty_kernel,num_blocks,1,"{""block_size"":64}",47.033171,7
empty_kernel,num_blocks,8,"{""block_size"":64}",47.456951,7
empty_kernel,num_blocks,64,"{""block_size"":64}",47.515369,7
empty_kernel,num_blocks,512,"{""block_size"":64}",46.61909,7
empty_kernel,num_blocks,4096,"{""block_size"":64}",49.728679,7
empty_kernel,num_blocks,32768,"{""block_size"":64}",49.05423,7
empty_kernel,num_blocks,262144,"{""block_size"":64}",49.811586,7
empty_kernel,num_blocks,2097152,"{""block_size"":64}",49.441667,7
fp16_throughput,fmas_per_thread,256,"{""num_blocks"":1,""threads_per_block"":1024}",0.48132,7
fp16_throughput,fmas_per_thread,512,"{""num_blocks"":1,""threads_per_block"":1024}",0.503729,7
fp16_throughput,fmas_per_thread,1024,"{""num_blocks"":1,""threads_per_block"":1024}",0.512675,7
fp16_throughput,fmas_per_thread,2048,"{""num_blocks"":1,""threads_per_block"":1024}",0.536448,7
fp16_throughput,fmas_per_thread,4096,"{""num_blocks"":1,""threads_per_block"":1024}",0.595021,7
fp16_throughput,fmas_per_thread,8192,"{""num_blocks"":1,""threads_per_block"":1024}",0.685103,7
fp16_throughput,fmas_per_thread,16384,"{""num_blocks"":1,""threads_per_block"":1024}",0.847816,7
fp16_throughput,fmas_per_thread,32768,"{""num_blocks"":1,""threads_per_block"":1024}",0.824505,7
fp16_throughput,fmas_per_thread,65536,"{""num_blocks"":1,""threads_per_block"":1024}",1.176823,7
fp16_throughput,fmas_per_thread,131072,"{""num_blocks"":1,""threads_per_block"":1024}",1.884763,7
fp16_throughput,fmas_per_thread,262144,"{""num_blocks"":1,""threads_per_block"":1024}",3.056408,7
fp16_throughput,fmas_per_thread,524288,"{""num_blocks"":1,""threads_per_block"":1024}",5.647539,7
fp16_throughput,fmas_per_thread,1048576,"{""num_blocks"":1,""threads_per_block"":1024}",10.792585,7
fp16_throughput,fmas_per_thread,256,"{""num_blocks"":1,""threads_per_block"":1}",0.544731,7
fp16_throughput,fmas_per_thread,512,"{""num_blocks"":1,""threads_per_block"":1}",0.537192,7
fp16_throughput,fmas_per_thread,1024,"{""num_blocks"":1,""threads_per_block"":1}",0.554423,7
fp16_throughput,fmas_per_thread,2048,"{""num_blocks"":1,""threads_per_block"":1}",0.532102,7
fp16_throughput,fmas_per_thread,4096,"{""num_blocks"":1,""threads_per_block"":1}",0.545903,7
fp16_throughput,fmas_per_thread,8192,"{""num_blocks"":1,""threads_per_block"":1}",0.605617,7
fp16_throughput,fmas_per_thread,16384,"{""num_blocks"":1,""threads_per_block"":1}",0.691765,7
fp16_throughput,fmas_per_thread,32768,"{""num_blocks"":1,""threads_per_block"":1}",0.74515,7
fp16_throughput,fmas_per_thread,65536,"{""num_blocks"":1,""threads_per_block"":1}",0.992973,7
fp16_throughput,fmas_per_thread,131072,"{""num_blocks"":1,""threads_per_block"":1}",1.375703,7
fp16_throughput,fmas_per_thread,262144,"{""num_blocks"":1,""threads_per_block"":1}",2.229779,7
fp16_throughput,fmas_per_thread,524288,"{""num_blocks"":1,""threads_per_block"":1}",3.959409,7
fp16_throughput,fmas_per_thread,1048576,"{""num_blocks"":1,""threads_per_block"":1}",7.502358,7
fp16_throughput,fmas_per_thread,256,"{""num_blocks"":1,""threads_per_block"":256}",0.476627,7
fp16_throughput,fmas_per_thread,512,"{""num_blocks"":1,""threads_per_block"":256}",0.545086,7
fp16_throughput,fmas_per_thread,1024,"{""num_blocks"":1,""threads_per_block"":256}",0.703562,7
fp16_throughput,fmas_per_thread,2048,"{""num_blocks"":1,""threads_per_block"":256}",0.569997,7
fp16_throughput,fmas_per_thread,4096,"{""num_blocks"":1,""threads_per_block"":256}",0.570345,7
fp16_throughput,fmas_per_thread,8192,"{""num_blocks"":1,""threads_per_block"":256}",0.557137,7
fp16_throughput,fmas_per_thread,16384,"{""num_blocks"":1,""threads_per_block"":256}",0.657038,7
fp16_throughput,fmas_per_thread,32768,"{""num_blocks"":1,""threads_per_block"":256}",0.744482,7
fp16_throughput,fmas_per_thread,65536,"{""num_blocks"":1,""threads_per_block"":256}",0.98562,7
fp16_throughput,fmas_per_thread,131072,"{""num_blocks"":1,""threads_per_block"":256}",1.451853,7
fp16_throughput,fmas_per_thread,262144,"{""num_blocks"":1,""threads_per_block"":256}",2.252048,7
fp16_throughput,fmas_per_thread,524288,"{""num_blocks"":1,""threads_per_block"":256}",3.99117,7
fp16_throughput,fmas_per_thread,1048576,"{""num_blocks"":1,""threads_per_block"":256}",7.504594,7
fp16_throughput,fmas_per_thread,256,"{""num_blocks"":1,""threads_per_block"":32}",0.504477,7
fp16_throughput,fmas_per_thread,512,"{""num_blocks"":1,""threads_per_block"":32}",0.553629,7
fp16_throughput,fmas_per_thread,1024,"{""num_blocks"":1,""threads_per_block"":32}",0.557439,7
fp16_throughput,fmas_per_thread,2048,"{""num_blocks"":1,""threads_per_block"":32}",0.572027,7
fp16_throughput,fmas_per_thread,4096,"{""num_blocks"":1,""threads_per_block"":32}",0.564212,7
fp16_throughput,fmas_per_thread,8192,"{""num_blocks"":1,""threads_per_block"":32}",0.600218,7
fp16_throughput,fmas_per_thread,16384,"{""num_blocks"":1,""threads_per_block"":32}",0.669931,7
fp16_throughput,fmas_per_thread,32768,"{""num_blocks"":1,""threads_per_block"":32}",0.769142,7
fp16_throughput,fmas_per_thread,65536,"{""num_blocks"":1,""threads_per_block"":32}",0.918621,7
fp16_throughput,fmas_per_thread,131072,"{""num_blocks"":1,""threads_per_block"":32}",1.430547,7
fp16_throughput,fmas_per_thread,262144,"{""num_blocks"":1,""threads_per_block"":32}",2.272978,7
fp16_throughput,fmas_per_thread,524288,"{""num_blocks"":1,""threads_per_block"":32}",3.985737,7
fp16_throughput,fmas_per_thread,1048576,"{""num_blocks"":1,""threads_per_block"":32}",7.497188,7
fp16_throughput,fmas_per_thread,256,"{""num_blocks"":1,""threads_per_block"":64}",0.493897,7
fp16_throughput,fmas_per_thread,512,"{""num_blocks"":1,""threads_per_block"":64}",0.564731,7
fp16_throughput,fmas_per_thread,1024,"{""num_blocks"":1,""threads_per_block"":64}",0.56615,7
fp16_throughput,fmas_per_thread,2048,"{""num_blocks"":1,""threads_per_block"":64}",0.573621,7
fp16_throughput,fmas_per_thread,4096,"{""num_blocks"":1,""threads_per_block"":64}",0.561872,7
fp16_throughput,fmas_per_thread,8192,"{""num_blocks"":1,""threads_per_block"":64}",0.56117,7
fp16_throughput,fmas_per_thread,16384,"{""num_blocks"":1,""threads_per_block"":64}",0.67296,7
fp16_throughput,fmas_per_thread,32768,"{""num_blocks"":1,""threads_per_block"":64}",0.742021,7
fp16_throughput,fmas_per_thread,65536,"{""num_blocks"":1,""threads_per_block"":64}",0.934605,7
fp16_throughput,fmas_per_thread,131072,"{""num_blocks"":1,""threads_per_block"":64}",1.392805,7
fp16_throughput,fmas_per_thread,262144,"{""num_blocks"":1,""threads_per_block"":64}",2.27092,7
fp16_throughput,fmas_per_thread,524288,"{""num_blocks"":1,""threads_per_block"":64}",3.965995,7
fp16_throughput,fmas_per_thread,1048576,"{""num_blocks"":1,""threads_per_block"":64}",7.51258,7
fp16_throughput,fmas_per_thread,256,"{""num_blocks"":1024,""threads_per_block"":1024}",0.555479,7
fp16_throughput,fmas_per_thread,512,"{""num_blocks"":1024,""threads_per_block"":1024}",0.557119,7
fp16_throughput,fmas_per_thread,1024,"{""num_blocks"":1024,""threads_per_block"":1024}",0.594709,7
fp16_throughput,fmas_per_thread,2048,"{""num_blocks"":1024,""threads_per_block"":1024}",0.625655,7
fp16_throughput,fmas_per_thread,4096,"{""num_blocks"":1024,""threads_per_block"":1024}",0.708891,7
fp16_throughput,fmas_per_thread,8192,"{""num_blocks"":1024,""threads_per_block"":1024}",0.924333,7
fp16_throughput,fmas_per_thread,16384,"{""num_blocks"":1024,""threads_per_block"":1024}",1.271879,7
fp16_throughput,fmas_per_thread,32768,"{""num_blocks"":1024,""threads_per_block"":1024}",1.928675,7
fp16_throughput,fmas_per_thread,65536,"{""num_blocks"":1024,""threads_per_block"":1024}",3.378787,7
fp16_throughput,fmas_per_thread,131072,"{""num_blocks"":1024,""threads_per_block"":1024}",6.350686,7
fp16_throughput,fmas_per_thread,262144,"{""num_blocks"":1024,""threads_per_block"":1024}",11.947851,7
fp16_throughput,fmas_per_thread,524288,"{""num_blocks"":1024,""threads_per_block"":1024}",23.307556,7
fp16_throughput,fmas_per_thread,1048576,"{""num_blocks"":1024,""threads_per_block"":1024}",46.061035,7
fp16_throughput,fmas_per_thread,256,"{""num_blocks"":1024,""threads_per_block"":1}",0.523603,7
fp16_throughput,fmas_per_thread,512,"{""num_blocks"":1024,""threads_per_block"":1}",0.544723,7
fp16_throughput,fmas_per_thread,1024,"{""num_blocks"":1024,""threads_per_block"":1}",0.592677,7
fp16_throughput,fmas_per_thread,2048,"{""num_blocks"":1024,""threads_per_block"":1}",0.524573,7
fp16_throughput,fmas_per_thread,4096,"{""num_blocks"":1024,""threads_per_block"":1}",0.552055,7
fp16_throughput,fmas_per_thread,8192,"{""num_blocks"":1024,""threads_per_block"":1}",0.555881,7
fp16_throughput,fmas_per_thread,16384,"{""num_blocks"":1024,""threads_per_block"":1}",0.707012,7
fp16_throughput,fmas_per_thread,32768,"{""num_blocks"":1024,""threads_per_block"":1}",0.821772,7
fp16_throughput,fmas_per_thread,65536,"{""num_blocks"":1024,""threads_per_block"":1}",1.126119,7
fp16_throughput,fmas_per_thread,131072,"{""num_blocks"":1024,""threads_per_block"":1}",1.6498,7
fp16_throughput,fmas_per_thread,262144,"{""num_blocks"":1024,""threads_per_block"":1}",2.780061,7
fp16_throughput,fmas_per_thread,524288,"{""num_blocks"":1024,""threads_per_block"":1}",5.002482,7
fp16_throughput,fmas_per_thread,1048576,"{""num_blocks"":1024,""threads_per_block"":1}",9.030049,7
fp16_throughput,fmas_per_thread,256,"{""num_blocks"":1024,""threads_per_block"":256}",0.550625,7
fp16_throughput,fmas_per_thread,512,"{""num_blocks"":1024,""threads_per_block"":256}",0.508626,7
fp16_throughput,fmas_per_thread,1024,"{""num_blocks"":1024,""threads_per_block"":256}",0.592424,7
fp16_throughput,fmas_per_thread,2048,"{""num_blocks"":1024,""threads_per_block"":256}",0.548493,7
fp16_throughput,fmas_per_thread,4096,"{""num_blocks"":1024,""threads_per_block"":256}",0.580566,7
fp16_throughput,fmas_per_thread,8192,"{""num_blocks"":1024,""threads_per_block"":256}",0.626778,7
fp16_throughput,fmas_per_thread,16384,"{""num_blocks"":1024,""threads_per_block"":256}",0.802747,7
fp16_throughput,fmas_per_thread,32768,"{""num_blocks"":1024,""threads_per_block"":256}",0.944516,7
fp16_throughput,fmas_per_thread,65536,"{""num_blocks"":1024,""threads_per_block"":256}",1.383244,7
fp16_throughput,fmas_per_thread,131072,"{""num_blocks"":1024,""threads_per_block"":256}",2.23903,7
fp16_throughput,fmas_per_thread,262144,"{""num_blocks"":1024,""threads_per_block"":256}",3.9945,7
fp16_throughput,fmas_per_thread,524288,"{""num_blocks"":1024,""threads_per_block"":256}",7.550665,7
fp16_throughput,fmas_per_thread,1048576,"{""num_blocks"":1024,""threads_per_block"":256}",14.021261,7
fp16_throughput,fmas_per_thread,256,"{""num_blocks"":1024,""threads_per_block"":32}",0.556057,7
fp16_throughput,fmas_per_thread,512,"{""num_blocks"":1024,""threads_per_block"":32}",0.531108,7
fp16_throughput,fmas_per_thread,1024,"{""num_blocks"":1024,""threads_per_block"":32}",0.541396,7
fp16_throughput,fmas_per_thread,2048,"{""num_blocks"":1024,""threads_per_block"":32}",0.557282,7
fp16_throughput,fmas_per_thread,4096,"{""num_blocks"":1024,""threads_per_block"":32}",0.577885,7
fp16_throughput,fmas_per_thread,8192,"{""num_blocks"":1024,""threads_per_block"":32}",0.564012,7
fp16_throughput,fmas_per_thread,16384,"{""num_blocks"":1024,""threads_per_block"":32}",0.704704,7
fp16_throughput,fmas_per_thread,32768,"{""num_blocks"":1024,""threads_per_block"":32}",0.8468,7
fp16_throughput,fmas_per_thread,65536,"{""num_blocks"":1024,""threads_per_block"":32}",1.109252,7
fp16_throughput,fmas_per_thread,131072,"{""num_blocks"":1024,""threads_per_block"":32}",1.666463,7
fp16_throughput,fmas_per_thread,262144,"{""num_blocks"":1024,""threads_per_block"":32}",2.795593,7
fp16_throughput,fmas_per_thread,524288,"{""num_blocks"":1024,""threads_per_block"":32}",4.991583,7
fp16_throughput,fmas_per_thread,1048576,"{""num_blocks"":1024,""threads_per_block"":32}",9.434566,7
fp16_throughput,fmas_per_thread,256,"{""num_blocks"":1024,""threads_per_block"":64}",0.483601,7
fp16_throughput,fmas_per_thread,512,"{""num_blocks"":1024,""threads_per_block"":64}",0.53874,7
fp16_throughput,fmas_per_thread,1024,"{""num_blocks"":1024,""threads_per_block"":64}",0.549396,7
fp16_throughput,fmas_per_thread,2048,"{""num_blocks"":1024,""threads_per_block"":64}",0.590462,7
fp16_throughput,fmas_per_thread,4096,"{""num_blocks"":1024,""threads_per_block"":64}",0.65152,7
fp16_throughput,fmas_per_thread,8192,"{""num_blocks"":1024,""threads_per_block"":64}",0.550043,7
fp16_throughput,fmas_per_thread,16384,"{""num_blocks"":1024,""threads_per_block"":64}",0.734512,7
fp16_throughput,fmas_per_thread,32768,"{""num_blocks"":1024,""threads_per_block"":64}",0.872807,7
fp16_throughput,fmas_per_thread,65536,"{""num_blocks"":1024,""threads_per_block"":64}",1.08695,7
fp16_throughput,fmas_per_thread,131072,"{""num_blocks"":1024,""threads_per_block"":64}",1.649791,7
fp16_throughput,fmas_per_thread,262144,"{""num_blocks"":1024,""threads_per_block"":64}",2.794014,7
fp16_throughput,fmas_per_thread,524288,"{""num_blocks"":1024,""threads_per_block"":64}",4.965684,7
fp16_throughput,fmas_per_thread,1048576,"{""num_blocks"":1024,""threads_per_block"":64}",9.060622,7
fp16_throughput,fmas_per_thread,256,"{""num_blocks"":32,""threads_per_block"":1024}",0.530536,7
fp16_throughput,fmas_per_thread,512,"{""num_blocks"":32,""threads_per_block"":1024}",0.543373,7
fp16_throughput,fmas_per_thread,1024,"{""num_blocks"":32,""threads_per_block"":1024}",0.578399,7
fp16_throughput,fmas_per_thread,2048,"{""num_blocks"":32,""threads_per_block"":1024}",0.511407,7
fp16_throughput,fmas_per_thread,4096,"{""num_blocks"":32,""threads_per_block"":1024}",0.5675,7
fp16_throughput,fmas_per_thread,8192,"{""num_blocks"":32,""threads_per_block"":1024}",0.633789,7
fp16_throughput,fmas_per_thread,16384,"{""num_blocks"":32,""threads_per_block"":1024}",0.765897,7
fp16_throughput,fmas_per_thread,32768,"{""num_blocks"":32,""threads_per_block"":1024}",0.856621,7
fp16_throughput,fmas_per_thread,65536,"{""num_blocks"":32,""threads_per_block"":1024}",1.231237,7
fp16_throughput,fmas_per_thread,131072,"{""num_blocks"":32,""threads_per_block"":1024}",1.867479,7
fp16_throughput,fmas_per_thread,262144,"{""num_blocks"":32,""threads_per_block"":1024}",3.200561,7
fp16_throughput,fmas_per_thread,524288,"{""num_blocks"":32,""threads_per_block"":1024}",5.857066,7
fp16_throughput,fmas_per_thread,1048576,"{""num_blocks"":32,""threads_per_block"":1024}",11.166806,7
fp16_throughput,fmas_per_thread,256,"{""num_blocks"":32,""threads_per_block"":1}",0.530631,7
fp16_throughput,fmas_per_thread,512,"{""num_blocks"":32,""threads_per_block"":1}",0.577081,7
fp16_throughput,fmas_per_thread,1024,"{""num_blocks"":32,""threads_per_block"":1}",0.565388,7
fp16_throughput,fmas_per_thread,2048,"{""num_blocks"":32,""threads_per_block"":1}",0.540901,7
fp16_throughput,fmas_per_thread,4096,"{""num_blocks"":32,""threads_per_block"":1}",0.573333,7
fp16_throughput,fmas_per_thread,8192,"{""num_blocks"":32,""threads_per_block"":1}",0.605864,7
fp16_throughput,fmas_per_thread,16384,"{""num_blocks"":32,""threads_per_block"":1}",0.830718,7
fp16_throughput,fmas_per_thread,32768,"{""num_blocks"":32,""threads_per_block"":1}",0.715101,7
fp16_throughput,fmas_per_thread,65536,"{""num_blocks"":32,""threads_per_block"":1}",0.972286,7
fp16_throughput,fmas_per_thread,131072,"{""num_blocks"":32,""threads_per_block"":1}",1.458235,7
fp16_throughput,fmas_per_thread,262144,"{""num_blocks"":32,""threads_per_block"":1}",2.232436,7
fp16_throughput,fmas_per_thread,524288,"{""num_blocks"":32,""threads_per_block"":1}",4.010576,7
fp16_throughput,fmas_per_thread,1048576,"{""num_blocks"":32,""threads_per_block"":1}",7.511858,7
fp16_throughput,fmas_per_thread,256,"{""num_blocks"":32,""threads_per_block"":256}",0.645666,7
fp16_throughput,fmas_per_thread,512,"{""num_blocks"":32,""threads_per_block"":256}",0.562291,7
fp16_throughput,fmas_per_thread,1024,"{""num_blocks"":32,""threads_per_block"":256}",0.530747,7
fp16_throughput,fmas_per_thread,2048,"{""num_blocks"":32,""threads_per_block"":256}",0.547998,7
fp16_throughput,fmas_per_thread,4096,"{""num_blocks"":32,""threads_per_block"":256}",0.580236,7
fp16_throughput,fmas_per_thread,8192,"{""num_blocks"":32,""threads_per_block"":256}",0.605173,7
fp16_throughput,fmas_per_thread,16384,"{""num_blocks"":32,""threads_per_block"":256}",0.639637,7
fp16_throughput,fmas_per_thread,32768,"{""num_blocks"":32,""threads_per_block"":256}",0.734344,7
fp16_throughput,fmas_per_thread,65536,"{""num_blocks"":32,""threads_per_block"":256}",0.982919,7
fp16_throughput,fmas_per_thread,131072,"{""num_blocks"":32,""threads_per_block"":256}",1.418693,7
fp16_throughput,fmas_per_thread,262144,"{""num_blocks"":32,""threads_per_block"":256}",2.25801,7
fp16_throughput,fmas_per_thread,524288,"{""num_blocks"":32,""threads_per_block"":256}",4.089723,7
fp16_throughput,fmas_per_thread,1048576,"{""num_blocks"":32,""threads_per_block"":256}",7.512966,7
fp16_throughput,fmas_per_thread,256,"{""num_blocks"":32,""threads_per_block"":32}",0.56327,7
fp16_throughput,fmas_per_thread,512,"{""num_blocks"":32,""threads_per_block"":32}",0.596792,7
fp16_throughput,fmas_per_thread,1024,"{""num_blocks"":32,""threads_per_block"":32}",0.536494,7
fp16_throughput,fmas_per_thread,2048,"{""num_blocks"":32,""threads_per_block"":32}",0.528726,7
fp16_throughput,fmas_per_thread,4096,"{""num_blocks"":32,""threads_per_block"":32}",0.570348,7
fp16_throughput,fmas_per_thread,8192,"{""num_blocks"":32,""threads_per_block"":32}",0.64508,7
fp16_throughput,fmas_per_thread,16384,"{""num_blocks"":32,""threads_per_block"":32}",0.646008,7
fp16_throughput,fmas_per_thread,32768,"{""num_blocks"":32,""threads_per_block"":32}",0.759975,7
fp16_throughput,fmas_per_thread,65536,"{""num_blocks"":32,""threads_per_block"":32}",0.952892,7
fp16_throughput,fmas_per_thread,131072,"{""num_blocks"":32,""threads_per_block"":32}",1.445317,7
fp16_throughput,fmas_per_thread,262144,"{""num_blocks"":32,""threads_per_block"":32}",2.255125,7
fp16_throughput,fmas_per_thread,524288,"{""num_blocks"":32,""threads_per_block"":32}",4.056383,7
fp16_throughput,fmas_per_thread,1048576,"{""num_blocks"":32,""threads_per_block"":32}",7.509546,7
fp16_throughput,fmas_per_thread,256,"{""num_blocks"":32,""threads_per_block"":64}",0.53589,7
fp16_throughput,fmas_per_thread,512,"{""num_blocks"":32,""threads_per_block"":64}",0.534739,7
fp16_throughput,fmas_per_thread,1024,"{""num_blocks"":32,""threads_per_block"":64}",0.623808,7
fp16_throughput,fmas_per_thread,2048,"{""num_blocks"":32,""threads_per_block"":64}",0.524652,7
fp16_throughput,fmas_per_thread,4096,"{""num_blocks"":32,""threads_per_block"":64}",0.564855,7
fp16_throughput,fmas_per_thread,8192,"{""num_blocks"":32,""threads_per_block"":64}",0.591688,7
fp16_throughput,fmas_per_thread,16384,"{""num_blocks"":32,""threads_per_block"":64}",0.704184,7
fp16_throughput,fmas_per_thread,32768,"{""num_blocks"":32,""threads_per_block"":64}",0.733784,7
fp16_throughput,fmas_per_thread,65536,"{""num_blocks"":32,""threads_per_block"":64}",0.990119,7
fp16_throughput,fmas_per_thread,131072,"{""num_blocks"":32,""threads_per_block"":64}",1.421482,7
fp16_throughput,fmas_per_thread,262144,"{""num_blocks"":32,""threads_per_block"":64}",2.269636,7
fp16_throughput,fmas_per_thread,524288,"{""num_blocks"":32,""threads_per_block"":64}",4.038739,7
fp16_throughput,fmas_per_thread,1048576,"{""num_blocks"":32,""threads_per_block"":64}",7.483973,7
fp16_throughput,fmas_per_thread,256,"{""num_blocks"":32768,""threads_per_block"":1024}",0.777066,7
fp16_throughput,fmas_per_thread,512,"{""num_blocks"":32768,""threads_per_block"":1024}",1.129236,7
fp16_throughput,fmas_per_thread,1024,"{""num_blocks"":32768,""threads_per_block"":1024}",1.735813,7
fp16_throughput,fmas_per_thread,2048,"{""num_blocks"":32768,""threads_per_block"":1024}",2.937489,7
fp16_throughput,fmas_per_thread,4096,"{""num_blocks"":32768,""threads_per_block"":1024}",5.299011,7
fp16_throughput,fmas_per_thread,8192,"{""num_blocks"":32768,""threads_per_block"":1024}",10.186264,7
fp16_throughput,fmas_per_thread,16384,"{""num_blocks"":32768,""threads_per_block"":1024}",19.793999,7
fp16_throughput,fmas_per_thread,32768,"{""num_blocks"":32768,""threads_per_block"":1024}",38.726654,7
fp16_throughput,fmas_per_thread,65536,"{""num_blocks"":32768,""threads_per_block"":1024}",76.843541,7
fp16_throughput,fmas_per_thread,131072,"{""num_blocks"":32768,""threads_per_block"":1024}",153.10214,7
fp16_throughput,fmas_per_thread,262144,"{""num_blocks"":32768,""threads_per_block"":1024}",305.558834,7
fp16_throughput,fmas_per_thread,524288,"{""num_blocks"":32768,""threads_per_block"":1024}",610.290928,7
fp16_throughput,fmas_per_thread,1048576,"{""num_blocks"":32768,""threads_per_block"":1024}",1219.737287,7
fp16_throughput,fmas_per_thread,256,"{""num_blocks"":32768,""threads_per_block"":1}",0.589667,7
fp16_throughput,fmas_per_thread,512,"{""num_blocks"":32768,""threads_per_block"":1}",0.566715,7
fp16_throughput,fmas_per_thread,1024,"{""num_blocks"":32768,""threads_per_block"":1}",0.568884,7
fp16_throughput,fmas_per_thread,2048,"{""num_blocks"":32768,""threads_per_block"":1}",0.668759,7
fp16_throughput,fmas_per_thread,4096,"{""num_blocks"":32768,""threads_per_block"":1}",0.874912,7
fp16_throughput,fmas_per_thread,8192,"{""num_blocks"":32768,""threads_per_block"":1}",1.205145,7
fp16_throughput,fmas_per_thread,16384,"{""num_blocks"":32768,""threads_per_block"":1}",1.725213,7
fp16_throughput,fmas_per_thread,32768,"{""num_blocks"":32768,""threads_per_block"":1}",2.94526,7
fp16_throughput,fmas_per_thread,65536,"{""num_blocks"":32768,""threads_per_block"":1}",5.380192,7
fp16_throughput,fmas_per_thread,131072,"{""num_blocks"":32768,""threads_per_block"":1}",10.263275,7
fp16_throughput,fmas_per_thread,262144,"{""num_blocks"":32768,""threads_per_block"":1}",20.052427,7
fp16_throughput,fmas_per_thread,524288,"{""num_blocks"":32768,""threads_per_block"":1}",39.611237,7
fp16_throughput,fmas_per_thread,1048576,"{""num_blocks"":32768,""threads_per_block"":1}",78.568665,7
fp16_throughput,fmas_per_thread,256,"{""num_blocks"":32768,""threads_per_block"":256}",0.529329,7
fp16_throughput,fmas_per_thread,512,"{""num_blocks"":32768,""threads_per_block"":256}",0.624678,7
fp16_throughput,fmas_per_thread,1024,"{""num_blocks"":32768,""threads_per_block"":256}",1.002236,7
fp16_throughput,fmas_per_thread,2048,"{""num_blocks"":32768,""threads_per_block"":256}",1.148829,7
fp16_throughput,fmas_per_thread,4096,"{""num_blocks"":32768,""threads_per_block"":256}",1.717768,7
fp16_throughput,fmas_per_thread,8192,"{""num_blocks"":32768,""threads_per_block"":256}",2.939964,7
fp16_throughput,fmas_per_thread,16384,"{""num_blocks"":32768,""threads_per_block"":256}",5.347332,7
fp16_throughput,fmas_per_thread,32768,"{""num_blocks"":32768,""threads_per_block"":256}",10.106833,7
fp16_throughput,fmas_per_thread,65536,"{""num_blocks"":32768,""threads_per_block"":256}",19.516477,7
fp16_throughput,fmas_per_thread,131072,"{""num_blocks"":32768,""threads_per_block"":256}",38.497276,7
fp16_throughput,fmas_per_thread,262144,"{""num_blocks"":32768,""threads_per_block"":256}",76.570015,7
fp16_throughput,fmas_per_thread,524288,"{""num_blocks"":32768,""threads_per_block"":256}",152.366584,7
fp16_throughput,fmas_per_thread,1048576,"{""num_blocks"":32768,""threads_per_block"":256}",304.387708,7
fp16_throughput,fmas_per_thread,256,"{""num_blocks"":32768,""threads_per_block"":32}",0.534913,7
fp16_throughput,fmas_per_thread,512,"{""num_blocks"":32768,""threads_per_block"":32}",0.583989,7
fp16_throughput,fmas_per_thread,1024,"{""num_blocks"":32768,""threads_per_block"":32}",0.556325,7
fp16_throughput,fmas_per_thread,2048,"{""num_blocks"":32768,""threads_per_block"":32}",0.642903,7
fp16_throughput,fmas_per_thread,4096,"{""num_blocks"":32768,""threads_per_block"":32}",0.920335,7
fp16_throughput,fmas_per_thread,8192,"{""num_blocks"":32768,""threads_per_block"":32}",1.182308,7
fp16_throughput,fmas_per_thread,16384,"{""num_blocks"":32768,""threads_per_block"":32}",1.748355,7
fp16_throughput,fmas_per_thread,32768,"{""num_blocks"":32768,""threads_per_block"":32}",3.099517,7
fp16_throughput,fmas_per_thread,65536,"{""num_blocks"":32768,""threads_per_block"":32}",5.450983,7
fp16_throughput,fmas_per_thread,131072,"{""num_blocks"":32768,""threads_per_block"":32}",10.395192,7
fp16_throughput,fmas_per_thread,262144,"{""num_blocks"":32768,""threads_per_block"":32}",20.327082,7
fp16_throughput,fmas_per_thread,524288,"{""num_blocks"":32768,""threads_per_block"":32}",40.052279,7
fp16_throughput,fmas_per_thread,1048576,"{""num_blocks"":32768,""threads_per_block"":32}",79.909434,7
fp16_throughput,fmas_per_thread,256,"{""num_blocks"":32768,""threads_per_block"":64}",0.543196,7
fp16_throughput,fmas_per_thread,512,"{""num_blocks"":32768,""threads_per_block"":64}",0.610938,7
fp16_throughput,fmas_per_thread,1024,"{""num_blocks"":32768,""threads_per_block"":64}",0.576308,7
fp16_throughput,fmas_per_thread,2048,"{""num_blocks"":32768,""threads_per_block"":64}",0.695583,7
fp16_throughput,fmas_per_thread,4096,"{""num_blocks"":32768,""threads_per_block"":64}",0.851028,7
fp16_throughput,fmas_per_thread,8192,"{""num_blocks"":32768,""threads_per_block"":64}",1.201612,7
fp16_throughput,fmas_per_thread,16384,"{""num_blocks"":32768,""threads_per_block"":64}",1.812958,7
fp16_throughput,fmas_per_thread,32768,"{""num_blocks"":32768,""threads_per_block"":64}",3.066079,7
fp16_throughput,fmas_per_thread,65536,"{""num_blocks"":32768,""threads_per_block"":64}",5.516498,7
fp16_throughput,fmas_per_thread,131072,"{""num_blocks"":32768,""threads_per_block"":64}",10.520828,7
fp16_throughput,fmas_per_thread,262144,"{""num_blocks"":32768,""threads_per_block"":64}",20.572703,7
fp16_throughput,fmas_per_thread,524288,"{""num_blocks"":32768,""threads_per_block"":64}",40.421554,7
fp16_throughput,fmas_per_thread,1048576,"{""num_blocks"":32768,""threads_per_block"":64}",80.065092,7
fp16_throughput,fmas_per_thread,256,"{""num_blocks"":4096,""threads_per_block"":1024}",0.635071,7
fp16_throughput,fmas_per_thread,512,"{""num_blocks"":4096,""threads_per_block"":1024}",0.613848,7
fp16_throughput,fmas_per_thread,1024,"{""num_blocks"":4096,""threads_per_block"":1024}",0.683794,7
fp16_throughput,fmas_per_thread,2048,"{""num_blocks"":4096,""threads_per_block"":1024}",0.828845,7
fp16_throughput,fmas_per_thread,4096,"{""num_blocks"":4096,""threads_per_block"":1024}",1.187399,7
fp16_throughput,fmas_per_thread,8192,"{""num_blocks"":4096,""threads_per_block"":1024}",1.801712,7
fp16_throughput,fmas_per_thread,16384,"{""num_blocks"":4096,""threads_per_block"":1024}",2.970235,7
fp16_throughput,fmas_per_thread,32768,"{""num_blocks"":4096,""threads_per_block"":1024}",5.389012,7
fp16_throughput,fmas_per_thread,65536,"{""num_blocks"":4096,""threads_per_block"":1024}",10.246806,7
fp16_throughput,fmas_per_thread,131072,"{""num_blocks"":4096,""threads_per_block"":1024}",19.952362,7
fp16_throughput,fmas_per_thread,262144,"{""num_blocks"":4096,""threads_per_block"":1024}",39.319248,7
fp16_throughput,fmas_per_thread,524288,"{""num_blocks"":4096,""threads_per_block"":1024}",78.117039,7
fp16_throughput,fmas_per_thread,1048576,"{""num_blocks"":4096,""threads_per_block"":1024}",155.605299,7
fp16_throughput,fmas_per_thread,256,"{""num_blocks"":4096,""threads_per_block"":1}",0.506064,7
fp16_throughput,fmas_per_thread,512,"{""num_blocks"":4096,""threads_per_block"":1}",0.535069,7
fp16_throughput,fmas_per_thread,1024,"{""num_blocks"":4096,""threads_per_block"":1}",0.589237,7
fp16_throughput,fmas_per_thread,2048,"{""num_blocks"":4096,""threads_per_block"":1}",0.531414,7
fp16_throughput,fmas_per_thread,4096,"{""num_blocks"":4096,""threads_per_block"":1}",0.587554,7
fp16_throughput,fmas_per_thread,8192,"{""num_blocks"":4096,""threads_per_block"":1}",0.721087,7
fp16_throughput,fmas_per_thread,16384,"{""num_blocks"":4096,""threads_per_block"":1}",0.861559,7
fp16_throughput,fmas_per_thread,32768,"{""num_blocks"":4096,""threads_per_block"":1}",1.127634,7
fp16_throughput,fmas_per_thread,65536,"{""num_blocks"":4096,""threads_per_block"":1}",1.742201,7
fp16_throughput,fmas_per_thread,131072,"{""num_blocks"":4096,""threads_per_block"":1}",3.006027,7
fp16_throughput,fmas_per_thread,262144,"{""num_blocks"":4096,""threads_per_block"":1}",5.283798,7
fp16_throughput,fmas_per_thread,524288,"{""num_blocks"":4096,""threads_per_block"":1}",10.197065,7
fp16_throughput,fmas_per_thread,1048576,"{""num_blocks"":4096,""threads_per_block"":1}",19.867568,7
fp16_throughput,fmas_per_thread,256,"{""num_blocks"":4096,""threads_per_block"":256}",0.529369,7
fp16_throughput,fmas_per_thread,512,"{""num_blocks"":4096,""threads_per_block"":256}",0.588295,7
fp16_throughput,fmas_per_thread,1024,"{""num_blocks"":4096,""threads_per_block"":256}",0.562443,7
fp16_throughput,fmas_per_thread,2048,"{""num_blocks"":4096,""threads_per_block"":256}",0.618737,7
fp16_throughput,fmas_per_thread,4096,"{""num_blocks"":4096,""threads_per_block"":256}",0.70904,7
fp16_throughput,fmas_per_thread,8192,"{""num_blocks"":4096,""threads_per_block"":256}",0.851928,7
fp16_throughput,fmas_per_thread,16384,"{""num_blocks"":4096,""threads_per_block"":256}",1.158853,7
fp16_throughput,fmas_per_thread,32768,"{""num_blocks"":4096,""threads_per_block"":256}",1.81491,7
fp16_throughput,fmas_per_thread,65536,"{""num_blocks"":4096,""threads_per_block"":256}",3.14578,7
fp16_throughput,fmas_per_thread,131072,"{""num_blocks"":4096,""threads_per_block"":256}",5.745693,7
fp16_throughput,fmas_per_thread,262144,"{""num_blocks"":4096,""threads_per_block"":256}",11.026895,7
fp16_throughput,fmas_per_thread,524288,"{""num_blocks"":4096,""threads_per_block"":256}",21.186776,7
fp16_throughput,fmas_per_thread,1048576,"{""num_blocks"":4096,""threads_per_block"":256}",42.581278,7
fp16_throughput,fmas_per_thread,256,"{""num_blocks"":4096,""threads_per_block"":32}",0.538947,7
fp16_throughput,fmas_per_thread,512,"{""num_blocks"":4096,""threads_per_block"":32}",0.536151,7
fp16_throughput,fmas_per_thread,1024,"{""num_blocks"":4096,""threads_per_block"":32}",0.583096,7
fp16_throughput,fmas_per_thread,2048,"{""num_blocks"":4096,""threads_per_block"":32}",0.596316,7
fp16_throughput,fmas_per_thread,4096,"{""num_blocks"":4096,""threads_per_block"":32}",0.591259,7
fp16_throughput,fmas_per_thread,8192,"{""num_blocks"":4096,""threads_per_block"":32}",0.717993,7
fp16_throughput,fmas_per_thread,16384,"{""num_blocks"":4096,""threads_per_block"":32}",0.896456,7
fp16_throughput,fmas_per_thread,32768,"{""num_blocks"":4096,""threads_per_block"":32}",1.17204,7
fp16_throughput,fmas_per_thread,65536,"{""num_blocks"":4096,""threads_per_block"":32}",1.752469,7
fp16_throughput,fmas_per_thread,131072,"{""num_blocks"":4096,""threads_per_block"":32}",2.941717,7
fp16_throughput,fmas_per_thread,262144,"{""num_blocks"":4096,""threads_per_block"":32}",5.379206,7
fp16_throughput,fmas_per_thread,524288,"{""num_blocks"":4096,""threads_per_block"":32}",10.283907,7
fp16_throughput,fmas_per_thread,1048576,"{""num_blocks"":4096,""threads_per_block"":32}",19.952899,7
fp16_throughput,fmas_per_thread,256,"{""num_blocks"":4096,""threads_per_block"":64}",0.540197,7
fp16_throughput,fmas_per_thread,512,"{""num_blocks"":4096,""threads_per_block"":64}",0.520638,7
fp16_throughput,fmas_per_thread,1024,"{""num_blocks"":4096,""threads_per_block"":64}",0.534845,7
fp16_throughput,fmas_per_thread,2048,"{""num_blocks"":4096,""threads_per_block"":64}",0.614414,7
fp16_throughput,fmas_per_thread,4096,"{""num_blocks"":4096,""threads_per_block"":64}",0.656853,7
fp16_throughput,fmas_per_thread,8192,"{""num_blocks"":4096,""threads_per_block"":64}",0.713569,7
fp16_throughput,fmas_per_thread,16384,"{""num_blocks"":4096,""threads_per_block"":64}",0.872873,7
fp16_throughput,fmas_per_thread,32768,"{""num_blocks"":4096,""threads_per_block"":64}",1.149988,7
fp16_throughput,fmas_per_thread,65536,"{""num_blocks"":4096,""threads_per_block"":64}",1.732274,7
fp16_throughput,fmas_per_thread,131072,"{""num_blocks"":4096,""threads_per_block"":64}",2.972928,7
fp16_throughput,fmas_per_thread,262144,"{""num_blocks"":4096,""threads_per_block"":64}",5.35458,7
fp16_throughput,fmas_per_thread,524288,"{""num_blocks"":4096,""threads_per_block"":64}",10.345252,7
fp16_throughput,fmas_per_thread,1048576,"{""num_blocks"":4096,""threads_per_block"":64}",19.85513,7
fp32_throughput,fmas_per_thread,256,"{""num_blocks"":1,""threads_per_block"":1024}",0.576134,7
fp32_throughput,fmas_per_thread,512,"{""num_blocks"":1,""threads_per_block"":1024}",0.519934,7
fp32_throughput,fmas_per_thread,1024,"{""num_blocks"":1,""threads_per_block"":1024}",0.467043,7
fp32_throughput,fmas_per_thread,2048,"{""num_blocks"":1,""threads_per_block"":1024}",0.555238,7
fp32_throughput,fmas_per_thread,4096,"{""num_blocks"":1,""threads_per_block"":1024}",0.533745,7
fp32_throughput,fmas_per_thread,8192,"{""num_blocks"":1,""threads_per_block"":1024}",0.636571,7
fp32_throughput,fmas_per_thread,16384,"{""num_blocks"":1,""threads_per_block"":1024}",0.606445,7
fp32_throughput,fmas_per_thread,32768,"{""num_blocks"":1,""threads_per_block"":1024}",0.717477,7
fp32_throughput,fmas_per_thread,65536,"{""num_blocks"":1,""threads_per_block"":1024}",0.957371,7
fp32_throughput,fmas_per_thread,131072,"{""num_blocks"":1,""threads_per_block"":1024}",2.681164,7
fp32_throughput,fmas_per_thread,262144,"{""num_blocks"":1,""threads_per_block"":1024}",3.969473,7
fp32_throughput,fmas_per_thread,524288,"{""num_blocks"":1,""threads_per_block"":1024}",3.504817,7
fp32_throughput,fmas_per_thread,1048576,"{""num_blocks"":1,""threads_per_block"":1024}",6.527639,7
fp32_throughput,fmas_per_thread,256,"{""num_blocks"":1,""threads_per_block"":1}",0.464632,7
fp32_throughput,fmas_per_thread,512,"{""num_blocks"":1,""threads_per_block"":1}",0.527298,7
fp32_throughput,fmas_per_thread,1024,"{""num_blocks"":1,""threads_per_block"":1}",0.558952,7
fp32_throughput,fmas_per_thread,2048,"{""num_blocks"":1,""threads_per_block"":1}",0.517921,7
fp32_throughput,fmas_per_thread,4096,"{""num_blocks"":1,""threads_per_block"":1}",0.516692,7
fp32_throughput,fmas_per_thread,8192,"{""num_blocks"":1,""threads_per_block"":1}",0.570722,7
fp32_throughput,fmas_per_thread,16384,"{""num_blocks"":1,""threads_per_block"":1}",0.608788,7
fp32_throughput,fmas_per_thread,32768,"{""num_blocks"":1,""threads_per_block"":1}",0.612973,7
fp32_throughput,fmas_per_thread,65536,"{""num_blocks"":1,""threads_per_block"":1}",0.792357,7
fp32_throughput,fmas_per_thread,131072,"{""num_blocks"":1,""threads_per_block"":1}",3.677902,7
fp32_throughput,fmas_per_thread,262144,"{""num_blocks"":1,""threads_per_block"":1}",5.807211,7
fp32_throughput,fmas_per_thread,524288,"{""num_blocks"":1,""threads_per_block"":1}",2.698028,7
fp32_throughput,fmas_per_thread,1048576,"{""num_blocks"":1,""threads_per_block"":1}",4.953173,7
fp32_throughput,fmas_per_thread,256,"{""num_blocks"":1,""threads_per_block"":256}",0.516642,7
fp32_throughput,fmas_per_thread,512,"{""num_blocks"":1,""threads_per_block"":256}",0.496551,7
fp32_throughput,fmas_per_thread,1024,"{""num_blocks"":1,""threads_per_block"":256}",0.50161,7
fp32_throughput,fmas_per_thread,2048,"{""num_blocks"":1,""threads_per_block"":256}",0.539994,7
fp32_throughput,fmas_per_thread,4096,"{""num_blocks"":1,""threads_per_block"":256}",0.515751,7
fp32_throughput,fmas_per_thread,8192,"{""num_blocks"":1,""threads_per_block"":256}",0.598269,7
fp32_throughput,fmas_per_thread,16384,"{""num_blocks"":1,""threads_per_block"":256}",0.744549,7
fp32_throughput,fmas_per_thread,32768,"{""num_blocks"":1,""threads_per_block"":256}",0.705286,7
fp32_throughput,fmas_per_thread,65536,"{""num_blocks"":1,""threads_per_block"":256}",0.868315,7
fp32_throughput,fmas_per_thread,131072,"{""num_blocks"":1,""threads_per_block"":256}",1.840484,7
fp32_throughput,fmas_per_thread,262144,"{""num_blocks"":1,""threads_per_block"":256}",9.506976,7
fp32_throughput,fmas_per_thread,524288,"{""num_blocks"":1,""threads_per_block"":256}",2.73974,7
fp32_throughput,fmas_per_thread,1048576,"{""num_blocks"":1,""threads_per_block"":256}",5.034836,7
fp32_throughput,fmas_per_thread,256,"{""num_blocks"":1,""threads_per_block"":32}",0.555394,7
fp32_throughput,fmas_per_thread,512,"{""num_blocks"":1,""threads_per_block"":32}",0.46199,7
fp32_throughput,fmas_per_thread,1024,"{""num_blocks"":1,""threads_per_block"":32}",0.583968,7
fp32_throughput,fmas_per_thread,2048,"{""num_blocks"":1,""threads_per_block"":32}",0.511025,7
fp32_throughput,fmas_per_thread,4096,"{""num_blocks"":1,""threads_per_block"":32}",0.534029,7
fp32_throughput,fmas_per_thread,8192,"{""num_blocks"":1,""threads_per_block"":32}",0.59646,7
fp32_throughput,fmas_per_thread,16384,"{""num_blocks"":1,""threads_per_block"":32}",0.602494,7
fp32_throughput,fmas_per_thread,32768,"{""num_blocks"":1,""threads_per_block"":32}",0.739728,7
fp32_throughput,fmas_per_thread,65536,"{""num_blocks"":1,""threads_per_block"":32}",0.82059,7
fp32_throughput,fmas_per_thread,131072,"{""num_blocks"":1,""threads_per_block"":32}",2.134856,7
fp32_throughput,fmas_per_thread,262144,"{""num_blocks"":1,""threads_per_block"":32}",8.787742,7
fp32_throughput,fmas_per_thread,524288,"{""num_blocks"":1,""threads_per_block"":32}",2.746423,7
fp32_throughput,fmas_per_thread,1048576,"{""num_blocks"":1,""threads_per_block"":32}",5.036068,7
fp32_throughput,fmas_per_thread,256,"{""num_blocks"":1,""threads_per_block"":64}",0.506945,7
fp32_throughput,fmas_per_thread,512,"{""num_blocks"":1,""threads_per_block"":64}",0.510278,7
fp32_throughput,fmas_per_thread,1024,"{""num_blocks"":1,""threads_per_block"":64}",0.587351,7
fp32_throughput,fmas_per_thread,2048,"{""num_blocks"":1,""threads_per_block"":64}",0.516843,7
fp32_throughput,fmas_per_thread,4096,"{""num_blocks"":1,""threads_per_block"":64}",0.501155,7
fp32_throughput,fmas_per_thread,8192,"{""num_blocks"":1,""threads_per_block"":64}",0.59288,7
fp32_throughput,fmas_per_thread,16384,"{""num_blocks"":1,""threads_per_block"":64}",0.631789,7
fp32_throughput,fmas_per_thread,32768,"{""num_blocks"":1,""threads_per_block"":64}",0.668329,7
fp32_throughput,fmas_per_thread,65536,"{""num_blocks"":1,""threads_per_block"":64}",0.862281,7
fp32_throughput,fmas_per_thread,131072,"{""num_blocks"":1,""threads_per_block"":64}",6.641333,7
fp32_throughput,fmas_per_thread,262144,"{""num_blocks"":1,""threads_per_block"":64}",2.027723,7
fp32_throughput,fmas_per_thread,524288,"{""num_blocks"":1,""threads_per_block"":64}",2.733169,7
fp32_throughput,fmas_per_thread,1048576,"{""num_blocks"":1,""threads_per_block"":64}",5.027642,7
fp32_throughput,fmas_per_thread,256,"{""num_blocks"":1024,""threads_per_block"":1024}",0.496934,7
fp32_throughput,fmas_per_thread,512,"{""num_blocks"":1024,""threads_per_block"":1024}",0.588558,7
fp32_throughput,fmas_per_thread,1024,"{""num_blocks"":1024,""threads_per_block"":1024}",0.509941,7
fp32_throughput,fmas_per_thread,2048,"{""num_blocks"":1024,""threads_per_block"":1024}",0.573408,7
fp32_throughput,fmas_per_thread,4096,"{""num_blocks"":1024,""threads_per_block"":1024}",0.583843,7
fp32_throughput,fmas_per_thread,8192,"{""num_blocks"":1024,""threads_per_block"":1024}",0.677712,7
fp32_throughput,fmas_per_thread,16384,"{""num_blocks"":1024,""threads_per_block"":1024}",0.91907,7
fp32_throughput,fmas_per_thread,32768,"{""num_blocks"":1024,""threads_per_block"":1024}",1.260711,7
fp32_throughput,fmas_per_thread,65536,"{""num_blocks"":1024,""threads_per_block"":1024}",3.222755,7
fp32_throughput,fmas_per_thread,131072,"{""num_blocks"":1024,""threads_per_block"":1024}",4.141664,7
fp32_throughput,fmas_per_thread,262144,"{""num_blocks"":1024,""threads_per_block"":1024}",7.739851,7
fp32_throughput,fmas_per_thread,524288,"{""num_blocks"":1024,""threads_per_block"":1024}",14.674552,7
fp32_throughput,fmas_per_thread,1048576,"{""num_blocks"":1024,""threads_per_block"":1024}",28.226749,7
fp32_throughput,fmas_per_thread,256,"{""num_blocks"":1024,""threads_per_block"":1}",0.516343,7
fp32_throughput,fmas_per_thread,512,"{""num_blocks"":1024,""threads_per_block"":1}",0.502998,7
fp32_throughput,fmas_per_thread,1024,"{""num_blocks"":1024,""threads_per_block"":1}",0.528863,7
fp32_throughput,fmas_per_thread,2048,"{""num_blocks"":1024,""threads_per_block"":1}",0.551114,7
fp32_throughput,fmas_per_thread,4096,"{""num_blocks"":1024,""threads_per_block"":1}",0.571975,7
fp32_throughput,fmas_per_thread,8192,"{""num_blocks"":1024,""threads_per_block"":1}",0.518711,7
fp32_throughput,fmas_per_thread,16384,"{""num_blocks"":1024,""threads_per_block"":1}",0.633602,7
fp32_throughput,fmas_per_thread,32768,"{""num_blocks"":1024,""threads_per_block"":1}",0.668853,7
fp32_throughput,fmas_per_thread,65536,"{""num_blocks"":1024,""threads_per_block"":1}",1.533075,7
fp32_throughput,fmas_per_thread,131072,"{""num_blocks"":1024,""threads_per_block"":1}",2.526846,7
fp32_throughput,fmas_per_thread,262144,"{""num_blocks"":1024,""threads_per_block"":1}",1.643229,7
fp32_throughput,fmas_per_thread,524288,"{""num_blocks"":1024,""threads_per_block"":1}",2.827213,7
fp32_throughput,fmas_per_thread,1048576,"{""num_blocks"":1024,""threads_per_block"":1}",5.021258,7
fp32_throughput,fmas_per_thread,256,"{""num_blocks"":1024,""threads_per_block"":256}",0.491919,7
fp32_throughput,fmas_per_thread,512,"{""num_blocks"":1024,""threads_per_block"":256}",0.487743,7
fp32_throughput,fmas_per_thread,1024,"{""num_blocks"":1024,""threads_per_block"":256}",0.507869,7
fp32_throughput,fmas_per_thread,2048,"{""num_blocks"":1024,""threads_per_block"":256}",0.568144,7
fp32_throughput,fmas_per_thread,4096,"{""num_blocks"":1024,""threads_per_block"":256}",0.568911,7
fp32_throughput,fmas_per_thread,8192,"{""num_blocks"":1024,""threads_per_block"":256}",0.55326,7
fp32_throughput,fmas_per_thread,16384,"{""num_blocks"":1024,""threads_per_block"":256}",0.642657,7
fp32_throughput,fmas_per_thread,32768,"{""num_blocks"":1024,""threads_per_block"":256}",0.720284,7
fp32_throughput,fmas_per_thread,65536,"{""num_blocks"":1024,""threads_per_block"":256}",1.8307,7
fp32_throughput,fmas_per_thread,131072,"{""num_blocks"":1024,""threads_per_block"":256}",1.530306,7
fp32_throughput,fmas_per_thread,262144,"{""num_blocks"":1024,""threads_per_block"":256}",2.568727,7
fp32_throughput,fmas_per_thread,524288,"{""num_blocks"":1024,""threads_per_block"":256}",4.946208,7
fp32_throughput,fmas_per_thread,1048576,"{""num_blocks"":1024,""threads_per_block"":256}",9.41244,7
fp32_throughput,fmas_per_thread,256,"{""num_blocks"":1024,""threads_per_block"":32}",0.510116,7
fp32_throughput,fmas_per_thread,512,"{""num_blocks"":1024,""threads_per_block"":32}",0.482007,7
fp32_throughput,fmas_per_thread,1024,"{""num_blocks"":1024,""threads_per_block"":32}",0.492091,7
fp32_throughput,fmas_per_thread,2048,"{""num_blocks"":1024,""threads_per_block"":32}",0.566721,7
fp32_throughput,fmas_per_thread,4096,"{""num_blocks"":1024,""threads_per_block"":32}",0.58134,7
fp32_throughput,fmas_per_thread,8192,"{""num_blocks"":1024,""threads_per_block"":32}",0.503345,7
fp32_throughput,fmas_per_thread,16384,"{""num_blocks"":1024,""threads_per_block"":32}",0.645542,7
fp32_throughput,fmas_per_thread,32768,"{""num_blocks"":1024,""threads_per_block"":32}",0.686181,7
fp32_throughput,fmas_per_thread,65536,"{""num_blocks"":1024,""threads_per_block"":32}",1.854605,7
fp32_throughput,fmas_per_thread,131072,"{""num_blocks"":1024,""threads_per_block"":32}",2.371518,7
fp32_throughput,fmas_per_thread,262144,"{""num_blocks"":1024,""threads_per_block"":32}",1.651388,7
fp32_throughput,fmas_per_thread,524288,"{""num_blocks"":1024,""threads_per_block"":32}",2.847683,7
fp32_throughput,fmas_per_thread,1048576,"{""num_blocks"":1024,""threads_per_block"":32}",5.177567,7
fp32_throughput,fmas_per_thread,256,"{""num_blocks"":1024,""threads_per_block"":64}",0.492886,7
fp32_throughput,fmas_per_thread,512,"{""num_blocks"":1024,""threads_per_block"":64}",0.536454,7
fp32_throughput,fmas_per_thread,1024,"{""num_blocks"":1024,""threads_per_block"":64}",0.46798,7
fp32_throughput,fmas_per_thread,2048,"{""num_blocks"":1024,""threads_per_block"":64}",0.553271,7
fp32_throughput,fmas_per_thread,4096,"{""num_blocks"":1024,""threads_per_block"":64}",0.520718,7
fp32_throughput,fmas_per_thread,8192,"{""num_blocks"":1024,""threads_per_block"":64}",0.523453,7
fp32_throughput,fmas_per_thread,16384,"{""num_blocks"":1024,""threads_per_block"":64}",0.661963,7
fp32_throughput,fmas_per_thread,32768,"{""num_blocks"":1024,""threads_per_block"":64}",0.693563,7
fp32_throughput,fmas_per_thread,65536,"{""num_blocks"":1024,""threads_per_block"":64}",2.041615,7
fp32_throughput,fmas_per_thread,131072,"{""num_blocks"":1024,""threads_per_block"":64}",1.349948,7
fp32_throughput,fmas_per_thread,262144,"{""num_blocks"":1024,""threads_per_block"":64}",1.67243,7
fp32_throughput,fmas_per_thread,524288,"{""num_blocks"":1024,""threads_per_block"":64}",2.793898,7
fp32_throughput,fmas_per_thread,1048576,"{""num_blocks"":1024,""threads_per_block"":64}",5.129787,7
fp32_throughput,fmas_per_thread,256,"{""num_blocks"":32,""threads_per_block"":1024}",0.514418,7
fp32_throughput,fmas_per_thread,512,"{""num_blocks"":32,""threads_per_block"":1024}",0.506847,7
fp32_throughput,fmas_per_thread,1024,"{""num_blocks"":32,""threads_per_block"":1024}",0.478215,7
fp32_throughput,fmas_per_thread,2048,"{""num_blocks"":32,""threads_per_block"":1024}",0.547125,7
fp32_throughput,fmas_per_thread,4096,"{""num_blocks"":32,""threads_per_block"":1024}",0.508453,7
fp32_throughput,fmas_per_thread,8192,"{""num_blocks"":32,""threads_per_block"":1024}",0.550266,7
fp32_throughput,fmas_per_thread,16384,"{""num_blocks"":32,""threads_per_block"":1024}",0.606611,7
fp32_throughput,fmas_per_thread,32768,"{""num_blocks"":32,""threads_per_block"":1024}",0.70556,7
fp32_throughput,fmas_per_thread,65536,"{""num_blocks"":32,""threads_per_block"":1024}",0.93824,7
fp32_throughput,fmas_per_thread,131072,"{""num_blocks"":32,""threads_per_block"":1024}",4.123979,7
fp32_throughput,fmas_per_thread,262144,"{""num_blocks"":32,""threads_per_block"":1024}",2.131531,7
fp32_throughput,fmas_per_thread,524288,"{""num_blocks"":32,""threads_per_block"":1024}",3.509685,7
fp32_throughput,fmas_per_thread,1048576,"{""num_blocks"":32,""threads_per_block"":1024}",6.544164,7
fp32_throughput,fmas_per_thread,256,"{""num_blocks"":32,""threads_per_block"":1}",0.49808,7
fp32_throughput,fmas_per_thread,512,"{""num_blocks"":32,""threads_per_block"":1}",0.501407,7
fp32_throughput,fmas_per_thread,1024,"{""num_blocks"":32,""threads_per_block"":1}",0.46878,7
fp32_throughput,fmas_per_thread,2048,"{""num_blocks"":32,""threads_per_block"":1}",0.4562,7
fp32_throughput,fmas_per_thread,4096,"{""num_blocks"":32,""threads_per_block"":1}",0.517058,7
fp32_throughput,fmas_per_thread,8192,"{""num_blocks"":32,""threads_per_block"":1}",0.638622,7
fp32_throughput,fmas_per_thread,16384,"{""num_blocks"":32,""threads_per_block"":1}",0.600962,7
fp32_throughput,fmas_per_thread,32768,"{""num_blocks"":32,""threads_per_block"":1}",0.697859,7
fp32_throughput,fmas_per_thread,65536,"{""num_blocks"":32,""threads_per_block"":1}",0.865212,7
fp32_throughput,fmas_per_thread,131072,"{""num_blocks"":32,""threads_per_block"":1}",2.295376,7
fp32_throughput,fmas_per_thread,262144,"{""num_blocks"":32,""threads_per_block"":1}",1.687706,7
fp32_throughput,fmas_per_thread,524288,"{""num_blocks"":32,""threads_per_block"":1}",2.739637,7
fp32_throughput,fmas_per_thread,1048576,"{""num_blocks"":32,""threads_per_block"":1}",5.050454,7
fp32_throughput,fmas_per_thread,256,"{""num_blocks"":32,""threads_per_block"":256}",0.510436,7
fp32_throughput,fmas_per_thread,512,"{""num_blocks"":32,""threads_per_block"":256}",0.526613,7
fp32_throughput,fmas_per_thread,1024,"{""num_blocks"":32,""threads_per_block"":256}",0.498105,7
fp32_throughput,fmas_per_thread,2048,"{""num_blocks"":32,""threads_per_block"":256}",0.515335,7
fp32_throughput,fmas_per_thread,4096,"{""num_blocks"":32,""threads_per_block"":256}",0.548191,7
fp32_throughput,fmas_per_thread,8192,"{""num_blocks"":32,""threads_per_block"":256}",0.505069,7
fp32_throughput,fmas_per_thread,16384,"{""num_blocks"":32,""threads_per_block"":256}",0.582242,7
fp32_throughput,fmas_per_thread,32768,"{""num_blocks"":32,""threads_per_block"":256}",0.684845,7
fp32_throughput,fmas_per_thread,65536,"{""num_blocks"":32,""threads_per_block"":256}",0.857348,7
fp32_throughput,fmas_per_thread,131072,"{""num_blocks"":32,""threads_per_block"":256}",2.327222,7
fp32_throughput,fmas_per_thread,262144,"{""num_blocks"":32,""threads_per_block"":256}",7.358391,7
fp32_throughput,fmas_per_thread,524288,"{""num_blocks"":32,""threads_per_block"":256}",2.748249,7
fp32_throughput,fmas_per_thread,1048576,"{""num_blocks"":32,""threads_per_block"":256}",5.103484,7
fp32_throughput,fmas_per_thread,256,"{""num_blocks"":32,""threads_per_block"":32}",0.503039,7
fp32_throughput,fmas_per_thread,512,"{""num_blocks"":32,""threads_per_block"":32}",0.477545,7
fp32_throughput,fmas_per_thread,1024,"{""num_blocks"":32,""threads_per_block"":32}",0.550847,7
fp32_throughput,fmas_per_thread,2048,"{""num_blocks"":32,""threads_per_block"":32}",0.500478,7
fp32_throughput,fmas_per_thread,4096,"{""num_blocks"":32,""threads_per_block"":32}",0.521087,7
fp32_throughput,fmas_per_thread,8192,"{""num_blocks"":32,""threads_per_block"":32}",0.53294,7
fp32_throughput,fmas_per_thread,16384,"{""num_blocks"":32,""threads_per_block"":32}",0.567575,7
fp32_throughput,fmas_per_thread,32768,"{""num_blocks"":32,""threads_per_block"":32}",0.670716,7
fp32_throughput,fmas_per_thread,65536,"{""num_blocks"":32,""threads_per_block"":32}",0.86272,7
fp32_throughput,fmas_per_thread,131072,"{""num_blocks"":32,""threads_per_block"":32}",2.045213,7
fp32_throughput,fmas_per_thread,262144,"{""num_blocks"":32,""threads_per_block"":32}",7.077592,7
fp32_throughput,fmas_per_thread,524288,"{""num_blocks"":32,""threads_per_block"":32}",2.751198,7
fp32_throughput,fmas_per_thread,1048576,"{""num_blocks"":32,""threads_per_block"":32}",5.029116,7
fp32_throughput,fmas_per_thread,256,"{""num_blocks"":32,""threads_per_block"":64}",0.482966,7
fp32_throughput,fmas_per_thread,512,"{""num_blocks"":32,""threads_per_block"":64}",0.508864,7
fp32_throughput,fmas_per_thread,1024,"{""num_blocks"":32,""threads_per_block"":64}",0.737113,7
fp32_throughput,fmas_per_thread,2048,"{""num_blocks"":32,""threads_per_block"":64}",0.482369,7
fp32_throughput,fmas_per_thread,4096,"{""num_blocks"":32,""threads_per_block"":64}",0.512314,7
fp32_throughput,fmas_per_thread,8192,"{""num_blocks"":32,""threads_per_block"":64}",0.50095,7
fp32_throughput,fmas_per_thread,16384,"{""num_blocks"":32,""threads_per_block"":64}",0.575953,7
fp32_throughput,fmas_per_thread,32768,"{""num_blocks"":32,""threads_per_block"":64}",0.670424,7
fp32_throughput,fmas_per_thread,65536,"{""num_blocks"":32,""threads_per_block"":64}",0.820935,7
fp32_throughput,fmas_per_thread,131072,"{""num_blocks"":32,""threads_per_block"":64}",2.074361,7
fp32_throughput,fmas_per_thread,262144,"{""num_blocks"":32,""threads_per_block"":64}",5.170274,7
fp32_throughput,fmas_per_thread,524288,"{""num_blocks"":32,""threads_per_block"":64}",2.756456,7
fp32_throughput,fmas_per_thread,1048576,"{""num_blocks"":32,""threads_per_block"":64}",5.089982,7
fp32_throughput,fmas_per_thread,256,"{""num_blocks"":32768,""threads_per_block"":1024}",0.667414,7
fp32_throughput,fmas_per_thread,512,"{""num_blocks"":32768,""threads_per_block"":1024}",0.874034,7
fp32_throughput,fmas_per_thread,1024,"{""num_blocks"":32768,""threads_per_block"":1024}",1.218842,7
fp32_throughput,fmas_per_thread,2048,"{""num_blocks"":32768,""threads_per_block"":1024}",1.783222,7
fp32_throughput,fmas_per_thread,4096,"{""num_blocks"":32768,""threads_per_block"":1024}",3.391941,7
fp32_throughput,fmas_per_thread,8192,"{""num_blocks"":32768,""threads_per_block"":1024}",6.575063,7
fp32_throughput,fmas_per_thread,16384,"{""num_blocks"":32768,""threads_per_block"":1024}",12.607945,7
fp32_throughput,fmas_per_thread,32768,"{""num_blocks"":32768,""threads_per_block"":1024}",24.310431,7
fp32_throughput,fmas_per_thread,65536,"{""num_blocks"":32768,""threads_per_block"":1024}",69.246172,7
fp32_throughput,fmas_per_thread,131072,"{""num_blocks"":32768,""threads_per_block"":1024}",277.313073,7
fp32_throughput,fmas_per_thread,262144,"{""num_blocks"":32768,""threads_per_block"":1024}",186.798388,7
fp32_throughput,fmas_per_thread,524288,"{""num_blocks"":32768,""threads_per_block"":1024}",373.199402,7
fp32_throughput,fmas_per_thread,1048576,"{""num_blocks"":32768,""threads_per_block"":1024}",748.981995,7
fp32_throughput,fmas_per_thread,256,"{""num_blocks"":32768,""threads_per_block"":1}",0.516857,7
fp32_throughput,fmas_per_thread,512,"{""num_blocks"":32768,""threads_per_block"":1}",0.542964,7
fp32_throughput,fmas_per_thread,1024,"{""num_blocks"":32768,""threads_per_block"":1}",0.602686,7
fp32_throughput,fmas_per_thread,2048,"{""num_blocks"":32768,""threads_per_block"":1}",0.55427,7
fp32_throughput,fmas_per_thread,4096,"{""num_blocks"":32768,""threads_per_block"":1}",0.742887,7
fp32_throughput,fmas_per_thread,8192,"{""num_blocks"":32768,""threads_per_block"":1}",0.797117,7
fp32_throughput,fmas_per_thread,16384,"{""num_blocks"":32768,""threads_per_block"":1}",1.110197,7
fp32_throughput,fmas_per_thread,32768,"{""num_blocks"":32768,""threads_per_block"":1}",1.934002,7
fp32_throughput,fmas_per_thread,65536,"{""num_blocks"":32768,""threads_per_block"":1}",2.984698,7
fp32_throughput,fmas_per_thread,131072,"{""num_blocks"":32768,""threads_per_block"":1}",11.421629,7
fp32_throughput,fmas_per_thread,262144,"{""num_blocks"":32768,""threads_per_block"":1}",10.576569,7
fp32_throughput,fmas_per_thread,524288,"{""num_blocks"":32768,""threads_per_block"":1}",20.595696,7
fp32_throughput,fmas_per_thread,1048576,"{""num_blocks"":32768,""threads_per_block"":1}",40.685361,7
fp32_throughput,fmas_per_thread,256,"{""num_blocks"":32768,""threads_per_block"":256}",0.52708,7
fp32_throughput,fmas_per_thread,512,"{""num_blocks"":32768,""threads_per_block"":256}",0.613397,7
fp32_throughput,fmas_per_thread,1024,"{""num_blocks"":32768,""threads_per_block"":256}",0.696429,7
fp32_throughput,fmas_per_thread,2048,"{""num_blocks"":32768,""threads_per_block"":256}",0.802966,7
fp32_throughput,fmas_per_thread,4096,"{""num_blocks"":32768,""threads_per_block"":256}",1.137843,7
fp32_throughput,fmas_per_thread,8192,"{""num_blocks"":32768,""threads_per_block"":256}",1.746249,7
fp32_throughput,fmas_per_thread,16384,"{""num_blocks"":32768,""threads_per_block"":256}",3.301749,7
fp32_throughput,fmas_per_thread,32768,"{""num_blocks"":32768,""threads_per_block"":256}",6.621244,7
fp32_throughput,fmas_per_thread,65536,"{""num_blocks"":32768,""threads_per_block"":256}",12.53223,7
fp32_throughput,fmas_per_thread,131072,"{""num_blocks"":32768,""threads_per_block"":256}",67.538069,7
fp32_throughput,fmas_per_thread,262144,"{""num_blocks"":32768,""threads_per_block"":256}",46.921327,7
fp32_throughput,fmas_per_thread,524288,"{""num_blocks"":32768,""threads_per_block"":256}",92.537116,7
fp32_throughput,fmas_per_thread,1048576,"{""num_blocks"":32768,""threads_per_block"":256}",183.789052,7
fp32_throughput,fmas_per_thread,256,"{""num_blocks"":32768,""threads_per_block"":32}",0.500816,7
fp32_throughput,fmas_per_thread,512,"{""num_blocks"":32768,""threads_per_block"":32}",0.566729,7
fp32_throughput,fmas_per_thread,1024,"{""num_blocks"":32768,""threads_per_block"":32}",0.570847,7
fp32_throughput,fmas_per_thread,2048,"{""num_blocks"":32768,""threads_per_block"":32}",0.547022,7
fp32_throughput,fmas_per_thread,4096,"{""num_blocks"":32768,""threads_per_block"":32}",0.670552,7
fp32_throughput,fmas_per_thread,8192,"{""num_blocks"":32768,""threads_per_block"":32}",0.776169,7
fp32_throughput,fmas_per_thread,16384,"{""num_blocks"":32768,""threads_per_block"":32}",1.145737,7
fp32_throughput,fmas_per_thread,32768,"{""num_blocks"":32768,""threads_per_block"":32}",1.803853,7
fp32_throughput,fmas_per_thread,65536,"{""num_blocks"":32768,""threads_per_block"":32}",3.253013,7
fp32_throughput,fmas_per_thread,131072,"{""num_blocks"":32768,""threads_per_block"":32}",16.587418,7
fp32_throughput,fmas_per_thread,262144,"{""num_blocks"":32768,""threads_per_block"":32}",11.95279,7
fp32_throughput,fmas_per_thread,524288,"{""num_blocks"":32768,""threads_per_block"":32}",22.744782,7
fp32_throughput,fmas_per_thread,1048576,"{""num_blocks"":32768,""threads_per_block"":32}",44.189209,7
fp32_throughput,fmas_per_thread,256,"{""num_blocks"":32768,""threads_per_block"":64}",0.496965,7
fp32_throughput,fmas_per_thread,512,"{""num_blocks"":32768,""threads_per_block"":64}",0.555498,7
fp32_throughput,fmas_per_thread,1024,"{""num_blocks"":32768,""threads_per_block"":64}",0.627562,7
fp32_throughput,fmas_per_thread,2048,"{""num_blocks"":32768,""threads_per_block"":64}",0.580421,7
fp32_throughput,fmas_per_thread,4096,"{""num_blocks"":32768,""threads_per_block"":64}",0.64048,7
fp32_throughput,fmas_per_thread,8192,"{""num_blocks"":32768,""threads_per_block"":64}",0.831111,7
fp32_throughput,fmas_per_thread,16384,"{""num_blocks"":32768,""threads_per_block"":64}",1.140228,7
fp32_throughput,fmas_per_thread,32768,"{""num_blocks"":32768,""threads_per_block"":64}",1.87146,7
fp32_throughput,fmas_per_thread,65536,"{""num_blocks"":32768,""threads_per_block"":64}",3.554501,7
fp32_throughput,fmas_per_thread,131072,"{""num_blocks"":32768,""threads_per_block"":64}",12.970632,7
fp32_throughput,fmas_per_thread,262144,"{""num_blocks"":32768,""threads_per_block"":64}",13.177907,7
fp32_throughput,fmas_per_thread,524288,"{""num_blocks"":32768,""threads_per_block"":64}",25.370161,7
fp32_throughput,fmas_per_thread,1048576,"{""num_blocks"":32768,""threads_per_block"":64}",49.419124,7
fp32_throughput,fmas_per_thread,256,"{""num_blocks"":4096,""threads_per_block"":1024}",0.534368,7
fp32_throughput,fmas_per_thread,512,"{""num_blocks"":4096,""threads_per_block"":1024}",0.599776,7
fp32_throughput,fmas_per_thread,1024,"{""num_blocks"":4096,""threads_per_block"":1024}",0.654339,7
fp32_throughput,fmas_per_thread,2048,"{""num_blocks"":4096,""threads_per_block"":1024}",0.634422,7
fp32_throughput,fmas_per_thread,4096,"{""num_blocks"":4096,""threads_per_block"":1024}",0.828523,7
fp32_throughput,fmas_per_thread,8192,"{""num_blocks"":4096,""threads_per_block"":1024}",1.126989,7
fp32_throughput,fmas_per_thread,16384,"{""num_blocks"":4096,""threads_per_block"":1024}",1.837184,7
fp32_throughput,fmas_per_thread,32768,"{""num_blocks"":4096,""threads_per_block"":1024}",3.368964,7
fp32_throughput,fmas_per_thread,65536,"{""num_blocks"":4096,""threads_per_block"":1024}",8.649698,7
fp32_throughput,fmas_per_thread,131072,"{""num_blocks"":4096,""threads_per_block"":1024}",27.642354,7
fp32_throughput,fmas_per_thread,262144,"{""num_blocks"":4096,""threads_per_block"":1024}",24.940049,7
fp32_throughput,fmas_per_thread,524288,"{""num_blocks"":4096,""threads_per_block"":1024}",48.659382,7
fp32_throughput,fmas_per_thread,1048576,"{""num_blocks"":4096,""threads_per_block"":1024}",96.393866,7
fp32_throughput,fmas_per_thread,256,"{""num_blocks"":4096,""threads_per_block"":1}",0.485842,7
fp32_throughput,fmas_per_thread,512,"{""num_blocks"":4096,""threads_per_block"":1}",0.563472,7
fp32_throughput,fmas_per_thread,1024,"{""num_blocks"":4096,""threads_per_block"":1}",0.479575,7
fp32_throughput,fmas_per_thread,2048,"{""num_blocks"":4096,""threads_per_block"":1}",0.544079,7
fp32_throughput,fmas_per_thread,4096,"{""num_blocks"":4096,""threads_per_block"":1}",0.582488,7
fp32_throughput,fmas_per_thread,8192,"{""num_blocks"":4096,""threads_per_block"":1}",0.58562,7
fp32_throughput,fmas_per_thread,16384,"{""num_blocks"":4096,""threads_per_block"":1}",0.708648,7
fp32_throughput,fmas_per_thread,32768,"{""num_blocks"":4096,""threads_per_block"":1}",0.807118,7
fp32_throughput,fmas_per_thread,65536,"{""num_blocks"":4096,""threads_per_block"":1}",2.331844,7
fp32_throughput,fmas_per_thread,131072,"{""num_blocks"":4096,""threads_per_block"":1}",7.335082,7
fp32_throughput,fmas_per_thread,262144,"{""num_blocks"":4096,""threads_per_block"":1}",3.088483,7
fp32_throughput,fmas_per_thread,524288,"{""num_blocks"":4096,""threads_per_block"":1}",5.669812,7
fp32_throughput,fmas_per_thread,1048576,"{""num_blocks"":4096,""threads_per_block"":1}",10.895491,7
fp32_throughput,fmas_per_thread,256,"{""num_blocks"":4096,""threads_per_block"":256}",0.490224,7
fp32_throughput,fmas_per_thread,512,"{""num_blocks"":4096,""threads_per_block"":256}",0.559699,7
fp32_throughput,fmas_per_thread,1024,"{""num_blocks"":4096,""threads_per_block"":256}",0.486918,7
fp32_throughput,fmas_per_thread,2048,"{""num_blocks"":4096,""threads_per_block"":256}",0.712905,7
fp32_throughput,fmas_per_thread,4096,"{""num_blocks"":4096,""threads_per_block"":256}",0.604461,7
fp32_throughput,fmas_per_thread,8192,"{""num_blocks"":4096,""threads_per_block"":256}",0.668193,7
fp32_throughput,fmas_per_thread,16384,"{""num_blocks"":4096,""threads_per_block"":256}",0.886406,7
fp32_throughput,fmas_per_thread,32768,"{""num_blocks"":4096,""threads_per_block"":256}",1.179253,7
fp32_throughput,fmas_per_thread,65536,"{""num_blocks"":4096,""threads_per_block"":256}",3.253873,7
fp32_throughput,fmas_per_thread,131072,"{""num_blocks"":4096,""threads_per_block"":256}",12.589741,7
fp32_throughput,fmas_per_thread,262144,"{""num_blocks"":4096,""threads_per_block"":256}",7.142155,7
fp32_throughput,fmas_per_thread,524288,"{""num_blocks"":4096,""threads_per_block"":256}",13.591918,7
fp32_throughput,fmas_per_thread,1048576,"{""num_blocks"":4096,""threads_per_block"":256}",26.143813,7
fp32_throughput,fmas_per_thread,256,"{""num_blocks"":4096,""threads_per_block"":32}",0.487818,7
fp32_throughput,fmas_per_thread,512,"{""num_blocks"":4096,""threads_per_block"":32}",0.5652,7
fp32_throughput,fmas_per_thread,1024,"{""num_blocks"":4096,""threads_per_block"":32}",0.504567,7
fp32_throughput,fmas_per_thread,2048,"{""num_blocks"":4096,""threads_per_block"":32}",0.527889,7
fp32_throughput,fmas_per_thread,4096,"{""num_blocks"":4096,""threads_per_block"":32}",0.584878,7
fp32_throughput,fmas_per_thread,8192,"{""num_blocks"":4096,""threads_per_block"":32}",0.557001,7
fp32_throughput,fmas_per_thread,16384,"{""num_blocks"":4096,""threads_per_block"":32}",0.723418,7
fp32_throughput,fmas_per_thread,32768,"{""num_blocks"":4096,""threads_per_block"":32}",0.845799,7
fp32_throughput,fmas_per_thread,65536,"{""num_blocks"":4096,""threads_per_block"":32}",2.149258,7
fp32_throughput,fmas_per_thread,131072,"{""num_blocks"":4096,""threads_per_block"":32}",5.355639,7
fp32_throughput,fmas_per_thread,262144,"{""num_blocks"":4096,""threads_per_block"":32}",3.174659,7
fp32_throughput,fmas_per_thread,524288,"{""num_blocks"":4096,""threads_per_block"":32}",5.929937,7
fp32_throughput,fmas_per_thread,1048576,"{""num_blocks"":4096,""threads_per_block"":32}",11.427838,7
fp32_throughput,fmas_per_thread,256,"{""num_blocks"":4096,""threads_per_block"":64}",0.46783,7
fp32_throughput,fmas_per_thread,512,"{""num_blocks"":4096,""threads_per_block"":64}",0.575538,7
fp32_throughput,fmas_per_thread,1024,"{""num_blocks"":4096,""threads_per_block"":64}",0.487304,7
fp32_throughput,fmas_per_thread,2048,"{""num_blocks"":4096,""threads_per_block"":64}",0.562012,7
fp32_throughput,fmas_per_thread,4096,"{""num_blocks"":4096,""threads_per_block"":64}",0.600923,7
fp32_throughput,fmas_per_thread,8192,"{""num_blocks"":4096,""threads_per_block"":64}",0.56811,7
fp32_throughput,fmas_per_thread,16384,"{""num_blocks"":4096,""threads_per_block"":64}",0.698086,7
fp32_throughput,fmas_per_thread,32768,"{""num_blocks"":4096,""threads_per_block"":64}",0.859713,7
fp32_throughput,fmas_per_thread,65536,"{""num_blocks"":4096,""threads_per_block"":64}",2.138054,7
fp32_throughput,fmas_per_thread,131072,"{""num_blocks"":4096,""threads_per_block"":64}",3.52452,7
fp32_throughput,fmas_per_thread,262144,"{""num_blocks"":4096,""threads_per_block"":64}",3.345062,7
fp32_throughput,fmas_per_thread,524288,"{""num_blocks"":4096,""threads_per_block"":64}",6.410352,7
fp32_throughput,fmas_per_thread,1048576,"{""num_blocks"":4096,""threads_per_block"":64}",12.081301,7
fp64_throughput,fmas_per_thread,256,"{""num_blocks"":1,""threads_per_block"":1024}",0.496678,7
fp64_throughput,fmas_per_thread,512,"{""num_blocks"":1,""threads_per_block"":1024}",0.558739,7
fp64_throughput,fmas_per_thread,1024,"{""num_blocks"":1,""threads_per_block"":1024}",0.51724,7
fp64_throughput,fmas_per_thread,2048,"{""num_blocks"":1,""threads_per_block"":1024}",0.488582,7
fp64_throughput,fmas_per_thread,4096,"{""num_blocks"":1,""threads_per_block"":1024}",0.521941,7
fp64_throughput,fmas_per_thread,8192,"{""num_blocks"":1,""threads_per_block"":1024}",0.625097,7
fp64_throughput,fmas_per_thread,16384,"{""num_blocks"":1,""threads_per_block"":1024}",0.676705,7
fp64_throughput,fmas_per_thread,32768,"{""num_blocks"":1,""threads_per_block"":1024}",0.809976,7
fp64_throughput,fmas_per_thread,65536,"{""num_blocks"":1,""threads_per_block"":1024}",1.240831,7
fp64_throughput,fmas_per_thread,131072,"{""num_blocks"":1,""threads_per_block"":1024}",1.898888,7
fp64_throughput,fmas_per_thread,262144,"{""num_blocks"":1,""threads_per_block"":1024}",3.220823,7
fp64_throughput,fmas_per_thread,524288,"{""num_blocks"":1,""threads_per_block"":1024}",5.889475,7
fp64_throughput,fmas_per_thread,1048576,"{""num_blocks"":1,""threads_per_block"":1024}",11.476904,7
fp64_throughput,fmas_per_thread,256,"{""num_blocks"":1,""threads_per_block"":1}",0.493025,7
fp64_throughput,fmas_per_thread,512,"{""num_blocks"":1,""threads_per_block"":1}",0.485795,7
fp64_throughput,fmas_per_thread,1024,"{""num_blocks"":1,""threads_per_block"":1}",0.49886,7
fp64_throughput,fmas_per_thread,2048,"{""num_blocks"":1,""threads_per_block"":1}",0.488402,7
fp64_throughput,fmas_per_thread,4096,"{""num_blocks"":1,""threads_per_block"":1}",0.52472,7
fp64_throughput,fmas_per_thread,8192,"{""num_blocks"":1,""threads_per_block"":1}",0.573789,7
fp64_throughput,fmas_per_thread,16384,"{""num_blocks"":1,""threads_per_block"":1}",0.651883,7
fp64_throughput,fmas_per_thread,32768,"{""num_blocks"":1,""threads_per_block"":1}",0.812499,7
fp64_throughput,fmas_per_thread,65536,"{""num_blocks"":1,""threads_per_block"":1}",0.921555,7
fp64_throughput,fmas_per_thread,131072,"{""num_blocks"":1,""threads_per_block"":1}",1.455685,7
fp64_throughput,fmas_per_thread,262144,"{""num_blocks"":1,""threads_per_block"":1}",2.314958,7
fp64_throughput,fmas_per_thread,524288,"{""num_blocks"":1,""threads_per_block"":1}",3.978716,7
fp64_throughput,fmas_per_thread,1048576,"{""num_blocks"":1,""threads_per_block"":1}",7.542409,7
fp64_throughput,fmas_per_thread,256,"{""num_blocks"":1,""threads_per_block"":256}",0.501305,7
fp64_throughput,fmas_per_thread,512,"{""num_blocks"":1,""threads_per_block"":256}",0.656374,7
fp64_throughput,fmas_per_thread,1024,"{""num_blocks"":1,""threads_per_block"":256}",0.507131,7
fp64_throughput,fmas_per_thread,2048,"{""num_blocks"":1,""threads_per_block"":256}",0.523584,7
fp64_throughput,fmas_per_thread,4096,"{""num_blocks"":1,""threads_per_block"":256}",0.528287,7
fp64_throughput,fmas_per_thread,8192,"{""num_blocks"":1,""threads_per_block"":256}",0.528879,7
fp64_throughput,fmas_per_thread,16384,"{""num_blocks"":1,""threads_per_block"":256}",0.571309,7
fp64_throughput,fmas_per_thread,32768,"{""num_blocks"":1,""threads_per_block"":256}",0.691532,7
fp64_throughput,fmas_per_thread,65536,"{""num_blocks"":1,""threads_per_block"":256}",1.01777,7
fp64_throughput,fmas_per_thread,131072,"{""num_blocks"":1,""threads_per_block"":256}",1.417537,7
fp64_throughput,fmas_per_thread,262144,"{""num_blocks"":1,""threads_per_block"":256}",2.266338,7
fp64_throughput,fmas_per_thread,524288,"{""num_blocks"":1,""threads_per_block"":256}",3.981869,7
fp64_throughput,fmas_per_thread,1048576,"{""num_blocks"":1,""threads_per_block"":256}",7.530393,7
fp64_throughput,fmas_per_thread,256,"{""num_blocks"":1,""threads_per_block"":32}",0.477329,7
fp64_throughput,fmas_per_thread,512,"{""num_blocks"":1,""threads_per_block"":32}",0.521327,7
fp64_throughput,fmas_per_thread,1024,"{""num_blocks"":1,""threads_per_block"":32}",0.498735,7
fp64_throughput,fmas_per_thread,2048,"{""num_blocks"":1,""threads_per_block"":32}",0.493287,7
fp64_throughput,fmas_per_thread,4096,"{""num_blocks"":1,""threads_per_block"":32}",0.511225,7
fp64_throughput,fmas_per_thread,8192,"{""num_blocks"":1,""threads_per_block"":32}",0.524679,7
fp64_throughput,fmas_per_thread,16384,"{""num_blocks"":1,""threads_per_block"":32}",0.668566,7
fp64_throughput,fmas_per_thread,32768,"{""num_blocks"":1,""threads_per_block"":32}",0.761148,7
fp64_throughput,fmas_per_thread,65536,"{""num_blocks"":1,""threads_per_block"":32}",0.919909,7
fp64_throughput,fmas_per_thread,131072,"{""num_blocks"":1,""threads_per_block"":32}",1.411685,7
fp64_throughput,fmas_per_thread,262144,"{""num_blocks"":1,""threads_per_block"":32}",2.307544,7
fp64_throughput,fmas_per_thread,524288,"{""num_blocks"":1,""threads_per_block"":32}",3.966448,7
fp64_throughput,fmas_per_thread,1048576,"{""num_blocks"":1,""threads_per_block"":32}",7.524232,7
fp64_throughput,fmas_per_thread,256,"{""num_blocks"":1,""threads_per_block"":64}",0.499692,7
fp64_throughput,fmas_per_thread,512,"{""num_blocks"":1,""threads_per_block"":64}",0.503882,7
fp64_throughput,fmas_per_thread,1024,"{""num_blocks"":1,""threads_per_block"":64}",0.507861,7
fp64_throughput,fmas_per_thread,2048,"{""num_blocks"":1,""threads_per_block"":64}",0.74172,7
fp64_throughput,fmas_per_thread,4096,"{""num_blocks"":1,""threads_per_block"":64}",0.487418,7
fp64_throughput,fmas_per_thread,8192,"{""num_blocks"":1,""threads_per_block"":64}",0.529983,7
fp64_throughput,fmas_per_thread,16384,"{""num_blocks"":1,""threads_per_block"":64}",0.567745,7
fp64_throughput,fmas_per_thread,32768,"{""num_blocks"":1,""threads_per_block"":64}",0.722496,7
fp64_throughput,fmas_per_thread,65536,"{""num_blocks"":1,""threads_per_block"":64}",1.015539,7
fp64_throughput,fmas_per_thread,131072,"{""num_blocks"":1,""threads_per_block"":64}",1.408886,7
fp64_throughput,fmas_per_thread,262144,"{""num_blocks"":1,""threads_per_block"":64}",2.257444,7
fp64_throughput,fmas_per_thread,524288,"{""num_blocks"":1,""threads_per_block"":64}",3.957262,7
fp64_throughput,fmas_per_thread,1048576,"{""num_blocks"":1,""threads_per_block"":64}",7.553153,7
fp64_throughput,fmas_per_thread,256,"{""num_blocks"":1024,""threads_per_block"":1024}",0.504728,7
fp64_throughput,fmas_per_thread,512,"{""num_blocks"":1024,""threads_per_block"":1024}",0.569893,7
fp64_throughput,fmas_per_thread,1024,"{""num_blocks"":1024,""threads_per_block"":1024}",0.539735,7
fp64_throughput,fmas_per_thread,2048,"{""num_blocks"":1024,""threads_per_block"":1024}",0.613986,7
fp64_throughput,fmas_per_thread,4096,"{""num_blocks"":1024,""threads_per_block"":1024}",0.656432,7
fp64_throughput,fmas_per_thread,8192,"{""num_blocks"":1024,""threads_per_block"":1024}",0.943797,7
fp64_throughput,fmas_per_thread,16384,"{""num_blocks"":1024,""threads_per_block"":1024}",1.252562,7
fp64_throughput,fmas_per_thread,32768,"{""num_blocks"":1024,""threads_per_block"":1024}",2.087249,7
fp64_throughput,fmas_per_thread,65536,"{""num_blocks"":1024,""threads_per_block"":1024}",3.933059,7
fp64_throughput,fmas_per_thread,131072,"{""num_blocks"":1024,""threads_per_block"":1024}",7.731333,7
fp64_throughput,fmas_per_thread,262144,"{""num_blocks"":1024,""threads_per_block"":1024}",14.50687,7
fp64_throughput,fmas_per_thread,524288,"{""num_blocks"":1024,""threads_per_block"":1024}",27.931485,7
fp64_throughput,fmas_per_thread,1048576,"{""num_blocks"":1024,""threads_per_block"":1024}",54.645676,7
fp64_throughput,fmas_per_thread,256,"{""num_blocks"":1024,""threads_per_block"":1}",0.510727,7
fp64_throughput,fmas_per_thread,512,"{""num_blocks"":1024,""threads_per_block"":1}",0.479677,7
fp64_throughput,fmas_per_thread,1024,"{""num_blocks"":1024,""threads_per_block"":1}",0.524293,7
fp64_throughput,fmas_per_thread,2048,"{""num_blocks"":1024,""threads_per_block"":1}",0.4956,7
fp64_throughput,fmas_per_thread,4096,"{""num_blocks"":1024,""threads_per_block"":1}",0.501291,7
fp64_throughput,fmas_per_thread,8192,"{""num_blocks"":1024,""threads_per_block"":1}",0.597896,7
fp64_throughput,fmas_per_thread,16384,"{""num_blocks"":1024,""threads_per_block"":1}",0.648248,7
fp64_throughput,fmas_per_thread,32768,"{""num_blocks"":1024,""threads_per_block"":1}",0.83722,7
fp64_throughput,fmas_per_thread,65536,"{""num_blocks"":1024,""threads_per_block"":1}",1.069419,7
fp64_throughput,fmas_per_thread,131072,"{""num_blocks"":1024,""threads_per_block"":1}",1.627885,7
fp64_throughput,fmas_per_thread,262144,"{""num_blocks"":1024,""threads_per_block"":1}",2.739524,7
fp64_throughput,fmas_per_thread,524288,"{""num_blocks"":1024,""threads_per_block"":1}",5.090621,7
fp64_throughput,fmas_per_thread,1048576,"{""num_blocks"":1024,""threads_per_block"":1}",9.581881,7
fp64_throughput,fmas_per_thread,256,"{""num_blocks"":1024,""threads_per_block"":256}",0.477269,7
fp64_throughput,fmas_per_thread,512,"{""num_blocks"":1024,""threads_per_block"":256}",0.508909,7
fp64_throughput,fmas_per_thread,1024,"{""num_blocks"":1024,""threads_per_block"":256}",0.546423,7
fp64_throughput,fmas_per_thread,2048,"{""num_blocks"":1024,""threads_per_block"":256}",0.481203,7
fp64_throughput,fmas_per_thread,4096,"{""num_blocks"":1024,""threads_per_block"":256}",0.557797,7
fp64_throughput,fmas_per_thread,8192,"{""num_blocks"":1024,""threads_per_block"":256}",0.599408,7
fp64_throughput,fmas_per_thread,16384,"{""num_blocks"":1024,""threads_per_block"":256}",0.738232,7
fp64_throughput,fmas_per_thread,32768,"{""num_blocks"":1024,""threads_per_block"":256}",0.989782,7
fp64_throughput,fmas_per_thread,65536,"{""num_blocks"":1024,""threads_per_block"":256}",1.419455,7
fp64_throughput,fmas_per_thread,131072,"{""num_blocks"":1024,""threads_per_block"":256}",2.365466,7
fp64_throughput,fmas_per_thread,262144,"{""num_blocks"":1024,""threads_per_block"":256}",4.588902,7
fp64_throughput,fmas_per_thread,524288,"{""num_blocks"":1024,""threads_per_block"":256}",8.672495,7
fp64_throughput,fmas_per_thread,1048576,"{""num_blocks"":1024,""threads_per_block"":256}",16.649623,7
fp64_throughput,fmas_per_thread,256,"{""num_blocks"":1024,""threads_per_block"":32}",0.492729,7
fp64_throughput,fmas_per_thread,512,"{""num_blocks"":1024,""threads_per_block"":32}",0.502706,7
fp64_throughput,fmas_per_thread,1024,"{""num_blocks"":1024,""threads_per_block"":32}",0.500321,7
fp64_throughput,fmas_per_thread,2048,"{""num_blocks"":1024,""threads_per_block"":32}",0.513804,7
fp64_throughput,fmas_per_thread,4096,"{""num_blocks"":1024,""threads_per_block"":32}",0.547671,7
fp64_throughput,fmas_per_thread,8192,"{""num_blocks"":1024,""threads_per_block"":32}",0.653467,7
fp64_throughput,fmas_per_thread,16384,"{""num_blocks"":1024,""threads_per_block"":32}",0.663781,7
fp64_throughput,fmas_per_thread,32768,"{""num_blocks"":1024,""threads_per_block"":32}",0.846678,7
fp64_throughput,fmas_per_thread,65536,"{""num_blocks"":1024,""threads_per_block"":32}",1.111641,7
fp64_throughput,fmas_per_thread,131072,"{""num_blocks"":1024,""threads_per_block"":32}",1.701209,7
fp64_throughput,fmas_per_thread,262144,"{""num_blocks"":1024,""threads_per_block"":32}",2.78396,7
fp64_throughput,fmas_per_thread,524288,"{""num_blocks"":1024,""threads_per_block"":32}",5.088225,7
fp64_throughput,fmas_per_thread,1048576,"{""num_blocks"":1024,""threads_per_block"":32}",9.715226,7
fp64_throughput,fmas_per_thread,256,"{""num_blocks"":1024,""threads_per_block"":64}",0.503758,7
fp64_throughput,fmas_per_thread,512,"{""num_blocks"":1024,""threads_per_block"":64}",0.534687,7
fp64_throughput,fmas_per_thread,1024,"{""num_blocks"":1024,""threads_per_block"":64}",0.508937,7
fp64_throughput,fmas_per_thread,2048,"{""num_blocks"":1024,""threads_per_block"":64}",0.520371,7
fp64_throughput,fmas_per_thread,4096,"{""num_blocks"":1024,""threads_per_block"":64}",0.579688,7
fp64_throughput,fmas_per_thread,8192,"{""num_blocks"":1024,""threads_per_block"":64}",0.659352,7
fp64_throughput,fmas_per_thread,16384,"{""num_blocks"":1024,""threads_per_block"":64}",0.680298,7
fp64_throughput,fmas_per_thread,32768,"{""num_blocks"":1024,""threads_per_block"":64}",0.884103,7
fp64_throughput,fmas_per_thread,65536,"{""num_blocks"":1024,""threads_per_block"":64}",1.145596,7
fp64_throughput,fmas_per_thread,131072,"{""num_blocks"":1024,""threads_per_block"":64}",1.679461,7
fp64_throughput,fmas_per_thread,262144,"{""num_blocks"":1024,""threads_per_block"":64}",2.846506,7
fp64_throughput,fmas_per_thread,524288,"{""num_blocks"":1024,""threads_per_block"":64}",5.070209,7
fp64_throughput,fmas_per_thread,1048576,"{""num_blocks"":1024,""threads_per_block"":64}",9.79663,7
fp64_throughput,fmas_per_thread,256,"{""num_blocks"":32,""threads_per_block"":1024}",0.485868,7
fp64_throughput,fmas_per_thread,512,"{""num_blocks"":32,""threads_per_block"":1024}",0.471623,7
fp64_throughput,fmas_per_thread,1024,"{""num_blocks"":32,""threads_per_block"":1024}",0.503388,7
fp64_throughput,fmas_per_thread,2048,"{""num_blocks"":32,""threads_per_block"":1024}",0.565361,7
fp64_throughput,fmas_per_thread,4096,"{""num_blocks"":32,""threads_per_block"":1024}",0.525638,7
fp64_throughput,fmas_per_thread,8192,"{""num_blocks"":32,""threads_per_block"":1024}",0.65085,7
fp64_throughput,fmas_per_thread,16384,"{""num_blocks"":32,""threads_per_block"":1024}",0.692414,7
fp64_throughput,fmas_per_thread,32768,"{""num_blocks"":32,""threads_per_block"":1024}",0.896688,7
fp64_throughput,fmas_per_thread,65536,"{""num_blocks"":32,""threads_per_block"":1024}",1.194656,7
fp64_throughput,fmas_per_thread,131072,"{""num_blocks"":32,""threads_per_block"":1024}",1.877363,7
fp64_throughput,fmas_per_thread,262144,"{""num_blocks"":32,""threads_per_block"":1024}",3.233095,7
fp64_throughput,fmas_per_thread,524288,"{""num_blocks"":32,""threads_per_block"":1024}",6.021006,7
fp64_throughput,fmas_per_thread,1048576,"{""num_blocks"":32,""threads_per_block"":1024}",11.410864,7
fp64_throughput,fmas_per_thread,256,"{""num_blocks"":32,""threads_per_block"":1}",0.509092,7
fp64_throughput,fmas_per_thread,512,"{""num_blocks"":32,""threads_per_block"":1}",0.568062,7
fp64_throughput,fmas_per_thread,1024,"{""num_blocks"":32,""threads_per_block"":1}",0.5059,7
fp64_throughput,fmas_per_thread,2048,"{""num_blocks"":32,""threads_per_block"":1}",0.538757,7
fp64_throughput,fmas_per_thread,4096,"{""num_blocks"":32,""threads_per_block"":1}",0.507052,7
fp64_throughput,fmas_per_thread,8192,"{""num_blocks"":32,""threads_per_block"":1}",0.603356,7
fp64_throughput,fmas_per_thread,16384,"{""num_blocks"":32,""threads_per_block"":1}",0.594933,7
fp64_throughput,fmas_per_thread,32768,"{""num_blocks"":32,""threads_per_block"":1}",0.795158,7
fp64_throughput,fmas_per_thread,65536,"{""num_blocks"":32,""threads_per_block"":1}",1.019551,7
fp64_throughput,fmas_per_thread,131072,"{""num_blocks"":32,""threads_per_block"":1}",1.445387,7
fp64_throughput,fmas_per_thread,262144,"{""num_blocks"":32,""threads_per_block"":1}",2.249844,7
fp64_throughput,fmas_per_thread,524288,"{""num_blocks"":32,""threads_per_block"":1}",4.157541,7
fp64_throughput,fmas_per_thread,1048576,"{""num_blocks"":32,""threads_per_block"":1}",7.524248,7
fp64_throughput,fmas_per_thread,256,"{""num_blocks"":32,""threads_per_block"":256}",0.496266,7
fp64_throughput,fmas_per_thread,512,"{""num_blocks"":32,""threads_per_block"":256}",0.494334,7
fp64_throughput,fmas_per_thread,1024,"{""num_blocks"":32,""threads_per_block"":256}",0.491234,7
fp64_throughput,fmas_per_thread,2048,"{""num_blocks"":32,""threads_per_block"":256}",0.518438,7
fp64_throughput,fmas_per_thread,4096,"{""num_blocks"":32,""threads_per_block"":256}",0.515941,7
fp64_throughput,fmas_per_thread,8192,"{""num_blocks"":32,""threads_per_block"":256}",0.599601,7
fp64_throughput,fmas_per_thread,16384,"{""num_blocks"":32,""threads_per_block"":256}",0.619626,7
fp64_throughput,fmas_per_thread,32768,"{""num_blocks"":32,""threads_per_block"":256}",0.781436,7
fp64_throughput,fmas_per_thread,65536,"{""num_blocks"":32,""threads_per_block"":256}",0.93187,7
fp64_throughput,fmas_per_thread,131072,"{""num_blocks"":32,""threads_per_block"":256}",1.403239,7
fp64_throughput,fmas_per_thread,262144,"{""num_blocks"":32,""threads_per_block"":256}",2.237759,7
fp64_throughput,fmas_per_thread,524288,"{""num_blocks"":32,""threads_per_block"":256}",4.06268,7
fp64_throughput,fmas_per_thread,1048576,"{""num_blocks"":32,""threads_per_block"":256}",7.611339,7
fp64_throughput,fmas_per_thread,256,"{""num_blocks"":32,""threads_per_block"":32}",0.484843,7
fp64_throughput,fmas_per_thread,512,"{""num_blocks"":32,""threads_per_block"":32}",0.575959,7
fp64_throughput,fmas_per_thread,1024,"{""num_blocks"":32,""threads_per_block"":32}",0.504539,7
fp64_throughput,fmas_per_thread,2048,"{""num_blocks"":32,""threads_per_block"":32}",0.529345,7
fp64_throughput,fmas_per_thread,4096,"{""num_blocks"":32,""threads_per_block"":32}",0.51549,7
fp64_throughput,fmas_per_thread,8192,"{""num_blocks"":32,""threads_per_block"":32}",0.606047,7
fp64_throughput,fmas_per_thread,16384,"{""num_blocks"":32,""threads_per_block"":32}",0.632914,7
fp64_throughput,fmas_per_thread,32768,"{""num_blocks"":32,""threads_per_block"":32}",0.780883,7
fp64_throughput,fmas_per_thread,65536,"{""num_blocks"":32,""threads_per_block"":32}",1.024624,7
fp64_throughput,fmas_per_thread,131072,"{""num_blocks"":32,""threads_per_block"":32}",1.378995,7
fp64_throughput,fmas_per_thread,262144,"{""num_blocks"":32,""threads_per_block"":32}",2.248139,7
fp64_throughput,fmas_per_thread,524288,"{""num_blocks"":32,""threads_per_block"":32}",4.058244,7
fp64_throughput,fmas_per_thread,1048576,"{""num_blocks"":32,""threads_per_block"":32}",7.528832,7
fp64_throughput,fmas_per_thread,256,"{""num_blocks"":32,""threads_per_block"":64}",0.511088,7
fp64_throughput,fmas_per_thread,512,"{""num_blocks"":32,""threads_per_block"":64}",0.533522,7
fp64_throughput,fmas_per_thread,1024,"{""num_blocks"":32,""threads_per_block"":64}",0.476698,7
fp64_throughput,fmas_per_thread,2048,"{""num_blocks"":32,""threads_per_block"":64}",0.508718,7
fp64_throughput,fmas_per_thread,4096,"{""num_blocks"":32,""threads_per_block"":64}",0.522389,7
fp64_throughput,fmas_per_thread,8192,"{""num_blocks"":32,""threads_per_block"":64}",0.552489,7
fp64_throughput,fmas_per_thread,16384,"{""num_blocks"":32,""threads_per_block"":64}",0.600535,7
fp64_throughput,fmas_per_thread,32768,"{""num_blocks"":32,""threads_per_block"":64}",0.795743,7
fp64_throughput,fmas_per_thread,65536,"{""num_blocks"":32,""threads_per_block"":64}",0.989409,7
fp64_throughput,fmas_per_thread,131072,"{""num_blocks"":32,""threads_per_block"":64}",1.429429,7
fp64_throughput,fmas_per_thread,262144,"{""num_blocks"":32,""threads_per_block"":64}",2.230383,7
fp64_throughput,fmas_per_thread,524288,"{""num_blocks"":32,""threads_per_block"":64}",4.041491,7
fp64_throughput,fmas_per_thread,1048576,"{""num_blocks"":32,""threads_per_block"":64}",7.523252,7
fp64_throughput,fmas_per_thread,256,"{""num_blocks"":32768,""threads_per_block"":1024}",0.831794,7
fp64_throughput,fmas_per_thread,512,"{""num_blocks"":32768,""threads_per_block"":1024}",1.179533,7
fp64_throughput,fmas_per_thread,1024,"{""num_blocks"":32768,""threads_per_block"":1024}",1.805595,7
fp64_throughput,fmas_per_thread,2048,"{""num_blocks"":32768,""threads_per_block"":1024}",3.320621,7
fp64_throughput,fmas_per_thread,4096,"{""num_blocks"":32768,""threads_per_block"":1024}",6.805877,7
fp64_throughput,fmas_per_thread,8192,"{""num_blocks"":32768,""threads_per_block"":1024}",12.865727,7
fp64_throughput,fmas_per_thread,16384,"{""num_blocks"":32768,""threads_per_block"":1024}",24.873044,7
fp64_throughput,fmas_per_thread,32768,"{""num_blocks"":32768,""threads_per_block"":1024}",48.418936,7
fp64_throughput,fmas_per_thread,65536,"{""num_blocks"":32768,""threads_per_block"":1024}",95.69734,7
fp64_throughput,fmas_per_thread,131072,"{""num_blocks"":32768,""threads_per_block"":1024}",189.874671,7
fp64_throughput,fmas_per_thread,262144,"{""num_blocks"":32768,""threads_per_block"":1024}",379.263114,7
fp64_throughput,fmas_per_thread,524288,"{""num_blocks"":32768,""threads_per_block"":1024}",759.272121,7
fp64_throughput,fmas_per_thread,1048576,"{""num_blocks"":32768,""threads_per_block"":1024}",1517.222935,7
fp64_throughput,fmas_per_thread,256,"{""num_blocks"":32768,""threads_per_block"":1}",0.581955,7
fp64_throughput,fmas_per_thread,512,"{""num_blocks"":32768,""threads_per_block"":1}",0.604775,7
fp64_throughput,fmas_per_thread,1024,"{""num_blocks"":32768,""threads_per_block"":1}",0.558363,7
fp64_throughput,fmas_per_thread,2048,"{""num_blocks"":32768,""threads_per_block"":1}",0.693294,7
fp64_throughput,fmas_per_thread,4096,"{""num_blocks"":32768,""threads_per_block"":1}",0.809912,7
fp64_throughput,fmas_per_thread,8192,"{""num_blocks"":32768,""threads_per_block"":1}",1.088557,7
fp64_throughput,fmas_per_thread,16384,"{""num_blocks"":32768,""threads_per_block"":1}",1.668479,7
fp64_throughput,fmas_per_thread,32768,"{""num_blocks"":32768,""threads_per_block"":1}",2.918086,7
fp64_throughput,fmas_per_thread,65536,"{""num_blocks"":32768,""threads_per_block"":1}",5.33392,7
fp64_throughput,fmas_per_thread,131072,"{""num_blocks"":32768,""threads_per_block"":1}",10.044813,7
fp64_throughput,fmas_per_thread,262144,"{""num_blocks"":32768,""threads_per_block"":1}",19.681305,7
fp64_throughput,fmas_per_thread,524288,"{""num_blocks"":32768,""threads_per_block"":1}",38.661879,7
fp64_throughput,fmas_per_thread,1048576,"{""num_blocks"":32768,""threads_per_block"":1}",76.833326,7
fp64_throughput,fmas_per_thread,256,"{""num_blocks"":32768,""threads_per_block"":256}",0.565326,7
fp64_throughput,fmas_per_thread,512,"{""num_blocks"":32768,""threads_per_block"":256}",0.754811,7
fp64_throughput,fmas_per_thread,1024,"{""num_blocks"":32768,""threads_per_block"":256}",0.893668,7
fp64_throughput,fmas_per_thread,2048,"{""num_blocks"":32768,""threads_per_block"":256}",1.130624,7
fp64_throughput,fmas_per_thread,4096,"{""num_blocks"":32768,""threads_per_block"":256}",1.841767,7
fp64_throughput,fmas_per_thread,8192,"{""num_blocks"":32768,""threads_per_block"":256}",3.32165,7
fp64_throughput,fmas_per_thread,16384,"{""num_blocks"":32768,""threads_per_block"":256}",6.706151,7
fp64_throughput,fmas_per_thread,32768,"{""num_blocks"":32768,""threads_per_block"":256}",12.73502,7
fp64_throughput,fmas_per_thread,65536,"{""num_blocks"":32768,""threads_per_block"":256}",24.811178,7
fp64_throughput,fmas_per_thread,131072,"{""num_blocks"":32768,""threads_per_block"":256}",48.301866,7
fp64_throughput,fmas_per_thread,262144,"{""num_blocks"":32768,""threads_per_block"":256}",95.318192,7
fp64_throughput,fmas_per_thread,524288,"{""num_blocks"":32768,""threads_per_block"":256}",189.717898,7
fp64_throughput,fmas_per_thread,1048576,"{""num_blocks"":32768,""threads_per_block"":256}",378.159964,7
fp64_throughput,fmas_per_thread,256,"{""num_blocks"":32768,""threads_per_block"":32}",0.517126,7
fp64_throughput,fmas_per_thread,512,"{""num_blocks"":32768,""threads_per_block"":32}",0.620926,7
fp64_throughput,fmas_per_thread,1024,"{""num_blocks"":32768,""threads_per_block"":32}",0.574873,7
fp64_throughput,fmas_per_thread,2048,"{""num_blocks"":32768,""threads_per_block"":32}",0.6894,7
fp64_throughput,fmas_per_thread,4096,"{""num_blocks"":32768,""threads_per_block"":32}",0.779576,7
fp64_throughput,fmas_per_thread,8192,"{""num_blocks"":32768,""threads_per_block"":32}",1.1439,7
fp64_throughput,fmas_per_thread,16384,"{""num_blocks"":32768,""threads_per_block"":32}",1.710844,7
fp64_throughput,fmas_per_thread,32768,"{""num_blocks"":32768,""threads_per_block"":32}",3.083195,7
fp64_throughput,fmas_per_thread,65536,"{""num_blocks"":32768,""threads_per_block"":32}",6.026983,7
fp64_throughput,fmas_per_thread,131072,"{""num_blocks"":32768,""threads_per_block"":32}",11.325443,7
fp64_throughput,fmas_per_thread,262144,"{""num_blocks"":32768,""threads_per_block"":32}",21.669939,7
fp64_throughput,fmas_per_thread,524288,"{""num_blocks"":32768,""threads_per_block"":32}",42.015938,7
fp64_throughput,fmas_per_thread,1048576,"{""num_blocks"":32768,""threads_per_block"":32}",82.657325,7
fp64_throughput,fmas_per_thread,256,"{""num_blocks"":32768,""threads_per_block"":64}",0.500434,7
fp64_throughput,fmas_per_thread,512,"{""num_blocks"":32768,""threads_per_block"":64}",0.581131,7
fp64_throughput,fmas_per_thread,1024,"{""num_blocks"":32768,""threads_per_block"":64}",0.600992,7
fp64_throughput,fmas_per_thread,2048,"{""num_blocks"":32768,""threads_per_block"":64}",0.657488,7
fp64_throughput,fmas_per_thread,4096,"{""num_blocks"":32768,""threads_per_block"":64}",0.80517,7
fp64_throughput,fmas_per_thread,8192,"{""num_blocks"":32768,""threads_per_block"":64}",1.231311,7
fp64_throughput,fmas_per_thread,16384,"{""num_blocks"":32768,""threads_per_block"":64}",1.798685,7
fp64_throughput,fmas_per_thread,32768,"{""num_blocks"":32768,""threads_per_block"":64}",3.364278,7
fp64_throughput,fmas_per_thread,65536,"{""num_blocks"":32768,""threads_per_block"":64}",6.891256,7
fp64_throughput,fmas_per_thread,131072,"{""num_blocks"":32768,""threads_per_block"":64}",13.164076,7
fp64_throughput,fmas_per_thread,262144,"{""num_blocks"":32768,""threads_per_block"":64}",25.264243,7
fp64_throughput,fmas_per_thread,524288,"{""num_blocks"":32768,""threads_per_block"":64}",49.159319,7
fp64_throughput,fmas_per_thread,1048576,"{""num_blocks"":32768,""threads_per_block"":64}",97.017925,7
fp64_throughput,fmas_per_thread,256,"{""num_blocks"":4096,""threads_per_block"":1024}",0.595375,7
fp64_throughput,fmas_per_thread,512,"{""num_blocks"":4096,""threads_per_block"":1024}",0.670298,7
fp64_throughput,fmas_per_thread,1024,"{""num_blocks"":4096,""threads_per_block"":1024}",0.633659,7
fp64_throughput,fmas_per_thread,2048,"{""num_blocks"":4096,""threads_per_block"":1024}",0.856831,7
fp64_throughput,fmas_per_thread,4096,"{""num_blocks"":4096,""threads_per_block"":1024}",1.116807,7
fp64_throughput,fmas_per_thread,8192,"{""num_blocks"":4096,""threads_per_block"":1024}",1.866157,7
fp64_throughput,fmas_per_thread,16384,"{""num_blocks"":4096,""threads_per_block"":1024}",3.536544,7
fp64_throughput,fmas_per_thread,32768,"{""num_blocks"":4096,""threads_per_block"":1024}",6.88056,7
fp64_throughput,fmas_per_thread,65536,"{""num_blocks"":4096,""threads_per_block"":1024}",13.098372,7
fp64_throughput,fmas_per_thread,131072,"{""num_blocks"":4096,""threads_per_block"":1024}",25.155321,7
fp64_throughput,fmas_per_thread,262144,"{""num_blocks"":4096,""threads_per_block"":1024}",49.047064,7
fp64_throughput,fmas_per_thread,524288,"{""num_blocks"":4096,""threads_per_block"":1024}",96.780343,7
fp64_throughput,fmas_per_thread,1048576,"{""num_blocks"":4096,""threads_per_block"":1024}",192.321309,7
fp64_throughput,fmas_per_thread,256,"{""num_blocks"":4096,""threads_per_block"":1}",0.479433,7
fp64_throughput,fmas_per_thread,512,"{""num_blocks"":4096,""threads_per_block"":1}",0.563523,7
fp64_throughput,fmas_per_thread,1024,"{""num_blocks"":4096,""threads_per_block"":1}",0.487722,7
fp64_throughput,fmas_per_thread,2048,"{""num_blocks"":4096,""threads_per_block"":1}",0.553526,7
fp64_throughput,fmas_per_thread,4096,"{""num_blocks"":4096,""threads_per_block"":1}",0.559809,7
fp64_throughput,fmas_per_thread,8192,"{""num_blocks"":4096,""threads_per_block"":1}",0.699735,7
fp64_throughput,fmas_per_thread,16384,"{""num_blocks"":4096,""threads_per_block"":1}",0.815301,7
fp64_throughput,fmas_per_thread,32768,"{""num_blocks"":4096,""threads_per_block"":1}",1.123526,7
fp64_throughput,fmas_per_thread,65536,"{""num_blocks"":4096,""threads_per_block"":1}",1.695456,7
fp64_throughput,fmas_per_thread,131072,"{""num_blocks"":4096,""threads_per_block"":1}",2.917714,7
fp64_throughput,fmas_per_thread,262144,"{""num_blocks"":4096,""threads_per_block"":1}",5.302195,7
fp64_throughput,fmas_per_thread,524288,"{""num_blocks"":4096,""threads_per_block"":1}",10.314302,7
fp64_throughput,fmas_per_thread,1048576,"{""num_blocks"":4096,""threads_per_block"":1}",19.849898,7
fp64_throughput,fmas_per_thread,256,"{""num_blocks"":4096,""threads_per_block"":256}",0.552804,7
fp64_throughput,fmas_per_thread,512,"{""num_blocks"":4096,""threads_per_block"":256}",0.614648,7
fp64_throughput,fmas_per_thread,1024,"{""num_blocks"":4096,""threads_per_block"":256}",0.521317,7
fp64_throughput,fmas_per_thread,2048,"{""num_blocks"":4096,""threads_per_block"":256}",0.631444,7
fp64_throughput,fmas_per_thread,4096,"{""num_blocks"":4096,""threads_per_block"":256}",0.631748,7
fp64_throughput,fmas_per_thread,8192,"{""num_blocks"":4096,""threads_per_block"":256}",0.933731,7
fp64_throughput,fmas_per_thread,16384,"{""num_blocks"":4096,""threads_per_block"":256}",1.184502,7
fp64_throughput,fmas_per_thread,32768,"{""num_blocks"":4096,""threads_per_block"":256}",1.905792,7
fp64_throughput,fmas_per_thread,65536,"{""num_blocks"":4096,""threads_per_block"":256}",3.660065,7
fp64_throughput,fmas_per_thread,131072,"{""num_blocks"":4096,""threads_per_block"":256}",7.053549,7
fp64_throughput,fmas_per_thread,262144,"{""num_blocks"":4096,""threads_per_block"":256}",13.524231,7
fp64_throughput,fmas_per_thread,524288,"{""num_blocks"":4096,""threads_per_block"":256}",25.895565,7
fp64_throughput,fmas_per_thread,1048576,"{""num_blocks"":4096,""threads_per_block"":256}",50.456208,7
fp64_throughput,fmas_per_thread,256,"{""num_blocks"":4096,""threads_per_block"":32}",0.476975,7
fp64_throughput,fmas_per_thread,512,"{""num_blocks"":4096,""threads_per_block"":32}",0.595615,7
fp64_throughput,fmas_per_thread,1024,"{""num_blocks"":4096,""threads_per_block"":32}",0.52916,7
fp64_throughput,fmas_per_thread,2048,"{""num_blocks"":4096,""threads_per_block"":32}",0.512528,7
fp64_throughput,fmas_per_thread,4096,"{""num_blocks"":4096,""threads_per_block"":32}",0.573401,7
fp64_throughput,fmas_per_thread,8192,"{""num_blocks"":4096,""threads_per_block"":32}",0.724978,7
fp64_throughput,fmas_per_thread,16384,"{""num_blocks"":4096,""threads_per_block"":32}",0.813518,7
fp64_throughput,fmas_per_thread,32768,"{""num_blocks"":4096,""threads_per_block"":32}",1.156096,7
fp64_throughput,fmas_per_thread,65536,"{""num_blocks"":4096,""threads_per_block"":32}",1.714665,7
fp64_throughput,fmas_per_thread,131072,"{""num_blocks"":4096,""threads_per_block"":32}",3.058637,7
fp64_throughput,fmas_per_thread,262144,"{""num_blocks"":4096,""threads_per_block"":32}",5.639656,7
fp64_throughput,fmas_per_thread,524288,"{""num_blocks"":4096,""threads_per_block"":32}",10.658382,7
fp64_throughput,fmas_per_thread,1048576,"{""num_blocks"":4096,""threads_per_block"":32}",20.658639,7
fp64_throughput,fmas_per_thread,256,"{""num_blocks"":4096,""threads_per_block"":64}",0.504803,7
fp64_throughput,fmas_per_thread,512,"{""num_blocks"":4096,""threads_per_block"":64}",0.580476,7
fp64_throughput,fmas_per_thread,1024,"{""num_blocks"":4096,""threads_per_block"":64}",0.492444,7
fp64_throughput,fmas_per_thread,2048,"{""num_blocks"":4096,""threads_per_block"":64}",0.553332,7
fp64_throughput,fmas_per_thread,4096,"{""num_blocks"":4096,""threads_per_block"":64}",0.582752,7
fp64_throughput,fmas_per_thread,8192,"{""num_blocks"":4096,""threads_per_block"":64}",0.680142,7
fp64_throughput,fmas_per_thread,16384,"{""num_blocks"":4096,""threads_per_block"":64}",0.817031,7
fp64_throughput,fmas_per_thread,32768,"{""num_blocks"":4096,""threads_per_block"":64}",1.178226,7
fp64_throughput,fmas_per_thread,65536,"{""num_blocks"":4096,""threads_per_block"":64}",1.806962,7
fp64_throughput,fmas_per_thread,131072,"{""num_blocks"":4096,""threads_per_block"":64}",3.201261,7
fp64_throughput,fmas_per_thread,262144,"{""num_blocks"":4096,""threads_per_block"":64}",6.214994,7
fp64_throughput,fmas_per_thread,524288,"{""num_blocks"":4096,""threads_per_block"":64}",11.759726,7
fp64_throughput,fmas_per_thread,1048576,"{""num_blocks"":4096,""threads_per_block"":64}",22.280767,7
int32_throughput,mads_per_thread,256,"{""num_blocks"":1,""threads_per_block"":1024}",0.509808,7
int32_throughput,mads_per_thread,512,"{""num_blocks"":1,""threads_per_block"":1024}",0.512668,7
int32_throughput,mads_per_thread,1024,"{""num_blocks"":1,""threads_per_block"":1024}",0.494149,7
int32_throughput,mads_per_thread,2048,"{""num_blocks"":1,""threads_per_block"":1024}",0.518914,7
int32_throughput,mads_per_thread,4096,"{""num_blocks"":1,""threads_per_block"":1024}",0.604804,7
int32_throughput,mads_per_thread,8192,"{""num_blocks"":1,""threads_per_block"":1024}",0.575726,7
int32_throughput,mads_per_thread,16384,"{""num_blocks"":1,""threads_per_block"":1024}",0.716907,7
int32_throughput,mads_per_thread,32768,"{""num_blocks"":1,""threads_per_block"":1024}",0.891106,7
int32_throughput,mads_per_thread,65536,"{""num_blocks"":1,""threads_per_block"":1024}",1.280515,7
int32_throughput,mads_per_thread,131072,"{""num_blocks"":1,""threads_per_block"":1024}",2.068811,7
int32_throughput,mads_per_thread,262144,"{""num_blocks"":1,""threads_per_block"":1024}",3.682109,7
int32_throughput,mads_per_thread,524288,"{""num_blocks"":1,""threads_per_block"":1024}",6.841848,7
int32_throughput,mads_per_thread,1048576,"{""num_blocks"":1,""threads_per_block"":1024}",13.231573,7
int32_throughput,mads_per_thread,256,"{""num_blocks"":1,""threads_per_block"":1}",0.509551,7
int32_throughput,mads_per_thread,512,"{""num_blocks"":1,""threads_per_block"":1}",0.55244,7
int32_throughput,mads_per_thread,1024,"{""num_blocks"":1,""threads_per_block"":1}",0.562873,7
int32_throughput,mads_per_thread,2048,"{""num_blocks"":1,""threads_per_block"":1}",0.491648,7
int32_throughput,mads_per_thread,4096,"{""num_blocks"":1,""threads_per_block"":1}",0.57488,7
int32_throughput,mads_per_thread,8192,"{""num_blocks"":1,""threads_per_block"":1}",0.638376,7
int32_throughput,mads_per_thread,16384,"{""num_blocks"":1,""threads_per_block"":1}",0.674156,7
int32_throughput,mads_per_thread,32768,"{""num_blocks"":1,""threads_per_block"":1}",0.854153,7
int32_throughput,mads_per_thread,65536,"{""num_blocks"":1,""threads_per_block"":1}",1.024503,7
int32_throughput,mads_per_thread,131072,"{""num_blocks"":1,""threads_per_block"":1}",1.565248,7
int32_throughput,mads_per_thread,262144,"{""num_blocks"":1,""threads_per_block"":1}",2.57436,7
int32_throughput,mads_per_thread,524288,"{""num_blocks"":1,""threads_per_block"":1}",4.754212,7
int32_throughput,mads_per_thread,1048576,"{""num_blocks"":1,""threads_per_block"":1}",8.928615,7
int32_throughput,mads_per_thread,256,"{""num_blocks"":1,""threads_per_block"":256}",0.538735,7
int32_throughput,mads_per_thread,512,"{""num_blocks"":1,""threads_per_block"":256}",0.537539,7
int32_throughput,mads_per_thread,1024,"{""num_blocks"":1,""threads_per_block"":256}",0.565713,7
int32_throughput,mads_per_thread,2048,"{""num_blocks"":1,""threads_per_block"":256}",0.542613,7
int32_throughput,mads_per_thread,4096,"{""num_blocks"":1,""threads_per_block"":256}",0.54849,7
int32_throughput,mads_per_thread,8192,"{""num_blocks"":1,""threads_per_block"":256}",0.577667,7
int32_throughput,mads_per_thread,16384,"{""num_blocks"":1,""threads_per_block"":256}",0.616839,7
int32_throughput,mads_per_thread,32768,"{""num_blocks"":1,""threads_per_block"":256}",0.740813,7
int32_throughput,mads_per_thread,65536,"{""num_blocks"":1,""threads_per_block"":256}",0.994392,7
int32_throughput,mads_per_thread,131072,"{""num_blocks"":1,""threads_per_block"":256}",1.564352,7
int32_throughput,mads_per_thread,262144,"{""num_blocks"":1,""threads_per_block"":256}",2.652998,7
int32_throughput,mads_per_thread,524288,"{""num_blocks"":1,""threads_per_block"":256}",4.722688,7
int32_throughput,mads_per_thread,1048576,"{""num_blocks"":1,""threads_per_block"":256}",8.992313,7
int32_throughput,mads_per_thread,256,"{""num_blocks"":1,""threads_per_block"":32}",0.499556,7
int32_throughput,mads_per_thread,512,"{""num_blocks"":1,""threads_per_block"":32}",0.568564,7
int32_throughput,mads_per_thread,1024,"{""num_blocks"":1,""threads_per_block"":32}",0.578484,7
int32_throughput,mads_per_thread,2048,"{""num_blocks"":1,""threads_per_block"":32}",0.510264,7
int32_throughput,mads_per_thread,4096,"{""num_blocks"":1,""threads_per_block"":32}",0.572777,7
int32_throughput,mads_per_thread,8192,"{""num_blocks"":1,""threads_per_block"":32}",0.68235,7
int32_throughput,mads_per_thread,16384,"{""num_blocks"":1,""threads_per_block"":32}",0.657045,7
int32_throughput,mads_per_thread,32768,"{""num_blocks"":1,""threads_per_block"":32}",0.826497,7
int32_throughput,mads_per_thread,65536,"{""num_blocks"":1,""threads_per_block"":32}",1.048114,7
int32_throughput,mads_per_thread,131072,"{""num_blocks"":1,""threads_per_block"":32}",1.551555,7
int32_throughput,mads_per_thread,262144,"{""num_blocks"":1,""threads_per_block"":32}",2.589772,7
int32_throughput,mads_per_thread,524288,"{""num_blocks"":1,""threads_per_block"":32}",4.767406,7
int32_throughput,mads_per_thread,1048576,"{""num_blocks"":1,""threads_per_block"":32}",8.980154,7
int32_throughput,mads_per_thread,256,"{""num_blocks"":1,""threads_per_block"":64}",0.537054,7
int32_throughput,mads_per_thread,512,"{""num_blocks"":1,""threads_per_block"":64}",0.558238,7
int32_throughput,mads_per_thread,1024,"{""num_blocks"":1,""threads_per_block"":64}",0.573712,7
int32_throughput,mads_per_thread,2048,"{""num_blocks"":1,""threads_per_block"":64}",0.510562,7
int32_throughput,mads_per_thread,4096,"{""num_blocks"":1,""threads_per_block"":64}",0.602726,7
int32_throughput,mads_per_thread,8192,"{""num_blocks"":1,""threads_per_block"":64}",0.620731,7
int32_throughput,mads_per_thread,16384,"{""num_blocks"":1,""threads_per_block"":64}",0.594034,7
int32_throughput,mads_per_thread,32768,"{""num_blocks"":1,""threads_per_block"":64}",0.994022,7
int32_throughput,mads_per_thread,65536,"{""num_blocks"":1,""threads_per_block"":64}",1.00793,7
int32_throughput,mads_per_thread,131072,"{""num_blocks"":1,""threads_per_block"":64}",1.57825,7
int32_throughput,mads_per_thread,262144,"{""num_blocks"":1,""threads_per_block"":64}",2.572707,7
int32_throughput,mads_per_thread,524288,"{""num_blocks"":1,""threads_per_block"":64}",4.771618,7
int32_throughput,mads_per_thread,1048576,"{""num_blocks"":1,""threads_per_block"":64}",9.008093,7
int32_throughput,mads_per_thread,256,"{""num_blocks"":1024,""threads_per_block"":1024}",0.571719,7
int32_throughput,mads_per_thread,512,"{""num_blocks"":1024,""threads_per_block"":1024}",0.575484,7
int32_throughput,mads_per_thread,1024,"{""num_blocks"":1024,""threads_per_block"":1024}",0.542131,7
int32_throughput,mads_per_thread,2048,"{""num_blocks"":1024,""threads_per_block"":1024}",0.663284,7
int32_throughput,mads_per_thread,4096,"{""num_blocks"":1024,""threads_per_block"":1024}",0.665296,7
int32_throughput,mads_per_thread,8192,"{""num_blocks"":1024,""threads_per_block"":1024}",0.919344,7
int32_throughput,mads_per_thread,16384,"{""num_blocks"":1024,""threads_per_block"":1024}",1.250704,7
int32_throughput,mads_per_thread,32768,"{""num_blocks"":1024,""threads_per_block"":1024}",2.003201,7
int32_throughput,mads_per_thread,65536,"{""num_blocks"":1024,""threads_per_block"":1024}",3.489231,7
int32_throughput,mads_per_thread,131072,"{""num_blocks"":1024,""threads_per_block"":1024}",6.619676,7
int32_throughput,mads_per_thread,262144,"{""num_blocks"":1024,""threads_per_block"":1024}",12.576039,7
int32_throughput,mads_per_thread,524288,"{""num_blocks"":1024,""threads_per_block"":1024}",24.210647,7
int32_throughput,mads_per_thread,1048576,"{""num_blocks"":1024,""threads_per_block"":1024}",47.476078,7
int32_throughput,mads_per_thread,256,"{""num_blocks"":1024,""threads_per_block"":1}",0.52314,7
int32_throughput,mads_per_thread,512,"{""num_blocks"":1024,""threads_per_block"":1}",0.585625,7
int32_throughput,mads_per_thread,1024,"{""num_blocks"":1024,""threads_per_block"":1}",0.552989,7
int32_throughput,mads_per_thread,2048,"{""num_blocks"":1024,""threads_per_block"":1}",0.530293,7
int32_throughput,mads_per_thread,4096,"{""num_blocks"":1024,""threads_per_block"":1}",0.590041,7
int32_throughput,mads_per_thread,8192,"{""num_blocks"":1024,""threads_per_block"":1}",0.543679,7
int32_throughput,mads_per_thread,16384,"{""num_blocks"":1024,""threads_per_block"":1}",0.656204,7
int32_throughput,mads_per_thread,32768,"{""num_blocks"":1024,""threads_per_block"":1}",0.752001,7
int32_throughput,mads_per_thread,65536,"{""num_blocks"":1024,""threads_per_block"":1}",1.003885,7
int32_throughput,mads_per_thread,131072,"{""num_blocks"":1024,""threads_per_block"":1}",1.571177,7
int32_throughput,mads_per_thread,262144,"{""num_blocks"":1024,""threads_per_block"":1}",2.705078,7
int32_throughput,mads_per_thread,524288,"{""num_blocks"":1024,""threads_per_block"":1}",4.783718,7
int32_throughput,mads_per_thread,1048576,"{""num_blocks"":1024,""threads_per_block"":1}",9.060344,7
int32_throughput,mads_per_thread,256,"{""num_blocks"":1024,""threads_per_block"":256}",0.535977,7
int32_throughput,mads_per_thread,512,"{""num_blocks"":1024,""threads_per_block"":256}",0.694862,7
int32_throughput,mads_per_thread,1024,"{""num_blocks"":1024,""threads_per_block"":256}",0.542098,7
int32_throughput,mads_per_thread,2048,"{""num_blocks"":1024,""threads_per_block"":256}",0.552034,7
int32_throughput,mads_per_thread,4096,"{""num_blocks"":1024,""threads_per_block"":256}",0.545955,7
int32_throughput,mads_per_thread,8192,"{""num_blocks"":1024,""threads_per_block"":256}",0.586905,7
int32_throughput,mads_per_thread,16384,"{""num_blocks"":1024,""threads_per_block"":256}",0.753196,7
int32_throughput,mads_per_thread,32768,"{""num_blocks"":1024,""threads_per_block"":256}",0.940688,7
int32_throughput,mads_per_thread,65536,"{""num_blocks"":1024,""threads_per_block"":256}",1.315194,7
int32_throughput,mads_per_thread,131072,"{""num_blocks"":1024,""threads_per_block"":256}",2.13275,7
int32_throughput,mads_per_thread,262144,"{""num_blocks"":1024,""threads_per_block"":256}",4.01393,7
int32_throughput,mads_per_thread,524288,"{""num_blocks"":1024,""threads_per_block"":256}",7.370083,7
int32_throughput,mads_per_thread,1048576,"{""num_blocks"":1024,""threads_per_block"":256}",14.000197,7
int32_throughput,mads_per_thread,256,"{""num_blocks"":1024,""threads_per_block"":32}",0.532809,7
int32_throughput,mads_per_thread,512,"{""num_blocks"":1024,""threads_per_block"":32}",0.526412,7
int32_throughput,mads_per_thread,1024,"{""num_blocks"":1024,""threads_per_block"":32}",0.565269,7
int32_throughput,mads_per_thread,2048,"{""num_blocks"":1024,""threads_per_block"":32}",0.568301,7
int32_throughput,mads_per_thread,4096,"{""num_blocks"":1024,""threads_per_block"":32}",0.597624,7
int32_throughput,mads_per_thread,8192,"{""num_blocks"":1024,""threads_per_block"":32}",0.550793,7
int32_throughput,mads_per_thread,16384,"{""num_blocks"":1024,""threads_per_block"":32}",0.623253,7
int32_throughput,mads_per_thread,32768,"{""num_blocks"":1024,""threads_per_block"":32}",0.742089,7
int32_throughput,mads_per_thread,65536,"{""num_blocks"":1024,""threads_per_block"":32}",1.036677,7
int32_throughput,mads_per_thread,131072,"{""num_blocks"":1024,""threads_per_block"":32}",1.60778,7
int32_throughput,mads_per_thread,262144,"{""num_blocks"":1024,""threads_per_block"":32}",2.659566,7
int32_throughput,mads_per_thread,524288,"{""num_blocks"":1024,""threads_per_block"":32}",4.821916,7
int32_throughput,mads_per_thread,1048576,"{""num_blocks"":1024,""threads_per_block"":32}",9.125877,7
int32_throughput,mads_per_thread,256,"{""num_blocks"":1024,""threads_per_block"":64}",0.556205,7
int32_throughput,mads_per_thread,512,"{""num_blocks"":1024,""threads_per_block"":64}",0.509137,7
int32_throughput,mads_per_thread,1024,"{""num_blocks"":1024,""threads_per_block"":64}",0.554952,7
int32_throughput,mads_per_thread,2048,"{""num_blocks"":1024,""threads_per_block"":64}",0.539134,7
int32_throughput,mads_per_thread,4096,"{""num_blocks"":1024,""threads_per_block"":64}",0.54121,7
int32_throughput,mads_per_thread,8192,"{""num_blocks"":1024,""threads_per_block"":64}",0.587604,7
int32_throughput,mads_per_thread,16384,"{""num_blocks"":1024,""threads_per_block"":64}",0.65919,7
int32_throughput,mads_per_thread,32768,"{""num_blocks"":1024,""threads_per_block"":64}",0.74187,7
int32_throughput,mads_per_thread,65536,"{""num_blocks"":1024,""threads_per_block"":64}",1.101132,7
int32_throughput,mads_per_thread,131072,"{""num_blocks"":1024,""threads_per_block"":64}",1.571966,7
int32_throughput,mads_per_thread,262144,"{""num_blocks"":1024,""threads_per_block"":64}",2.706492,7
int32_throughput,mads_per_thread,524288,"{""num_blocks"":1024,""threads_per_block"":64}",4.812223,7
int32_throughput,mads_per_thread,1048576,"{""num_blocks"":1024,""threads_per_block"":64}",9.153775,7
int32_throughput,mads_per_thread,256,"{""num_blocks"":32,""threads_per_block"":1024}",0.591395,7
int32_throughput,mads_per_thread,512,"{""num_blocks"":32,""threads_per_block"":1024}",0.567947,7
int32_throughput,mads_per_thread,1024,"{""num_blocks"":32,""threads_per_block"":1024}",0.522815,7
int32_throughput,mads_per_thread,2048,"{""num_blocks"":32,""threads_per_block"":1024}",0.471676,7
int32_throughput,mads_per_thread,4096,"{""num_blocks"":32,""threads_per_block"":1024}",0.606985,7
int32_throughput,mads_per_thread,8192,"{""num_blocks"":32,""threads_per_block"":1024}",0.59977,7
int32_throughput,mads_per_thread,16384,"{""num_blocks"":32,""threads_per_block"":1024}",0.692793,7
int32_throughput,mads_per_thread,32768,"{""num_blocks"":32,""threads_per_block"":1024}",0.971105,7
int32_throughput,mads_per_thread,65536,"{""num_blocks"":32,""threads_per_block"":1024}",1.311635,7
int32_throughput,mads_per_thread,131072,"{""num_blocks"":32,""threads_per_block"":1024}",2.072043,7
int32_throughput,mads_per_thread,262144,"{""num_blocks"":32,""threads_per_block"":1024}",3.703645,7
int32_throughput,mads_per_thread,524288,"{""num_blocks"":32,""threads_per_block"":1024}",6.889912,7
int32_throughput,mads_per_thread,1048576,"{""num_blocks"":32,""threads_per_block"":1024}",13.295637,7
int32_throughput,mads_per_thread,256,"{""num_blocks"":32,""threads_per_block"":1}",0.534865,7
int32_throughput,mads_per_thread,512,"{""num_blocks"":32,""threads_per_block"":1}",0.575482,7
int32_throughput,mads_per_thread,1024,"{""num_blocks"":32,""threads_per_block"":1}",0.510164,7
int32_throughput,mads_per_thread,2048,"{""num_blocks"":32,""threads_per_block"":1}",0.599756,7
int32_throughput,mads_per_thread,4096,"{""num_blocks"":32,""threads_per_block"":1}",0.559681,7
int32_throughput,mads_per_thread,8192,"{""num_blocks"":32,""threads_per_block"":1}",0.536389,7
int32_throughput,mads_per_thread,16384,"{""num_blocks"":32,""threads_per_block"":1}",0.654998,7
int32_throughput,mads_per_thread,32768,"{""num_blocks"":32,""threads_per_block"":1}",0.792823,7
int32_throughput,mads_per_thread,65536,"{""num_blocks"":32,""threads_per_block"":1}",1.00538,7
int32_throughput,mads_per_thread,131072,"{""num_blocks"":32,""threads_per_block"":1}",1.5656,7
int32_throughput,mads_per_thread,262144,"{""num_blocks"":32,""threads_per_block"":1}",2.625684,7
int32_throughput,mads_per_thread,524288,"{""num_blocks"":32,""threads_per_block"":1}",4.722621,7
int32_throughput,mads_per_thread,1048576,"{""num_blocks"":32,""threads_per_block"":1}",8.989477,7
int32_throughput,mads_per_thread,256,"{""num_blocks"":32,""threads_per_block"":256}",0.565474,7
int32_throughput,mads_per_thread,512,"{""num_blocks"":32,""threads_per_block"":256}",0.552489,7
int32_throughput,mads_per_thread,1024,"{""num_blocks"":32,""threads_per_block"":256}",0.577529,7
int32_throughput,mads_per_thread,2048,"{""num_blocks"":32,""threads_per_block"":256}",0.469612,7
int32_throughput,mads_per_thread,4096,"{""num_blocks"":32,""threads_per_block"":256}",0.588219,7
int32_throughput,mads_per_thread,8192,"{""num_blocks"":32,""threads_per_block"":256}",0.575399,7
int32_throughput,mads_per_thread,16384,"{""num_blocks"":32,""threads_per_block"":256}",0.674105,7
int32_throughput,mads_per_thread,32768,"{""num_blocks"":32,""threads_per_block"":256}",0.775272,7
int32_throughput,mads_per_thread,65536,"{""num_blocks"":32,""threads_per_block"":256}",0.990753,7
int32_throughput,mads_per_thread,131072,"{""num_blocks"":32,""threads_per_block"":256}",1.542412,7
int32_throughput,mads_per_thread,262144,"{""num_blocks"":32,""threads_per_block"":256}",2.584037,7
int32_throughput,mads_per_thread,524288,"{""num_blocks"":32,""threads_per_block"":256}",4.768704,7
int32_throughput,mads_per_thread,1048576,"{""num_blocks"":32,""threads_per_block"":256}",9.032105,7
int32_throughput,mads_per_thread,256,"{""num_blocks"":32,""threads_per_block"":32}",0.553073,7
int32_throughput,mads_per_thread,512,"{""num_blocks"":32,""threads_per_block"":32}",0.548909,7
int32_throughput,mads_per_thread,1024,"{""num_blocks"":32,""threads_per_block"":32}",0.56929,7
int32_throughput,mads_per_thread,2048,"{""num_blocks"":32,""threads_per_block"":32}",0.594394,7
int32_throughput,mads_per_thread,4096,"{""num_blocks"":32,""threads_per_block"":32}",0.595441,7
int32_throughput,mads_per_thread,8192,"{""num_blocks"":32,""threads_per_block"":32}",0.53081,7
int32_throughput,mads_per_thread,16384,"{""num_blocks"":32,""threads_per_block"":32}",0.662638,7
int32_throughput,mads_per_thread,32768,"{""num_blocks"":32,""threads_per_block"":32}",0.725317,7
int32_throughput,mads_per_thread,65536,"{""num_blocks"":32,""threads_per_block"":32}",1.009574,7
int32_throughput,mads_per_thread,131072,"{""num_blocks"":32,""threads_per_block"":32}",1.515657,7
int32_throughput,mads_per_thread,262144,"{""num_blocks"":32,""threads_per_block"":32}",2.613729,7
int32_throughput,mads_per_thread,524288,"{""num_blocks"":32,""threads_per_block"":32}",4.724128,7
int32_throughput,mads_per_thread,1048576,"{""num_blocks"":32,""threads_per_block"":32}",8.977456,7
int32_throughput,mads_per_thread,256,"{""num_blocks"":32,""threads_per_block"":64}",0.53575,7
int32_throughput,mads_per_thread,512,"{""num_blocks"":32,""threads_per_block"":64}",0.571649,7
int32_throughput,mads_per_thread,1024,"{""num_blocks"":32,""threads_per_block"":64}",0.575868,7
int32_throughput,mads_per_thread,2048,"{""num_blocks"":32,""threads_per_block"":64}",0.676232,7
int32_throughput,mads_per_thread,4096,"{""num_blocks"":32,""threads_per_block"":64}",0.635644,7
int32_throughput,mads_per_thread,8192,"{""num_blocks"":32,""threads_per_block"":64}",0.579448,7
int32_throughput,mads_per_thread,16384,"{""num_blocks"":32,""threads_per_block"":64}",0.641212,7
int32_throughput,mads_per_thread,32768,"{""num_blocks"":32,""threads_per_block"":64}",0.78436,7
int32_throughput,mads_per_thread,65536,"{""num_blocks"":32,""threads_per_block"":64}",1.002864,7
int32_throughput,mads_per_thread,131072,"{""num_blocks"":32,""threads_per_block"":64}",1.556493,7
int32_throughput,mads_per_thread,262144,"{""num_blocks"":32,""threads_per_block"":64}",2.612613,7
int32_throughput,mads_per_thread,524288,"{""num_blocks"":32,""threads_per_block"":64}",4.710527,7
int32_throughput,mads_per_thread,1048576,"{""num_blocks"":32,""threads_per_block"":64}",9.022344,7
int32_throughput,mads_per_thread,256,"{""num_blocks"":32768,""threads_per_block"":1024}",0.869875,7
int32_throughput,mads_per_thread,512,"{""num_blocks"":32768,""threads_per_block"":1024}",1.174181,7
int32_throughput,mads_per_thread,1024,"{""num_blocks"":32768,""threads_per_block"":1024}",1.771966,7
int32_throughput,mads_per_thread,2048,"{""num_blocks"":32768,""threads_per_block"":1024}",3.007618,7
int32_throughput,mads_per_thread,4096,"{""num_blocks"":32768,""threads_per_block"":1024}",5.688126,7
int32_throughput,mads_per_thread,8192,"{""num_blocks"":32768,""threads_per_block"":1024}",10.701236,7
int32_throughput,mads_per_thread,16384,"{""num_blocks"":32768,""threads_per_block"":1024}",20.482614,7
int32_throughput,mads_per_thread,32768,"{""num_blocks"":32768,""threads_per_block"":1024}",39.812714,7
int32_throughput,mads_per_thread,65536,"{""num_blocks"":32768,""threads_per_block"":1024}",78.551122,7
int32_throughput,mads_per_thread,131072,"{""num_blocks"":32768,""threads_per_block"":1024}",156.083875,7
int32_throughput,mads_per_thread,262144,"{""num_blocks"":32768,""threads_per_block"":1024}",311.243583,7
int32_throughput,mads_per_thread,524288,"{""num_blocks"":32768,""threads_per_block"":1024}",620.873474,7
int32_throughput,mads_per_thread,1048576,"{""num_blocks"":32768,""threads_per_block"":1024}",1241.524763,7
int32_throughput,mads_per_thread,256,"{""num_blocks"":32768,""threads_per_block"":1}",0.528606,7
int32_throughput,mads_per_thread,512,"{""num_blocks"":32768,""threads_per_block"":1}",0.604196,7
int32_throughput,mads_per_thread,1024,"{""num_blocks"":32768,""threads_per_block"":1}",0.674332,7
int32_throughput,mads_per_thread,2048,"{""num_blocks"":32768,""threads_per_block"":1}",0.655256,7
int32_throughput,mads_per_thread,4096,"{""num_blocks"":32768,""threads_per_block"":1}",0.761718,7
int32_throughput,mads_per_thread,8192,"{""num_blocks"":32768,""threads_per_block"":1}",1.067867,7
int32_throughput,mads_per_thread,16384,"{""num_blocks"":32768,""threads_per_block"":1}",1.736622,7
int32_throughput,mads_per_thread,32768,"{""num_blocks"":32768,""threads_per_block"":1}",2.953735,7
int32_throughput,mads_per_thread,65536,"{""num_blocks"":32768,""threads_per_block"":1}",5.298429,7
int32_throughput,mads_per_thread,131072,"{""num_blocks"":32768,""threads_per_block"":1}",10.039708,7
int32_throughput,mads_per_thread,262144,"{""num_blocks"":32768,""threads_per_block"":1}",19.664754,7
int32_throughput,mads_per_thread,524288,"{""num_blocks"":32768,""threads_per_block"":1}",38.883899,7
int32_throughput,mads_per_thread,1048576,"{""num_blocks"":32768,""threads_per_block"":1}",77.260454,7
int32_throughput,mads_per_thread,256,"{""num_blocks"":32768,""threads_per_block"":256}",0.602963,7
int32_throughput,mads_per_thread,512,"{""num_blocks"":32768,""threads_per_block"":256}",0.676735,7
int32_throughput,mads_per_thread,1024,"{""num_blocks"":32768,""threads_per_block"":256}",0.83294,7
int32_throughput,mads_per_thread,2048,"{""num_blocks"":32768,""threads_per_block"":256}",1.139132,7
int32_throughput,mads_per_thread,4096,"{""num_blocks"":32768,""threads_per_block"":256}",1.737119,7
int32_throughput,mads_per_thread,8192,"{""num_blocks"":32768,""threads_per_block"":256}",2.993595,7
int32_throughput,mads_per_thread,16384,"{""num_blocks"":32768,""threads_per_block"":256}",5.657622,7
int32_throughput,mads_per_thread,32768,"{""num_blocks"":32768,""threads_per_block"":256}",10.621959,7
int32_throughput,mads_per_thread,65536,"{""num_blocks"":32768,""threads_per_block"":256}",20.310734,7
int32_throughput,mads_per_thread,131072,"{""num_blocks"":32768,""threads_per_block"":256}",39.533335,7
int32_throughput,mads_per_thread,262144,"{""num_blocks"":32768,""threads_per_block"":256}",77.989081,7
int32_throughput,mads_per_thread,524288,"{""num_blocks"":32768,""threads_per_block"":256}",154.837882,7
int32_throughput,mads_per_thread,1048576,"{""num_blocks"":32768,""threads_per_block"":256}",308.683267,7
int32_throughput,mads_per_thread,256,"{""num_blocks"":32768,""threads_per_block"":32}",0.506045,7
int32_throughput,mads_per_thread,512,"{""num_blocks"":32768,""threads_per_block"":32}",0.567553,7
int32_throughput,mads_per_thread,1024,"{""num_blocks"":32768,""threads_per_block"":32}",0.639198,7
int32_throughput,mads_per_thread,2048,"{""num_blocks"":32768,""threads_per_block"":32}",0.666739,7
int32_throughput,mads_per_thread,4096,"{""num_blocks"":32768,""threads_per_block"":32}",0.807832,7
int32_throughput,mads_per_thread,8192,"{""num_blocks"":32768,""threads_per_block"":32}",1.11202,7
int32_throughput,mads_per_thread,16384,"{""num_blocks"":32768,""threads_per_block"":32}",1.764929,7
int32_throughput,mads_per_thread,32768,"{""num_blocks"":32768,""threads_per_block"":32}",2.984708,7
int32_throughput,mads_per_thread,65536,"{""num_blocks"":32768,""threads_per_block"":32}",5.444554,7
int32_throughput,mads_per_thread,131072,"{""num_blocks"":32768,""threads_per_block"":32}",10.319326,7
int32_throughput,mads_per_thread,262144,"{""num_blocks"":32768,""threads_per_block"":32}",20.072333,7
int32_throughput,mads_per_thread,524288,"{""num_blocks"":32768,""threads_per_block"":32}",39.823683,7
int32_throughput,mads_per_thread,1048576,"{""num_blocks"":32768,""threads_per_block"":32}",78.995111,7
int32_throughput,mads_per_thread,256,"{""num_blocks"":32768,""threads_per_block"":64}",0.530472,7
int32_throughput,mads_per_thread,512,"{""num_blocks"":32768,""threads_per_block"":64}",0.600785,7
int32_throughput,mads_per_thread,1024,"{""num_blocks"":32768,""threads_per_block"":64}",0.629856,7
int32_throughput,mads_per_thread,2048,"{""num_blocks"":32768,""threads_per_block"":64}",0.706289,7
int32_throughput,mads_per_thread,4096,"{""num_blocks"":32768,""threads_per_block"":64}",0.819637,7
int32_throughput,mads_per_thread,8192,"{""num_blocks"":32768,""threads_per_block"":64}",1.182136,7
int32_throughput,mads_per_thread,16384,"{""num_blocks"":32768,""threads_per_block"":64}",1.775467,7
int32_throughput,mads_per_thread,32768,"{""num_blocks"":32768,""threads_per_block"":64}",3.114565,7
int32_throughput,mads_per_thread,65536,"{""num_blocks"":32768,""threads_per_block"":64}",5.831597,7
int32_throughput,mads_per_thread,131072,"{""num_blocks"":32768,""threads_per_block"":64}",11.003359,7
int32_throughput,mads_per_thread,262144,"{""num_blocks"":32768,""threads_per_block"":64}",20.974076,7
int32_throughput,mads_per_thread,524288,"{""num_blocks"":32768,""threads_per_block"":64}",41.022442,7
int32_throughput,mads_per_thread,1048576,"{""num_blocks"":32768,""threads_per_block"":64}",80.90992,7
int32_throughput,mads_per_thread,256,"{""num_blocks"":4096,""threads_per_block"":1024}",0.583563,7
int32_throughput,mads_per_thread,512,"{""num_blocks"":4096,""threads_per_block"":1024}",0.63527,7
int32_throughput,mads_per_thread,1024,"{""num_blocks"":4096,""threads_per_block"":1024}",0.737359,7
int32_throughput,mads_per_thread,2048,"{""num_blocks"":4096,""threads_per_block"":1024}",0.85043,7
int32_throughput,mads_per_thread,4096,"{""num_blocks"":4096,""threads_per_block"":1024}",1.111455,7
int32_throughput,mads_per_thread,8192,"{""num_blocks"":4096,""threads_per_block"":1024}",1.738567,7
int32_throughput,mads_per_thread,16384,"{""num_blocks"":4096,""threads_per_block"":1024}",3.132119,7
int32_throughput,mads_per_thread,32768,"{""num_blocks"":4096,""threads_per_block"":1024}",5.802095,7
int32_throughput,mads_per_thread,65536,"{""num_blocks"":4096,""threads_per_block"":1024}",11.028165,7
int32_throughput,mads_per_thread,131072,"{""num_blocks"":4096,""threads_per_block"":1024}",20.834607,7
int32_throughput,mads_per_thread,262144,"{""num_blocks"":4096,""threads_per_block"":1024}",40.663657,7
int32_throughput,mads_per_thread,524288,"{""num_blocks"":4096,""threads_per_block"":1024}",80.250872,7
int32_throughput,mads_per_thread,1048576,"{""num_blocks"":4096,""threads_per_block"":1024}",159.54544,7
int32_throughput,mads_per_thread,256,"{""num_blocks"":4096,""threads_per_block"":1}",0.567676,7
int32_throughput,mads_per_thread,512,"{""num_blocks"":4096,""threads_per_block"":1}",0.566212,7
int32_throughput,mads_per_thread,1024,"{""num_blocks"":4096,""threads_per_block"":1}",0.525819,7
int32_throughput,mads_per_thread,2048,"{""num_blocks"":4096,""threads_per_block"":1}",0.539135,7
int32_throughput,mads_per_thread,4096,"{""num_blocks"":4096,""threads_per_block"":1}",0.555462,7
int32_throughput,mads_per_thread,8192,"{""num_blocks"":4096,""threads_per_block"":1}",0.632078,7
int32_throughput,mads_per_thread,16384,"{""num_blocks"":4096,""threads_per_block"":1}",0.852395,7
int32_throughput,mads_per_thread,32768,"{""num_blocks"":4096,""threads_per_block"":1}",1.128571,7
int32_throughput,mads_per_thread,65536,"{""num_blocks"":4096,""threads_per_block"":1}",1.719837,7
int32_throughput,mads_per_thread,131072,"{""num_blocks"":4096,""threads_per_block"":1}",2.930395,7
int32_throughput,mads_per_thread,262144,"{""num_blocks"":4096,""threads_per_block"":1}",5.330828,7
int32_throughput,mads_per_thread,524288,"{""num_blocks"":4096,""threads_per_block"":1}",10.271804,7
int32_throughput,mads_per_thread,1048576,"{""num_blocks"":4096,""threads_per_block"":1}",19.946653,7
int32_throughput,mads_per_thread,256,"{""num_blocks"":4096,""threads_per_block"":256}",0.69641,7
int32_throughput,mads_per_thread,512,"{""num_blocks"":4096,""threads_per_block"":256}",0.599682,7
int32_throughput,mads_per_thread,1024,"{""num_blocks"":4096,""threads_per_block"":256}",0.603975,7
int32_throughput,mads_per_thread,2048,"{""num_blocks"":4096,""threads_per_block"":256}",0.645604,7
int32_throughput,mads_per_thread,4096,"{""num_blocks"":4096,""threads_per_block"":256}",0.856832,7
int32_throughput,mads_per_thread,8192,"{""num_blocks"":4096,""threads_per_block"":256}",0.847207,7
int32_throughput,mads_per_thread,16384,"{""num_blocks"":4096,""threads_per_block"":256}",1.190367,7
int32_throughput,mads_per_thread,32768,"{""num_blocks"":4096,""threads_per_block"":256}",1.896474,7
int32_throughput,mads_per_thread,65536,"{""num_blocks"":4096,""threads_per_block"":256}",3.204552,7
int32_throughput,mads_per_thread,131072,"{""num_blocks"":4096,""threads_per_block"":256}",6.157765,7
int32_throughput,mads_per_thread,262144,"{""num_blocks"":4096,""threads_per_block"":256}",11.441504,7
int32_throughput,mads_per_thread,524288,"{""num_blocks"":4096,""threads_per_block"":256}",22.023335,7
int32_throughput,mads_per_thread,1048576,"{""num_blocks"":4096,""threads_per_block"":256}",42.983212,7
int32_throughput,mads_per_thread,256,"{""num_blocks"":4096,""threads_per_block"":32}",0.571274,7
int32_throughput,mads_per_thread,512,"{""num_blocks"":4096,""threads_per_block"":32}",0.57433,7
int32_throughput,mads_per_thread,1024,"{""num_blocks"":4096,""threads_per_block"":32}",0.554748,7
int32_throughput,mads_per_thread,2048,"{""num_blocks"":4096,""threads_per_block"":32}",0.573402,7
int32_throughput,mads_per_thread,4096,"{""num_blocks"":4096,""threads_per_block"":32}",0.575008,7
int32_throughput,mads_per_thread,8192,"{""num_blocks"":4096,""threads_per_block"":32}",0.636444,7
int32_throughput,mads_per_thread,16384,"{""num_blocks"":4096,""threads_per_block"":32}",0.863938,7
int32_throughput,mads_per_thread,32768,"{""num_blocks"":4096,""threads_per_block"":32}",1.175297,7
int32_throughput,mads_per_thread,65536,"{""num_blocks"":4096,""threads_per_block"":32}",1.714272,7
int32_throughput,mads_per_thread,131072,"{""num_blocks"":4096,""threads_per_block"":32}",2.989902,7
int32_throughput,mads_per_thread,262144,"{""num_blocks"":4096,""threads_per_block"":32}",5.398202,7
int32_throughput,mads_per_thread,524288,"{""num_blocks"":4096,""threads_per_block"":32}",10.307432,7
int32_throughput,mads_per_thread,1048576,"{""num_blocks"":4096,""threads_per_block"":32}",20.130084,7
int32_throughput,mads_per_thread,256,"{""num_blocks"":4096,""threads_per_block"":64}",0.559295,7
int32_throughput,mads_per_thread,512,"{""num_blocks"":4096,""threads_per_block"":64}",0.612566,7
int32_throughput,mads_per_thread,1024,"{""num_blocks"":4096,""threads_per_block"":64}",0.579103,7
int32_throughput,mads_per_thread,2048,"{""num_blocks"":4096,""threads_per_block"":64}",0.593247,7
int32_throughput,mads_per_thread,4096,"{""num_blocks"":4096,""threads_per_block"":64}",0.60799,7
int32_throughput,mads_per_thread,8192,"{""num_blocks"":4096,""threads_per_block"":64}",0.713232,7
int32_throughput,mads_per_thread,16384,"{""num_blocks"":4096,""threads_per_block"":64}",0.882974,7
int32_throughput,mads_per_thread,32768,"{""num_blocks"":4096,""threads_per_block"":64}",1.143635,7
int32_throughput,mads_per_thread,65536,"{""num_blocks"":4096,""threads_per_block"":64}",1.753826,7
int32_throughput,mads_per_thread,131072,"{""num_blocks"":4096,""threads_per_block"":64}",3.052065,7
int32_throughput,mads_per_thread,262144,"{""num_blocks"":4096,""threads_per_block"":64}",5.471639,7
int32_throughput,mads_per_thread,524288,"{""num_blocks"":4096,""threads_per_block"":64}",10.513648,7
int32_throughput,mads_per_thread,1048576,"{""num_blocks"":4096,""threads_per_block"":64}",20.587646,7
memory_bandwidth,buffer_size_mb,1,"{""transfer_type"":""d2d"",""use_pinned_memory"":""true""}",0.00476,7
memory_bandwidth,buffer_size_mb,2,"{""transfer_type"":""d2d"",""use_pinned_memory"":""true""}",0.005029,7
memory_bandwidth,buffer_size_mb,4,"{""transfer_type"":""d2d"",""use_pinned_memory"":""true""}",0.005663,7
memory_bandwidth,buffer_size_mb,8,"{""transfer_type"":""d2d"",""use_pinned_memory"":""true""}",0.006903,7
memory_bandwidth,buffer_size_mb,16,"{""transfer_type"":""d2d"",""use_pinned_memory"":""true""}",0.010714,7
memory_bandwidth,buffer_size_mb,32,"{""transfer_type"":""d2d"",""use_pinned_memory"":""true""}",0.019777,7
memory_bandwidth,buffer_size_mb,64,"{""transfer_type"":""d2d"",""use_pinned_memory"":""true""}",0.035737,7
memory_bandwidth,buffer_size_mb,128,"{""transfer_type"":""d2d"",""use_pinned_memory"":""true""}",0.069143,7
memory_bandwidth,buffer_size_mb,256,"{""transfer_type"":""d2d"",""use_pinned_memory"":""true""}",0.149138,7
memory_bandwidth,buffer_size_mb,512,"{""transfer_type"":""d2d"",""use_pinned_memory"":""true""}",0.300767,7
memory_bandwidth,buffer_size_mb,1024,"{""transfer_type"":""d2d"",""use_pinned_memory"":""true""}",0.603163,7
memory_bandwidth,buffer_size_mb,2048,"{""transfer_type"":""d2d"",""use_pinned_memory"":""true""}",1.213384,7
memory_bandwidth,buffer_size_mb,4096,"{""transfer_type"":""d2d"",""use_pinned_memory"":""true""}",2.441293,7
shared_mem_bandwidth,inner_iters,64,"{""access_pattern"":""conflict"",""block_size"":1024,""num_blocks"":1}",1.403625,7
shared_mem_bandwidth,inner_iters,128,"{""access_pattern"":""conflict"",""block_size"":1024,""num_blocks"":1}",2.15695,7
shared_mem_bandwidth,inner_iters,256,"{""access_pattern"":""conflict"",""block_size"":1024,""num_blocks"":1}",3.601287,7
shared_mem_bandwidth,inner_iters,512,"{""access_pattern"":""conflict"",""block_size"":1024,""num_blocks"":1}",6.62331,7
shared_mem_bandwidth,inner_iters,1024,"{""access_pattern"":""conflict"",""block_size"":1024,""num_blocks"":1}",12.509534,7
shared_mem_bandwidth,inner_iters,2048,"{""access_pattern"":""conflict"",""block_size"":1024,""num_blocks"":1}",24.495098,7
shared_mem_bandwidth,inner_iters,4096,"{""access_pattern"":""conflict"",""block_size"":1024,""num_blocks"":1}",48.37614,7
shared_mem_bandwidth,inner_iters,8192,"{""access_pattern"":""conflict"",""block_size"":1024,""num_blocks"":1}",96.149077,7
shared_mem_bandwidth,inner_iters,16384,"{""access_pattern"":""conflict"",""block_size"":1024,""num_blocks"":1}",191.739835,7
shared_mem_bandwidth,inner_iters,32768,"{""access_pattern"":""conflict"",""block_size"":1024,""num_blocks"":1}",382.421687,7
shared_mem_bandwidth,inner_iters,65536,"{""access_pattern"":""conflict"",""block_size"":1024,""num_blocks"":1}",764.39529,7
shared_mem_bandwidth,inner_iters,64,"{""access_pattern"":""conflict"",""block_size"":1024,""num_blocks"":4096}",14.169261,7
shared_mem_bandwidth,inner_iters,128,"{""access_pattern"":""conflict"",""block_size"":1024,""num_blocks"":4096}",27.745739,7
shared_mem_bandwidth,inner_iters,256,"{""access_pattern"":""conflict"",""block_size"":1024,""num_blocks"":4096}",55.785729,7
shared_mem_bandwidth,inner_iters,512,"{""access_pattern"":""conflict"",""block_size"":1024,""num_blocks"":4096}",109.198252,7
shared_mem_bandwidth,inner_iters,1024,"{""access_pattern"":""conflict"",""block_size"":1024,""num_blocks"":4096}",217.738177,7
shared_mem_bandwidth,inner_iters,2048,"{""access_pattern"":""conflict"",""block_size"":1024,""num_blocks"":4096}",438.957262,7
shared_mem_bandwidth,inner_iters,4096,"{""access_pattern"":""conflict"",""block_size"":1024,""num_blocks"":4096}",871.319641,7
shared_mem_bandwidth,inner_iters,8192,"{""access_pattern"":""conflict"",""block_size"":1024,""num_blocks"":4096}",1797.39549,7
shared_mem_bandwidth,inner_iters,16384,"{""access_pattern"":""conflict"",""block_size"":1024,""num_blocks"":4096}",3668.419852,7
shared_mem_bandwidth,inner_iters,32768,"{""access_pattern"":""conflict"",""block_size"":1024,""num_blocks"":4096}",7100.126256,7
shared_mem_bandwidth,inner_iters,65536,"{""access_pattern"":""conflict"",""block_size"":1024,""num_blocks"":4096}",14061.209263,7
shared_mem_bandwidth,inner_iters,64,"{""access_pattern"":""conflict"",""block_size"":1024,""num_blocks"":512}",2.925946,7
shared_mem_bandwidth,inner_iters,128,"{""access_pattern"":""conflict"",""block_size"":1024,""num_blocks"":512}",5.157298,7
shared_mem_bandwidth,inner_iters,256,"{""access_pattern"":""conflict"",""block_size"":1024,""num_blocks"":512}",9.645565,7
shared_mem_bandwidth,inner_iters,512,"{""access_pattern"":""conflict"",""block_size"":1024,""num_blocks"":512}",18.96931,7
shared_mem_bandwidth,inner_iters,1024,"{""access_pattern"":""conflict"",""block_size"":1024,""num_blocks"":512}",36.695336,7
shared_mem_bandwidth,inner_iters,2048,"{""access_pattern"":""conflict"",""block_size"":1024,""num_blocks"":512}",72.880502,7
shared_mem_bandwidth,inner_iters,4096,"{""access_pattern"":""conflict"",""block_size"":1024,""num_blocks"":512}",145.228712,7
shared_mem_bandwidth,inner_iters,8192,"{""access_pattern"":""conflict"",""block_size"":1024,""num_blocks"":512}",289.763685,7
shared_mem_bandwidth,inner_iters,16384,"{""access_pattern"":""conflict"",""block_size"":1024,""num_blocks"":512}",579.649266,7
shared_mem_bandwidth,inner_iters,32768,"{""access_pattern"":""conflict"",""block_size"":1024,""num_blocks"":512}",1157.123954,7
shared_mem_bandwidth,inner_iters,65536,"{""access_pattern"":""conflict"",""block_size"":1024,""num_blocks"":512}",2353.296491,7
shared_mem_bandwidth,inner_iters,64,"{""access_pattern"":""conflict"",""block_size"":256,""num_blocks"":1}",1.428974,7
shared_mem_bandwidth,inner_iters,128,"{""access_pattern"":""conflict"",""block_size"":256,""num_blocks"":1}",2.191229,7
shared_mem_bandwidth,inner_iters,256,"{""access_pattern"":""conflict"",""block_size"":256,""num_blocks"":1}",3.585516,7
shared_mem_bandwidth,inner_iters,512,"{""access_pattern"":""conflict"",""block_size"":256,""num_blocks"":1}",6.553613,7
shared_mem_bandwidth,inner_iters,1024,"{""access_pattern"":""conflict"",""block_size"":256,""num_blocks"":1}",12.517744,7
shared_mem_bandwidth,inner_iters,2048,"{""access_pattern"":""conflict"",""block_size"":256,""num_blocks"":1}",24.447334,7
shared_mem_bandwidth,inner_iters,4096,"{""access_pattern"":""conflict"",""block_size"":256,""num_blocks"":1}",48.407344,7
shared_mem_bandwidth,inner_iters,8192,"{""access_pattern"":""conflict"",""block_size"":256,""num_blocks"":1}",96.136955,7
shared_mem_bandwidth,inner_iters,16384,"{""access_pattern"":""conflict"",""block_size"":256,""num_blocks"":1}",191.516129,7
shared_mem_bandwidth,inner_iters,32768,"{""access_pattern"":""conflict"",""block_size"":256,""num_blocks"":1}",382.458766,7
shared_mem_bandwidth,inner_iters,65536,"{""access_pattern"":""conflict"",""block_size"":256,""num_blocks"":1}",764.534058,7
shared_mem_bandwidth,inner_iters,64,"{""access_pattern"":""conflict"",""block_size"":256,""num_blocks"":4096}",14.193197,7
shared_mem_bandwidth,inner_iters,128,"{""access_pattern"":""conflict"",""block_size"":256,""num_blocks"":4096}",27.77616,7
shared_mem_bandwidth,inner_iters,256,"{""access_pattern"":""conflict"",""block_size"":256,""num_blocks"":4096}",55.298204,7
shared_mem_bandwidth,inner_iters,512,"{""access_pattern"":""conflict"",""block_size"":256,""num_blocks"":4096}",109.187699,7
shared_mem_bandwidth,inner_iters,1024,"{""access_pattern"":""conflict"",""block_size"":256,""num_blocks"":4096}",217.963911,7
shared_mem_bandwidth,inner_iters,2048,"{""access_pattern"":""conflict"",""block_size"":256,""num_blocks"":4096}",435.161412,7
shared_mem_bandwidth,inner_iters,4096,"{""access_pattern"":""conflict"",""block_size"":256,""num_blocks"":4096}",868.59647,7
shared_mem_bandwidth,inner_iters,8192,"{""access_pattern"":""conflict"",""block_size"":256,""num_blocks"":4096}",1829.276315,7
shared_mem_bandwidth,inner_iters,16384,"{""access_pattern"":""conflict"",""block_size"":256,""num_blocks"":4096}",3575.776681,7
shared_mem_bandwidth,inner_iters,32768,"{""access_pattern"":""conflict"",""block_size"":256,""num_blocks"":4096}",7075.082589,7
shared_mem_bandwidth,inner_iters,65536,"{""access_pattern"":""conflict"",""block_size"":256,""num_blocks"":4096}",14049.408203,7
shared_mem_bandwidth,inner_iters,64,"{""access_pattern"":""conflict"",""block_size"":256,""num_blocks"":512}",2.94961,7
shared_mem_bandwidth,inner_iters,128,"{""access_pattern"":""conflict"",""block_size"":256,""num_blocks"":512}",5.235607,7
shared_mem_bandwidth,inner_iters,256,"{""access_pattern"":""conflict"",""block_size"":256,""num_blocks"":512}",9.6566,7
shared_mem_bandwidth,inner_iters,512,"{""access_pattern"":""conflict"",""block_size"":256,""num_blocks"":512}",18.66587,7
shared_mem_bandwidth,inner_iters,1024,"{""access_pattern"":""conflict"",""block_size"":256,""num_blocks"":512}",36.744204,7
shared_mem_bandwidth,inner_iters,2048,"{""access_pattern"":""conflict"",""block_size"":256,""num_blocks"":512}",72.844092,7
shared_mem_bandwidth,inner_iters,4096,"{""access_pattern"":""conflict"",""block_size"":256,""num_blocks"":512}",145.07503,7
shared_mem_bandwidth,inner_iters,8192,"{""access_pattern"":""conflict"",""block_size"":256,""num_blocks"":512}",289.594652,7
shared_mem_bandwidth,inner_iters,16384,"{""access_pattern"":""conflict"",""block_size"":256,""num_blocks"":512}",579.930865,7
shared_mem_bandwidth,inner_iters,32768,"{""access_pattern"":""conflict"",""block_size"":256,""num_blocks"":512}",1156.576608,7
shared_mem_bandwidth,inner_iters,65536,"{""access_pattern"":""conflict"",""block_size"":256,""num_blocks"":512}",2356.603376,7
shared_mem_bandwidth,inner_iters,64,"{""access_pattern"":""conflict"",""block_size"":32,""num_blocks"":1}",2.279686,7
shared_mem_bandwidth,inner_iters,128,"{""access_pattern"":""conflict"",""block_size"":32,""num_blocks"":1}",3.775113,7
shared_mem_bandwidth,inner_iters,256,"{""access_pattern"":""conflict"",""block_size"":32,""num_blocks"":1}",6.833275,7
shared_mem_bandwidth,inner_iters,512,"{""access_pattern"":""conflict"",""block_size"":32,""num_blocks"":1}",13.047434,7
shared_mem_bandwidth,inner_iters,1024,"{""access_pattern"":""conflict"",""block_size"":32,""num_blocks"":1}",25.774738,7
shared_mem_bandwidth,inner_iters,2048,"{""access_pattern"":""conflict"",""block_size"":32,""num_blocks"":1}",50.318034,7
shared_mem_bandwidth,inner_iters,4096,"{""access_pattern"":""conflict"",""block_size"":32,""num_blocks"":1}",99.990373,7
shared_mem_bandwidth,inner_iters,8192,"{""access_pattern"":""conflict"",""block_size"":32,""num_blocks"":1}",199.449775,7
shared_mem_bandwidth,inner_iters,16384,"{""access_pattern"":""conflict"",""block_size"":32,""num_blocks"":1}",398.281202,7
shared_mem_bandwidth,inner_iters,32768,"{""access_pattern"":""conflict"",""block_size"":32,""num_blocks"":1}",795.950108,7
shared_mem_bandwidth,inner_iters,65536,"{""access_pattern"":""conflict"",""block_size"":32,""num_blocks"":1}",1591.081316,7
shared_mem_bandwidth,inner_iters,64,"{""access_pattern"":""conflict"",""block_size"":32,""num_blocks"":4096}",29.210795,7
shared_mem_bandwidth,inner_iters,128,"{""access_pattern"":""conflict"",""block_size"":32,""num_blocks"":4096}",57.652265,7
shared_mem_bandwidth,inner_iters,256,"{""access_pattern"":""conflict"",""block_size"":32,""num_blocks"":4096}",114.615114,7
shared_mem_bandwidth,inner_iters,512,"{""access_pattern"":""conflict"",""block_size"":32,""num_blocks"":4096}",228.11719,7
shared_mem_bandwidth,inner_iters,1024,"{""access_pattern"":""conflict"",""block_size"":32,""num_blocks"":4096}",456.211871,7
shared_mem_bandwidth,inner_iters,2048,"{""access_pattern"":""conflict"",""block_size"":32,""num_blocks"":4096}",910.15577,7
shared_mem_bandwidth,inner_iters,4096,"{""access_pattern"":""conflict"",""block_size"":32,""num_blocks"":4096}",1900.154523,7
shared_mem_bandwidth,inner_iters,8192,"{""access_pattern"":""conflict"",""block_size"":32,""num_blocks"":4096}",3701.404925,7
shared_mem_bandwidth,inner_iters,16384,"{""access_pattern"":""conflict"",""block_size"":32,""num_blocks"":4096}",7568.544643,7
shared_mem_bandwidth,inner_iters,32768,"{""access_pattern"":""conflict"",""block_size"":32,""num_blocks"":4096}",14741.336077,7
shared_mem_bandwidth,inner_iters,65536,"{""access_pattern"":""conflict"",""block_size"":32,""num_blocks"":4096}",29654.715123,7
shared_mem_bandwidth,inner_iters,64,"{""access_pattern"":""conflict"",""block_size"":32,""num_blocks"":512}",5.407132,7
shared_mem_bandwidth,inner_iters,128,"{""access_pattern"":""conflict"",""block_size"":32,""num_blocks"":512}",10.046215,7
shared_mem_bandwidth,inner_iters,256,"{""access_pattern"":""conflict"",""block_size"":32,""num_blocks"":512}",19.350022,7
shared_mem_bandwidth,inner_iters,512,"{""access_pattern"":""conflict"",""block_size"":32,""num_blocks"":512}",38.265722,7
shared_mem_bandwidth,inner_iters,1024,"{""access_pattern"":""conflict"",""block_size"":32,""num_blocks"":512}",76.049116,7
shared_mem_bandwidth,inner_iters,2048,"{""access_pattern"":""conflict"",""block_size"":32,""num_blocks"":512}",150.809618,7
shared_mem_bandwidth,inner_iters,4096,"{""access_pattern"":""conflict"",""block_size"":32,""num_blocks"":512}",300.976231,7
shared_mem_bandwidth,inner_iters,8192,"{""access_pattern"":""conflict"",""block_size"":32,""num_blocks"":512}",601.256199,7
shared_mem_bandwidth,inner_iters,16384,"{""access_pattern"":""conflict"",""block_size"":32,""num_blocks"":512}",1201.912947,7
shared_mem_bandwidth,inner_iters,32768,"{""access_pattern"":""conflict"",""block_size"":32,""num_blocks"":512}",2473.604527,7
shared_mem_bandwidth,inner_iters,65536,"{""access_pattern"":""conflict"",""block_size"":32,""num_blocks"":512}",4891.948033,7
shared_mem_bandwidth,inner_iters,64,"{""access_pattern"":""conflict"",""block_size"":64,""num_blocks"":1}",1.95175,7
shared_mem_bandwidth,inner_iters,128,"{""access_pattern"":""conflict"",""block_size"":64,""num_blocks"":1}",2.882639,7
shared_mem_bandwidth,inner_iters,256,"{""access_pattern"":""conflict"",""block_size"":64,""num_blocks"":1}",5.133589,7
shared_mem_bandwidth,inner_iters,512,"{""access_pattern"":""conflict"",""block_size"":64,""num_blocks"":1}",9.577417,7
shared_mem_bandwidth,inner_iters,1024,"{""access_pattern"":""conflict"",""block_size"":64,""num_blocks"":1}",18.580543,7
shared_mem_bandwidth,inner_iters,2048,"{""access_pattern"":""conflict"",""block_size"":64,""num_blocks"":1}",36.455928,7
shared_mem_bandwidth,inner_iters,4096,"{""access_pattern"":""conflict"",""block_size"":64,""num_blocks"":1}",72.410868,7
shared_mem_bandwidth,inner_iters,8192,"{""access_pattern"":""conflict"",""block_size"":64,""num_blocks"":1}",144.202972,7
shared_mem_bandwidth,inner_iters,16384,"{""access_pattern"":""conflict"",""block_size"":64,""num_blocks"":1}",287.701102,7
shared_mem_bandwidth,inner_iters,32768,"{""access_pattern"":""conflict"",""block_size"":64,""num_blocks"":1}",574.803388,7
shared_mem_bandwidth,inner_iters,65536,"{""access_pattern"":""conflict"",""block_size"":64,""num_blocks"":1}",1148.915597,7
shared_mem_bandwidth,inner_iters,64,"{""access_pattern"":""conflict"",""block_size"":64,""num_blocks"":4096}",21.079864,7
shared_mem_bandwidth,inner_iters,128,"{""access_pattern"":""conflict"",""block_size"":64,""num_blocks"":4096}",41.431364,7
shared_mem_bandwidth,inner_iters,256,"{""access_pattern"":""conflict"",""block_size"":64,""num_blocks"":4096}",82.38704,7
shared_mem_bandwidth,inner_iters,512,"{""access_pattern"":""conflict"",""block_size"":64,""num_blocks"":4096}",163.924785,7
shared_mem_bandwidth,inner_iters,1024,"{""access_pattern"":""conflict"",""block_size"":64,""num_blocks"":4096}",327.160143,7
shared_mem_bandwidth,inner_iters,2048,"{""access_pattern"":""conflict"",""block_size"":64,""num_blocks"":4096}",653.985543,7
shared_mem_bandwidth,inner_iters,4096,"{""access_pattern"":""conflict"",""block_size"":64,""num_blocks"":4096}",1305.233625,7
shared_mem_bandwidth,inner_iters,8192,"{""access_pattern"":""conflict"",""block_size"":64,""num_blocks"":4096}",2682.128523,7
shared_mem_bandwidth,inner_iters,16384,"{""access_pattern"":""conflict"",""block_size"":64,""num_blocks"":4096}",5450.228655,7
shared_mem_bandwidth,inner_iters,32768,"{""access_pattern"":""conflict"",""block_size"":64,""num_blocks"":4096}",10758.989258,7
shared_mem_bandwidth,inner_iters,65536,"{""access_pattern"":""conflict"",""block_size"":64,""num_blocks"":4096}",21108.932757,7
shared_mem_bandwidth,inner_iters,64,"{""access_pattern"":""conflict"",""block_size"":64,""num_blocks"":512}",4.091881,7
shared_mem_bandwidth,inner_iters,128,"{""access_pattern"":""conflict"",""block_size"":64,""num_blocks"":512}",7.451417,7
shared_mem_bandwidth,inner_iters,256,"{""access_pattern"":""conflict"",""block_size"":64,""num_blocks"":512}",14.235514,7
shared_mem_bandwidth,inner_iters,512,"{""access_pattern"":""conflict"",""block_size"":64,""num_blocks"":512}",28.399666,7
shared_mem_bandwidth,inner_iters,1024,"{""access_pattern"":""conflict"",""block_size"":64,""num_blocks"":512}",54.919301,7
shared_mem_bandwidth,inner_iters,2048,"{""access_pattern"":""conflict"",""block_size"":64,""num_blocks"":512}",109.250802,7
shared_mem_bandwidth,inner_iters,4096,"{""access_pattern"":""conflict"",""block_size"":64,""num_blocks"":512}",217.833413,7
shared_mem_bandwidth,inner_iters,8192,"{""access_pattern"":""conflict"",""block_size"":64,""num_blocks"":512}",435.004761,7
shared_mem_bandwidth,inner_iters,16384,"{""access_pattern"":""conflict"",""block_size"":64,""num_blocks"":512}",869.443961,7
shared_mem_bandwidth,inner_iters,32768,"{""access_pattern"":""conflict"",""block_size"":64,""num_blocks"":512}",1775.391671,7
shared_mem_bandwidth,inner_iters,65536,"{""access_pattern"":""conflict"",""block_size"":64,""num_blocks"":512}",3542.29112,7
shared_mem_bandwidth,inner_iters,64,"{""access_pattern"":""no_conflict"",""block_size"":1024,""num_blocks"":1}",0.716387,7
shared_mem_bandwidth,inner_iters,128,"{""access_pattern"":""no_conflict"",""block_size"":1024,""num_blocks"":1}",0.782976,7
shared_mem_bandwidth,inner_iters,256,"{""access_pattern"":""no_conflict"",""block_size"":1024,""num_blocks"":1}",0.768839,7
shared_mem_bandwidth,inner_iters,512,"{""access_pattern"":""no_conflict"",""block_size"":1024,""num_blocks"":1}",0.948294,7
shared_mem_bandwidth,inner_iters,1024,"{""access_pattern"":""no_conflict"",""block_size"":1024,""num_blocks"":1}",1.322468,7
shared_mem_bandwidth,inner_iters,2048,"{""access_pattern"":""no_conflict"",""block_size"":1024,""num_blocks"":1}",2.071445,7
shared_mem_bandwidth,inner_iters,4096,"{""access_pattern"":""no_conflict"",""block_size"":1024,""num_blocks"":1}",3.591343,7
shared_mem_bandwidth,inner_iters,8192,"{""access_pattern"":""no_conflict"",""block_size"":1024,""num_blocks"":1}",6.589268,7
shared_mem_bandwidth,inner_iters,16384,"{""access_pattern"":""no_conflict"",""block_size"":1024,""num_blocks"":1}",12.456124,7
shared_mem_bandwidth,inner_iters,32768,"{""access_pattern"":""no_conflict"",""block_size"":1024,""num_blocks"":1}",23.235783,7
shared_mem_bandwidth,inner_iters,65536,"{""access_pattern"":""no_conflict"",""block_size"":1024,""num_blocks"":1}",48.124154,7
shared_mem_bandwidth,inner_iters,64,"{""access_pattern"":""no_conflict"",""block_size"":1024,""num_blocks"":4096}",1.45415,7
shared_mem_bandwidth,inner_iters,128,"{""access_pattern"":""no_conflict"",""block_size"":1024,""num_blocks"":4096}",2.324838,7
shared_mem_bandwidth,inner_iters,256,"{""access_pattern"":""no_conflict"",""block_size"":1024,""num_blocks"":4096}",4.105709,7
shared_mem_bandwidth,inner_iters,512,"{""access_pattern"":""no_conflict"",""block_size"":1024,""num_blocks"":4096}",7.528507,7
shared_mem_bandwidth,inner_iters,1024,"{""access_pattern"":""no_conflict"",""block_size"":1024,""num_blocks"":4096}",14.441572,7
shared_mem_bandwidth,inner_iters,2048,"{""access_pattern"":""no_conflict"",""block_size"":1024,""num_blocks"":4096}",28.830737,7
shared_mem_bandwidth,inner_iters,4096,"{""access_pattern"":""no_conflict"",""block_size"":1024,""num_blocks"":4096}",56.038071,7
shared_mem_bandwidth,inner_iters,8192,"{""access_pattern"":""no_conflict"",""block_size"":1024,""num_blocks"":4096}",111.508899,7
shared_mem_bandwidth,inner_iters,16384,"{""access_pattern"":""no_conflict"",""block_size"":1024,""num_blocks"":4096}",222.166364,7
shared_mem_bandwidth,inner_iters,32768,"{""access_pattern"":""no_conflict"",""block_size"":1024,""num_blocks"":4096}",445.600111,7
shared_mem_bandwidth,inner_iters,65536,"{""access_pattern"":""no_conflict"",""block_size"":1024,""num_blocks"":4096}",885.470686,7
shared_mem_bandwidth,inner_iters,64,"{""access_pattern"":""no_conflict"",""block_size"":1024,""num_blocks"":512}",0.834332,7
shared_mem_bandwidth,inner_iters,128,"{""access_pattern"":""no_conflict"",""block_size"":1024,""num_blocks"":512}",0.930706,7
shared_mem_bandwidth,inner_iters,256,"{""access_pattern"":""no_conflict"",""block_size"":1024,""num_blocks"":512}",1.180037,7
shared_mem_bandwidth,inner_iters,512,"{""access_pattern"":""no_conflict"",""block_size"":1024,""num_blocks"":512}",1.77935,7
shared_mem_bandwidth,inner_iters,1024,"{""access_pattern"":""no_conflict"",""block_size"":1024,""num_blocks"":512}",2.845741,7
shared_mem_bandwidth,inner_iters,2048,"{""access_pattern"":""no_conflict"",""block_size"":1024,""num_blocks"":512}",5.146644,7
shared_mem_bandwidth,inner_iters,4096,"{""access_pattern"":""no_conflict"",""block_size"":1024,""num_blocks"":512}",9.813819,7
shared_mem_bandwidth,inner_iters,8192,"{""access_pattern"":""no_conflict"",""block_size"":1024,""num_blocks"":512}",18.955994,7
shared_mem_bandwidth,inner_iters,16384,"{""access_pattern"":""no_conflict"",""block_size"":1024,""num_blocks"":512}",37.180598,7
shared_mem_bandwidth,inner_iters,32768,"{""access_pattern"":""no_conflict"",""block_size"":1024,""num_blocks"":512}",73.797084,7
shared_mem_bandwidth,inner_iters,65536,"{""access_pattern"":""no_conflict"",""block_size"":1024,""num_blocks"":512}",146.9574,7
shared_mem_bandwidth,inner_iters,64,"{""access_pattern"":""no_conflict"",""block_size"":256,""num_blocks"":1}",0.850378,7
shared_mem_bandwidth,inner_iters,128,"{""access_pattern"":""no_conflict"",""block_size"":256,""num_blocks"":1}",0.971956,7
shared_mem_bandwidth,inner_iters,256,"{""access_pattern"":""no_conflict"",""block_size"":256,""num_blocks"":1}",1.20708,7
shared_mem_bandwidth,inner_iters,512,"{""access_pattern"":""no_conflict"",""block_size"":256,""num_blocks"":1}",1.789109,7
shared_mem_bandwidth,inner_iters,1024,"{""access_pattern"":""no_conflict"",""block_size"":256,""num_blocks"":1}",3.02734,7
shared_mem_bandwidth,inner_iters,2048,"{""access_pattern"":""no_conflict"",""block_size"":256,""num_blocks"":1}",5.488599,7
shared_mem_bandwidth,inner_iters,4096,"{""access_pattern"":""no_conflict"",""block_size"":256,""num_blocks"":1}",10.394508,7
shared_mem_bandwidth,inner_iters,8192,"{""access_pattern"":""no_conflict"",""block_size"":256,""num_blocks"":1}",20.196714,7
shared_mem_bandwidth,inner_iters,16384,"{""access_pattern"":""no_conflict"",""block_size"":256,""num_blocks"":1}",39.706852,7
shared_mem_bandwidth,inner_iters,32768,"{""access_pattern"":""no_conflict"",""block_size"":256,""num_blocks"":1}",78.83586,7
shared_mem_bandwidth,inner_iters,65536,"{""access_pattern"":""no_conflict"",""block_size"":256,""num_blocks"":1}",157.049018,7
shared_mem_bandwidth,inner_iters,64,"{""access_pattern"":""no_conflict"",""block_size"":256,""num_blocks"":4096}",3.450903,7
shared_mem_bandwidth,inner_iters,128,"{""access_pattern"":""no_conflict"",""block_size"":256,""num_blocks"":4096}",6.211688,7
shared_mem_bandwidth,inner_iters,256,"{""access_pattern"":""no_conflict"",""block_size"":256,""num_blocks"":4096}",12.091653,7
shared_mem_bandwidth,inner_iters,512,"{""access_pattern"":""no_conflict"",""block_size"":256,""num_blocks"":4096}",23.028753,7
shared_mem_bandwidth,inner_iters,1024,"{""access_pattern"":""no_conflict"",""block_size"":256,""num_blocks"":4096}",45.353953,7
shared_mem_bandwidth,inner_iters,2048,"{""access_pattern"":""no_conflict"",""block_size"":256,""num_blocks"":4096}",90.043293,7
shared_mem_bandwidth,inner_iters,4096,"{""access_pattern"":""no_conflict"",""block_size"":256,""num_blocks"":4096}",179.548303,7
shared_mem_bandwidth,inner_iters,8192,"{""access_pattern"":""no_conflict"",""block_size"":256,""num_blocks"":4096}",360.455632,7
shared_mem_bandwidth,inner_iters,16384,"{""access_pattern"":""no_conflict"",""block_size"":256,""num_blocks"":4096}",715.956212,7
shared_mem_bandwidth,inner_iters,32768,"{""access_pattern"":""no_conflict"",""block_size"":256,""num_blocks"":4096}",1434.370553,7
shared_mem_bandwidth,inner_iters,65536,"{""access_pattern"":""no_conflict"",""block_size"":256,""num_blocks"":4096}",2904.250453,7
shared_mem_bandwidth,inner_iters,64,"{""access_pattern"":""no_conflict"",""block_size"":256,""num_blocks"":512}",1.159865,7
shared_mem_bandwidth,inner_iters,128,"{""access_pattern"":""no_conflict"",""block_size"":256,""num_blocks"":512}",1.561322,7
shared_mem_bandwidth,inner_iters,256,"{""access_pattern"":""no_conflict"",""block_size"":256,""num_blocks"":512}",2.500337,7
shared_mem_bandwidth,inner_iters,512,"{""access_pattern"":""no_conflict"",""block_size"":256,""num_blocks"":512}",4.545695,7
shared_mem_bandwidth,inner_iters,1024,"{""access_pattern"":""no_conflict"",""block_size"":256,""num_blocks"":512}",8.024799,7
shared_mem_bandwidth,inner_iters,2048,"{""access_pattern"":""no_conflict"",""block_size"":256,""num_blocks"":512}",15.484779,7
shared_mem_bandwidth,inner_iters,4096,"{""access_pattern"":""no_conflict"",""block_size"":256,""num_blocks"":512}",30.342131,7
shared_mem_bandwidth,inner_iters,8192,"{""access_pattern"":""no_conflict"",""block_size"":256,""num_blocks"":512}",60.099628,7
shared_mem_bandwidth,inner_iters,16384,"{""access_pattern"":""no_conflict"",""block_size"":256,""num_blocks"":512}",119.977391,7
shared_mem_bandwidth,inner_iters,32768,"{""access_pattern"":""no_conflict"",""block_size"":256,""num_blocks"":512}",238.525269,7
shared_mem_bandwidth,inner_iters,65536,"{""access_pattern"":""no_conflict"",""block_size"":256,""num_blocks"":512}",476.397326,7
shared_mem_bandwidth,inner_iters,64,"{""access_pattern"":""no_conflict"",""block_size"":32,""num_blocks"":1}",1.88984,7
shared_mem_bandwidth,inner_iters,128,"{""access_pattern"":""no_conflict"",""block_size"":32,""num_blocks"":1}",3.032866,7
shared_mem_bandwidth,inner_iters,256,"{""access_pattern"":""no_conflict"",""block_size"":32,""num_blocks"":1}",5.343807,7
shared_mem_bandwidth,inner_iters,512,"{""access_pattern"":""no_conflict"",""block_size"":32,""num_blocks"":1}",10.02177,7
shared_mem_bandwidth,inner_iters,1024,"{""access_pattern"":""no_conflict"",""block_size"":32,""num_blocks"":1}",19.527806,7
shared_mem_bandwidth,inner_iters,2048,"{""access_pattern"":""no_conflict"",""block_size"":32,""num_blocks"":1}",38.237354,7
shared_mem_bandwidth,inner_iters,4096,"{""access_pattern"":""no_conflict"",""block_size"":32,""num_blocks"":1}",76.063409,7
shared_mem_bandwidth,inner_iters,8192,"{""access_pattern"":""no_conflict"",""block_size"":32,""num_blocks"":1}",152.492055,7
shared_mem_bandwidth,inner_iters,16384,"{""access_pattern"":""no_conflict"",""block_size"":32,""num_blocks"":1}",302.618661,7
shared_mem_bandwidth,inner_iters,32768,"{""access_pattern"":""no_conflict"",""block_size"":32,""num_blocks"":1}",598.013184,7
shared_mem_bandwidth,inner_iters,65536,"{""access_pattern"":""no_conflict"",""block_size"":32,""num_blocks"":1}",1195.229527,7
shared_mem_bandwidth,inner_iters,64,"{""access_pattern"":""no_conflict"",""block_size"":32,""num_blocks"":4096}",22.455878,7
shared_mem_bandwidth,inner_iters,128,"{""access_pattern"":""no_conflict"",""block_size"":32,""num_blocks"":4096}",44.042306,7
shared_mem_bandwidth,inner_iters,256,"{""access_pattern"":""no_conflict"",""block_size"":32,""num_blocks"":4096}",87.219335,7
shared_mem_bandwidth,inner_iters,512,"{""access_pattern"":""no_conflict"",""block_size"":32,""num_blocks"":4096}",173.533918,7
shared_mem_bandwidth,inner_iters,1024,"{""access_pattern"":""no_conflict"",""block_size"":32,""num_blocks"":4096}",347.439288,7
shared_mem_bandwidth,inner_iters,2048,"{""access_pattern"":""no_conflict"",""block_size"":32,""num_blocks"":4096}",692.575727,7
shared_mem_bandwidth,inner_iters,4096,"{""access_pattern"":""no_conflict"",""block_size"":32,""num_blocks"":4096}",1384.722116,7
shared_mem_bandwidth,inner_iters,8192,"{""access_pattern"":""no_conflict"",""block_size"":32,""num_blocks"":4096}",2827.347517,7
shared_mem_bandwidth,inner_iters,16384,"{""access_pattern"":""no_conflict"",""block_size"":32,""num_blocks"":4096}",5713.675781,7
shared_mem_bandwidth,inner_iters,32768,"{""access_pattern"":""no_conflict"",""block_size"":32,""num_blocks"":4096}",11374.53711,7
shared_mem_bandwidth,inner_iters,65536,"{""access_pattern"":""no_conflict"",""block_size"":32,""num_blocks"":4096}",22506.080915,7
shared_mem_bandwidth,inner_iters,64,"{""access_pattern"":""no_conflict"",""block_size"":32,""num_blocks"":512}",4.273922,7
shared_mem_bandwidth,inner_iters,128,"{""access_pattern"":""no_conflict"",""block_size"":32,""num_blocks"":512}",7.86213,7
shared_mem_bandwidth,inner_iters,256,"{""access_pattern"":""no_conflict"",""block_size"":32,""num_blocks"":512}",14.955536,7
shared_mem_bandwidth,inner_iters,512,"{""access_pattern"":""no_conflict"",""block_size"":32,""num_blocks"":512}",29.303945,7
shared_mem_bandwidth,inner_iters,1024,"{""access_pattern"":""no_conflict"",""block_size"":32,""num_blocks"":512}",57.952142,7
shared_mem_bandwidth,inner_iters,2048,"{""access_pattern"":""no_conflict"",""block_size"":32,""num_blocks"":512}",115.016879,7
shared_mem_bandwidth,inner_iters,4096,"{""access_pattern"":""no_conflict"",""block_size"":32,""num_blocks"":512}",229.44996,7
shared_mem_bandwidth,inner_iters,8192,"{""access_pattern"":""no_conflict"",""block_size"":32,""num_blocks"":512}",458.186183,7
shared_mem_bandwidth,inner_iters,16384,"{""access_pattern"":""no_conflict"",""block_size"":32,""num_blocks"":512}",915.919006,7
shared_mem_bandwidth,inner_iters,32768,"{""access_pattern"":""no_conflict"",""block_size"":32,""num_blocks"":512}",1868.994193,7
shared_mem_bandwidth,inner_iters,65536,"{""access_pattern"":""no_conflict"",""block_size"":32,""num_blocks"":512}",3710.431083,7
shared_mem_bandwidth,inner_iters,64,"{""access_pattern"":""no_conflict"",""block_size"":64,""num_blocks"":1}",1.276963,7
shared_mem_bandwidth,inner_iters,128,"{""access_pattern"":""no_conflict"",""block_size"":64,""num_blocks"":1}",1.838108,7
shared_mem_bandwidth,inner_iters,256,"{""access_pattern"":""no_conflict"",""block_size"":64,""num_blocks"":1}",2.991017,7
shared_mem_bandwidth,inner_iters,512,"{""access_pattern"":""no_conflict"",""block_size"":64,""num_blocks"":1}",5.314164,7
shared_mem_bandwidth,inner_iters,1024,"{""access_pattern"":""no_conflict"",""block_size"":64,""num_blocks"":1}",10.019368,7
shared_mem_bandwidth,inner_iters,2048,"{""access_pattern"":""no_conflict"",""block_size"":64,""num_blocks"":1}",19.383276,7
shared_mem_bandwidth,inner_iters,4096,"{""access_pattern"":""no_conflict"",""block_size"":64,""num_blocks"":1}",38.220872,7
shared_mem_bandwidth,inner_iters,8192,"{""access_pattern"":""no_conflict"",""block_size"":64,""num_blocks"":1}",76.186384,7
shared_mem_bandwidth,inner_iters,16384,"{""access_pattern"":""no_conflict"",""block_size"":64,""num_blocks"":1}",151.7564,7
shared_mem_bandwidth,inner_iters,32768,"{""access_pattern"":""no_conflict"",""block_size"":64,""num_blocks"":1}",302.918221,7
shared_mem_bandwidth,inner_iters,65536,"{""access_pattern"":""no_conflict"",""block_size"":64,""num_blocks"":1}",605.333784,7
shared_mem_bandwidth,inner_iters,64,"{""access_pattern"":""no_conflict"",""block_size"":64,""num_blocks"":4096}",11.560206,7
shared_mem_bandwidth,inner_iters,128,"{""access_pattern"":""no_conflict"",""block_size"":64,""num_blocks"":4096}",22.333,7
shared_mem_bandwidth,inner_iters,256,"{""access_pattern"":""no_conflict"",""block_size"":64,""num_blocks"":4096}",44.091294,7
shared_mem_bandwidth,inner_iters,512,"{""access_pattern"":""no_conflict"",""block_size"":64,""num_blocks"":4096}",88.743422,7
shared_mem_bandwidth,inner_iters,1024,"{""access_pattern"":""no_conflict"",""block_size"":64,""num_blocks"":4096}",173.85112,7
shared_mem_bandwidth,inner_iters,2048,"{""access_pattern"":""no_conflict"",""block_size"":64,""num_blocks"":4096}",346.863883,7
shared_mem_bandwidth,inner_iters,4096,"{""access_pattern"":""no_conflict"",""block_size"":64,""num_blocks"":4096}",692.762878,7
shared_mem_bandwidth,inner_iters,8192,"{""access_pattern"":""no_conflict"",""block_size"":64,""num_blocks"":4096}",1389.036255,7
shared_mem_bandwidth,inner_iters,16384,"{""access_pattern"":""no_conflict"",""block_size"":64,""num_blocks"":4096}",2861.486537,7
shared_mem_bandwidth,inner_iters,32768,"{""access_pattern"":""no_conflict"",""block_size"":64,""num_blocks"":4096}",5687.795968,7
shared_mem_bandwidth,inner_iters,65536,"{""access_pattern"":""no_conflict"",""block_size"":64,""num_blocks"":4096}",11378.484654,7
shared_mem_bandwidth,inner_iters,64,"{""access_pattern"":""no_conflict"",""block_size"":64,""num_blocks"":512}",2.451391,7
shared_mem_bandwidth,inner_iters,128,"{""access_pattern"":""no_conflict"",""block_size"":64,""num_blocks"":512}",4.299134,7
shared_mem_bandwidth,inner_iters,256,"{""access_pattern"":""no_conflict"",""block_size"":64,""num_blocks"":512}",7.802023,7
shared_mem_bandwidth,inner_iters,512,"{""access_pattern"":""no_conflict"",""block_size"":64,""num_blocks"":512}",15.060195,7
shared_mem_bandwidth,inner_iters,1024,"{""access_pattern"":""no_conflict"",""block_size"":64,""num_blocks"":512}",29.236364,7
shared_mem_bandwidth,inner_iters,2048,"{""access_pattern"":""no_conflict"",""block_size"":64,""num_blocks"":512}",57.881521,7
shared_mem_bandwidth,inner_iters,4096,"{""access_pattern"":""no_conflict"",""block_size"":64,""num_blocks"":512}",115.2221,7
shared_mem_bandwidth,inner_iters,8192,"{""access_pattern"":""no_conflict"",""block_size"":64,""num_blocks"":512}",229.799787,7
shared_mem_bandwidth,inner_iters,16384,"{""access_pattern"":""no_conflict"",""block_size"":64,""num_blocks"":512}",458.807717,7
shared_mem_bandwidth,inner_iters,32768,"{""access_pattern"":""no_conflict"",""block_size"":64,""num_blocks"":512}",917.118853,7
shared_mem_bandwidth,inner_iters,65536,"{""access_pattern"":""no_conflict"",""block_size"":64,""num_blocks"":512}",1886.680385,7
shoc_devicememory,array_size_mb,1,"{""block_size"":256,""transfer_mode"":""read""}",1.12241,7
shoc_devicememory,array_size_mb,2,"{""block_size"":256,""transfer_mode"":""read""}",0.940952,7
shoc_devicememory,array_size_mb,4,"{""block_size"":256,""transfer_mode"":""read""}",1.181007,7
shoc_devicememory,array_size_mb,8,"{""block_size"":256,""transfer_mode"":""read""}",1.193115,7
shoc_devicememory,array_size_mb,16,"{""block_size"":256,""transfer_mode"":""read""}",1.29702,7
shoc_devicememory,array_size_mb,24,"{""block_size"":256,""transfer_mode"":""read""}",1.064712,7
shoc_devicememory,array_size_mb,32,"{""block_size"":256,""transfer_mode"":""read""}",1.142009,7
shoc_devicememory,array_size_mb,48,"{""block_size"":256,""transfer_mode"":""read""}",1.127589,7
shoc_devicememory,array_size_mb,64,"{""block_size"":256,""transfer_mode"":""read""}",1.398927,7
shoc_devicememory,array_size_mb,96,"{""block_size"":256,""transfer_mode"":""read""}",1.357381,7
shoc_devicememory,array_size_mb,128,"{""block_size"":256,""transfer_mode"":""read""}",1.289455,7
shoc_devicememory,array_size_mb,192,"{""block_size"":256,""transfer_mode"":""read""}",1.495292,7
shoc_devicememory,array_size_mb,256,"{""block_size"":256,""transfer_mode"":""read""}",1.876994,7
shoc_devicememory,array_size_mb,384,"{""block_size"":256,""transfer_mode"":""read""}",1.74716,7
shoc_devicememory,array_size_mb,512,"{""block_size"":256,""transfer_mode"":""read""}",2.342258,7
shoc_devicememory,array_size_mb,768,"{""block_size"":256,""transfer_mode"":""read""}",2.782032,7
shoc_devicememory,array_size_mb,1024,"{""block_size"":256,""transfer_mode"":""read""}",3.464903,7
shoc_devicememory,array_size_mb,1536,"{""block_size"":256,""transfer_mode"":""read""}",4.835249,7
shoc_devicememory,array_size_mb,2048,"{""block_size"":256,""transfer_mode"":""read""}",6.304992,7
shoc_devicememory,array_size_mb,3072,"{""block_size"":256,""transfer_mode"":""read""}",8.806427,7
shoc_devicememory,array_size_mb,4096,"{""block_size"":256,""transfer_mode"":""read""}",11.623808,7
shoc_devicememory,array_size_mb,1,"{""block_size"":256,""transfer_mode"":""readwrite""}",0.358212,7
shoc_devicememory,array_size_mb,2,"{""block_size"":256,""transfer_mode"":""readwrite""}",0.322284,7
shoc_devicememory,array_size_mb,4,"{""block_size"":256,""transfer_mode"":""readwrite""}",0.3682,7
shoc_devicememory,array_size_mb,8,"{""block_size"":256,""transfer_mode"":""readwrite""}",0.400266,7
shoc_devicememory,array_size_mb,16,"{""block_size"":256,""transfer_mode"":""readwrite""}",0.412723,7
shoc_devicememory,array_size_mb,24,"{""block_size"":256,""transfer_mode"":""readwrite""}",0.420931,7
shoc_devicememory,array_size_mb,32,"{""block_size"":256,""transfer_mode"":""readwrite""}",0.407018,7
shoc_devicememory,array_size_mb,48,"{""block_size"":256,""transfer_mode"":""readwrite""}",0.439438,7
shoc_devicememory,array_size_mb,64,"{""block_size"":256,""transfer_mode"":""readwrite""}",0.44788,7
shoc_devicememory,array_size_mb,96,"{""block_size"":256,""transfer_mode"":""readwrite""}",0.487945,7
shoc_devicememory,array_size_mb,128,"{""block_size"":256,""transfer_mode"":""readwrite""}",0.491883,7
shoc_devicememory,array_size_mb,192,"{""block_size"":256,""transfer_mode"":""readwrite""}",0.532802,7
shoc_devicememory,array_size_mb,256,"{""block_size"":256,""transfer_mode"":""readwrite""}",0.668514,7
shoc_devicememory,array_size_mb,384,"{""block_size"":256,""transfer_mode"":""readwrite""}",0.651837,7
shoc_devicememory,array_size_mb,512,"{""block_size"":256,""transfer_mode"":""readwrite""}",0.797064,7
shoc_devicememory,array_size_mb,768,"{""block_size"":256,""transfer_mode"":""readwrite""}",1.170873,7
shoc_devicememory,array_size_mb,1024,"{""block_size"":256,""transfer_mode"":""readwrite""}",1.645895,7
shoc_devicememory,array_size_mb,1536,"{""block_size"":256,""transfer_mode"":""readwrite""}",2.167646,7
shoc_devicememory,array_size_mb,2048,"{""block_size"":256,""transfer_mode"":""readwrite""}",2.722969,7
shoc_devicememory,array_size_mb,3072,"{""block_size"":256,""transfer_mode"":""readwrite""}",3.942471,7
shoc_devicememory,array_size_mb,4096,"{""block_size"":256,""transfer_mode"":""readwrite""}",5.443478,7
shoc_devicememory,array_size_mb,1,"{""block_size"":256,""transfer_mode"":""write""}",1.110458,7
shoc_devicememory,array_size_mb,2,"{""block_size"":256,""transfer_mode"":""write""}",0.973857,7
shoc_devicememory,array_size_mb,4,"{""block_size"":256,""transfer_mode"":""write""}",1.092222,7
shoc_devicememory,array_size_mb,8,"{""block_size"":256,""transfer_mode"":""write""}",1.079052,7
shoc_devicememory,array_size_mb,16,"{""block_size"":256,""transfer_mode"":""write""}",1.158941,7
shoc_devicememory,array_size_mb,24,"{""block_size"":256,""transfer_mode"":""write""}",1.187519,7
shoc_devicememory,array_size_mb,32,"{""block_size"":256,""transfer_mode"":""write""}",0.884883,7
shoc_devicememory,array_size_mb,48,"{""block_size"":256,""transfer_mode"":""write""}",1.20144,7
shoc_devicememory,array_size_mb,64,"{""block_size"":256,""transfer_mode"":""write""}",1.173479,7
shoc_devicememory,array_size_mb,96,"{""block_size"":256,""transfer_mode"":""write""}",1.356984,7
shoc_devicememory,array_size_mb,128,"{""block_size"":256,""transfer_mode"":""write""}",1.232541,7
shoc_devicememory,array_size_mb,192,"{""block_size"":256,""transfer_mode"":""write""}",1.621452,7
shoc_devicememory,array_size_mb,256,"{""block_size"":256,""transfer_mode"":""write""}",2.141362,7
shoc_devicememory,array_size_mb,384,"{""block_size"":256,""transfer_mode"":""write""}",1.685585,7
shoc_devicememory,array_size_mb,512,"{""block_size"":256,""transfer_mode"":""write""}",1.891546,7
shoc_devicememory,array_size_mb,768,"{""block_size"":256,""transfer_mode"":""write""}",2.662077,7
shoc_devicememory,array_size_mb,1024,"{""block_size"":256,""transfer_mode"":""write""}",3.547448,7
shoc_devicememory,array_size_mb,1536,"{""block_size"":256,""transfer_mode"":""write""}",5.035381,7
shoc_devicememory,array_size_mb,2048,"{""block_size"":256,""transfer_mode"":""write""}",6.26324,7
shoc_devicememory,array_size_mb,3072,"{""block_size"":256,""transfer_mode"":""write""}",8.673984,7
shoc_devicememory,array_size_mb,4096,"{""block_size"":256,""transfer_mode"":""write""}",12.823724,7
shoc_stencil2d,n,64,"{""block_size"":16,""iterations"":1,""trials"":1}",0.004646,7
shoc_stencil2d,n,128,"{""block_size"":16,""iterations"":1,""trials"":1}",0.016131,7
shoc_stencil2d,n,192,"{""block_size"":16,""iterations"":1,""trials"":1}",0.025686,7
shoc_stencil2d,n,256,"{""block_size"":16,""iterations"":1,""trials"":1}",0.022749,7
shoc_stencil2d,n,384,"{""block_size"":16,""iterations"":1,""trials"":1}",0.027257,7
shoc_stencil2d,n,512,"{""block_size"":16,""iterations"":1,""trials"":1}",0.026931,7
shoc_stencil2d,n,640,"{""block_size"":16,""iterations"":1,""trials"":1}",0.022526,7
shoc_stencil2d,n,768,"{""block_size"":16,""iterations"":1,""trials"":1}",0.02708,7
shoc_stencil2d,n,1024,"{""block_size"":16,""iterations"":1,""trials"":1}",0.034377,7
shoc_stencil2d,n,1280,"{""block_size"":16,""iterations"":1,""trials"":1}",0.03176,7
shoc_stencil2d,n,1536,"{""block_size"":16,""iterations"":1,""trials"":1}",0.040777,7
shoc_stencil2d,n,2048,"{""block_size"":16,""iterations"":1,""trials"":1}",0.053589,7
shoc_stencil2d,n,2560,"{""block_size"":16,""iterations"":1,""trials"":1}",0.062423,7
shoc_stencil2d,n,3072,"{""block_size"":16,""iterations"":1,""trials"":1}",0.073137,7
shoc_stencil2d,n,3584,"{""block_size"":16,""iterations"":1,""trials"":1}",0.091029,7
shoc_stencil2d,n,4096,"{""block_size"":16,""iterations"":1,""trials"":1}",0.1194,7
shoc_stencil2d,n,5120,"{""block_size"":16,""iterations"":1,""trials"":1}",0.158132,7
shoc_stencil2d,n,6144,"{""block_size"":16,""iterations"":1,""trials"":1}",0.216304,7
shoc_stencil2d,n,7168,"{""block_size"":16,""iterations"":1,""trials"":1}",0.305842,7
shoc_stencil2d,n,8192,"{""block_size"":16,""iterations"":1,""trials"":1}",0.401403,7
shoc_stencil2d,n,64,"{""block_size"":16,""iterations"":5,""trials"":1}",0.01268,7
shoc_stencil2d,n,128,"{""block_size"":16,""iterations"":5,""trials"":1}",0.033126,7
shoc_stencil2d,n,192,"{""block_size"":16,""iterations"":5,""trials"":1}",0.032269,7
shoc_stencil2d,n,256,"{""block_size"":16,""iterations"":5,""trials"":1}",0.038171,7
shoc_stencil2d,n,384,"{""block_size"":16,""iterations"":5,""trials"":1}",0.034177,7
shoc_stencil2d,n,512,"{""block_size"":16,""iterations"":5,""trials"":1}",0.043531,7
shoc_stencil2d,n,640,"{""block_size"":16,""iterations"":5,""trials"":1}",0.050291,7
shoc_stencil2d,n,768,"{""block_size"":16,""iterations"":5,""trials"":1}",0.066486,7
shoc_stencil2d,n,1024,"{""block_size"":16,""iterations"":5,""trials"":1}",0.083788,7
shoc_stencil2d,n,1280,"{""block_size"":16,""iterations"":5,""trials"":1}",0.090154,7
shoc_stencil2d,n,1536,"{""block_size"":16,""iterations"":5,""trials"":1}",0.103143,7
shoc_stencil2d,n,2048,"{""block_size"":16,""iterations"":5,""trials"":1}",0.156023,7
shoc_stencil2d,n,2560,"{""block_size"":16,""iterations"":5,""trials"":1}",0.214406,7
shoc_stencil2d,n,3072,"{""block_size"":16,""iterations"":5,""trials"":1}",0.30015,7
shoc_stencil2d,n,3584,"{""block_size"":16,""iterations"":5,""trials"":1}",0.411105,7
shoc_stencil2d,n,4096,"{""block_size"":16,""iterations"":5,""trials"":1}",0.532706,7
shoc_stencil2d,n,5120,"{""block_size"":16,""iterations"":5,""trials"":1}",0.794691,7
shoc_stencil2d,n,6144,"{""block_size"":16,""iterations"":5,""trials"":1}",1.07619,7
shoc_stencil2d,n,7168,"{""block_size"":16,""iterations"":5,""trials"":1}",1.52569,7
shoc_stencil2d,n,8192,"{""block_size"":16,""iterations"":5,""trials"":1}",2.00162,7
shoc_stencil2d,n,64,"{""block_size"":16,""iterations"":50,""trials"":1}",0.101337,7
shoc_stencil2d,n,128,"{""block_size"":16,""iterations"":50,""trials"":1}",0.142715,7
shoc_stencil2d,n,192,"{""block_size"":16,""iterations"":50,""trials"":1}",0.13688,7
shoc_stencil2d,n,256,"{""block_size"":16,""iterations"":50,""trials"":1}",0.156618,7
shoc_stencil2d,n,384,"{""block_size"":16,""iterations"":50,""trials"":1}",0.188481,7
shoc_stencil2d,n,512,"{""block_size"":16,""iterations"":50,""trials"":1}",0.295984,7
shoc_stencil2d,n,640,"{""block_size"":16,""iterations"":50,""trials"":1}",0.387076,7
shoc_stencil2d,n,768,"{""block_size"":16,""iterations"":50,""trials"":1}",0.459642,7
shoc_stencil2d,n,1024,"{""block_size"":16,""iterations"":50,""trials"":1}",0.677209,7
shoc_stencil2d,n,1280,"{""block_size"":16,""iterations"":50,""trials"":1}",0.728644,7
shoc_stencil2d,n,1536,"{""block_size"":16,""iterations"":50,""trials"":1}",0.820564,7
shoc_stencil2d,n,2048,"{""block_size"":16,""iterations"":50,""trials"":1}",1.359945,7
shoc_stencil2d,n,2560,"{""block_size"":16,""iterations"":50,""trials"":1}",2.051429,7
shoc_stencil2d,n,3072,"{""block_size"":16,""iterations"":50,""trials"":1}",2.790261,7
shoc_stencil2d,n,3584,"{""block_size"":16,""iterations"":50,""trials"":1}",3.984784,7
shoc_stencil2d,n,4096,"{""block_size"":16,""iterations"":50,""trials"":1}",5.191746,7
shoc_stencil2d,n,5120,"{""block_size"":16,""iterations"":50,""trials"":1}",7.896359,7
shoc_stencil2d,n,6144,"{""block_size"":16,""iterations"":50,""trials"":1}",10.774818,7
shoc_stencil2d,n,7168,"{""block_size"":16,""iterations"":50,""trials"":1}",15.262798,7
shoc_stencil2d,n,8192,"{""block_size"":16,""iterations"":50,""trials"":1}",19.9592,7
