,benchmark,env,num_access,time
0,dram_read,sim,0,2.5279999999999053e-06
1,dram_read,sim,512,0.00023382800000000016
2,dram_read,sim,1024,0.0004655890000000002
3,dram_read,sim,1536,0.000697301
4,dram_read,sim,2048,0.000929062
5,dram_read,sim,2560,0.0011607739999999998
6,dram_read,sim,3072,0.001392538
7,dram_read,sim,3584,0.0016242499999999998
8,dram_read,sim,4096,0.0018560139999999996
