profile_type,suite,benchmark,param_json,ground_truth_cycle,simulation_cycle
nsys,cuda-sdk,fastwalshtransform,"{""log2data"":""12"",""log2kernel"":""12""}",28998.449999999997,16885
nsys,cuda-sdk,fastwalshtransform,"{""log2data"":""13"",""log2kernel"":""12""}",31937.49,17183
nsys,cuda-sdk,fastwalshtransform,"{""log2data"":""14"",""log2kernel"":""12""}",38299.950000000004,23590
nsys,cuda-sdk,fastwalshtransform,"{""log2data"":""14"",""log2kernel"":""14""}",38376.585,23590
nsys,cuda-sdk,fastwalshtransform,"{""log2data"":""15"",""log2kernel"":""12""}",41708.16,24032
nsys,cuda-sdk,fastwalshtransform,"{""log2data"":""15"",""log2kernel"":""14""}",41729.22,24032
nsys,cuda-sdk,fastwalshtransform,"{""log2data"":""16"",""log2kernel"":""12""}",48746.295,30902
nsys,cuda-sdk,fastwalshtransform,"{""log2data"":""16"",""log2kernel"":""14""}",48729.33,30902
nsys,cuda-sdk,fastwalshtransform,"{""log2data"":""16"",""log2kernel"":""16""}",48859.200000000004,30902
nsys,cuda-sdk,fastwalshtransform,"{""log2data"":""17"",""log2kernel"":""12""}",55260.855,31824
nsys,cuda-sdk,fastwalshtransform,"{""log2data"":""17"",""log2kernel"":""14""}",55392.48,31824
nsys,cuda-sdk,fastwalshtransform,"{""log2data"":""17"",""log2kernel"":""16""}",55615.950000000004,31824
nsys,cuda-sdk,fastwalshtransform,"{""log2data"":""18"",""log2kernel"":""12""}",71453.655,40917
nsys,cuda-sdk,fastwalshtransform,"{""log2data"":""18"",""log2kernel"":""14""}",71436.105,40917
nsys,cuda-sdk,fastwalshtransform,"{""log2data"":""18"",""log2kernel"":""16""}",71419.14,40917
nsys,cuda-sdk,mergesort,"{""size"":""1024""}",14489.28,5029
nsys,cuda-sdk,mergesort,"{""size"":""114688""}",235386.45000000004,88493
nsys,cuda-sdk,mergesort,"{""size"":""131072""}",244651.67999999996,90893
nsys,cuda-sdk,mergesort,"{""size"":""16384""}",121492.21499999998,47569
nsys,cuda-sdk,mergesort,"{""size"":""2048""}",36485.28,15309
nsys,cuda-sdk,mergesort,"{""size"":""32768""}",153173.475,59337
nsys,cuda-sdk,mergesort,"{""size"":""4096""}",63275.939999999995,25797
nsys,cuda-sdk,mergesort,"{""size"":""65536""}",190498.815,73468
nsys,cuda-sdk,mergesort,"{""size"":""8192""}",90567.36,36471
nsys,cuda-sdk,mergesort,"{""size"":""81920""}",226418.98500000002,86044
nsys,cuda-sdk,mergesort,"{""size"":""98304""}",231230.61000000004,87204
nsys,cuda-sdk,scalarprod,"{""elementN"":""2048"",""vectorN"":""128""}",8817.705,3189
nsys,cuda-sdk,scalarprod,"{""elementN"":""2048"",""vectorN"":""256""}",15686.775000000001,4150
nsys,cuda-sdk,scalarprod,"{""elementN"":""2048"",""vectorN"":""32""}",8573.175,3093
nsys,cuda-sdk,scalarprod,"{""elementN"":""2048"",""vectorN"":""512""}",27256.905,6072
nsys,cuda-sdk,scalarprod,"{""elementN"":""2048"",""vectorN"":""64""}",9266.4,3125
nsys,cuda-sdk,scalarprod,"{""elementN"":""4096"",""vectorN"":""128""}",8555.04,3345
nsys,cuda-sdk,scalarprod,"{""elementN"":""4096"",""vectorN"":""256""}",13983.84,4462
nsys,cuda-sdk,scalarprod,"{""elementN"":""4096"",""vectorN"":""32""}",7917.975000000001,3249
nsys,cuda-sdk,scalarprod,"{""elementN"":""4096"",""vectorN"":""512""}",25084.8,6696
nsys,cuda-sdk,scalarprod,"{""elementN"":""4096"",""vectorN"":""64""}",8237.385,3281
nsys,cuda-sdk,scan-long,"{""arrayLength"":""2048"",""size"":""131072""}",11662.56,6911
nsys,cuda-sdk,scan-long,"{""arrayLength"":""2048"",""size"":""16384""}",10820.745,6663
nsys,cuda-sdk,scan-long,"{""arrayLength"":""2048"",""size"":""262144""}",12841.92,7197
nsys,cuda-sdk,scan-long,"{""arrayLength"":""2048"",""size"":""32768""}",10745.28,6698
nsys,cuda-sdk,scan-long,"{""arrayLength"":""2048"",""size"":""4096""}",10577.385,6639
nsys,cuda-sdk,scan-long,"{""arrayLength"":""2048"",""size"":""65536""}",11176.425000000001,6769
nsys,cuda-sdk,scan-long,"{""arrayLength"":""2048"",""size"":""8192""}",10819.575,6647
nsys,cuda-sdk,scan-long,"{""arrayLength"":""4096"",""size"":""131072""}",11756.745,6943
nsys,cuda-sdk,scan-long,"{""arrayLength"":""4096"",""size"":""16384""}",10838.880000000001,6695
nsys,cuda-sdk,scan-long,"{""arrayLength"":""4096"",""size"":""262144""}",13028.535,7229
nsys,cuda-sdk,scan-long,"{""arrayLength"":""4096"",""size"":""32768""}",10858.77,6730
nsys,cuda-sdk,scan-long,"{""arrayLength"":""4096"",""size"":""4096""}",10689.705,6671
nsys,cuda-sdk,scan-long,"{""arrayLength"":""4096"",""size"":""65536""}",11213.28,6801
nsys,cuda-sdk,scan-long,"{""arrayLength"":""4096"",""size"":""8192""}",10857.6,6679
nsys,cuda-sdk,scan-short,"{""arrayLength"":""1024"",""size"":""131072""}",4455.36,2529
nsys,cuda-sdk,scan-short,"{""arrayLength"":""1024"",""size"":""16384""}",4043.52,2406
nsys,cuda-sdk,scan-short,"{""arrayLength"":""1024"",""size"":""262144""}",5129.28,2670
nsys,cuda-sdk,scan-short,"{""arrayLength"":""1024"",""size"":""32768""}",4080.9600000000005,2424
nsys,cuda-sdk,scan-short,"{""arrayLength"":""1024"",""size"":""4096""}",3968.6400000000003,2394
nsys,cuda-sdk,scan-short,"{""arrayLength"":""1024"",""size"":""65536""}",4230.72,2459
nsys,cuda-sdk,scan-short,"{""arrayLength"":""1024"",""size"":""8192""}",4005.4950000000003,2398
nsys,cuda-sdk,scan-short,"{""arrayLength"":""512"",""size"":""131072""}",4455.36,2497
nsys,cuda-sdk,scan-short,"{""arrayLength"":""512"",""size"":""16384""}",3949.9199999999996,2374
nsys,cuda-sdk,scan-short,"{""arrayLength"":""512"",""size"":""262144""}",5036.265,2638
nsys,cuda-sdk,scan-short,"{""arrayLength"":""512"",""size"":""32768""}",3987.9450000000006,2392
nsys,cuda-sdk,scan-short,"{""arrayLength"":""512"",""size"":""4096""}",3855.735,2362
nsys,cuda-sdk,scan-short,"{""arrayLength"":""512"",""size"":""65536""}",4080.375,2427
nsys,cuda-sdk,scan-short,"{""arrayLength"":""512"",""size"":""8192""}",3912.4800000000005,2366
nsys,cuda-sdk,sortingnetworks-bitonic,"{""arrayLength"":""128"",""size"":""131072""}",18027.36,3698
nsys,cuda-sdk,sortingnetworks-bitonic,"{""arrayLength"":""128"",""size"":""16384""}",11288.745,3575
nsys,cuda-sdk,sortingnetworks-bitonic,"{""arrayLength"":""128"",""size"":""262144""}",25534.665,3839
nsys,cuda-sdk,sortingnetworks-bitonic,"{""arrayLength"":""128"",""size"":""32768""}",11437.92,3593
nsys,cuda-sdk,sortingnetworks-bitonic,"{""arrayLength"":""128"",""size"":""4096""}",11250.72,3563
nsys,cuda-sdk,sortingnetworks-bitonic,"{""arrayLength"":""128"",""size"":""65536""}",11605.815,3628
nsys,cuda-sdk,sortingnetworks-bitonic,"{""arrayLength"":""128"",""size"":""8192""}",11288.16,3567
nsys,cuda-sdk,sortingnetworks-bitonic,"{""arrayLength"":""64"",""size"":""131072""}",14788.8,3358
nsys,cuda-sdk,sortingnetworks-bitonic,"{""arrayLength"":""64"",""size"":""16384""}",9491.04,3235
nsys,cuda-sdk,sortingnetworks-bitonic,"{""arrayLength"":""64"",""size"":""262144""}",20704.905,3499
nsys,cuda-sdk,sortingnetworks-bitonic,"{""arrayLength"":""64"",""size"":""32768""}",9565.92,3253
nsys,cuda-sdk,sortingnetworks-bitonic,"{""arrayLength"":""64"",""size"":""4096""}",9397.44,3223
nsys,cuda-sdk,sortingnetworks-bitonic,"{""arrayLength"":""64"",""size"":""65536""}",9753.12,3288
nsys,cuda-sdk,sortingnetworks-bitonic,"{""arrayLength"":""64"",""size"":""8192""}",9416.16,3227
nsys,cuda-sdk,sortingnetworks-oddeven,"{""arrayLength"":""128"",""size"":""131072""}",18401.760000000002,4042
nsys,cuda-sdk,sortingnetworks-oddeven,"{""arrayLength"":""128"",""size"":""16384""}",12767.04,3919
nsys,cuda-sdk,sortingnetworks-oddeven,"{""arrayLength"":""128"",""size"":""262144""}",25665.705,4183
nsys,cuda-sdk,sortingnetworks-oddeven,"{""arrayLength"":""128"",""size"":""32768""}",12785.76,3937
nsys,cuda-sdk,sortingnetworks-oddeven,"{""arrayLength"":""128"",""size"":""4096""}",12617.28,3907
nsys,cuda-sdk,sortingnetworks-oddeven,"{""arrayLength"":""128"",""size"":""65536""}",13029.12,3972
nsys,cuda-sdk,sortingnetworks-oddeven,"{""arrayLength"":""128"",""size"":""8192""}",12692.16,3911
nsys,cuda-sdk,sortingnetworks-oddeven,"{""arrayLength"":""64"",""size"":""131072""}",15181.919999999998,3631
nsys,cuda-sdk,sortingnetworks-oddeven,"{""arrayLength"":""64"",""size"":""16384""}",10539.36,3508
nsys,cuda-sdk,sortingnetworks-oddeven,"{""arrayLength"":""64"",""size"":""262144""}",21078.72,3772
nsys,cuda-sdk,sortingnetworks-oddeven,"{""arrayLength"":""64"",""size"":""32768""}",10689.12,3526
nsys,cuda-sdk,sortingnetworks-oddeven,"{""arrayLength"":""64"",""size"":""4096""}",10482.615,3496
nsys,cuda-sdk,sortingnetworks-oddeven,"{""arrayLength"":""64"",""size"":""65536""}",10820.16,3561
nsys,cuda-sdk,sortingnetworks-oddeven,"{""arrayLength"":""64"",""size"":""8192""}",10558.08,3500
nsys,cuda-sdk,transpose,"{""dimX"":""1024"",""dimY"":""1024"",""kernelID"":""1""}",9228.960000000001,12472
nsys,cuda-sdk,transpose,"{""dimX"":""1536"",""dimY"":""1536"",""kernelID"":""1""}",17747.145,19168
nsys,cuda-sdk,transpose,"{""dimX"":""2048"",""dimY"":""2048"",""kernelID"":""1""}",31823.999999999996,28346
nsys,cuda-sdk,transpose,"{""dimX"":""3072"",""dimY"":""3072"",""kernelID"":""1""}",86112,42676
nsys,cuda-sdk,transpose,"{""dimX"":""4096"",""dimY"":""4096"",""kernelID"":""1""}",157267.89,74215
nsys,cuda-sdk,transpose,"{""dimX"":""6144"",""dimY"":""6144"",""kernelID"":""1""}",360568.84500000003,164327
nsys,cuda-sdk,transpose,"{""dimX"":""8192"",""dimY"":""8192"",""kernelID"":""1""}",643504.68,290484
nsys,cuda-sdk,vectoradd,"{""size"":""1048576""}",9902.880000000001,6608
nsys,cuda-sdk,vectoradd,"{""size"":""131072""}",4511.52,2666
nsys,cuda-sdk,vectoradd,"{""size"":""16384""}",3687.8400000000006,2173
nsys,cuda-sdk,vectoradd,"{""size"":""16777216""}",190140.21,74192
nsys,cuda-sdk,vectoradd,"{""size"":""2097152""}",16922.88,11114
nsys,cuda-sdk,vectoradd,"{""size"":""262144""}",5148,3229
nsys,cuda-sdk,vectoradd,"{""size"":""32768""}",3875.6250000000005,2243
nsys,cuda-sdk,vectoradd,"{""size"":""4194304""}",38207.520000000004,20125
nsys,cuda-sdk,vectoradd,"{""size"":""524288""}",6832.8,4355
nsys,cuda-sdk,vectoradd,"{""size"":""65536""}",3987.36,2384
nsys,cuda-sdk,vectoradd,"{""size"":""8388608""}",89407.30500000001,38147
nsys,gpu-benches,gpu-cache,"{""size"":""1024"",""thread"":""128""}",10857.6,37992
nsys,gpu-benches,gpu-cache,"{""size"":""1024"",""thread"":""16""}",12487.41,22751
nsys,gpu-benches,gpu-cache,"{""size"":""1024"",""thread"":""32""}",10801.44,16683
nsys,gpu-benches,gpu-cache,"{""size"":""1024"",""thread"":""64""}",10745.28,23572
nsys,gpu-benches,gpu-cache,"{""size"":""128"",""thread"":""128""}",10596.105,24324
nsys,gpu-benches,gpu-cache,"{""size"":""128"",""thread"":""16""}",10895.04,16589
nsys,gpu-benches,gpu-cache,"{""size"":""128"",""thread"":""32""}",10801.44,16599
nsys,gpu-benches,gpu-cache,"{""size"":""128"",""thread"":""64""}",10763.415,16982
nsys,gpu-benches,gpu-cache,"{""size"":""1280"",""thread"":""128""}",10951.2,37992
nsys,gpu-benches,gpu-cache,"{""size"":""1280"",""thread"":""16""}",14227.2,28793
nsys,gpu-benches,gpu-cache,"{""size"":""1280"",""thread"":""32""}",12449.970000000001,22701
nsys,gpu-benches,gpu-cache,"{""size"":""1280"",""thread"":""64""}",10857.6,23584
nsys,gpu-benches,gpu-cache,"{""size"":""1536"",""thread"":""128""}",10820.745,38004
nsys,gpu-benches,gpu-cache,"{""size"":""1536"",""thread"":""16""}",14209.65,28841
nsys,gpu-benches,gpu-cache,"{""size"":""1536"",""thread"":""32""}",12505.545,22725
nsys,gpu-benches,gpu-cache,"{""size"":""1536"",""thread"":""64""}",10783.305,23596
nsys,gpu-benches,gpu-cache,"{""size"":""16"",""thread"":""128""}",10970.505000000001,24247
nsys,gpu-benches,gpu-cache,"{""size"":""16"",""thread"":""16""}",10614.24,16491
nsys,gpu-benches,gpu-cache,"{""size"":""16"",""thread"":""32""}",11007.36,16449
nsys,gpu-benches,gpu-cache,"{""size"":""16"",""thread"":""64""}",11119.68,16895
nsys,gpu-benches,gpu-cache,"{""size"":""1792"",""thread"":""128""}",10782.135,38004
nsys,gpu-benches,gpu-cache,"{""size"":""1792"",""thread"":""16""}",16005.014999999998,34883
nsys,gpu-benches,gpu-cache,"{""size"":""1792"",""thread"":""32""}",12560.535,22749
nsys,gpu-benches,gpu-cache,"{""size"":""1792"",""thread"":""64""}",10726.56,23608
nsys,gpu-benches,gpu-cache,"{""size"":""2048"",""thread"":""128""}",10782.135,38016
nsys,gpu-benches,gpu-cache,"{""size"":""2048"",""thread"":""16""}",15874.560000000001,34931
nsys,gpu-benches,gpu-cache,"{""size"":""2048"",""thread"":""32""}",12393.225,22773
nsys,gpu-benches,gpu-cache,"{""size"":""2048"",""thread"":""64""}",10820.745,23620
nsys,gpu-benches,gpu-cache,"{""size"":""2304"",""thread"":""128""}",11007.36,38016
nsys,gpu-benches,gpu-cache,"{""size"":""2304"",""thread"":""16""}",17765.28,40973
nsys,gpu-benches,gpu-cache,"{""size"":""2304"",""thread"":""32""}",14153.49,28791
nsys,gpu-benches,gpu-cache,"{""size"":""2304"",""thread"":""64""}",12542.4,31419
nsys,gpu-benches,gpu-cache,"{""size"":""256"",""thread"":""128""}",10745.28,27814
nsys,gpu-benches,gpu-cache,"{""size"":""256"",""thread"":""16""}",10782.72,16613
nsys,gpu-benches,gpu-cache,"{""size"":""256"",""thread"":""32""}",10802.025,16611
nsys,gpu-benches,gpu-cache,"{""size"":""256"",""thread"":""64""}",10894.455,23536
nsys,gpu-benches,gpu-cache,"{""size"":""2560"",""thread"":""128""}",10820.16,38028
nsys,gpu-benches,gpu-cache,"{""size"":""2560"",""thread"":""16""}",17690.985,32091
nsys,gpu-benches,gpu-cache,"{""size"":""2560"",""thread"":""32""}",14207.895,28815
nsys,gpu-benches,gpu-cache,"{""size"":""2560"",""thread"":""64""}",12579.255000000001,31431
nsys,gpu-benches,gpu-cache,"{""size"":""2816"",""thread"":""128""}",10837.710000000001,38028
nsys,gpu-benches,gpu-cache,"{""size"":""2816"",""thread"":""16""}",19282.77,47063
nsys,gpu-benches,gpu-cache,"{""size"":""2816"",""thread"":""32""}",14151.735,28839
nsys,gpu-benches,gpu-cache,"{""size"":""2816"",""thread"":""64""}",12542.4,31443
nsys,gpu-benches,gpu-cache,"{""size"":""3072"",""thread"":""128""}",10819.575,38040
nsys,gpu-benches,gpu-cache,"{""size"":""3072"",""thread"":""16""}",19468.8,36395
nsys,gpu-benches,gpu-cache,"{""size"":""3072"",""thread"":""32""}",14320.215,23505
nsys,gpu-benches,gpu-cache,"{""size"":""3072"",""thread"":""64""}",12448.800000000001,31455
nsys,gpu-benches,gpu-cache,"{""size"":""32"",""thread"":""128""}",10726.56,24315
nsys,gpu-benches,gpu-cache,"{""size"":""32"",""thread"":""16""}",10782.72,16505
nsys,gpu-benches,gpu-cache,"{""size"":""32"",""thread"":""32""}",10782.72,16491
nsys,gpu-benches,gpu-cache,"{""size"":""32"",""thread"":""64""}",10651.68,16943
nsys,gpu-benches,gpu-cache,"{""size"":""3328"",""thread"":""128""}",11082.24,38040
nsys,gpu-benches,gpu-cache,"{""size"":""3328"",""thread"":""16""}",21097.44,53153
nsys,gpu-benches,gpu-cache,"{""size"":""3328"",""thread"":""32""}",15930.135,34881
nsys,gpu-benches,gpu-cache,"{""size"":""3328"",""thread"":""64""}",12542.985,31467
nsys,gpu-benches,gpu-cache,"{""size"":""3584"",""thread"":""128""}",10745.28,38052
nsys,gpu-benches,gpu-cache,"{""size"":""3584"",""thread"":""16""}",21153.015,40699
nsys,gpu-benches,gpu-cache,"{""size"":""3584"",""thread"":""32""}",15873.975,34905
nsys,gpu-benches,gpu-cache,"{""size"":""3584"",""thread"":""64""}",12504.960000000001,31479
nsys,gpu-benches,gpu-cache,"{""size"":""3840"",""thread"":""128""}",10782.72,38052
nsys,gpu-benches,gpu-cache,"{""size"":""3840"",""thread"":""16""}",22875.84,59243
nsys,gpu-benches,gpu-cache,"{""size"":""3840"",""thread"":""32""}",15855.255000000003,34929
nsys,gpu-benches,gpu-cache,"{""size"":""3840"",""thread"":""64""}",12466.935,31491
nsys,gpu-benches,gpu-cache,"{""size"":""4096"",""thread"":""128""}",10932.48,38064
nsys,gpu-benches,gpu-cache,"{""size"":""4096"",""thread"":""16""}",23082.345,45003
nsys,gpu-benches,gpu-cache,"{""size"":""4096"",""thread"":""32""}",15912.585000000001,27809
nsys,gpu-benches,gpu-cache,"{""size"":""4096"",""thread"":""64""}",12543.57,31503
nsys,gpu-benches,gpu-cache,"{""size"":""512"",""thread"":""128""}",10744.11,37980
nsys,gpu-benches,gpu-cache,"{""size"":""512"",""thread"":""16""}",10819.575,16661
nsys,gpu-benches,gpu-cache,"{""size"":""512"",""thread"":""32""}",10745.865,16635
nsys,gpu-benches,gpu-cache,"{""size"":""512"",""thread"":""64""}",10745.28,23548
nsys,gpu-benches,gpu-cache,"{""size"":""64"",""thread"":""128""}",10651.095,24318
nsys,gpu-benches,gpu-cache,"{""size"":""64"",""thread"":""16""}",10670.985,16577
nsys,gpu-benches,gpu-cache,"{""size"":""64"",""thread"":""32""}",10764.585000000001,16527
nsys,gpu-benches,gpu-cache,"{""size"":""64"",""thread"":""64""}",10651.68,16946
nsys,gpu-benches,gpu-cache,"{""size"":""768"",""thread"":""128""}",10857.6,37980
nsys,gpu-benches,gpu-cache,"{""size"":""768"",""thread"":""16""}",12392.055,22703
nsys,gpu-benches,gpu-cache,"{""size"":""768"",""thread"":""32""}",10801.44,16659
nsys,gpu-benches,gpu-cache,"{""size"":""768"",""thread"":""64""}",10820.16,23560
nsys,gpu-benches,gpu-l2-cache,"{""block"":""2"",""size"":""1""}",11606.985,16707
nsys,gpu-benches,gpu-l2-cache,"{""block"":""2"",""size"":""1024""}",13047.84,32203
nsys,gpu-benches,gpu-l2-cache,"{""block"":""2"",""size"":""128""}",11905.92,20875
nsys,gpu-benches,gpu-l2-cache,"{""block"":""2"",""size"":""16""}",11662.56,19459
nsys,gpu-benches,gpu-l2-cache,"{""block"":""2"",""size"":""2""}",11718.135,17099
nsys,gpu-benches,gpu-l2-cache,"{""block"":""2"",""size"":""2048""}",14881.814999999999,46267
nsys,gpu-benches,gpu-l2-cache,"{""block"":""2"",""size"":""256""}",12018.825,22307
nsys,gpu-benches,gpu-l2-cache,"{""block"":""2"",""size"":""32""}",11718.72,19475
nsys,gpu-benches,gpu-l2-cache,"{""block"":""2"",""size"":""4""}",12860.64,17883
nsys,gpu-benches,gpu-l2-cache,"{""block"":""2"",""size"":""4096""}",17485.065,74395
nsys,gpu-benches,gpu-l2-cache,"{""block"":""2"",""size"":""512""}",12560.535,25171
nsys,gpu-benches,gpu-l2-cache,"{""block"":""2"",""size"":""64""}",11887.2,19507
nsys,gpu-benches,gpu-l2-cache,"{""block"":""2"",""size"":""8""}",12242.880000000001,19451
nsys,gpu-benches,gpu-l2-cache,"{""block"":""4"",""size"":""1""}",12036.375,17099
nsys,gpu-benches,gpu-l2-cache,"{""block"":""4"",""size"":""1024""}",14827.409999999998,46267
nsys,gpu-benches,gpu-l2-cache,"{""block"":""4"",""size"":""128""}",11961.495,22307
nsys,gpu-benches,gpu-l2-cache,"{""block"":""4"",""size"":""16""}",12017.655,19475
nsys,gpu-benches,gpu-l2-cache,"{""block"":""4"",""size"":""2""}",12765.87,17883
nsys,gpu-benches,gpu-l2-cache,"{""block"":""4"",""size"":""2048""}",17709.705,74395
nsys,gpu-benches,gpu-l2-cache,"{""block"":""4"",""size"":""256""}",12373.335000000001,25171
nsys,gpu-benches,gpu-l2-cache,"{""block"":""4"",""size"":""32""}",12149.28,19507
nsys,gpu-benches,gpu-l2-cache,"{""block"":""4"",""size"":""4""}",12242.295,19451
nsys,gpu-benches,gpu-l2-cache,"{""block"":""4"",""size"":""4096""}",22819.095,129347
nsys,gpu-benches,gpu-l2-cache,"{""block"":""4"",""size"":""512""}",13235.04,32203
nsys,gpu-benches,gpu-l2-cache,"{""block"":""4"",""size"":""64""}",12094.875,20875
nsys,gpu-benches,gpu-l2-cache,"{""block"":""4"",""size"":""8""}",11831.04,19459
nsys,gpu-benches,gpu-l2-cache,"{""block"":""8"",""size"":""1""}",12805.65,17883
nsys,gpu-benches,gpu-l2-cache,"{""block"":""8"",""size"":""1024""}",17746.56,74395
nsys,gpu-benches,gpu-l2-cache,"{""block"":""8"",""size"":""128""}",12561.12,25171
nsys,gpu-benches,gpu-l2-cache,"{""block"":""8"",""size"":""16""}",11999.52,19507
nsys,gpu-benches,gpu-l2-cache,"{""block"":""8"",""size"":""2""}",12335.895,19451
nsys,gpu-benches,gpu-l2-cache,"{""block"":""8"",""size"":""2048""}",22875.84,129347
nsys,gpu-benches,gpu-l2-cache,"{""block"":""8"",""size"":""256""}",13084.695,32203
nsys,gpu-benches,gpu-l2-cache,"{""block"":""8"",""size"":""32""}",12187.305,20875
nsys,gpu-benches,gpu-l2-cache,"{""block"":""8"",""size"":""4""}",11661.975,19459
nsys,gpu-benches,gpu-l2-cache,"{""block"":""8"",""size"":""4096""}",35380.8,240555
nsys,gpu-benches,gpu-l2-cache,"{""block"":""8"",""size"":""512""}",14864.264999999998,46267
nsys,gpu-benches,gpu-l2-cache,"{""block"":""8"",""size"":""64""}",12093.705,22307
nsys,gpu-benches,gpu-l2-cache,"{""block"":""8"",""size"":""8""}",11793.015,19475
nsys,gpu-benches,gpu-l2-stream,"{""block"":""128"",""size"":""10000""}",40995.63,44394
nsys,gpu-benches,gpu-l2-stream,"{""block"":""128"",""size"":""1280000""}",340650.18,424978
nsys,gpu-benches,gpu-l2-stream,"{""block"":""128"",""size"":""160000""}",58746.87,83893
nsys,gpu-benches,gpu-l2-stream,"{""block"":""128"",""size"":""20000""}",43673.76,45538
nsys,gpu-benches,gpu-l2-stream,"{""block"":""128"",""size"":""320000""}",78326.82,135889
nsys,gpu-benches,gpu-l2-stream,"{""block"":""128"",""size"":""40000""}",46034.82,47774
nsys,gpu-benches,gpu-l2-stream,"{""block"":""128"",""size"":""640000""}",116123.66999999998,228463
nsys,gpu-benches,gpu-l2-stream,"{""block"":""128"",""size"":""80000""}",50527.62,63598
nsys,gpu-benches,gpu-l2-stream,"{""block"":""256"",""size"":""10000""}",40790.295,57471
nsys,gpu-benches,gpu-l2-stream,"{""block"":""256"",""size"":""1280000""}",342578.925,418543
nsys,gpu-benches,gpu-l2-stream,"{""block"":""256"",""size"":""160000""}",58164.795000000006,95089
nsys,gpu-benches,gpu-l2-stream,"{""block"":""256"",""size"":""20000""}",42475.095,58210
nsys,gpu-benches,gpu-l2-stream,"{""block"":""256"",""size"":""320000""}",72969.975,135241
nsys,gpu-benches,gpu-l2-stream,"{""block"":""256"",""size"":""40000""}",45827.145000000004,59690
nsys,gpu-benches,gpu-l2-stream,"{""block"":""256"",""size"":""640000""}",105170.13,236752
nsys,gpu-benches,gpu-l2-stream,"{""block"":""256"",""size"":""80000""}",49870.665,64426
nsys,gpu-benches,gpu-stream,"{""block"":""128"",""size"":""10000""}",40997.385,44966
nsys,gpu-benches,gpu-stream,"{""block"":""128"",""size"":""1280000""}",342130.23,437480
nsys,gpu-benches,gpu-stream,"{""block"":""128"",""size"":""160000""}",58913.595,85602
nsys,gpu-benches,gpu-stream,"{""block"":""128"",""size"":""20000""}",43710.615,46110
nsys,gpu-benches,gpu-stream,"{""block"":""128"",""size"":""320000""}",78172.965,139302
nsys,gpu-benches,gpu-stream,"{""block"":""128"",""size"":""40000""}",45809.595,48346
nsys,gpu-benches,gpu-stream,"{""block"":""128"",""size"":""640000""}",116064.58500000002,234717
nsys,gpu-benches,gpu-stream,"{""block"":""128"",""size"":""80000""}",50545.17,64738
nsys,gpu-benches,gpu-stream,"{""block"":""256"",""size"":""10000""}",40567.995,58439
nsys,gpu-benches,gpu-stream,"{""block"":""256"",""size"":""1280000""}",348192.585,431045
nsys,gpu-benches,gpu-stream,"{""block"":""256"",""size"":""160000""}",58181.76,97194
nsys,gpu-benches,gpu-stream,"{""block"":""256"",""size"":""20000""}",42364.53,59178
nsys,gpu-benches,gpu-stream,"{""block"":""256"",""size"":""320000""}",72932.535,138654
nsys,gpu-benches,gpu-stream,"{""block"":""256"",""size"":""40000""}",45283.095,60658
nsys,gpu-benches,gpu-stream,"{""block"":""256"",""size"":""640000""}",104664.69,243402
nsys,gpu-benches,gpu-stream,"{""block"":""256"",""size"":""80000""}",49721.49,65566
nsys,gpu-benches,gpu-strides,"{""block"":""128"",""size"":""10000""}",44947.305,71214
nsys,gpu-benches,gpu-strides,"{""block"":""128"",""size"":""160000""}",65127.465,164353
nsys,gpu-benches,gpu-strides,"{""block"":""128"",""size"":""20000""}",48017.97,72358
nsys,gpu-benches,gpu-strides,"{""block"":""128"",""size"":""320000""}",82817.865,296809
nsys,gpu-benches,gpu-strides,"{""block"":""128"",""size"":""40000""}",49889.97,74594
nsys,gpu-benches,gpu-strides,"{""block"":""128"",""size"":""640000""}",120894.93000000001,523483
nsys,gpu-benches,gpu-strides,"{""block"":""128"",""size"":""80000""}",55412.37,117238
nsys,gpu-benches,gpu-strides,"{""block"":""256"",""size"":""10000""}",44478.72,111111
nsys,gpu-benches,gpu-strides,"{""block"":""256"",""size"":""160000""}",65464.424999999996,202369
nsys,gpu-benches,gpu-strides,"{""block"":""256"",""size"":""20000""}",46351.305,111850
nsys,gpu-benches,gpu-strides,"{""block"":""256"",""size"":""320000""}",80738.77500000001,296161
nsys,gpu-benches,gpu-strides,"{""block"":""256"",""size"":""40000""}",49476.96,113330
nsys,gpu-benches,gpu-strides,"{""block"":""256"",""size"":""640000""}",118272.96,558592
nsys,gpu-benches,gpu-strides,"{""block"":""256"",""size"":""80000""}",55690.83,118066
nsys,microbench,emptykernel,"{""block"":""1024"",""thread"":""1024""}",4999.995000000001,4247
nsys,microbench,emptykernel,"{""block"":""1024"",""thread"":""256""}",3088.8,3191
nsys,microbench,emptykernel,"{""block"":""1024"",""thread"":""288""}",3199.365,3192
nsys,microbench,emptykernel,"{""block"":""1024"",""thread"":""320""}",3257.28,3193
nsys,microbench,emptykernel,"{""block"":""1024"",""thread"":""352""}",3313.4399999999996,3194
nsys,microbench,emptykernel,"{""block"":""1024"",""thread"":""384""}",3313.4399999999996,3195
nsys,microbench,emptykernel,"{""block"":""1024"",""thread"":""416""}",3369.6,3199
nsys,microbench,emptykernel,"{""block"":""1024"",""thread"":""448""}",3369.6,3203
nsys,microbench,emptykernel,"{""block"":""1024"",""thread"":""480""}",3425.7599999999998,3207
nsys,microbench,emptykernel,"{""block"":""1024"",""thread"":""512""}",3481.92,3211
nsys,microbench,emptykernel,"{""block"":""1024"",""thread"":""544""}",3818.88,3564
nsys,microbench,emptykernel,"{""block"":""1024"",""thread"":""576""}",3875.0400000000004,3565
nsys,microbench,emptykernel,"{""block"":""1024"",""thread"":""608""}",3875.0400000000004,3566
nsys,microbench,emptykernel,"{""block"":""1024"",""thread"":""640""}",3875.0400000000004,3567
nsys,microbench,emptykernel,"{""block"":""1024"",""thread"":""672""}",3989.1150000000002,3568
nsys,microbench,emptykernel,"{""block"":""1024"",""thread"":""704""}",4773.6,4229
nsys,microbench,emptykernel,"{""block"":""1024"",""thread"":""736""}",4663.035,4230
nsys,microbench,emptykernel,"{""block"":""1024"",""thread"":""768""}",4661.280000000001,4231
nsys,microbench,emptykernel,"{""block"":""1024"",""thread"":""800""}",4773.6,4233
nsys,microbench,emptykernel,"{""block"":""1024"",""thread"":""832""}",4829.759999999999,4235
nsys,microbench,emptykernel,"{""block"":""1024"",""thread"":""864""}",4885.92,4237
nsys,microbench,emptykernel,"{""block"":""1024"",""thread"":""896""}",4885.92,4239
nsys,microbench,emptykernel,"{""block"":""1024"",""thread"":""928""}",4942.08,4241
nsys,microbench,emptykernel,"{""block"":""1024"",""thread"":""960""}",5054.4,4243
nsys,microbench,emptykernel,"{""block"":""1024"",""thread"":""992""}",5054.4,4245
nsys,microbench,emptykernel,"{""block"":""16384"",""thread"":""1024""}",49252.32,36503
nsys,microbench,emptykernel,"{""block"":""16384"",""thread"":""256""}",20837.114999999998,20087
nsys,microbench,emptykernel,"{""block"":""16384"",""thread"":""288""}",20891.52,20088
nsys,microbench,emptykernel,"{""block"":""16384"",""thread"":""320""}",20891.52,20089
nsys,microbench,emptykernel,"{""block"":""16384"",""thread"":""352""}",21060,20090
nsys,microbench,emptykernel,"{""block"":""16384"",""thread"":""384""}",21003.84,20091
nsys,microbench,emptykernel,"{""block"":""16384"",""thread"":""416""}",21172.32,20095
nsys,microbench,emptykernel,"{""block"":""16384"",""thread"":""448""}",21396.96,20099
nsys,microbench,emptykernel,"{""block"":""16384"",""thread"":""480""}",21904.155,20103
nsys,microbench,emptykernel,"{""block"":""16384"",""thread"":""512""}",22407.84,20107
nsys,microbench,emptykernel,"{""block"":""16384"",""thread"":""544""}",27743.04,25580
nsys,microbench,emptykernel,"{""block"":""16384"",""thread"":""576""}",28473.12,25581
nsys,microbench,emptykernel,"{""block"":""16384"",""thread"":""608""}",29429.594999999998,25582
nsys,microbench,emptykernel,"{""block"":""16384"",""thread"":""640""}",30101.760000000002,25583
nsys,microbench,emptykernel,"{""block"":""16384"",""thread"":""672""}",30719.520000000004,25584
nsys,microbench,emptykernel,"{""block"":""16384"",""thread"":""704""}",45433.44,36485
nsys,microbench,emptykernel,"{""block"":""16384"",""thread"":""736""}",44703.36,36486
nsys,microbench,emptykernel,"{""block"":""16384"",""thread"":""768""}",44591.04,36487
nsys,microbench,emptykernel,"{""block"":""16384"",""thread"":""800""}",45208.8,36489
nsys,microbench,emptykernel,"{""block"":""16384"",""thread"":""832""}",45940.635,36491
nsys,microbench,emptykernel,"{""block"":""16384"",""thread"":""864""}",46163.52,36493
nsys,microbench,emptykernel,"{""block"":""16384"",""thread"":""896""}",46893.6,36495
nsys,microbench,emptykernel,"{""block"":""16384"",""thread"":""928""}",47400.795,36497
nsys,microbench,emptykernel,"{""block"":""16384"",""thread"":""960""}",48466.08,36499
nsys,microbench,emptykernel,"{""block"":""16384"",""thread"":""992""}",48915.36,36501
nsys,microbench,emptykernel,"{""block"":""2048"",""thread"":""1024""}",8030.879999999999,6397
nsys,microbench,emptykernel,"{""block"":""2048"",""thread"":""256""}",4268.16,4317
nsys,microbench,emptykernel,"{""block"":""2048"",""thread"":""288""}",4380.48,4318
nsys,microbench,emptykernel,"{""block"":""2048"",""thread"":""320""}",4492.8,4319
nsys,microbench,emptykernel,"{""block"":""2048"",""thread"":""352""}",4548.96,4320
nsys,microbench,emptykernel,"{""block"":""2048"",""thread"":""384""}",4548.96,4321
nsys,microbench,emptykernel,"{""block"":""2048"",""thread"":""416""}",4605.12,4325
nsys,microbench,emptykernel,"{""block"":""2048"",""thread"":""448""}",4663.035,4329
nsys,microbench,emptykernel,"{""block"":""2048"",""thread"":""480""}",4717.4400000000005,4333
nsys,microbench,emptykernel,"{""block"":""2048"",""thread"":""512""}",4717.4400000000005,4337
nsys,microbench,emptykernel,"{""block"":""2048"",""thread"":""544""}",5391.36,5030
nsys,microbench,emptykernel,"{""block"":""2048"",""thread"":""576""}",5449.275,5031
nsys,microbench,emptykernel,"{""block"":""2048"",""thread"":""608""}",5559.84,5032
nsys,microbench,emptykernel,"{""block"":""2048"",""thread"":""640""}",5616,5033
nsys,microbench,emptykernel,"{""block"":""2048"",""thread"":""672""}",5672.160000000001,5034
nsys,microbench,emptykernel,"{""block"":""2048"",""thread"":""704""}",7525.4400000000005,6379
nsys,microbench,emptykernel,"{""block"":""2048"",""thread"":""736""}",7469.280000000001,6380
nsys,microbench,emptykernel,"{""block"":""2048"",""thread"":""768""}",7413.120000000001,6381
nsys,microbench,emptykernel,"{""block"":""2048"",""thread"":""800""}",7581.6,6383
nsys,microbench,emptykernel,"{""block"":""2048"",""thread"":""832""}",7581.6,6385
nsys,microbench,emptykernel,"{""block"":""2048"",""thread"":""864""}",7637.76,6387
nsys,microbench,emptykernel,"{""block"":""2048"",""thread"":""896""}",7751.835,6389
nsys,microbench,emptykernel,"{""block"":""2048"",""thread"":""928""}",7862.400000000001,6391
nsys,microbench,emptykernel,"{""block"":""2048"",""thread"":""960""}",7918.5599999999995,6393
nsys,microbench,emptykernel,"{""block"":""2048"",""thread"":""992""}",8030.879999999999,6395
nsys,microbench,emptykernel,"{""block"":""32768"",""thread"":""1024""}",96314.40000000001,70909
nsys,microbench,emptykernel,"{""block"":""32768"",""thread"":""256""}",39761.28,38109
nsys,microbench,emptykernel,"{""block"":""32768"",""thread"":""288""}",39648.96,38110
nsys,microbench,emptykernel,"{""block"":""32768"",""thread"":""320""}",39873.6,38111
nsys,microbench,emptykernel,"{""block"":""32768"",""thread"":""352""}",39929.759999999995,38112
nsys,microbench,emptykernel,"{""block"":""32768"",""thread"":""384""}",40042.08,38113
nsys,microbench,emptykernel,"{""block"":""32768"",""thread"":""416""}",39985.92,38117
nsys,microbench,emptykernel,"{""block"":""32768"",""thread"":""448""}",40603.68,38121
nsys,microbench,emptykernel,"{""block"":""32768"",""thread"":""480""}",41614.56,38125
nsys,microbench,emptykernel,"{""block"":""32768"",""thread"":""512""}",42514.875,38129
nsys,microbench,emptykernel,"{""block"":""32768"",""thread"":""544""}",53295.84,49062
nsys,microbench,emptykernel,"{""block"":""32768"",""thread"":""576""}",54756,49063
nsys,microbench,emptykernel,"{""block"":""32768"",""thread"":""608""}",56665.439999999995,49064
nsys,microbench,emptykernel,"{""block"":""32768"",""thread"":""640""}",57958.875,49065
nsys,microbench,emptykernel,"{""block"":""32768"",""thread"":""672""}",59361.119999999995,49066
nsys,microbench,emptykernel,"{""block"":""32768"",""thread"":""704""}",88676.64,70891
nsys,microbench,emptykernel,"{""block"":""32768"",""thread"":""736""}",87216.48,70892
nsys,microbench,emptykernel,"{""block"":""32768"",""thread"":""768""}",86825.115,70893
nsys,microbench,emptykernel,"{""block"":""32768"",""thread"":""800""}",88508.16,70895
nsys,microbench,emptykernel,"{""block"":""32768"",""thread"":""832""}",89912.16,70897
nsys,microbench,emptykernel,"{""block"":""32768"",""thread"":""864""}",90138.555,70899
nsys,microbench,emptykernel,"{""block"":""32768"",""thread"":""896""}",91653.12,70901
nsys,microbench,emptykernel,"{""block"":""32768"",""thread"":""928""}",92439.36,70903
nsys,microbench,emptykernel,"{""block"":""32768"",""thread"":""960""}",94517.28,70905
nsys,microbench,emptykernel,"{""block"":""32768"",""thread"":""992""}",95921.28,70907
nsys,microbench,emptykernel,"{""block"":""4096"",""thread"":""1024""}",13983.84,10698
nsys,microbench,emptykernel,"{""block"":""4096"",""thread"":""256""}",6626.879999999999,6570
nsys,microbench,emptykernel,"{""block"":""4096"",""thread"":""288""}",6739.2,6571
nsys,microbench,emptykernel,"{""block"":""4096"",""thread"":""320""}",6795.36,6572
nsys,microbench,emptykernel,"{""block"":""4096"",""thread"":""352""}",6907.68,6573
nsys,microbench,emptykernel,"{""block"":""4096"",""thread"":""384""}",6851.5199999999995,6574
nsys,microbench,emptykernel,"{""block"":""4096"",""thread"":""416""}",6963.84,6578
nsys,microbench,emptykernel,"{""block"":""4096"",""thread"":""448""}",7020,6582
nsys,microbench,emptykernel,"{""block"":""4096"",""thread"":""480""}",7132.32,6586
nsys,microbench,emptykernel,"{""block"":""4096"",""thread"":""512""}",7244.64,6590
nsys,microbench,emptykernel,"{""block"":""4096"",""thread"":""544""}",8648.64,7967
nsys,microbench,emptykernel,"{""block"":""4096"",""thread"":""576""}",8760.96,7968
nsys,microbench,emptykernel,"{""block"":""4096"",""thread"":""608""}",8929.44,7969
nsys,microbench,emptykernel,"{""block"":""4096"",""thread"":""640""}",9097.92,7970
nsys,microbench,emptykernel,"{""block"":""4096"",""thread"":""672""}",9322.560000000001,7971
nsys,microbench,emptykernel,"{""block"":""4096"",""thread"":""704""}",12972.960000000001,10680
nsys,microbench,emptykernel,"{""block"":""4096"",""thread"":""736""}",12748.32,10681
nsys,microbench,emptykernel,"{""block"":""4096"",""thread"":""768""}",12804.48,10682
nsys,microbench,emptykernel,"{""block"":""4096"",""thread"":""800""}",12862.395,10684
nsys,microbench,emptykernel,"{""block"":""4096"",""thread"":""832""}",13085.28,10686
nsys,microbench,emptykernel,"{""block"":""4096"",""thread"":""864""}",13197.599999999999,10688
nsys,microbench,emptykernel,"{""block"":""4096"",""thread"":""896""}",13309.92,10690
nsys,microbench,emptykernel,"{""block"":""4096"",""thread"":""928""}",13478.4,10692
nsys,microbench,emptykernel,"{""block"":""4096"",""thread"":""960""}",13703.039999999999,10694
nsys,microbench,emptykernel,"{""block"":""4096"",""thread"":""992""}",13927.68,10696
nsys,microbench,emptykernel,"{""block"":""65536"",""thread"":""1024""}",190326.24,139722
nsys,microbench,emptykernel,"{""block"":""65536"",""thread"":""256""}",77500.79999999999,74154
nsys,microbench,emptykernel,"{""block"":""65536"",""thread"":""288""}",77276.15999999999,74155
nsys,microbench,emptykernel,"{""block"":""65536"",""thread"":""320""}",77613.12,74156
nsys,microbench,emptykernel,"{""block"":""65536"",""thread"":""352""}",77895.675,74157
nsys,microbench,emptykernel,"{""block"":""65536"",""thread"":""384""}",77613.12,74158
nsys,microbench,emptykernel,"{""block"":""65536"",""thread"":""416""}",77781.6,74162
nsys,microbench,emptykernel,"{""block"":""65536"",""thread"":""448""}",78906.555,74166
nsys,microbench,emptykernel,"{""block"":""65536"",""thread"":""480""}",80984.475,74170
nsys,microbench,emptykernel,"{""block"":""65536"",""thread"":""512""}",82723.68000000001,74174
nsys,microbench,emptykernel,"{""block"":""65536"",""thread"":""544""}",105133.27500000001,96031
nsys,microbench,emptykernel,"{""block"":""65536"",""thread"":""576""}",107658.72,96032
nsys,microbench,emptykernel,"{""block"":""65536"",""thread"":""608""}",111196.8,96033
nsys,microbench,emptykernel,"{""block"":""65536"",""thread"":""640""}",113836.32,96034
nsys,microbench,emptykernel,"{""block"":""65536"",""thread"":""672""}",116588.16,96035
nsys,microbench,emptykernel,"{""block"":""65536"",""thread"":""704""}",175331.52,139704
nsys,microbench,emptykernel,"{""block"":""65536"",""thread"":""736""}",170164.8,139705
nsys,microbench,emptykernel,"{""block"":""65536"",""thread"":""768""}",171795.195,139706
nsys,microbench,emptykernel,"{""block"":""65536"",""thread"":""800""}",174603.195,139708
nsys,microbench,emptykernel,"{""block"":""65536"",""thread"":""832""}",177748.155,139710
nsys,microbench,emptykernel,"{""block"":""65536"",""thread"":""864""}",177746.4,139712
nsys,microbench,emptykernel,"{""block"":""65536"",""thread"":""896""}",180442.08000000002,139714
nsys,microbench,emptykernel,"{""block"":""65536"",""thread"":""928""}",182746.39500000002,139716
nsys,microbench,emptykernel,"{""block"":""65536"",""thread"":""960""}",186958.395,139718
nsys,microbench,emptykernel,"{""block"":""65536"",""thread"":""992""}",187632.315,139720
nsys,microbench,emptykernel,"{""block"":""8192"",""thread"":""1024""}",25777.440000000002,19300
nsys,microbench,emptykernel,"{""block"":""8192"",""thread"":""256""}",11400.480000000001,11076
nsys,microbench,emptykernel,"{""block"":""8192"",""thread"":""288""}",11512.8,11077
nsys,microbench,emptykernel,"{""block"":""8192"",""thread"":""320""}",11568.96,11078
nsys,microbench,emptykernel,"{""block"":""8192"",""thread"":""352""}",11626.875,11079
nsys,microbench,emptykernel,"{""block"":""8192"",""thread"":""384""}",11568.96,11080
nsys,microbench,emptykernel,"{""block"":""8192"",""thread"":""416""}",11737.439999999999,11084
nsys,microbench,emptykernel,"{""block"":""8192"",""thread"":""448""}",11849.76,11088
nsys,microbench,emptykernel,"{""block"":""8192"",""thread"":""480""}",12074.4,11092
nsys,microbench,emptykernel,"{""block"":""8192"",""thread"":""512""}",12299.04,11096
nsys,microbench,emptykernel,"{""block"":""8192"",""thread"":""544""}",15050.880000000001,13837
nsys,microbench,emptykernel,"{""block"":""8192"",""thread"":""576""}",15275.52,13838
nsys,microbench,emptykernel,"{""block"":""8192"",""thread"":""608""}",15782.715,13839
nsys,microbench,emptykernel,"{""block"":""8192"",""thread"":""640""}",16116.164999999999,13840
nsys,microbench,emptykernel,"{""block"":""8192"",""thread"":""672""}",16398.719999999998,13841
nsys,microbench,emptykernel,"{""block"":""8192"",""thread"":""704""}",23811.84,19282
nsys,microbench,emptykernel,"{""block"":""8192"",""thread"":""736""}",23418.719999999998,19283
nsys,microbench,emptykernel,"{""block"":""8192"",""thread"":""768""}",23306.399999999998,19284
nsys,microbench,emptykernel,"{""block"":""8192"",""thread"":""800""}",23699.52,19286
nsys,microbench,emptykernel,"{""block"":""8192"",""thread"":""832""}",24092.64,19288
nsys,microbench,emptykernel,"{""block"":""8192"",""thread"":""864""}",24317.28,19290
nsys,microbench,emptykernel,"{""block"":""8192"",""thread"":""896""}",24541.92,19292
nsys,microbench,emptykernel,"{""block"":""8192"",""thread"":""928""}",24766.56,19294
nsys,microbench,emptykernel,"{""block"":""8192"",""thread"":""960""}",25384.32,19296
nsys,microbench,emptykernel,"{""block"":""8192"",""thread"":""992""}",25496.64,19298
nsys,microbench,ffmakernel,"{""block"":""1"",""iters"":""10"",""thread"":""128""}",7974.719999999999,7243
nsys,microbench,ffmakernel,"{""block"":""1"",""iters"":""10"",""thread"":""32""}",8087.039999999999,7240
nsys,microbench,ffmakernel,"{""block"":""1"",""iters"":""10"",""thread"":""64""}",7974.719999999999,7241
nsys,microbench,ffmakernel,"{""block"":""1"",""iters"":""20"",""thread"":""128""}",13197.599999999999,12443
nsys,microbench,ffmakernel,"{""block"":""1"",""iters"":""20"",""thread"":""32""}",13366.08,12440
nsys,microbench,ffmakernel,"{""block"":""1"",""iters"":""20"",""thread"":""64""}",13252.005000000001,12441
nsys,microbench,ffmakernel,"{""block"":""1"",""iters"":""30"",""thread"":""128""}",18476.64,17643
nsys,microbench,ffmakernel,"{""block"":""1"",""iters"":""30"",""thread"":""32""}",18588.96,17640
nsys,microbench,ffmakernel,"{""block"":""1"",""iters"":""30"",""thread"":""64""}",18476.64,17641
nsys,microbench,ffmakernel,"{""block"":""1"",""iters"":""40"",""thread"":""128""}",23755.68,22843
nsys,microbench,ffmakernel,"{""block"":""1"",""iters"":""40"",""thread"":""32""}",23811.84,22840
nsys,microbench,ffmakernel,"{""block"":""1"",""iters"":""40"",""thread"":""64""}",23755.68,22841
nsys,microbench,ffmakernel,"{""block"":""2"",""iters"":""10"",""thread"":""128""}",7693.920000000001,7256
nsys,microbench,ffmakernel,"{""block"":""2"",""iters"":""10"",""thread"":""32""}",7806.240000000001,7252
nsys,microbench,ffmakernel,"{""block"":""2"",""iters"":""10"",""thread"":""64""}",7693.920000000001,7253
nsys,microbench,ffmakernel,"{""block"":""2"",""iters"":""20"",""thread"":""128""}",12916.800000000001,12456
nsys,microbench,ffmakernel,"{""block"":""2"",""iters"":""20"",""thread"":""32""}",13029.12,12452
nsys,microbench,ffmakernel,"{""block"":""2"",""iters"":""20"",""thread"":""64""}",12916.800000000001,12453
nsys,microbench,ffmakernel,"{""block"":""2"",""iters"":""30"",""thread"":""128""}",18139.68,17656
nsys,microbench,ffmakernel,"{""block"":""2"",""iters"":""30"",""thread"":""32""}",18252,17652
nsys,microbench,ffmakernel,"{""block"":""2"",""iters"":""30"",""thread"":""64""}",18139.68,17653
nsys,microbench,ffmakernel,"{""block"":""2"",""iters"":""40"",""thread"":""128""}",23418.719999999998,22856
nsys,microbench,ffmakernel,"{""block"":""2"",""iters"":""40"",""thread"":""32""}",23587.2,22852
nsys,microbench,ffmakernel,"{""block"":""2"",""iters"":""40"",""thread"":""64""}",23474.879999999997,22853
nsys,microbench,ffmakernel,"{""block"":""3"",""iters"":""10"",""thread"":""128""}",7692.165,7341
nsys,microbench,ffmakernel,"{""block"":""3"",""iters"":""10"",""thread"":""32""}",7693.920000000001,7264
nsys,microbench,ffmakernel,"{""block"":""3"",""iters"":""10"",""thread"":""64""}",7693.920000000001,7266
nsys,microbench,ffmakernel,"{""block"":""3"",""iters"":""20"",""thread"":""128""}",12860.640000000001,12621
nsys,microbench,ffmakernel,"{""block"":""3"",""iters"":""20"",""thread"":""32""}",12916.800000000001,12464
nsys,microbench,ffmakernel,"{""block"":""3"",""iters"":""20"",""thread"":""64""}",12916.800000000001,12466
nsys,microbench,ffmakernel,"{""block"":""3"",""iters"":""30"",""thread"":""128""}",18195.84,17901
nsys,microbench,ffmakernel,"{""block"":""3"",""iters"":""30"",""thread"":""32""}",18139.68,17664
nsys,microbench,ffmakernel,"{""block"":""3"",""iters"":""30"",""thread"":""64""}",18139.68,17666
nsys,microbench,ffmakernel,"{""block"":""3"",""iters"":""40"",""thread"":""128""}",23362.559999999998,23181
nsys,microbench,ffmakernel,"{""block"":""3"",""iters"":""40"",""thread"":""32""}",23474.879999999997,22864
nsys,microbench,ffmakernel,"{""block"":""3"",""iters"":""40"",""thread"":""64""}",23587.2,22866
nsys,microbench,ffmakernel-large,"{""block"":""100"",""iters"":""10"",""thread"":""128""}",7806.240000000001,7459
nsys,microbench,ffmakernel-large,"{""block"":""100"",""iters"":""10"",""thread"":""32""}",7750.080000000001,7381
nsys,microbench,ffmakernel-large,"{""block"":""100"",""iters"":""10"",""thread"":""64""}",7750.080000000001,7383
nsys,microbench,ffmakernel-large,"{""block"":""100"",""iters"":""20"",""thread"":""128""}",13141.44,12739
nsys,microbench,ffmakernel-large,"{""block"":""100"",""iters"":""20"",""thread"":""32""}",13029.12,12581
nsys,microbench,ffmakernel-large,"{""block"":""100"",""iters"":""20"",""thread"":""64""}",12916.800000000001,12583
nsys,microbench,ffmakernel-large,"{""block"":""100"",""iters"":""30"",""thread"":""128""}",18364.32,18019
nsys,microbench,ffmakernel-large,"{""block"":""100"",""iters"":""30"",""thread"":""32""}",18252,17781
nsys,microbench,ffmakernel-large,"{""block"":""100"",""iters"":""30"",""thread"":""64""}",18139.68,17783
nsys,microbench,ffmakernel-large,"{""block"":""100"",""iters"":""40"",""thread"":""128""}",23474.879999999997,23299
nsys,microbench,ffmakernel-large,"{""block"":""100"",""iters"":""40"",""thread"":""32""}",23474.879999999997,22981
nsys,microbench,ffmakernel-large,"{""block"":""100"",""iters"":""40"",""thread"":""64""}",23474.879999999997,22983
nsys,microbench,ffmakernel-large,"{""block"":""200"",""iters"":""10"",""thread"":""128""}",7918.5599999999995,7569
nsys,microbench,ffmakernel-large,"{""block"":""200"",""iters"":""10"",""thread"":""32""}",7862.400000000001,7491
nsys,microbench,ffmakernel-large,"{""block"":""200"",""iters"":""10"",""thread"":""64""}",7918.5599999999995,7493
nsys,microbench,ffmakernel-large,"{""block"":""200"",""iters"":""20"",""thread"":""128""}",13253.759999999998,12849
nsys,microbench,ffmakernel-large,"{""block"":""200"",""iters"":""20"",""thread"":""32""}",13029.12,12691
nsys,microbench,ffmakernel-large,"{""block"":""200"",""iters"":""20"",""thread"":""64""}",13197.599999999999,12693
nsys,microbench,ffmakernel-large,"{""block"":""200"",""iters"":""30"",""thread"":""128""}",18476.64,18129
nsys,microbench,ffmakernel-large,"{""block"":""200"",""iters"":""30"",""thread"":""32""}",18308.16,17891
nsys,microbench,ffmakernel-large,"{""block"":""200"",""iters"":""30"",""thread"":""64""}",18476.64,17893
nsys,microbench,ffmakernel-large,"{""block"":""200"",""iters"":""40"",""thread"":""128""}",23811.84,23409
nsys,microbench,ffmakernel-large,"{""block"":""200"",""iters"":""40"",""thread"":""32""}",23643.36,23091
nsys,microbench,ffmakernel-large,"{""block"":""200"",""iters"":""40"",""thread"":""64""}",23755.68,23093
nsys,microbench,ffmakernel-large,"{""block"":""300"",""iters"":""10"",""thread"":""128""}",7976.474999999999,7679
nsys,microbench,ffmakernel-large,"{""block"":""300"",""iters"":""10"",""thread"":""32""}",7974.719999999999,7601
nsys,microbench,ffmakernel-large,"{""block"":""300"",""iters"":""10"",""thread"":""64""}",7976.474999999999,7603
nsys,microbench,ffmakernel-large,"{""block"":""300"",""iters"":""20"",""thread"":""128""}",13366.08,12959
nsys,microbench,ffmakernel-large,"{""block"":""300"",""iters"":""20"",""thread"":""32""}",13197.599999999999,12801
nsys,microbench,ffmakernel-large,"{""block"":""300"",""iters"":""20"",""thread"":""64""}",13366.08,12803
nsys,microbench,ffmakernel-large,"{""block"":""300"",""iters"":""30"",""thread"":""128""}",18701.280000000002,18239
nsys,microbench,ffmakernel-large,"{""block"":""300"",""iters"":""30"",""thread"":""32""}",18420.48,18001
nsys,microbench,ffmakernel-large,"{""block"":""300"",""iters"":""30"",""thread"":""64""}",18532.8,18003
nsys,microbench,ffmakernel-large,"{""block"":""300"",""iters"":""40"",""thread"":""128""}",24092.64,23519
nsys,microbench,ffmakernel-large,"{""block"":""300"",""iters"":""40"",""thread"":""32""}",23643.36,23201
nsys,microbench,ffmakernel-large,"{""block"":""300"",""iters"":""40"",""thread"":""64""}",23924.16,23203
nsys,microbench,ffmakernel-large-large,"{""block"":""1000"",""iters"":""1"",""thread"":""1024""}",13815.36,12948
nsys,microbench,ffmakernel-large-large,"{""block"":""1000"",""iters"":""10"",""thread"":""128""}",18081.765000000003,18231
nsys,microbench,ffmakernel-large-large,"{""block"":""1000"",""iters"":""20"",""thread"":""128""}",33527.52,34071
nsys,microbench,ffmakernel-large-large,"{""block"":""1200"",""iters"":""1"",""thread"":""1024""}",16342.56,15046
nsys,microbench,ffmakernel-large-large,"{""block"":""1200"",""iters"":""10"",""thread"":""128""}",18869.760000000002,18451
nsys,microbench,ffmakernel-large-large,"{""block"":""1200"",""iters"":""20"",""thread"":""128""}",34931.52,34291
nsys,microbench,ffmakernel-large-large,"{""block"":""1400"",""iters"":""1"",""thread"":""1024""}",18532.8,17144
nsys,microbench,ffmakernel-large-large,"{""block"":""1400"",""iters"":""10"",""thread"":""128""}",23194.079999999998,23562
nsys,microbench,ffmakernel-large-large,"{""block"":""1400"",""iters"":""20"",""thread"":""128""}",43580.16,44682
nsys,microbench,ffmakernel-large-large,"{""block"":""1600"",""iters"":""1"",""thread"":""1024""}",21116.16,19242
nsys,microbench,ffmakernel-large-large,"{""block"":""1600"",""iters"":""10"",""thread"":""128""}",24375.195,23782
nsys,microbench,ffmakernel-large-large,"{""block"":""1600"",""iters"":""20"",""thread"":""128""}",45938.88,44902
nsys,microbench,ffmakernel-large-large,"{""block"":""1800"",""iters"":""1"",""thread"":""1024""}",22578.075,19662
nsys,microbench,ffmakernel-large-large,"{""block"":""1800"",""iters"":""10"",""thread"":""128""}",24766.56,24002
nsys,microbench,ffmakernel-large-large,"{""block"":""1800"",""iters"":""20"",""thread"":""128""}",46670.715,45122
nsys,microbench,ffmakernel-large-large,"{""block"":""200"",""iters"":""1"",""thread"":""1024""}",4887.675,4556
nsys,microbench,ffmakernel-large-large,"{""block"":""200"",""iters"":""10"",""thread"":""128""}",7918.5599999999995,7569
nsys,microbench,ffmakernel-large-large,"{""block"":""200"",""iters"":""20"",""thread"":""128""}",13197.599999999999,12849
nsys,microbench,ffmakernel-large-large,"{""block"":""2000"",""iters"":""1"",""thread"":""1024""}",24991.2,21760
nsys,microbench,ffmakernel-large-large,"{""block"":""2000"",""iters"":""10"",""thread"":""128""}",29820.960000000003,29113
nsys,microbench,ffmakernel-large-large,"{""block"":""2000"",""iters"":""20"",""thread"":""128""}",57002.399999999994,55513
nsys,microbench,ffmakernel-large-large,"{""block"":""2200"",""iters"":""1"",""thread"":""1024""}",27293.76,23858
nsys,microbench,ffmakernel-large-large,"{""block"":""2200"",""iters"":""10"",""thread"":""128""}",30326.4,29333
nsys,microbench,ffmakernel-large-large,"{""block"":""2200"",""iters"":""20"",""thread"":""128""}",57451.67999999999,55733
nsys,microbench,ffmakernel-large-large,"{""block"":""2400"",""iters"":""1"",""thread"":""1024""}",29764.800000000003,25956
nsys,microbench,ffmakernel-large-large,"{""block"":""2400"",""iters"":""10"",""thread"":""128""}",34371.675,34444
nsys,microbench,ffmakernel-large-large,"{""block"":""2400"",""iters"":""20"",""thread"":""128""}",65875.68000000001,66124
nsys,microbench,ffmakernel-large-large,"{""block"":""2600"",""iters"":""1"",""thread"":""1024""}",31449.600000000002,28054
nsys,microbench,ffmakernel-large-large,"{""block"":""2600"",""iters"":""10"",""thread"":""128""}",35605.44,34664
nsys,microbench,ffmakernel-large-large,"{""block"":""2600"",""iters"":""20"",""thread"":""128""}",68404.635,66344
nsys,microbench,ffmakernel-large-large,"{""block"":""2800"",""iters"":""1"",""thread"":""1024""}",33976.799999999996,30152
nsys,microbench,ffmakernel-large-large,"{""block"":""2800"",""iters"":""10"",""thread"":""128""}",38860.965000000004,39775
nsys,microbench,ffmakernel-large-large,"{""block"":""2800"",""iters"":""20"",""thread"":""128""}",75143.835,76735
nsys,microbench,ffmakernel-large-large,"{""block"":""3000"",""iters"":""1"",""thread"":""1024""}",36393.435,32250
nsys,microbench,ffmakernel-large-large,"{""block"":""3000"",""iters"":""10"",""thread"":""128""}",40491.36,39995
nsys,microbench,ffmakernel-large-large,"{""block"":""3000"",""iters"":""20"",""thread"":""128""}",77837.76,76955
nsys,microbench,ffmakernel-large-large,"{""block"":""3200"",""iters"":""1"",""thread"":""1024""}",38357.280000000006,34348
nsys,microbench,ffmakernel-large-large,"{""block"":""3200"",""iters"":""10"",""thread"":""128""}",43804.8,45106
nsys,microbench,ffmakernel-large-large,"{""block"":""3200"",""iters"":""20"",""thread"":""128""}",85138.56,87346
nsys,microbench,ffmakernel-large-large,"{""block"":""3400"",""iters"":""1"",""thread"":""1024""}",40661.595,34768
nsys,microbench,ffmakernel-large-large,"{""block"":""3400"",""iters"":""10"",""thread"":""128""}",45715.995,45326
nsys,microbench,ffmakernel-large-large,"{""block"":""3400"",""iters"":""20"",""thread"":""128""}",89350.56,87566
nsys,microbench,ffmakernel-large-large,"{""block"":""3600"",""iters"":""1"",""thread"":""1024""}",42513.12,36866
nsys,microbench,ffmakernel-large-large,"{""block"":""3600"",""iters"":""10"",""thread"":""128""}",46614.555,45546
nsys,microbench,ffmakernel-large-large,"{""block"":""3600"",""iters"":""20"",""thread"":""128""}",91091.52,87786
nsys,microbench,ffmakernel-large-large,"{""block"":""3800"",""iters"":""1"",""thread"":""1024""}",44759.520000000004,38964
nsys,microbench,ffmakernel-large-large,"{""block"":""3800"",""iters"":""10"",""thread"":""128""}",50207.04,50657
nsys,microbench,ffmakernel-large-large,"{""block"":""3800"",""iters"":""20"",""thread"":""128""}",98618.715,98177
nsys,microbench,ffmakernel-large-large,"{""block"":""400"",""iters"":""1"",""thread"":""1024""}",7413.120000000001,6654
nsys,microbench,ffmakernel-large-large,"{""block"":""400"",""iters"":""10"",""thread"":""128""}",8087.039999999999,7789
nsys,microbench,ffmakernel-large-large,"{""block"":""400"",""iters"":""20"",""thread"":""128""}",13646.88,13069
nsys,microbench,ffmakernel-large-large,"{""block"":""4000"",""iters"":""1"",""thread"":""1024""}",47007.675,41062
nsys,microbench,ffmakernel-large-large,"{""block"":""4000"",""iters"":""10"",""thread"":""128""}",51891.840000000004,50877
nsys,microbench,ffmakernel-large-large,"{""block"":""4000"",""iters"":""20"",""thread"":""128""}",101932.155,98397
nsys,microbench,ffmakernel-large-large,"{""block"":""4200"",""iters"":""1"",""thread"":""1024""}",49366.395000000004,43160
nsys,microbench,ffmakernel-large-large,"{""block"":""4200"",""iters"":""10"",""thread"":""128""}",54701.595,55988
nsys,microbench,ffmakernel-large-large,"{""block"":""4200"",""iters"":""20"",""thread"":""128""}",107155.035,108788
nsys,microbench,ffmakernel-large-large,"{""block"":""4400"",""iters"":""1"",""thread"":""1024""}",51500.475,45258
nsys,microbench,ffmakernel-large-large,"{""block"":""4400"",""iters"":""10"",""thread"":""128""}",56833.92,56208
nsys,microbench,ffmakernel-large-large,"{""block"":""4400"",""iters"":""20"",""thread"":""128""}",111591.675,109008
nsys,microbench,ffmakernel-large-large,"{""block"":""4600"",""iters"":""1"",""thread"":""1024""}",53801.28,47356
nsys,microbench,ffmakernel-large-large,"{""block"":""4600"",""iters"":""10"",""thread"":""128""}",59585.759999999995,61319
nsys,microbench,ffmakernel-large-large,"{""block"":""4600"",""iters"":""20"",""thread"":""128""}",117655.20000000001,119399
nsys,microbench,ffmakernel-large-large,"{""block"":""4800"",""iters"":""1"",""thread"":""1024""}",56103.84,49454
nsys,microbench,ffmakernel-large-large,"{""block"":""4800"",""iters"":""10"",""thread"":""128""}",61888.32000000001,61539
nsys,microbench,ffmakernel-large-large,"{""block"":""4800"",""iters"":""20"",""thread"":""128""}",121979.52,119619
nsys,microbench,ffmakernel-large-large,"{""block"":""5000"",""iters"":""1"",""thread"":""1024""}",58013.28,49874
nsys,microbench,ffmakernel-large-large,"{""block"":""5000"",""iters"":""10"",""thread"":""128""}",63069.435,61759
nsys,microbench,ffmakernel-large-large,"{""block"":""5000"",""iters"":""20"",""thread"":""128""}",125573.76000000001,119839
nsys,microbench,ffmakernel-large-large,"{""block"":""5200"",""iters"":""1"",""thread"":""1024""}",60428.16,51972
nsys,microbench,ffmakernel-large-large,"{""block"":""5200"",""iters"":""10"",""thread"":""128""}",66832.155,65858
nsys,microbench,ffmakernel-large-large,"{""block"":""5200"",""iters"":""20"",""thread"":""128""}",132649.92,130230
nsys,microbench,ffmakernel-large-large,"{""block"":""5400"",""iters"":""1"",""thread"":""1024""}",62843.04,54070
nsys,microbench,ffmakernel-large-large,"{""block"":""5400"",""iters"":""10"",""thread"":""128""}",69076.8,66085
nsys,microbench,ffmakernel-large-large,"{""block"":""5400"",""iters"":""20"",""thread"":""128""}",135514.08,130450
nsys,microbench,ffmakernel-large-large,"{""block"":""5600"",""iters"":""1"",""thread"":""1024""}",65540.47499999999,56168
nsys,microbench,ffmakernel-large-large,"{""block"":""5600"",""iters"":""10"",""thread"":""128""}",71154.72,71103
nsys,microbench,ffmakernel-large-large,"{""block"":""5600"",""iters"":""20"",""thread"":""128""}",142253.28,140841
nsys,microbench,ffmakernel-large-large,"{""block"":""5800"",""iters"":""1"",""thread"":""1024""}",66944.475,58266
nsys,microbench,ffmakernel-large-large,"{""block"":""5800"",""iters"":""10"",""thread"":""128""}",73795.995,71327
nsys,microbench,ffmakernel-large-large,"{""block"":""5800"",""iters"":""20"",""thread"":""128""}",144275.04,138797
nsys,microbench,ffmakernel-large-large,"{""block"":""600"",""iters"":""1"",""thread"":""1024""}",9659.519999999999,8752
nsys,microbench,ffmakernel-large-large,"{""block"":""600"",""iters"":""10"",""thread"":""128""}",13197.599999999999,12900
nsys,microbench,ffmakernel-large-large,"{""block"":""600"",""iters"":""20"",""thread"":""128""}",23868,23460
nsys,microbench,ffmakernel-large-large,"{""block"":""6000"",""iters"":""1"",""thread"":""1024""}",69301.44,60364
nsys,microbench,ffmakernel-large-large,"{""block"":""6000"",""iters"":""10"",""thread"":""128""}",75480.795,76345
nsys,microbench,ffmakernel-large-large,"{""block"":""6000"",""iters"":""20"",""thread"":""128""}",150452.63999999998,149005
nsys,microbench,ffmakernel-large-large,"{""block"":""800"",""iters"":""1"",""thread"":""1024""}",12130.56,10850
nsys,microbench,ffmakernel-large-large,"{""block"":""800"",""iters"":""10"",""thread"":""128""}",13590.72,13120
nsys,microbench,ffmakernel-large-large,"{""block"":""800"",""iters"":""20"",""thread"":""128""}",24485.76,23680
nsys,microbench,ldgekernel,"{""iters"":""10"",""size"":""524288""}",8480.16,11922
nsys,microbench,ldgekernel,"{""iters"":""10"",""size"":""8192""}",7974.719999999999,10440
nsys,microbench,ldgekernel,"{""iters"":""10"",""size"":""8388608""}",9208.485,11922
nsys,microbench,ldgekernel,"{""iters"":""12"",""size"":""524288""}",9547.2,12793
nsys,microbench,ldgekernel,"{""iters"":""12"",""size"":""8192""}",8424,10817
nsys,microbench,ldgekernel,"{""iters"":""12"",""size"":""8388608""}",10389.6,13568
nsys,microbench,ldgekernel,"{""iters"":""14"",""size"":""524288""}",10558.08,14439
nsys,microbench,ldgekernel,"{""iters"":""14"",""size"":""8192""}",8929.44,11203
nsys,microbench,ldgekernel,"{""iters"":""14"",""size"":""8388608""}",11625.119999999999,15214
nsys,microbench,ldgekernel,"{""iters"":""16"",""size"":""524288""}",11454.885,16085
nsys,microbench,ldgekernel,"{""iters"":""16"",""size"":""8192""}",9491.04,12355
nsys,microbench,ldgekernel,"{""iters"":""16"",""size"":""8388608""}",12469.275000000001,16860
nsys,microbench,ldgekernel,"{""iters"":""4"",""size"":""524288""}",5447.52,6984
nsys,microbench,ldgekernel,"{""iters"":""4"",""size"":""8192""}",5447.52,6490
nsys,microbench,ldgekernel,"{""iters"":""4"",""size"":""8388608""}",6233.76,6984
nsys,microbench,ldgekernel,"{""iters"":""6"",""size"":""524288""}",6458.400000000001,8630
nsys,microbench,ldgekernel,"{""iters"":""6"",""size"":""8192""}",6403.995,8136
nsys,microbench,ldgekernel,"{""iters"":""6"",""size"":""8388608""}",7413.120000000001,8630
nsys,microbench,ldgekernel,"{""iters"":""8"",""size"":""524288""}",7469.280000000001,10276
nsys,microbench,ldgekernel,"{""iters"":""8"",""size"":""8192""}",7244.64,8967
nsys,microbench,ldgekernel,"{""iters"":""8"",""size"":""8388608""}",8255.52,10276
nsys,microbench,pointerchasing-dram,"{""block"":""1"",""iters"":""10000"",""size"":""100663296"",""thread"":""32""}",9779758.559999999,8532306
nsys,microbench,pointerchasing-dram,"{""block"":""1"",""iters"":""10000"",""size"":""134217728"",""thread"":""32""}",9804017.925,8541198
nsys,microbench,pointerchasing-dram,"{""block"":""1"",""iters"":""10000"",""size"":""16777216"",""thread"":""32""}",8851758.435,8381994
nsys,microbench,pointerchasing-dram,"{""block"":""1"",""iters"":""10000"",""size"":""201326592"",""thread"":""32""}",9855853.605,8550584
nsys,microbench,pointerchasing-dram,"{""block"":""1"",""iters"":""10000"",""size"":""25165824"",""thread"":""32""}",9294530.895000001,8432885
nsys,microbench,pointerchasing-dram,"{""block"":""1"",""iters"":""10000"",""size"":""268435456"",""thread"":""32""}",9888538.725,8555030
nsys,microbench,pointerchasing-dram,"{""block"":""1"",""iters"":""10000"",""size"":""33554432"",""thread"":""32""}",9468684.809999999,8469228
nsys,microbench,pointerchasing-dram,"{""block"":""1"",""iters"":""10000"",""size"":""402653184"",""thread"":""32""}",9892127.7,8555524
nsys,microbench,pointerchasing-dram,"{""block"":""1"",""iters"":""10000"",""size"":""50331648"",""thread"":""32""}",9567863.370000001,8507819
nsys,microbench,pointerchasing-dram,"{""block"":""1"",""iters"":""10000"",""size"":""536870912"",""thread"":""32""}",9894653.145,8556512
nsys,microbench,pointerchasing-dram,"{""block"":""1"",""iters"":""10000"",""size"":""67108864"",""thread"":""32""}",9647949.285,8517486
nsys,microbench,pointerchasing-l1,"{""block"":""1"",""iters"":""10000"",""size"":""1024"",""thread"":""32""}",560088.9450000001,542888
nsys,microbench,pointerchasing-l1,"{""block"":""1"",""iters"":""10000"",""size"":""12288"",""thread"":""32""}",701612.145,635798
nsys,microbench,pointerchasing-l1,"{""block"":""1"",""iters"":""10000"",""size"":""1536"",""thread"":""32""}",579181.59,547094
nsys,microbench,pointerchasing-l1,"{""block"":""1"",""iters"":""10000"",""size"":""16384"",""thread"":""32""}",730366.0650000001,669590
nsys,microbench,pointerchasing-l1,"{""block"":""1"",""iters"":""10000"",""size"":""2048"",""thread"":""32""}",590583.825,551336
nsys,microbench,pointerchasing-l1,"{""block"":""1"",""iters"":""10000"",""size"":""3072"",""thread"":""32""}",611812.3049999999,559766
nsys,microbench,pointerchasing-l1,"{""block"":""1"",""iters"":""10000"",""size"":""4096"",""thread"":""32""}",623212.785,568232
nsys,microbench,pointerchasing-l1,"{""block"":""1"",""iters"":""10000"",""size"":""512"",""thread"":""32""}",526391.19,538646
nsys,microbench,pointerchasing-l1,"{""block"":""1"",""iters"":""10000"",""size"":""6144"",""thread"":""32""}",642531.8250000001,585110
nsys,microbench,pointerchasing-l1,"{""block"":""1"",""iters"":""10000"",""size"":""768"",""thread"":""32""}",548463.825,540776
nsys,microbench,pointerchasing-l1,"{""block"":""1"",""iters"":""10000"",""size"":""8192"",""thread"":""32""}",667466.865,602006
nsys,microbench,pointerchasing-l2,"{""block"":""1"",""iters"":""10000"",""size"":""1048576"",""thread"":""32""}",4703103.405,6481204
nsys,microbench,pointerchasing-l2,"{""block"":""1"",""iters"":""10000"",""size"":""131072"",""thread"":""32""}",3794594.3099999996,4047295
nsys,microbench,pointerchasing-l2,"{""block"":""1"",""iters"":""10000"",""size"":""1572864"",""thread"":""32""}",5062811.715,7017729
nsys,microbench,pointerchasing-l2,"{""block"":""1"",""iters"":""10000"",""size"":""196608"",""thread"":""32""}",3875410.3049999997,4325690
nsys,microbench,pointerchasing-l2,"{""block"":""1"",""iters"":""10000"",""size"":""2097152"",""thread"":""32""}",5224496.3549999995,7354202
nsys,microbench,pointerchasing-l2,"{""block"":""1"",""iters"":""10000"",""size"":""262144"",""thread"":""32""}",3943477.98,4590334
nsys,microbench,pointerchasing-l2,"{""block"":""1"",""iters"":""10000"",""size"":""393216"",""thread"":""32""}",4084158.78,5052392
nsys,microbench,pointerchasing-l2,"{""block"":""1"",""iters"":""10000"",""size"":""524288"",""thread"":""32""}",4209901.0200000005,5444651
nsys,microbench,pointerchasing-l2,"{""block"":""1"",""iters"":""10000"",""size"":""65536"",""thread"":""32""}",3724618.9499999997,3689399
nsys,microbench,pointerchasing-l2,"{""block"":""1"",""iters"":""10000"",""size"":""786432"",""thread"":""32""}",4447124.37,6048768
nsys,microbench,pointerchasing-l2,"{""block"":""1"",""iters"":""10000"",""size"":""98304"",""thread"":""32""}",3750340.23,3884609
nsys,polybench,2dconv,"{""block"":""16"",""size"":""128""}",3313.4399999999996,5742
nsys,polybench,2dconv,"{""block"":""16"",""size"":""192""}",3538.08,6185
nsys,polybench,2dconv,"{""block"":""16"",""size"":""256""}",3594.2400000000002,6319
nsys,polybench,2dconv,"{""block"":""16"",""size"":""32""}",3144.96,4178
nsys,polybench,2dconv,"{""block"":""16"",""size"":""384""}",4043.5199999999995,30905
nsys,polybench,2dconv,"{""block"":""16"",""size"":""48""}",3257.28,4156
nsys,polybench,2dconv,"{""block"":""16"",""size"":""512""}",4603.365000000001,36647
nsys,polybench,2dconv,"{""block"":""16"",""size"":""64""}",3202.875,4952
nsys,polybench,2dconv,"{""block"":""16"",""size"":""96""}",3257.28,4966
nsys,polybench,2dconv,"{""block"":""32"",""size"":""128""}",3369.6,5742
nsys,polybench,2dconv,"{""block"":""32"",""size"":""192""}",3594.2400000000002,6185
nsys,polybench,2dconv,"{""block"":""32"",""size"":""256""}",3594.2400000000002,6319
nsys,polybench,2dconv,"{""block"":""32"",""size"":""32""}",3144.96,4178
nsys,polybench,2dconv,"{""block"":""32"",""size"":""384""}",4043.5199999999995,31383
nsys,polybench,2dconv,"{""block"":""32"",""size"":""48""}",3257.28,4156
nsys,polybench,2dconv,"{""block"":""32"",""size"":""512""}",4547.205,44796
nsys,polybench,2dconv,"{""block"":""32"",""size"":""64""}",3201.12,4952
nsys,polybench,2dconv,"{""block"":""32"",""size"":""96""}",3313.4399999999996,4966
nsys,polybench,2dconv,"{""block"":""8"",""size"":""128""}",3369.6,5742
nsys,polybench,2dconv,"{""block"":""8"",""size"":""192""}",3481.92,6185
nsys,polybench,2dconv,"{""block"":""8"",""size"":""256""}",3594.2400000000002,6319
nsys,polybench,2dconv,"{""block"":""8"",""size"":""32""}",3201.12,4178
nsys,polybench,2dconv,"{""block"":""8"",""size"":""384""}",4043.5199999999995,34715
nsys,polybench,2dconv,"{""block"":""8"",""size"":""48""}",3257.28,4156
nsys,polybench,2dconv,"{""block"":""8"",""size"":""512""}",4548.96,52811
nsys,polybench,2dconv,"{""block"":""8"",""size"":""64""}",3257.28,4952
nsys,polybench,2dconv,"{""block"":""8"",""size"":""96""}",3369.6,4966
nsys,polybench,2mm,"{""blockDimX"":""16"",""size"":""128""}",106704,13235987
nsys,polybench,2mm,"{""blockDimX"":""16"",""size"":""160""}",130573.75499999999,11367604
nsys,polybench,2mm,"{""blockDimX"":""16"",""size"":""192""}",155844,20342057
nsys,polybench,2mm,"{""blockDimX"":""16"",""size"":""224""}",183588.79499999998,29104187
nsys,polybench,2mm,"{""blockDimX"":""16"",""size"":""256""}",209252.16,91564283
nsys,polybench,2mm,"{""blockDimX"":""16"",""size"":""32""}",35549.28,95616
nsys,polybench,2mm,"{""blockDimX"":""16"",""size"":""64""}",56440.799999999996,200208
nsys,polybench,2mm,"{""blockDimX"":""16"",""size"":""96""}",82555.2,1759558
nsys,polybench,2mm,"{""blockDimX"":""32"",""size"":""128""}",113669.59500000002,3813051
nsys,polybench,2mm,"{""blockDimX"":""32"",""size"":""160""}",138660.795,6712887
nsys,polybench,2mm,"{""blockDimX"":""32"",""size"":""192""}",166402.08000000002,14760515
nsys,polybench,2mm,"{""blockDimX"":""32"",""size"":""224""}",191674.08,17459831
nsys,polybench,2mm,"{""blockDimX"":""32"",""size"":""256""}",218351.835,28465993
nsys,polybench,2mm,"{""blockDimX"":""32"",""size"":""32""}",37962.405,100544
nsys,polybench,2mm,"{""blockDimX"":""32"",""size"":""64""}",58968,432253
nsys,polybench,2mm,"{""blockDimX"":""32"",""size"":""96""}",87499.035,1418496
nsys,polybench,2mm,"{""blockDimX"":""8"",""size"":""128""}",104232.96,19278765
nsys,polybench,2mm,"{""blockDimX"":""8"",""size"":""160""}",129675.19499999999,11439086
nsys,polybench,2mm,"{""blockDimX"":""8"",""size"":""192""}",153992.475,23513528
nsys,polybench,2mm,"{""blockDimX"":""8"",""size"":""224""}",181172.16,31133628
nsys,polybench,2mm,"{""blockDimX"":""8"",""size"":""256""}",208859.03999999998,76251206
nsys,polybench,2mm,"{""blockDimX"":""8"",""size"":""32""}",35380.8,95606
nsys,polybench,2mm,"{""blockDimX"":""8"",""size"":""64""}",54250.56,1024228
nsys,polybench,2mm,"{""blockDimX"":""8"",""size"":""96""}",80308.8,2152602
nsys,polybench,3dconv,"{""blockDimX"":""16"",""size"":""112""}",356503.68,1942038
nsys,polybench,3dconv,"{""blockDimX"":""16"",""size"":""128""}",426312.315,961698
nsys,polybench,3dconv,"{""blockDimX"":""16"",""size"":""32""}",90582.56999999999,175438
nsys,polybench,3dconv,"{""blockDimX"":""16"",""size"":""48""}",140403.50999999998,321654
nsys,polybench,3dconv,"{""blockDimX"":""16"",""size"":""64""}",191510.86500000002,385322
nsys,polybench,3dconv,"{""blockDimX"":""16"",""size"":""80""}",243060.48,710592
nsys,polybench,3dconv,"{""blockDimX"":""16"",""size"":""96""}",300503.385,1113541
nsys,polybench,3dconv,"{""blockDimX"":""32"",""size"":""112""}",348534.225,1383427
nsys,polybench,3dconv,"{""blockDimX"":""32"",""size"":""128""}",402446.07,953208
nsys,polybench,3dconv,"{""blockDimX"":""32"",""size"":""32""}",91988.325,159118
nsys,polybench,3dconv,"{""blockDimX"":""32"",""size"":""48""}",143995.99500000002,295643
nsys,polybench,3dconv,"{""blockDimX"":""32"",""size"":""64""}",193250.07,388911
nsys,polybench,3dconv,"{""blockDimX"":""32"",""size"":""80""}",244683.85499999998,726564
nsys,polybench,3dconv,"{""blockDimX"":""32"",""size"":""96""}",297311.04,824764
nsys,polybench,3dconv,"{""blockDimX"":""8"",""size"":""112""}",370764.81,2634158
nsys,polybench,3dconv,"{""blockDimX"":""8"",""size"":""128""}",446759.82,979699
nsys,polybench,3dconv,"{""blockDimX"":""8"",""size"":""32""}",91761.93000000001,186926
nsys,polybench,3dconv,"{""blockDimX"":""8"",""size"":""48""}",141187.995,346956
nsys,polybench,3dconv,"{""blockDimX"":""8"",""size"":""64""}",195777.27,387597
nsys,polybench,3dconv,"{""blockDimX"":""8"",""size"":""80""}",248678.23500000002,722618
nsys,polybench,3dconv,"{""blockDimX"":""8"",""size"":""96""}",312475.995,1908530
nsys,polybench,3mm,"{""blockDimX"":""16"",""size"":""128""}",154836.63,21169154
nsys,polybench,3mm,"{""blockDimX"":""16"",""size"":""160""}",192404.16,16919453
nsys,polybench,3mm,"{""blockDimX"":""16"",""size"":""192""}",227562.07499999998,31247086
nsys,polybench,3mm,"{""blockDimX"":""16"",""size"":""224""}",267100.47,43400360
nsys,polybench,3mm,"{""blockDimX"":""16"",""size"":""256""}",304950.555,134911387
nsys,polybench,3mm,"{""blockDimX"":""16"",""size"":""32""}",52172.64,142791
nsys,polybench,3mm,"{""blockDimX"":""16"",""size"":""64""}",82500.795,285396
nsys,polybench,3mm,"{""blockDimX"":""16"",""size"":""96""}",120240.315,2563824
nsys,polybench,3mm,"{""blockDimX"":""32"",""size"":""128""}",167244.48,5617896
nsys,polybench,3mm,"{""blockDimX"":""32"",""size"":""160""}",204143.355,10339660
nsys,polybench,3mm,"{""blockDimX"":""32"",""size"":""192""}",243850.23,22249487
nsys,polybench,3mm,"{""blockDimX"":""32"",""size"":""224""}",280578.87,26291647
nsys,polybench,3mm,"{""blockDimX"":""32"",""size"":""256""}",318597.435,43100060
nsys,polybench,3mm,"{""blockDimX"":""32"",""size"":""32""}",54533.115,145519
nsys,polybench,3mm,"{""blockDimX"":""32"",""size"":""64""}",84578.715,531387
nsys,polybench,3mm,"{""blockDimX"":""32"",""size"":""96""}",128102.715,1824705
nsys,polybench,3mm,"{""blockDimX"":""8"",""size"":""128""}",151858.395,29010017
nsys,polybench,3mm,"{""blockDimX"":""8"",""size"":""160""}",188699.355,16608590
nsys,polybench,3mm,"{""blockDimX"":""8"",""size"":""192""}",225764.955,34542661
nsys,polybench,3mm,"{""blockDimX"":""8"",""size"":""224""}",265076.955,45914381
nsys,polybench,3mm,"{""blockDimX"":""8"",""size"":""256""}",304276.635,112859422
nsys,polybench,3mm,"{""blockDimX"":""8"",""size"":""32""}",52060.32,144570
nsys,polybench,3mm,"{""blockDimX"":""8"",""size"":""64""}",79748.955,1528903
nsys,polybench,3mm,"{""blockDimX"":""8"",""size"":""96""}",116196.79500000001,3277151
nsys,polybench,atax,"{""blockDimX"":""16"",""size"":""128""}",66942.72,643800
nsys,polybench,atax,"{""blockDimX"":""16"",""size"":""160""}",80533.44,794676
nsys,polybench,atax,"{""blockDimX"":""16"",""size"":""192""}",96932.16,951689
nsys,polybench,atax,"{""blockDimX"":""16"",""size"":""224""}",113164.15499999998,1110394
nsys,polybench,atax,"{""blockDimX"":""16"",""size"":""256""}",126530.23499999999,1296068
nsys,polybench,atax,"{""blockDimX"":""16"",""size"":""32""}",21565.44,50889
nsys,polybench,atax,"{""blockDimX"":""16"",""size"":""64""}",34369.92,169429
nsys,polybench,atax,"{""blockDimX"":""16"",""size"":""96""}",51049.44,367151
nsys,polybench,atax,"{""blockDimX"":""32"",""size"":""128""}",70089.435,329432
nsys,polybench,atax,"{""blockDimX"":""32"",""size"":""160""}",88115.04,403402
nsys,polybench,atax,"{""blockDimX"":""32"",""size"":""192""}",105414.075,484907
nsys,polybench,atax,"{""blockDimX"":""32"",""size"":""224""}",123776.64000000001,569475
nsys,polybench,atax,"{""blockDimX"":""32"",""size"":""256""}",139671.675,667328
nsys,polybench,atax,"{""blockDimX"":""32"",""size"":""32""}",20386.079999999998,39095
nsys,polybench,atax,"{""blockDimX"":""32"",""size"":""64""}",37851.840000000004,103741
nsys,polybench,atax,"{""blockDimX"":""32"",""size"":""96""}",55879.2,204270
nsys,polybench,atax,"{""blockDimX"":""8"",""size"":""128""}",64024.155000000006,1272536
nsys,polybench,atax,"{""blockDimX"":""8"",""size"":""160""}",79355.83499999999,1580051
nsys,polybench,atax,"{""blockDimX"":""8"",""size"":""192""}",94350.55500000001,1894593
nsys,polybench,atax,"{""blockDimX"":""8"",""size"":""224""}",108727.515,2209197
nsys,polybench,atax,"{""blockDimX"":""8"",""size"":""256""}",120350.87999999999,2553775
nsys,polybench,atax,"{""blockDimX"":""8"",""size"":""32""}",20329.92,87753
nsys,polybench,atax,"{""blockDimX"":""8"",""size"":""64""}",33359.04,326613
nsys,polybench,atax,"{""blockDimX"":""8"",""size"":""96""}",48129.12,718652
nsys,polybench,bicg,"{""blockDimX"":""16"",""size"":""128""}",70368.48,644312
nsys,polybench,bicg,"{""blockDimX"":""16"",""size"":""160""}",86486.40000000001,795186
nsys,polybench,bicg,"{""blockDimX"":""16"",""size"":""192""}",103390.56,952968
nsys,polybench,bicg,"{""blockDimX"":""16"",""size"":""224""}",120240.315,1109392
nsys,polybench,bicg,"{""blockDimX"":""16"",""size"":""256""}",134448.79499999998,1295546
nsys,polybench,bicg,"{""blockDimX"":""16"",""size"":""32""}",24655.995,51891
nsys,polybench,bicg,"{""blockDimX"":""16"",""size"":""64""}",37234.08,169941
nsys,polybench,bicg,"{""blockDimX"":""16"",""size"":""96""}",54585.765,366528
nsys,polybench,bicg,"{""blockDimX"":""32"",""size"":""128""}",75645.765,329944
nsys,polybench,bicg,"{""blockDimX"":""32"",""size"":""160""}",93674.87999999999,404402
nsys,polybench,bicg,"{""blockDimX"":""32"",""size"":""192""}",111983.04,485478
nsys,polybench,bicg,"{""blockDimX"":""32"",""size"":""224""}",129843.675,571398
nsys,polybench,bicg,"{""blockDimX"":""32"",""size"":""256""}",145231.515,668079
nsys,polybench,bicg,"{""blockDimX"":""32"",""size"":""32""}",26116.155,39618
nsys,polybench,bicg,"{""blockDimX"":""32"",""size"":""64""}",40828.32,104735
nsys,polybench,bicg,"{""blockDimX"":""32"",""size"":""96""}",58464.315,205288
nsys,polybench,bicg,"{""blockDimX"":""8"",""size"":""128""}",67785.12000000001,1273048
nsys,polybench,bicg,"{""blockDimX"":""8"",""size"":""160""}",84073.27500000001,1581255
nsys,polybench,bicg,"{""blockDimX"":""8"",""size"":""192""}",99910.395,1895062
nsys,polybench,bicg,"{""blockDimX"":""8"",""size"":""224""}",117093.59999999999,2209223
nsys,polybench,bicg,"{""blockDimX"":""8"",""size"":""256""}",128158.87500000001,2553022
nsys,polybench,bicg,"{""blockDimX"":""8"",""size"":""32""}",23587.2,88265
nsys,polybench,bicg,"{""blockDimX"":""8"",""size"":""64""}",36618.075,327125
nsys,polybench,bicg,"{""blockDimX"":""8"",""size"":""96""}",53464.32,719057
nsys,polybench,gemm,"{""blockDimX"":""16"",""size"":""128""}",53520.479999999996,6661359
nsys,polybench,gemm,"{""blockDimX"":""16"",""size"":""160""}",66324.96,5470628
nsys,polybench,gemm,"{""blockDimX"":""16"",""size"":""192""}",78232.635,10195385
nsys,polybench,gemm,"{""blockDimX"":""16"",""size"":""224""}",93337.92,14393254
nsys,polybench,gemm,"{""blockDimX"":""16"",""size"":""256""}",106367.04,45771232
nsys,polybench,gemm,"{""blockDimX"":""16"",""size"":""32""}",18364.32,49071
nsys,polybench,gemm,"{""blockDimX"":""16"",""size"":""64""}",28922.4,100343
nsys,polybench,gemm,"{""blockDimX"":""16"",""size"":""96""}",41895.36,936503
nsys,polybench,gemm,"{""blockDimX"":""32"",""size"":""128""}",57620.16,1772816
nsys,polybench,gemm,"{""blockDimX"":""32"",""size"":""160""}",71042.4,3501021
nsys,polybench,gemm,"{""blockDimX"":""32"",""size"":""192""}",84464.64,7048248
nsys,polybench,gemm,"{""blockDimX"":""32"",""size"":""224""}",97720.155,8692603
nsys,polybench,gemm,"{""blockDimX"":""32"",""size"":""256""}",111926.88,13772185
nsys,polybench,gemm,"{""blockDimX"":""32"",""size"":""32""}",19656,52149
nsys,polybench,gemm,"{""blockDimX"":""32"",""size"":""64""}",30103.515,205431
nsys,polybench,gemm,"{""blockDimX"":""32"",""size"":""96""}",44703.36,866380
nsys,polybench,gemm,"{""blockDimX"":""8"",""size"":""128""}",52509.600000000006,9957154
nsys,polybench,gemm,"{""blockDimX"":""8"",""size"":""160""}",65033.28,5565120
nsys,polybench,gemm,"{""blockDimX"":""8"",""size"":""192""}",77332.32,11539652
nsys,polybench,gemm,"{""blockDimX"":""8"",""size"":""224""}",92214.72,15675966
nsys,polybench,gemm,"{""blockDimX"":""8"",""size"":""256""}",105861.6,37987006
nsys,polybench,gemm,"{""blockDimX"":""8"",""size"":""32""}",18420.48,49066
nsys,polybench,gemm,"{""blockDimX"":""8"",""size"":""64""}",27630.72,500771
nsys,polybench,gemm,"{""blockDimX"":""8"",""size"":""96""}",40996.799999999996,1069234
nsys,polybench,gesummv,"{""block"":""16"",""size"":""128""}",43975.034999999996,164956
nsys,polybench,gesummv,"{""block"":""16"",""size"":""192""}",66324.96,245044
nsys,polybench,gesummv,"{""block"":""16"",""size"":""256""}",85421.115,324352
nsys,polybench,gesummv,"{""block"":""16"",""size"":""32""}",13141.44,34627
nsys,polybench,gesummv,"{""block"":""16"",""size"":""384""}",130066.56,484034
nsys,polybench,gesummv,"{""block"":""16"",""size"":""48""}",15780.960000000001,49275
nsys,polybench,gesummv,"{""block"":""16"",""size"":""512""}",169099.51499999998,644017
nsys,polybench,gesummv,"{""block"":""16"",""size"":""64""}",23362.559999999998,63407
nsys,polybench,gesummv,"{""block"":""16"",""size"":""96""}",34257.6,95881
nsys,polybench,gesummv,"{""block"":""32"",""size"":""128""}",43917.12,164956
nsys,polybench,gesummv,"{""block"":""32"",""size"":""192""}",66102.075,245046
nsys,polybench,gesummv,"{""block"":""32"",""size"":""256""}",85363.2,324350
nsys,polybench,gesummv,"{""block"":""32"",""size"":""32""}",13309.92,34627
nsys,polybench,gesummv,"{""block"":""32"",""size"":""384""}",129731.35500000001,483629
nsys,polybench,gesummv,"{""block"":""32"",""size"":""48""}",15782.715,49275
nsys,polybench,gesummv,"{""block"":""32"",""size"":""512""}",168931.035,644015
nsys,polybench,gesummv,"{""block"":""32"",""size"":""64""}",23418.719999999998,63407
nsys,polybench,gesummv,"{""block"":""32"",""size"":""96""}",34201.44,95881
nsys,polybench,gesummv,"{""block"":""8"",""size"":""128""}",43973.28,164956
nsys,polybench,gesummv,"{""block"":""8"",""size"":""192""}",65989.755,245044
nsys,polybench,gesummv,"{""block"":""8"",""size"":""256""}",85307.04,324352
nsys,polybench,gesummv,"{""block"":""8"",""size"":""32""}",13141.44,34627
nsys,polybench,gesummv,"{""block"":""8"",""size"":""384""}",129787.515,483630
nsys,polybench,gesummv,"{""block"":""8"",""size"":""48""}",15724.800000000001,49275
nsys,polybench,gesummv,"{""block"":""8"",""size"":""512""}",169099.51499999998,644023
nsys,polybench,gesummv,"{""block"":""8"",""size"":""64""}",23306.399999999998,63407
nsys,polybench,gesummv,"{""block"":""8"",""size"":""96""}",34257.6,95881
nsys,polybench,mvt,"{""blockDimX"":""16"",""size"":""128""}",67335.84,644294
nsys,polybench,mvt,"{""blockDimX"":""16"",""size"":""160""}",80421.12,796618
nsys,polybench,mvt,"{""blockDimX"":""16"",""size"":""192""}",96539.04000000001,955315
nsys,polybench,mvt,"{""blockDimX"":""16"",""size"":""224""}",112937.76000000001,1110986
nsys,polybench,mvt,"{""blockDimX"":""16"",""size"":""256""}",126923.355,1297910
nsys,polybench,mvt,"{""blockDimX"":""16"",""size"":""32""}",21621.600000000002,51383
nsys,polybench,mvt,"{""blockDimX"":""16"",""size"":""64""}",34313.76,169923
nsys,polybench,mvt,"{""blockDimX"":""16"",""size"":""96""}",51554.880000000005,366617
nsys,polybench,mvt,"{""blockDimX"":""32"",""size"":""128""}",70480.79999999999,329926
nsys,polybench,mvt,"{""blockDimX"":""32"",""size"":""160""}",88339.68,404132
nsys,polybench,mvt,"{""blockDimX"":""32"",""size"":""192""}",106704,485399
nsys,polybench,mvt,"{""blockDimX"":""32"",""size"":""224""}",124057.44,570968
nsys,polybench,mvt,"{""blockDimX"":""32"",""size"":""256""}",139557.6,669162
nsys,polybench,mvt,"{""blockDimX"":""32"",""size"":""32""}",20442.239999999998,39589
nsys,polybench,mvt,"{""blockDimX"":""32"",""size"":""64""}",37739.520000000004,104235
nsys,polybench,mvt,"{""blockDimX"":""32"",""size"":""96""}",56272.32,204764
nsys,polybench,mvt,"{""blockDimX"":""8"",""size"":""128""}",63797.759999999995,1273030
nsys,polybench,mvt,"{""blockDimX"":""8"",""size"":""160""}",79075.035,1580469
nsys,polybench,mvt,"{""blockDimX"":""8"",""size"":""192""}",93955.68000000001,1895285
nsys,polybench,mvt,"{""blockDimX"":""8"",""size"":""224""}",108336.15,2209384
nsys,polybench,mvt,"{""blockDimX"":""8"",""size"":""256""}",119957.76000000001,2555391
nsys,polybench,mvt,"{""blockDimX"":""8"",""size"":""32""}",20329.92,88247
nsys,polybench,mvt,"{""blockDimX"":""8"",""size"":""64""}",33415.2,327107
nsys,polybench,mvt,"{""blockDimX"":""8"",""size"":""96""}",48244.95,717780
nsys,polybench,syrk,"{""blockDimX"":""16"",""size"":""128""}",28360.8,6938890
nsys,polybench,syrk,"{""blockDimX"":""16"",""size"":""160""}",34594.56,5083283
nsys,polybench,syrk,"{""blockDimX"":""16"",""size"":""192""}",54364.635,10386631
nsys,polybench,syrk,"{""blockDimX"":""16"",""size"":""224""}",84017.11499999999,14292582
nsys,polybench,syrk,"{""blockDimX"":""16"",""size"":""256""}",116026.56,48821084
nsys,polybench,syrk,"{""blockDimX"":""16"",""size"":""32""}",7693.920000000001,45564
nsys,polybench,syrk,"{""blockDimX"":""16"",""size"":""64""}",11849.76,83657
nsys,polybench,syrk,"{""blockDimX"":""16"",""size"":""96""}",16286.4,735335
nsys,polybench,syrk,"{""blockDimX"":""32"",""size"":""128""}",41277.6,2436547
nsys,polybench,syrk,"{""blockDimX"":""32"",""size"":""160""}",51219.674999999996,3275636
nsys,polybench,syrk,"{""blockDimX"":""32"",""size"":""192""}",120015.675,6191412
nsys,polybench,syrk,"{""blockDimX"":""32"",""size"":""224""}",141244.155,8730643
nsys,polybench,syrk,"{""blockDimX"":""32"",""size"":""256""}",230145.435,16426722
nsys,polybench,syrk,"{""blockDimX"":""32"",""size"":""32""}",13309.92,46177
nsys,polybench,syrk,"{""blockDimX"":""32"",""size"":""64""}",22632.480000000003,99593
nsys,polybench,syrk,"{""blockDimX"":""32"",""size"":""96""}",32404.319999999996,232477
nsys,polybench,syrk,"{""blockDimX"":""8"",""size"":""128""}",21846.24,10801892
nsys,polybench,syrk,"{""blockDimX"":""8"",""size"":""160""}",39257.595,5598363
nsys,polybench,syrk,"{""blockDimX"":""8"",""size"":""192""}",49757.76,12566241
nsys,polybench,syrk,"{""blockDimX"":""8"",""size"":""224""}",61440.795,15565237
nsys,polybench,syrk,"{""blockDimX"":""8"",""size"":""256""}",87667.515,40154954
nsys,polybench,syrk,"{""blockDimX"":""8"",""size"":""32""}",7356.96,44896
nsys,polybench,syrk,"{""blockDimX"":""8"",""size"":""64""}",11119.68,333170
nsys,polybench,syrk,"{""blockDimX"":""8"",""size"":""96""}",15389.595,1524088
nsys,rodinia,b+tree,"{""block"":""128"",""size"":""1000""}",31955.039999999997,2148657
nsys,rodinia,b+tree,"{""block"":""128"",""size"":""2000""}",33171.840000000004,4215688
nsys,rodinia,b+tree,"{""block"":""128"",""size"":""3000""}",33210.45,6253936
nsys,rodinia,b+tree,"{""block"":""128"",""size"":""4000""}",36972,10279629
nsys,rodinia,b+tree,"{""block"":""128"",""size"":""5000""}",37590.345,12876189
nsys,rodinia,b+tree,"{""block"":""128"",""size"":""6000""}",37776.96,15528103
nsys,rodinia,b+tree,"{""block"":""256"",""size"":""1000""}",44984.16,2166819
nsys,rodinia,b+tree,"{""block"":""256"",""size"":""2000""}",47585.655,4212127
nsys,rodinia,b+tree,"{""block"":""256"",""size"":""3000""}",48915.945,6225124
nsys,rodinia,b+tree,"{""block"":""256"",""size"":""4000""}",53987.895,10244864
nsys,rodinia,b+tree,"{""block"":""256"",""size"":""5000""}",55111.094999999994,12871817
nsys,rodinia,b+tree,"{""block"":""256"",""size"":""6000""}",55766.295000000006,15319080
nsys,rodinia,backprop,"{""block"":""128"",""size"":""128""}",204585.615,355774
nsys,rodinia,backprop,"{""block"":""128"",""size"":""192""}",272890.21499999997,560483
nsys,rodinia,backprop,"{""block"":""128"",""size"":""256""}",375605.10000000003,801824
nsys,rodinia,backprop,"{""block"":""128"",""size"":""320""}",473095.35,1036575
nsys,rodinia,backprop,"{""block"":""128"",""size"":""384""}",622821.42,1294149
nsys,rodinia,backprop,"{""block"":""128"",""size"":""448""}",740253.7350000001,1512942
nsys,rodinia,backprop,"{""block"":""128"",""size"":""512""}",929005.7399999999,1919325
nsys,rodinia,backprop,"{""block"":""128"",""size"":""576""}",1016223.975,2320459
nsys,rodinia,backprop,"{""block"":""128"",""size"":""640""}",1158026.2200000002,2829285
nsys,rodinia,backprop,"{""block"":""128"",""size"":""704""}",1239968.925,3174878
nsys,rodinia,backprop,"{""block"":""32"",""size"":""128""}",208188.63,290070
nsys,rodinia,backprop,"{""block"":""32"",""size"":""192""}",260083.98,444475
nsys,rodinia,backprop,"{""block"":""32"",""size"":""256""}",329153.76,751330
nsys,rodinia,backprop,"{""block"":""32"",""size"":""320""}",376610.71499999997,1065402
nsys,rodinia,backprop,"{""block"":""32"",""size"":""384""}",451643.985,1400311
nsys,rodinia,backprop,"{""block"":""32"",""size"":""448""}",503758.70999999996,1828484
nsys,rodinia,backprop,"{""block"":""32"",""size"":""512""}",573853.41,2317327
nsys,rodinia,backprop,"{""block"":""32"",""size"":""576""}",621076.95,2790482
nsys,rodinia,backprop,"{""block"":""32"",""size"":""640""}",705378.375,3517532
nsys,rodinia,backprop,"{""block"":""32"",""size"":""704""}",744409.5750000001,4048643
nsys,rodinia,backprop,"{""block"":""64"",""size"":""128""}",204482.07,325606
nsys,rodinia,backprop,"{""block"":""64"",""size"":""192""}",274288.95,487979
nsys,rodinia,backprop,"{""block"":""64"",""size"":""256""}",388407.825,765048
nsys,rodinia,backprop,"{""block"":""64"",""size"":""320""}",440132.94,1014755
nsys,rodinia,backprop,"{""block"":""64"",""size"":""384""}",530378.5499999999,1316552
nsys,rodinia,backprop,"{""block"":""64"",""size"":""448""}",590976.945,1710597
nsys,rodinia,backprop,"{""block"":""64"",""size"":""512""}",697795.02,2096421
nsys,rodinia,backprop,"{""block"":""64"",""size"":""576""}",754907.985,2592839
nsys,rodinia,backprop,"{""block"":""64"",""size"":""640""}",870938.055,3119178
nsys,rodinia,backprop,"{""block"":""64"",""size"":""704""}",898396.7849999999,3687870
nsys,rodinia,bfs,"{""degree"":""3"",""size"":""1024""}",78566.085,103468
nsys,rodinia,bfs,"{""degree"":""3"",""size"":""128""}",80664.48,103468
nsys,rodinia,bfs,"{""degree"":""3"",""size"":""16""}",48898.395,62677
nsys,rodinia,bfs,"{""degree"":""3"",""size"":""256""}",78811.2,103468
nsys,rodinia,bfs,"{""degree"":""3"",""size"":""32""}",80425.79999999999,103468
nsys,rodinia,bfs,"{""degree"":""3"",""size"":""512""}",78361.92,103468
nsys,rodinia,bfs,"{""degree"":""3"",""size"":""64""}",80703.675,103468
nsys,rodinia,bfs,"{""degree"":""3"",""size"":""8""}",33939.36,42671
nsys,rodinia,bfs,"{""degree"":""4"",""size"":""1024""}",77335.245,112517
nsys,rodinia,bfs,"{""degree"":""4"",""size"":""128""}",79447.095,112517
nsys,rodinia,bfs,"{""degree"":""4"",""size"":""16""}",40863.42,56504
nsys,rodinia,bfs,"{""degree"":""4"",""size"":""256""}",79278.615,112517
nsys,rodinia,bfs,"{""degree"":""4"",""size"":""32""}",71417.385,99562
nsys,rodinia,bfs,"{""degree"":""4"",""size"":""512""}",76902.345,112517
nsys,rodinia,bfs,"{""degree"":""4"",""size"":""64""}",80515.89,112517
nsys,rodinia,bfs,"{""degree"":""4"",""size"":""8""}",25045.019999999997,34966
nsys,rodinia,bfs,"{""degree"":""5"",""size"":""1024""}",80517.06,43871
nsys,rodinia,bfs,"{""degree"":""5"",""size"":""128""}",81767.79000000001,43622
nsys,rodinia,bfs,"{""degree"":""5"",""size"":""16""}",34352.37,17438
nsys,rodinia,bfs,"{""degree"":""5"",""size"":""256""}",82087.78499999999,43622
nsys,rodinia,bfs,"{""degree"":""5"",""size"":""32""}",66119.625,34878
nsys,rodinia,bfs,"{""degree"":""5"",""size"":""512""}",79953.70499999999,43831
nsys,rodinia,bfs,"{""degree"":""5"",""size"":""64""}",83399.94,43622
nsys,rodinia,bfs,"{""degree"":""5"",""size"":""8""}",25702.56,13074
nsys,rodinia,cfd,"{""block"":""128"",""size"":""128""}",96256.485,173144
nsys,rodinia,cfd,"{""block"":""128"",""size"":""192""}",107995.68000000001,180412
nsys,rodinia,cfd,"{""block"":""128"",""size"":""256""}",107714.87999999999,180508
nsys,rodinia,cfd,"{""block"":""128"",""size"":""320""}",107606.07,184772
nsys,rodinia,cfd,"{""block"":""128"",""size"":""384""}",107490.23999999999,186769
nsys,rodinia,cfd,"{""block"":""128"",""size"":""448""}",108000.945,190661
nsys,rodinia,cfd,"{""block"":""128"",""size"":""512""}",107818.425,191520
nsys,rodinia,cfd,"{""block"":""128"",""size"":""576""}",108109.755,206202
nsys,rodinia,cfd,"{""block"":""128"",""size"":""64""}",97216.47,169504
nsys,rodinia,cfd,"{""block"":""128"",""size"":""640""}",107772.795,207476
nsys,rodinia,cfd,"{""block"":""64"",""size"":""128""}",107212.95000000001,173144
nsys,rodinia,cfd,"{""block"":""64"",""size"":""192""}",107709.61499999999,170668
nsys,rodinia,cfd,"{""block"":""64"",""size"":""256""}",108167.67,180670
nsys,rodinia,cfd,"{""block"":""64"",""size"":""320""}",108838.08,184806
nsys,rodinia,cfd,"{""block"":""64"",""size"":""384""}",108839.835,194151
nsys,rodinia,cfd,"{""block"":""64"",""size"":""448""}",107946.54000000001,190739
nsys,rodinia,cfd,"{""block"":""64"",""size"":""512""}",109010.06999999999,189608
nsys,rodinia,cfd,"{""block"":""64"",""size"":""576""}",109848.95999999999,195173
nsys,rodinia,cfd,"{""block"":""64"",""size"":""64""}",96707.52,138808
nsys,rodinia,cfd,"{""block"":""64"",""size"":""640""}",109848.95999999999,203652
nsys,rodinia,gaussian,"{""block"":""128"",""size"":""1024""}",156187.97999999998,17010718
nsys,rodinia,gaussian,"{""block"":""128"",""size"":""128""}",65980.98,538501
nsys,rodinia,gaussian,"{""block"":""128"",""size"":""256""}",70868.655,1234980
nsys,rodinia,gaussian,"{""block"":""128"",""size"":""384""}",74975.355,2411094
nsys,rodinia,gaussian,"{""block"":""128"",""size"":""512""}",85075.38,4365359
nsys,rodinia,gaussian,"{""block"":""128"",""size"":""640""}",98390.565,6628289
nsys,rodinia,gaussian,"{""block"":""128"",""size"":""768""}",115015.68000000001,9590831
nsys,rodinia,gaussian,"{""block"":""128"",""size"":""896""}",134503.2,12872535
nsys,rodinia,gaussian,"{""block"":""32"",""size"":""1024""}",436703.67,17688508
nsys,rodinia,gaussian,"{""block"":""32"",""size"":""128""}",67674.555,603531
nsys,rodinia,gaussian,"{""block"":""32"",""size"":""256""}",80930.06999999999,1408452
nsys,rodinia,gaussian,"{""block"":""32"",""size"":""384""}",111477.6,2686427
nsys,rodinia,gaussian,"{""block"":""32"",""size"":""512""}",153148.32,4679152
nsys,rodinia,gaussian,"{""block"":""32"",""size"":""640""}",205936.965,7048057
nsys,rodinia,gaussian,"{""block"":""32"",""size"":""768""}",271259.82,10009273
nsys,rodinia,gaussian,"{""block"":""32"",""size"":""896""}",348697.44,13553746
nsys,rodinia,gaussian,"{""block"":""64"",""size"":""1024""}",249295.99500000002,13074008
nsys,rodinia,gaussian,"{""block"":""64"",""size"":""128""}",66775.995,580986
nsys,rodinia,gaussian,"{""block"":""64"",""size"":""256""}",70375.5,1308100
nsys,rodinia,gaussian,"{""block"":""64"",""size"":""384""}",86037.12,2542250
nsys,rodinia,gaussian,"{""block"":""64"",""size"":""512""}",107943.03,3359111
nsys,rodinia,gaussian,"{""block"":""64"",""size"":""640""}",133892.46,6854452
nsys,rodinia,gaussian,"{""block"":""64"",""size"":""768""}",166459.995,9267628
nsys,rodinia,gaussian,"{""block"":""64"",""size"":""896""}",205270.065,13273717
nsys,rodinia,heartwall,"{""block"":""128"",""size"":""1024""}",170876.745,19508
nsys,rodinia,heartwall,"{""block"":""128"",""size"":""128""}",77221.17,15845
nsys,rodinia,heartwall,"{""block"":""128"",""size"":""192""}",130404.69000000002,15656
nsys,rodinia,heartwall,"{""block"":""128"",""size"":""256""}",133848,15590
nsys,rodinia,heartwall,"{""block"":""128"",""size"":""32""}",49496.85,15856
nsys,rodinia,heartwall,"{""block"":""128"",""size"":""384""}",133401.645,16039
nsys,rodinia,heartwall,"{""block"":""128"",""size"":""48""}",64659.465000000004,15941
nsys,rodinia,heartwall,"{""block"":""128"",""size"":""512""}",134503.785,16683
nsys,rodinia,heartwall,"{""block"":""128"",""size"":""64""}",74769.435,16031
nsys,rodinia,heartwall,"{""block"":""128"",""size"":""768""}",145286.50499999998,18088
nsys,rodinia,heartwall,"{""block"":""128"",""size"":""96""}",77557.54500000001,16182
nsys,rodinia,heartwall,"{""block"":""256"",""size"":""1024""}",341941.275,19930
nsys,rodinia,heartwall,"{""block"":""256"",""size"":""128""}",134727.255,14049
nsys,rodinia,heartwall,"{""block"":""256"",""size"":""192""}",243828.58499999996,14349
nsys,rodinia,heartwall,"{""block"":""256"",""size"":""256""}",251879.35499999998,14677
nsys,rodinia,heartwall,"{""block"":""256"",""size"":""32""}",86449.545,13619
nsys,rodinia,heartwall,"{""block"":""256"",""size"":""384""}",252140.84999999998,15354
nsys,rodinia,heartwall,"{""block"":""256"",""size"":""48""}",117880.42499999997,13704
nsys,rodinia,heartwall,"{""block"":""256"",""size"":""512""}",259647.57000000004,16690
nsys,rodinia,heartwall,"{""block"":""256"",""size"":""64""}",132519.46500000003,13794
nsys,rodinia,heartwall,"{""block"":""256"",""size"":""768""}",277112.745,18095
nsys,rodinia,heartwall,"{""block"":""256"",""size"":""96""}",137704.32,13948
nsys,rodinia,kmeans,"{""clusters"":""16"",""size"":""128""}",121696.96500000001,193920
nsys,rodinia,kmeans,"{""clusters"":""16"",""size"":""192""}",136133.595,189611
nsys,rodinia,kmeans,"{""clusters"":""16"",""size"":""256""}",133771.365,193947
nsys,rodinia,kmeans,"{""clusters"":""16"",""size"":""320""}",136077.435,193398
nsys,rodinia,kmeans,"{""clusters"":""16"",""size"":""384""}",141577.605,194629
nsys,rodinia,kmeans,"{""clusters"":""16"",""size"":""448""}",138379.995,193835
nsys,rodinia,kmeans,"{""clusters"":""16"",""size"":""512""}",133381.755,195043
nsys,rodinia,kmeans,"{""clusters"":""16"",""size"":""576""}",134167.995,196790
nsys,rodinia,kmeans,"{""clusters"":""16"",""size"":""640""}",138439.66499999998,202360
nsys,rodinia,kmeans,"{""clusters"":""16"",""size"":""704""}",135791.37,202323
nsys,rodinia,kmeans,"{""clusters"":""16"",""size"":""768""}",134167.995,202387
nsys,rodinia,kmeans,"{""clusters"":""16"",""size"":""832""}",135405.27,202605
nsys,rodinia,kmeans,"{""clusters"":""16"",""size"":""896""}",141354.72,202972
nsys,rodinia,kmeans,"{""clusters"":""24"",""size"":""128""}",164884.00499999998,260054
nsys,rodinia,kmeans,"{""clusters"":""24"",""size"":""192""}",185721.12,255350
nsys,rodinia,kmeans,"{""clusters"":""24"",""size"":""256""}",182914.875,260081
nsys,rodinia,kmeans,"{""clusters"":""24"",""size"":""320""}",184936.63499999998,256542
nsys,rodinia,kmeans,"{""clusters"":""24"",""size"":""384""}",192742.875,260743
nsys,rodinia,kmeans,"{""clusters"":""24"",""size"":""448""}",189092.475,257030
nsys,rodinia,kmeans,"{""clusters"":""24"",""size"":""512""}",181396.8,260907
nsys,rodinia,kmeans,"{""clusters"":""24"",""size"":""576""}",181961.91,262897
nsys,rodinia,kmeans,"{""clusters"":""24"",""size"":""640""}",190440.315,268467
nsys,rodinia,kmeans,"{""clusters"":""24"",""size"":""704""}",184204.8,268430
nsys,rodinia,kmeans,"{""clusters"":""24"",""size"":""768""}",182634.07499999998,268494
nsys,rodinia,kmeans,"{""clusters"":""24"",""size"":""832""}",186398.55,268712
nsys,rodinia,kmeans,"{""clusters"":""24"",""size"":""896""}",191846.06999999998,269061
nsys,rodinia,kmeans,"{""clusters"":""32"",""size"":""128""}",207065.43,322694
nsys,rodinia,kmeans,"{""clusters"":""32"",""size"":""192""}",238230.72,317990
nsys,rodinia,kmeans,"{""clusters"":""32"",""size"":""256""}",231940.8,322721
nsys,rodinia,kmeans,"{""clusters"":""32"",""size"":""320""}",235426.22999999998,319184
nsys,rodinia,kmeans,"{""clusters"":""32"",""size"":""384""}",246152.79,323403
nsys,rodinia,kmeans,"{""clusters"":""32"",""size"":""448""}",241208.95500000002,319697
nsys,rodinia,kmeans,"{""clusters"":""32"",""size"":""512""}",229525.91999999998,323817
nsys,rodinia,kmeans,"{""clusters"":""32"",""size"":""576""}",232221.59999999998,325564
nsys,rodinia,kmeans,"{""clusters"":""32"",""size"":""640""}",240873.75,331134
nsys,rodinia,kmeans,"{""clusters"":""32"",""size"":""704""}",236323.03500000003,331097
nsys,rodinia,kmeans,"{""clusters"":""32"",""size"":""768""}",231716.16000000003,331161
nsys,rodinia,kmeans,"{""clusters"":""32"",""size"":""832""}",234696.15,331379
nsys,rodinia,kmeans,"{""clusters"":""32"",""size"":""896""}",245589.43500000003,331746
nsys,rodinia,lavaMD,"{""boxes1d"":""1""}",8088.210000000001,13213
nsys,rodinia,lavaMD,"{""boxes1d"":""10""}",143414.505,6785242
nsys,rodinia,lavaMD,"{""boxes1d"":""2""}",39013.065,59605
nsys,rodinia,lavaMD,"{""boxes1d"":""3""}",123347.25,187856
nsys,rodinia,lavaMD,"{""boxes1d"":""4""}",125818.29,333990
nsys,rodinia,lavaMD,"{""boxes1d"":""5""}",125592.48000000001,678626
nsys,rodinia,lavaMD,"{""boxes1d"":""6""}",126566.50499999999,1245160
nsys,rodinia,lavaMD,"{""boxes1d"":""7""}",127670.985,2123997
nsys,rodinia,lavaMD,"{""boxes1d"":""8""}",130310.505,3310440
nsys,rodinia,lavaMD,"{""boxes1d"":""9""}",137854.665,4836229
nsys,rodinia,lud,"{""size"":""112""}",283327.78500000003,1207702
nsys,rodinia,lud,"{""size"":""128""}",327955.68,1522235
nsys,rodinia,lud,"{""size"":""16""}",16567.2,51512
nsys,rodinia,lud,"{""size"":""32""}",65202.92999999999,187469
nsys,rodinia,lud,"{""size"":""48""}",108051.84,340021
nsys,rodinia,lud,"{""size"":""64""}",153130.18500000003,509798
nsys,rodinia,lud,"{""size"":""8""}",16623.36,51512
nsys,rodinia,lud,"{""size"":""80""}",195980.85,702415
nsys,rodinia,lud,"{""size"":""96""}",241884.04499999995,928760
nsys,rodinia,nn,"{""block"":""128"",""size"":""10000""}",13852.8,67065
nsys,rodinia,nn,"{""block"":""128"",""size"":""120000""}",17278.56,422026
nsys,rodinia,nn,"{""block"":""128"",""size"":""15000""}",14339.52,92872
nsys,rodinia,nn,"{""block"":""128"",""size"":""160000""}",18740.475000000002,575613
nsys,rodinia,nn,"{""block"":""128"",""size"":""20000""}",14303.25,114881
nsys,rodinia,nn,"{""block"":""128"",""size"":""30000""}",14432.535,147743
nsys,rodinia,nn,"{""block"":""128"",""size"":""40000""}",14584.635000000002,174925
nsys,rodinia,nn,"{""block"":""128"",""size"":""60000""}",15482.024999999998,212211
nsys,rodinia,nn,"{""block"":""128"",""size"":""80000""}",15987.464999999998,304969
nsys,rodinia,nn,"{""block"":""256"",""size"":""10000""}",13721.76,67011
nsys,rodinia,nn,"{""block"":""256"",""size"":""120000""}",15930.135,402244
nsys,rodinia,nn,"{""block"":""256"",""size"":""15000""}",13721.76,91335
nsys,rodinia,nn,"{""block"":""256"",""size"":""160000""}",16884.855,479634
nsys,rodinia,nn,"{""block"":""256"",""size"":""20000""}",13758.615,105289
nsys,rodinia,nn,"{""block"":""256"",""size"":""30000""}",14245.919999999998,136910
nsys,rodinia,nn,"{""block"":""256"",""size"":""40000""}",14415.570000000002,166549
nsys,rodinia,nn,"{""block"":""256"",""size"":""60000""}",14844.96,232855
nsys,rodinia,nn,"{""block"":""256"",""size"":""80000""}",14939.145000000002,309775
nsys,rodinia,nn,"{""block"":""64"",""size"":""10000""}",14209.065,51541
nsys,rodinia,nn,"{""block"":""64"",""size"":""120000""}",21360.105,451059
nsys,rodinia,nn,"{""block"":""64"",""size"":""15000""}",14789.384999999998,78287
nsys,rodinia,nn,"{""block"":""64"",""size"":""160000""}",24055.199999999997,609749
nsys,rodinia,nn,"{""block"":""64"",""size"":""20000""}",14863.68,103581
nsys,rodinia,nn,"{""block"":""64"",""size"":""30000""}",15368.535,145067
nsys,rodinia,nn,"{""block"":""64"",""size"":""40000""}",15911.415000000003,175176
nsys,rodinia,nn,"{""block"":""64"",""size"":""60000""}",17224.155000000002,245776
nsys,rodinia,nn,"{""block"":""64"",""size"":""80000""}",18495.945,332995
nsys,rodinia,pathfinder,"{""block"":""128"",""size"":""12""}",40998.555,70837
nsys,rodinia,pathfinder,"{""block"":""128"",""size"":""16""}",53578.395,94423
nsys,rodinia,pathfinder,"{""block"":""128"",""size"":""20""}",67002.39,118009
nsys,rodinia,pathfinder,"{""block"":""128"",""size"":""24""}",79691.04000000001,142089
nsys,rodinia,pathfinder,"{""block"":""128"",""size"":""28""}",92671.02,165675
nsys,rodinia,pathfinder,"{""block"":""128"",""size"":""32""}",103785.435,214171
nsys,rodinia,pathfinder,"{""block"":""128"",""size"":""36""}",116080.965,238491
nsys,rodinia,pathfinder,"{""block"":""128"",""size"":""40""}",127200.645,265777
nsys,rodinia,pathfinder,"{""block"":""128"",""size"":""44""}",140401.755,293393
nsys,rodinia,pathfinder,"{""block"":""64"",""size"":""12""}",41502.24,60217
nsys,rodinia,pathfinder,"{""block"":""64"",""size"":""16""}",53632.799999999996,80223
nsys,rodinia,pathfinder,"{""block"":""64"",""size"":""20""}",66891.825,100229
nsys,rodinia,pathfinder,"{""block"":""64"",""size"":""24""}",79643.655,120729
nsys,rodinia,pathfinder,"{""block"":""64"",""size"":""28""}",92837.745,140735
nsys,rodinia,pathfinder,"{""block"":""64"",""size"":""32""}",104175.045,177529
nsys,rodinia,pathfinder,"{""block"":""64"",""size"":""36""}",116307.36000000002,198621
nsys,rodinia,pathfinder,"{""block"":""64"",""size"":""40""}",127255.05,221479
nsys,rodinia,pathfinder,"{""block"":""64"",""size"":""44""}",140347.35,244267
